RIDE_DATE,METRIC_FAMILY,METRIC_NAME,COUNTRY,CITY_BUCKET,RIDES_DENOM,RIDES_FLAGGED,PCT,COMPUTED_AT
2026-07-31,SCENARIO,withinB_at_dest,SA,MEC,4422,527,11.92,2026-08-31 16:33:58.859 +0300
2026-07-31,SCENARIO,withinB_at_dest,SA,Others,10200,1070,10.49,2026-08-31 16:33:58.859 +0300
2026-07-31,SCENARIO,withinB_at_dest,SA,RUH,31072,2352,7.57,2026-08-31 16:33:58.859 +0300
2026-07-31,SCENARIO,withinB_at_dest,SA,Total,84062,8620,10.25,2026-08-31 16:33:58.859 +0300
2026-07-31,SCENARIO,withinB_not_dest,SA,DMM,4616,181,3.92,2026-08-31 16:33:58.859 +0300
2026-07-31,SCENARIO,withinB_not_dest,SA,JED,25028,941,3.76,2026-08-31 16:33:58.859 +0300
2026-07-31,SCENARIO,withinB_not_dest,SA,MAD,8724,377,4.32,2026-08-31 16:33:58.859 +0300
2026-07-31,SCENARIO,withinB_not_dest,SA,MEC,4422,215,4.86,2026-08-31 16:33:58.859 +0300
2026-07-31,SCENARIO,withinB_not_dest,SA,Others,10200,658,6.45,2026-08-31 16:33:58.859 +0300
2026-07-31,SCENARIO,withinB_not_dest,SA,RUH,31072,1132,3.64,2026-08-31 16:33:58.859 +0300
2026-07-31,SCENARIO,withinB_not_dest,SA,Total,84062,3504,4.17,2026-08-31 16:33:58.859 +0300
2026-08-01,CAUSE_MIX,beyondB,JO,Total,19488,43,0.22,2026-08-31 16:33:58.859 +0300
2026-08-01,CAUSE_MIX,previous_wallet_balance,JO,Total,19488,1058,5.43,2026-08-31 16:33:58.859 +0300
2026-08-01,CAUSE_MIX,surcharge_mismatch,JO,Total,19488,7,0.04,2026-08-31 16:33:58.859 +0300
2026-08-01,CAUSE_MIX,surge_mismatch,JO,Total,19488,13,0.07,2026-08-31 16:33:58.859 +0300
2026-08-01,CAUSE_MIX,waiting_time,JO,Total,19488,8503,43.63,2026-08-31 16:33:58.859 +0300
2026-08-01,CAUSE_MIX,withinA_at_dest,JO,Total,19488,1151,5.91,2026-08-31 16:33:58.859 +0300
2026-08-01,CAUSE_MIX,withinA_not_dest,JO,Total,19488,2361,12.12,2026-08-31 16:33:58.859 +0300
2026-08-01,CAUSE_MIX,withinB_at_dest,JO,Total,19488,4243,21.77,2026-08-31 16:33:58.859 +0300
2026-08-01,CAUSE_MIX,withinB_not_dest,JO,Total,19488,2109,10.82,2026-08-31 16:33:58.859 +0300
2026-08-01,CHANNEL,cumulative_price_shocks_net,JO,AMM,49933,11120,22.27,2026-08-31 16:33:58.859 +0300
2026-08-01,CHANNEL,cumulative_price_shocks_net,JO,IRB,11277,3399,30.14,2026-08-31 16:33:58.859 +0300
2026-08-01,CHANNEL,cumulative_price_shocks_net,JO,Others,1606,457,28.46,2026-08-31 16:33:58.859 +0300
2026-08-01,CHANNEL,cumulative_price_shocks_net,JO,Total,77635,18428,23.74,2026-08-31 16:33:58.859 +0300
2026-08-01,CHANNEL,cumulative_price_shocks_net,JO,ZRQ,14819,3452,23.29,2026-08-31 16:33:58.859 +0300
2026-08-01,CHANNEL,pd_mismatch,JO,AMM,49933,0,0.00,2026-08-31 16:33:58.859 +0300
2026-08-01,CHANNEL,pd_mismatch,JO,IRB,11277,0,0.00,2026-08-31 16:33:58.859 +0300
2026-08-01,CHANNEL,pd_mismatch,JO,Others,1606,0,0.00,2026-08-31 16:33:58.859 +0300
2026-08-01,CHANNEL,pd_mismatch,JO,Total,77635,0,0.00,2026-08-31 16:33:58.859 +0300
2026-08-01,CHANNEL,pd_mismatch,JO,ZRQ,14819,0,0.00,2026-08-31 16:33:58.859 +0300
2026-08-01,CHANNEL,pickup_mismatch,JO,AMM,49933,1,0.00,2026-08-31 16:33:58.859 +0300
2026-08-01,CHANNEL,pickup_mismatch,JO,IRB,11277,0,0.00,2026-08-31 16:33:58.859 +0300
2026-08-01,CHANNEL,pickup_mismatch,JO,Others,1606,0,0.00,2026-08-31 16:33:58.859 +0300
2026-08-01,CHANNEL,pickup_mismatch,JO,Total,77635,1,0.00,2026-08-31 16:33:58.859 +0300
2026-08-01,CHANNEL,pickup_mismatch,JO,ZRQ,14819,0,0.00,2026-08-31 16:33:58.859 +0300
2026-08-01,CHANNEL,residual_fare_increase_net,JO,AMM,49933,5689,11.39,2026-08-31 16:33:58.859 +0300
2026-08-01,CHANNEL,residual_fare_increase_net,JO,IRB,11277,2359,20.92,2026-08-31 16:33:58.859 +0300
2026-08-01,CHANNEL,residual_fare_increase_net,JO,Others,1606,267,16.63,2026-08-31 16:33:58.859 +0300
2026-08-01,CHANNEL,residual_fare_increase_net,JO,Total,77635,10266,13.22,2026-08-31 16:33:58.859 +0300
2026-08-01,CHANNEL,residual_fare_increase_net,JO,ZRQ,14819,1951,13.17,2026-08-31 16:33:58.859 +0300
2026-08-01,CHANNEL,rounding_error,JO,AMM,49933,592,1.19,2026-08-31 16:33:58.859 +0300
2026-08-01,CHANNEL,rounding_error,JO,IRB,11277,118,1.05,2026-08-31 16:33:58.859 +0300
2026-08-01,CHANNEL,rounding_error,JO,Others,1606,29,1.81,2026-08-31 16:33:58.859 +0300
2026-08-01,CHANNEL,rounding_error,JO,Total,77635,914,1.18,2026-08-31 16:33:58.859 +0300
2026-08-01,CHANNEL,rounding_error,JO,ZRQ,14819,175,1.18,2026-08-31 16:33:58.859 +0300
2026-08-01,CHANNEL,spillover_recovery,JO,AMM,49933,907,1.82,2026-08-31 16:33:58.859 +0300
2026-08-01,CHANNEL,spillover_recovery,JO,IRB,11277,148,1.31,2026-08-31 16:33:58.859 +0300
2026-08-01,CHANNEL,spillover_recovery,JO,Others,1606,5,0.31,2026-08-31 16:33:58.859 +0300
2026-08-01,CHANNEL,spillover_recovery,JO,Total,77635,1127,1.45,2026-08-31 16:33:58.859 +0300
2026-08-01,CHANNEL,spillover_recovery,JO,ZRQ,14819,67,0.45,2026-08-31 16:33:58.859 +0300
2026-08-01,CHANNEL,surcharge_mismatch,JO,AMM,49933,12,0.02,2026-08-31 16:33:58.859 +0300
2026-08-01,CHANNEL,surcharge_mismatch,JO,IRB,11277,0,0.00,2026-08-31 16:33:58.859 +0300
2026-08-01,CHANNEL,surcharge_mismatch,JO,Others,1606,0,0.00,2026-08-31 16:33:58.859 +0300
2026-08-01,CHANNEL,surcharge_mismatch,JO,Total,77635,15,0.02,2026-08-31 16:33:58.859 +0300
2026-08-01,CHANNEL,surcharge_mismatch,JO,ZRQ,14819,3,0.02,2026-08-31 16:33:58.859 +0300
2026-08-01,CHANNEL,surge_mismatch,JO,AMM,49933,15,0.03,2026-08-31 16:33:58.859 +0300
2026-08-01,CHANNEL,surge_mismatch,JO,IRB,11277,1,0.01,2026-08-31 16:33:58.859 +0300
2026-08-01,CHANNEL,surge_mismatch,JO,Others,1606,0,0.00,2026-08-31 16:33:58.859 +0300
2026-08-01,CHANNEL,surge_mismatch,JO,Total,77635,18,0.02,2026-08-31 16:33:58.859 +0300
2026-08-01,CHANNEL,surge_mismatch,JO,ZRQ,14819,2,0.01,2026-08-31 16:33:58.859 +0300
2026-08-01,SCENARIO,beyondB,JO,AMM,49933,31,0.06,2026-08-31 16:33:58.859 +0300
2026-08-01,SCENARIO,beyondB,JO,IRB,11277,14,0.12,2026-08-31 16:33:58.859 +0300
2026-08-01,SCENARIO,beyondB,JO,Others,1606,0,0.00,2026-08-31 16:33:58.859 +0300
2026-08-01,SCENARIO,beyondB,JO,Total,77635,49,0.06,2026-08-31 16:33:58.859 +0300
2026-08-01,SCENARIO,beyondB,JO,ZRQ,14819,4,0.03,2026-08-31 16:33:58.859 +0300
2026-08-01,SCENARIO,withinA_at_dest,JO,AMM,49933,5319,10.65,2026-08-31 16:33:58.859 +0300
2026-08-01,SCENARIO,withinA_at_dest,JO,IRB,11277,978,8.67,2026-08-31 16:33:58.859 +0300
2026-08-01,SCENARIO,withinA_at_dest,JO,Others,1606,184,11.46,2026-08-31 16:33:58.859 +0300
2026-08-01,SCENARIO,withinA_at_dest,JO,Total,77635,7940,10.23,2026-08-31 16:33:58.859 +0300
2026-08-01,SCENARIO,withinA_at_dest,JO,ZRQ,14819,1459,9.85,2026-08-31 16:33:58.859 +0300
2026-08-01,SCENARIO,withinA_not_dest,JO,AMM,49933,1653,3.31,2026-08-31 16:33:58.859 +0300
2026-08-01,SCENARIO,withinA_not_dest,JO,IRB,11277,691,6.13,2026-08-31 16:33:58.859 +0300
2026-08-01,SCENARIO,withinA_not_dest,JO,Others,1606,59,3.67,2026-08-31 16:33:58.859 +0300
2026-08-01,SCENARIO,withinA_not_dest,JO,Total,77635,2922,3.76,2026-08-31 16:33:58.859 +0300
2026-08-01,SCENARIO,withinA_not_dest,JO,ZRQ,14819,519,3.50,2026-08-31 16:33:58.859 +0300
2026-08-01,SCENARIO,withinB_at_dest,JO,AMM,49933,2701,5.41,2026-08-31 16:33:58.859 +0300
2026-08-01,SCENARIO,withinB_at_dest,JO,IRB,11277,1071,9.50,2026-08-31 16:33:58.859 +0300
2026-08-01,SCENARIO,withinB_at_dest,JO,Others,1606,132,8.22,2026-08-31 16:33:58.859 +0300
2026-08-01,SCENARIO,withinB_at_dest,JO,Total,77635,4985,6.42,2026-08-31 16:33:58.859 +0300
2026-08-01,SCENARIO,withinB_at_dest,JO,ZRQ,14819,1081,7.29,2026-08-31 16:33:58.859 +0300
2026-08-01,SCENARIO,withinB_not_dest,JO,AMM,49933,1416,2.84,2026-08-31 16:33:58.859 +0300
2026-08-01,SCENARIO,withinB_not_dest,JO,IRB,11277,645,5.72,2026-08-31 16:33:58.859 +0300
2026-08-01,SCENARIO,withinB_not_dest,JO,Others,1606,82,5.11,2026-08-31 16:33:58.859 +0300
2026-08-01,SCENARIO,withinB_not_dest,JO,Total,77635,2532,3.26,2026-08-31 16:33:58.859 +0300
2026-08-01,SCENARIO,withinB_not_dest,JO,ZRQ,14819,389,2.63,2026-08-31 16:33:58.859 +0300
2026-08-01,CAUSE_MIX,beyondB,SA,Total,39592,12,0.03,2026-08-31 16:33:58.859 +0300
2026-08-01,CAUSE_MIX,pd_mismatch,SA,Total,39592,6,0.02,2026-08-31 16:33:58.859 +0300
2026-08-01,CAUSE_MIX,pickup_mismatch,SA,Total,39592,4,0.01,2026-08-31 16:33:58.859 +0300
2026-08-01,CAUSE_MIX,previous_wallet_balance,SA,Total,39592,6006,15.17,2026-08-31 16:33:58.859 +0300
2026-08-01,CAUSE_MIX,surcharge_mismatch,SA,Total,39592,646,1.63,2026-08-31 16:33:58.859 +0300
2026-08-01,CAUSE_MIX,surge_mismatch,SA,Total,39592,39,0.10,2026-08-31 16:33:58.859 +0300
2026-08-01,CAUSE_MIX,waiting_time,SA,Total,39592,19015,48.03,2026-08-31 16:33:58.859 +0300
2026-08-01,CAUSE_MIX,withinA_at_dest,SA,Total,39592,3046,7.69,2026-08-31 16:33:58.859 +0300
2026-08-01,CAUSE_MIX,withinA_not_dest,SA,Total,39592,1768,4.47,2026-08-31 16:33:58.859 +0300
2026-08-01,CAUSE_MIX,withinB_at_dest,SA,Total,39592,6604,16.68,2026-08-31 16:33:58.859 +0300
2026-08-01,CAUSE_MIX,withinB_not_dest,SA,Total,39592,2446,6.18,2026-08-31 16:33:58.859 +0300
2026-08-01,CHANNEL,cumulative_price_shocks_net,SA,DMM,5212,1840,35.30,2026-08-31 16:33:58.859 +0300
2026-08-01,CHANNEL,cumulative_price_shocks_net,SA,JED,28800,10961,38.06,2026-08-31 16:33:58.859 +0300
2026-08-01,CHANNEL,cumulative_price_shocks_net,SA,MAD,9706,3481,35.86,2026-08-31 16:33:58.859 +0300
2026-08-01,CHANNEL,cumulative_price_shocks_net,SA,MEC,5092,2047,40.20,2026-08-31 16:33:58.859 +0300
2026-08-01,CHANNEL,cumulative_price_shocks_net,SA,Others,11202,4369,39.00,2026-08-31 16:33:58.859 +0300
2026-08-01,CHANNEL,cumulative_price_shocks_net,SA,RUH,34543,10746,31.11,2026-08-31 16:33:58.859 +0300
2026-08-01,CHANNEL,cumulative_price_shocks_net,SA,Total,94555,33444,35.37,2026-08-31 16:33:58.859 +0300
2026-08-01,CHANNEL,pd_mismatch,SA,DMM,5212,5,0.10,2026-08-31 16:33:58.859 +0300
2026-08-01,CHANNEL,pd_mismatch,SA,JED,28800,3,0.01,2026-08-31 16:33:58.859 +0300
2026-08-01,CHANNEL,pd_mismatch,SA,MAD,9706,1,0.01,2026-08-31 16:33:58.859 +0300
2026-08-01,CHANNEL,pd_mismatch,SA,MEC,5092,2,0.04,2026-08-31 16:33:58.859 +0300
2026-08-01,CHANNEL,pd_mismatch,SA,Others,11202,6,0.05,2026-08-31 16:33:58.859 +0300
2026-08-01,CHANNEL,pd_mismatch,SA,RUH,34543,10,0.03,2026-08-31 16:33:58.859 +0300
2026-08-01,CHANNEL,pd_mismatch,SA,Total,94555,27,0.03,2026-08-31 16:33:58.859 +0300
2026-08-01,CHANNEL,pickup_mismatch,SA,DMM,5212,0,0.00,2026-08-31 16:33:58.859 +0300
2026-08-01,CHANNEL,pickup_mismatch,SA,JED,28800,2,0.01,2026-08-31 16:33:58.859 +0300
2026-08-01,CHANNEL,pickup_mismatch,SA,MAD,9706,1,0.01,2026-08-31 16:33:58.859 +0300
2026-08-01,CHANNEL,pickup_mismatch,SA,MEC,5092,1,0.02,2026-08-31 16:33:58.859 +0300
2026-08-01,CHANNEL,pickup_mismatch,SA,Others,11202,2,0.02,2026-08-31 16:33:58.859 +0300
2026-08-01,CHANNEL,pickup_mismatch,SA,RUH,34543,1,0.00,2026-08-31 16:33:58.859 +0300
2026-08-01,CHANNEL,pickup_mismatch,SA,Total,94555,7,0.01,2026-08-31 16:33:58.859 +0300
2026-08-01,CHANNEL,residual_fare_increase_net,SA,DMM,5212,923,17.71,2026-08-31 16:33:58.859 +0300
2026-08-01,CHANNEL,residual_fare_increase_net,SA,JED,28800,5235,18.18,2026-08-31 16:33:58.859 +0300
2026-08-01,CHANNEL,residual_fare_increase_net,SA,MAD,9706,1718,17.70,2026-08-31 16:33:58.859 +0300
2026-08-01,CHANNEL,residual_fare_increase_net,SA,MEC,5092,908,17.83,2026-08-31 16:33:58.859 +0300
2026-08-01,CHANNEL,residual_fare_increase_net,SA,Others,11202,2368,21.14,2026-08-31 16:33:58.859 +0300
2026-08-01,CHANNEL,residual_fare_increase_net,SA,RUH,34543,4539,13.14,2026-08-31 16:33:58.859 +0300
2026-08-01,CHANNEL,residual_fare_increase_net,SA,Total,94555,15691,16.59,2026-08-31 16:33:58.859 +0300
2026-08-01,CHANNEL,rounding_error,SA,DMM,5212,82,1.57,2026-08-31 16:33:58.859 +0300
2026-08-01,CHANNEL,rounding_error,SA,JED,28800,598,2.08,2026-08-31 16:33:58.859 +0300
2026-08-01,CHANNEL,rounding_error,SA,MAD,9706,227,2.34,2026-08-31 16:33:58.859 +0300
2026-08-01,CHANNEL,rounding_error,SA,MEC,5092,73,1.43,2026-08-31 16:33:58.859 +0300
2026-08-01,CHANNEL,rounding_error,SA,Others,11202,204,1.82,2026-08-31 16:33:58.859 +0300
2026-08-01,CHANNEL,rounding_error,SA,RUH,34543,842,2.44,2026-08-31 16:33:58.859 +0300
2026-08-01,CHANNEL,rounding_error,SA,Total,94555,2026,2.14,2026-08-31 16:33:58.859 +0300
2026-08-01,CHANNEL,spillover_recovery,SA,DMM,5212,254,4.87,2026-08-31 16:33:58.859 +0300
2026-08-01,CHANNEL,spillover_recovery,SA,JED,28800,2436,8.46,2026-08-31 16:33:58.859 +0300
2026-08-01,CHANNEL,spillover_recovery,SA,MAD,9706,618,6.37,2026-08-31 16:33:58.859 +0300
2026-08-01,CHANNEL,spillover_recovery,SA,MEC,5092,338,6.64,2026-08-31 16:33:58.859 +0300
2026-08-01,CHANNEL,spillover_recovery,SA,Others,11202,420,3.75,2026-08-31 16:33:58.859 +0300
2026-08-01,CHANNEL,spillover_recovery,SA,RUH,34543,2537,7.34,2026-08-31 16:33:58.859 +0300
2026-08-01,CHANNEL,spillover_recovery,SA,Total,94555,6603,6.98,2026-08-31 16:33:58.859 +0300
2026-08-01,CHANNEL,surcharge_mismatch,SA,DMM,5212,91,1.75,2026-08-31 16:33:58.859 +0300
2026-08-01,CHANNEL,surcharge_mismatch,SA,JED,28800,553,1.92,2026-08-31 16:33:58.859 +0300
2026-08-01,CHANNEL,surcharge_mismatch,SA,MAD,9706,148,1.52,2026-08-31 16:33:58.859 +0300
2026-08-01,CHANNEL,surcharge_mismatch,SA,MEC,5092,43,0.84,2026-08-31 16:33:58.859 +0300
2026-08-01,CHANNEL,surcharge_mismatch,SA,Others,11202,192,1.71,2026-08-31 16:33:58.859 +0300
2026-08-01,CHANNEL,surcharge_mismatch,SA,RUH,34543,570,1.65,2026-08-31 16:33:58.859 +0300
2026-08-01,CHANNEL,surcharge_mismatch,SA,Total,94555,1597,1.69,2026-08-31 16:33:58.859 +0300
2026-08-01,CHANNEL,surge_mismatch,SA,DMM,5212,4,0.08,2026-08-31 16:33:58.859 +0300
2026-08-01,CHANNEL,surge_mismatch,SA,JED,28800,30,0.10,2026-08-31 16:33:58.859 +0300
2026-08-01,CHANNEL,surge_mismatch,SA,MAD,9706,22,0.23,2026-08-31 16:33:58.859 +0300
2026-08-01,CHANNEL,surge_mismatch,SA,MEC,5092,3,0.06,2026-08-31 16:33:58.859 +0300
2026-08-01,CHANNEL,surge_mismatch,SA,Others,11202,0,0.00,2026-08-31 16:33:58.859 +0300
2026-08-01,CHANNEL,surge_mismatch,SA,RUH,34543,11,0.03,2026-08-31 16:33:58.859 +0300
2026-08-01,CHANNEL,surge_mismatch,SA,Total,94555,70,0.07,2026-08-31 16:33:58.859 +0300
2026-08-01,SCENARIO,beyondB,SA,DMM,5212,0,0.00,2026-08-31 16:33:58.859 +0300
2026-08-01,SCENARIO,beyondB,SA,JED,28800,6,0.02,2026-08-31 16:33:58.859 +0300
2026-08-01,SCENARIO,beyondB,SA,MAD,9706,2,0.02,2026-08-31 16:33:58.859 +0300
2026-08-01,SCENARIO,beyondB,SA,MEC,5092,4,0.08,2026-08-31 16:33:58.859 +0300
2026-08-01,SCENARIO,beyondB,SA,Others,11202,6,0.05,2026-08-31 16:33:58.859 +0300
2026-08-01,SCENARIO,beyondB,SA,RUH,34543,8,0.02,2026-08-31 16:33:58.859 +0300
2026-08-01,SCENARIO,beyondB,SA,Total,94555,26,0.03,2026-08-31 16:33:58.859 +0300
2026-08-01,SCENARIO,withinA_at_dest,SA,DMM,5212,927,17.79,2026-08-31 16:33:58.859 +0300
2026-08-01,SCENARIO,withinA_at_dest,SA,JED,28800,5781,20.07,2026-08-31 16:33:58.859 +0300
2026-08-01,SCENARIO,withinA_at_dest,SA,MAD,9706,1793,18.47,2026-08-31 16:33:58.859 +0300
2026-08-01,SCENARIO,withinA_at_dest,SA,MEC,5092,1119,21.98,2026-08-31 16:33:58.859 +0300
2026-08-01,SCENARIO,withinA_at_dest,SA,Others,11202,2002,17.87,2026-08-31 16:33:58.859 +0300
2026-08-01,SCENARIO,withinA_at_dest,SA,RUH,34543,6370,18.44,2026-08-31 16:33:58.859 +0300
2026-08-01,SCENARIO,withinA_at_dest,SA,Total,94555,17992,19.03,2026-08-31 16:33:58.859 +0300
2026-08-01,SCENARIO,withinA_not_dest,SA,DMM,5212,147,2.82,2026-08-31 16:33:58.859 +0300
2026-07-24,CAUSE_MIX,withinB_at_dest,SA,Total,27421,4139,15.09,2026-08-31 16:33:58.859 +0300
2026-07-24,CAUSE_MIX,withinB_not_dest,SA,Total,27421,1618,5.90,2026-08-31 16:33:58.859 +0300
2026-07-24,CHANNEL,cumulative_price_shocks_net,SA,DMM,3438,1211,35.22,2026-08-31 16:33:58.859 +0300
2026-07-24,CHANNEL,cumulative_price_shocks_net,SA,JED,18655,7245,38.84,2026-08-31 16:33:58.859 +0300
2026-07-24,CHANNEL,cumulative_price_shocks_net,SA,MAD,7247,2747,37.91,2026-08-31 16:33:58.859 +0300
2026-07-24,CHANNEL,cumulative_price_shocks_net,SA,MEC,3882,1636,42.14,2026-08-31 16:33:58.859 +0300
2026-07-24,CHANNEL,cumulative_price_shocks_net,SA,Others,8327,3169,38.06,2026-08-31 16:33:58.859 +0300
2026-07-24,CHANNEL,cumulative_price_shocks_net,SA,RUH,22316,7201,32.27,2026-08-31 16:33:58.859 +0300
2026-07-24,CHANNEL,cumulative_price_shocks_net,SA,Total,63865,23209,36.34,2026-08-31 16:33:58.859 +0300
2026-07-24,CHANNEL,pd_mismatch,SA,DMM,3438,1,0.03,2026-08-31 16:33:58.859 +0300
2026-07-24,CHANNEL,pd_mismatch,SA,JED,18655,0,0.00,2026-08-31 16:33:58.859 +0300
2026-07-24,CHANNEL,pd_mismatch,SA,MAD,7247,0,0.00,2026-08-31 16:33:58.859 +0300
2026-07-24,CHANNEL,pd_mismatch,SA,MEC,3882,0,0.00,2026-08-31 16:33:58.859 +0300
2026-07-24,CHANNEL,pd_mismatch,SA,Others,8327,1,0.01,2026-08-31 16:33:58.859 +0300
2026-07-24,CHANNEL,pd_mismatch,SA,RUH,22316,0,0.00,2026-08-31 16:33:58.859 +0300
2026-07-24,CHANNEL,pd_mismatch,SA,Total,63865,2,0.00,2026-08-31 16:33:58.859 +0300
2026-07-24,CHANNEL,pickup_mismatch,SA,DMM,3438,0,0.00,2026-08-31 16:33:58.859 +0300
2026-07-24,CHANNEL,pickup_mismatch,SA,JED,18655,1,0.01,2026-08-31 16:33:58.859 +0300
2026-07-24,CHANNEL,pickup_mismatch,SA,MAD,7247,1,0.01,2026-08-31 16:33:58.859 +0300
2026-07-24,CHANNEL,pickup_mismatch,SA,MEC,3882,1,0.03,2026-08-31 16:33:58.859 +0300
2026-07-24,CHANNEL,pickup_mismatch,SA,Others,8327,1,0.01,2026-08-31 16:33:58.859 +0300
2026-07-24,CHANNEL,pickup_mismatch,SA,RUH,22316,1,0.00,2026-08-31 16:33:58.859 +0300
2026-07-24,CHANNEL,pickup_mismatch,SA,Total,63865,5,0.01,2026-08-31 16:33:58.859 +0300
2026-07-24,CHANNEL,residual_fare_increase_net,SA,DMM,3438,605,17.60,2026-08-31 16:33:58.859 +0300
2026-07-24,CHANNEL,residual_fare_increase_net,SA,JED,18655,3275,17.56,2026-08-31 16:33:58.859 +0300
2026-07-24,CHANNEL,residual_fare_increase_net,SA,MAD,7247,1383,19.08,2026-08-31 16:33:58.859 +0300
2026-07-24,CHANNEL,residual_fare_increase_net,SA,MEC,3882,723,18.62,2026-08-31 16:33:58.859 +0300
2026-07-24,CHANNEL,residual_fare_increase_net,SA,Others,8327,1605,19.27,2026-08-31 16:33:58.859 +0300
2026-07-24,CHANNEL,residual_fare_increase_net,SA,RUH,22316,2956,13.25,2026-08-31 16:33:58.859 +0300
2026-07-24,CHANNEL,residual_fare_increase_net,SA,Total,63865,10547,16.51,2026-08-31 16:33:58.859 +0300
2026-07-24,CHANNEL,rounding_error,SA,DMM,3438,46,1.34,2026-08-31 16:33:58.859 +0300
2026-07-24,CHANNEL,rounding_error,SA,JED,18655,520,2.79,2026-08-31 16:33:58.859 +0300
2026-07-24,CHANNEL,rounding_error,SA,MAD,7247,163,2.25,2026-08-31 16:33:58.859 +0300
2026-07-24,CHANNEL,rounding_error,SA,MEC,3882,60,1.55,2026-08-31 16:33:58.859 +0300
2026-07-24,CHANNEL,rounding_error,SA,Others,8327,151,1.81,2026-08-31 16:33:58.859 +0300
2026-07-24,CHANNEL,rounding_error,SA,RUH,22316,570,2.55,2026-08-31 16:33:58.859 +0300
2026-07-24,CHANNEL,rounding_error,SA,Total,63865,1510,2.36,2026-08-31 16:33:58.859 +0300
2026-07-24,CHANNEL,spillover_recovery,SA,DMM,3438,159,4.62,2026-08-31 16:33:58.859 +0300
2026-07-24,CHANNEL,spillover_recovery,SA,JED,18655,1585,8.50,2026-08-31 16:33:58.859 +0300
2026-07-24,CHANNEL,spillover_recovery,SA,MAD,7247,461,6.36,2026-08-31 16:33:58.859 +0300
2026-07-24,CHANNEL,spillover_recovery,SA,MEC,3882,258,6.65,2026-08-31 16:33:58.859 +0300
2026-07-24,CHANNEL,spillover_recovery,SA,Others,8327,433,5.20,2026-08-31 16:33:58.859 +0300
2026-07-24,CHANNEL,spillover_recovery,SA,RUH,22316,1642,7.36,2026-08-31 16:33:58.859 +0300
2026-07-24,CHANNEL,spillover_recovery,SA,Total,63865,4538,7.11,2026-08-31 16:33:58.859 +0300
2026-07-24,CHANNEL,surcharge_mismatch,SA,DMM,3438,85,2.47,2026-08-31 16:33:58.859 +0300
2026-07-24,CHANNEL,surcharge_mismatch,SA,JED,18655,492,2.64,2026-08-31 16:33:58.859 +0300
2026-07-24,CHANNEL,surcharge_mismatch,SA,MAD,7247,126,1.74,2026-08-31 16:33:58.859 +0300
2026-07-24,CHANNEL,surcharge_mismatch,SA,MEC,3882,43,1.11,2026-08-31 16:33:58.859 +0300
2026-07-24,CHANNEL,surcharge_mismatch,SA,Others,8327,135,1.62,2026-08-31 16:33:58.859 +0300
2026-07-24,CHANNEL,surcharge_mismatch,SA,RUH,22316,400,1.79,2026-08-31 16:33:58.859 +0300
2026-07-24,CHANNEL,surcharge_mismatch,SA,Total,63865,1281,2.01,2026-08-31 16:33:58.859 +0300
2026-07-24,CHANNEL,surge_mismatch,SA,DMM,3438,0,0.00,2026-08-31 16:33:58.859 +0300
2026-07-24,CHANNEL,surge_mismatch,SA,JED,18655,0,0.00,2026-08-31 16:33:58.859 +0300
2026-07-24,CHANNEL,surge_mismatch,SA,MAD,7247,0,0.00,2026-08-31 16:33:58.859 +0300
2026-07-24,CHANNEL,surge_mismatch,SA,MEC,3882,0,0.00,2026-08-31 16:33:58.859 +0300
2026-07-24,CHANNEL,surge_mismatch,SA,Others,8327,0,0.00,2026-08-31 16:33:58.859 +0300
2026-07-24,CHANNEL,surge_mismatch,SA,RUH,22316,4,0.02,2026-08-31 16:33:58.859 +0300
2026-07-24,CHANNEL,surge_mismatch,SA,Total,63865,4,0.01,2026-08-31 16:33:58.859 +0300
2026-07-24,SCENARIO,beyondB,SA,DMM,3438,0,0.00,2026-08-31 16:33:58.859 +0300
2026-07-24,SCENARIO,beyondB,SA,JED,18655,3,0.02,2026-08-31 16:33:58.859 +0300
2026-07-24,SCENARIO,beyondB,SA,MAD,7247,1,0.01,2026-08-31 16:33:58.859 +0300
2026-07-24,SCENARIO,beyondB,SA,MEC,3882,2,0.05,2026-08-31 16:33:58.859 +0300
2026-07-24,SCENARIO,beyondB,SA,Others,8327,3,0.04,2026-08-31 16:33:58.859 +0300
2026-07-24,SCENARIO,beyondB,SA,RUH,22316,11,0.05,2026-08-31 16:33:58.859 +0300
2026-07-24,SCENARIO,beyondB,SA,Total,63865,20,0.03,2026-08-31 16:33:58.859 +0300
2026-07-24,SCENARIO,withinA_at_dest,SA,DMM,3438,616,17.92,2026-08-31 16:33:58.859 +0300
2026-07-24,SCENARIO,withinA_at_dest,SA,JED,18655,3997,21.43,2026-08-31 16:33:58.859 +0300
2026-07-24,SCENARIO,withinA_at_dest,SA,MAD,7247,1376,18.99,2026-08-31 16:33:58.859 +0300
2026-07-24,SCENARIO,withinA_at_dest,SA,MEC,3882,907,23.36,2026-08-31 16:33:58.859 +0300
2026-07-24,SCENARIO,withinA_at_dest,SA,Others,8327,1534,18.42,2026-08-31 16:33:58.859 +0300
2026-07-24,SCENARIO,withinA_at_dest,SA,RUH,22316,4347,19.48,2026-08-31 16:33:58.859 +0300
2026-07-24,SCENARIO,withinA_at_dest,SA,Total,63865,12777,20.01,2026-08-31 16:33:58.859 +0300
2026-07-24,SCENARIO,withinA_not_dest,SA,DMM,3438,114,3.32,2026-08-31 16:33:58.859 +0300
2026-07-24,SCENARIO,withinA_not_dest,SA,JED,18655,485,2.60,2026-08-31 16:33:58.859 +0300
2026-07-24,SCENARIO,withinA_not_dest,SA,MAD,7247,338,4.66,2026-08-31 16:33:58.859 +0300
2026-07-24,SCENARIO,withinA_not_dest,SA,MEC,3882,150,3.86,2026-08-31 16:33:58.859 +0300
2026-07-24,SCENARIO,withinA_not_dest,SA,Others,8327,346,4.16,2026-08-31 16:33:58.859 +0300
2026-07-24,SCENARIO,withinA_not_dest,SA,RUH,22316,685,3.07,2026-08-31 16:33:58.859 +0300
2026-07-24,SCENARIO,withinA_not_dest,SA,Total,63865,2118,3.32,2026-08-31 16:33:58.859 +0300
2026-07-24,SCENARIO,withinB_at_dest,SA,DMM,3438,363,10.56,2026-08-31 16:33:58.859 +0300
2026-07-24,SCENARIO,withinB_at_dest,SA,JED,18655,2151,11.53,2026-08-31 16:33:58.859 +0300
2026-07-24,SCENARIO,withinB_at_dest,SA,MAD,7247,721,9.95,2026-08-31 16:33:58.859 +0300
2026-07-24,SCENARIO,withinB_at_dest,SA,MEC,3882,419,10.79,2026-08-31 16:33:58.859 +0300
2026-07-24,SCENARIO,withinB_at_dest,SA,Others,8327,837,10.05,2026-08-31 16:33:58.859 +0300
2026-07-24,SCENARIO,withinB_at_dest,SA,RUH,22316,1395,6.25,2026-08-31 16:33:58.859 +0300
2026-07-24,SCENARIO,withinB_at_dest,SA,Total,63865,5886,9.22,2026-08-31 16:33:58.859 +0300
2026-07-24,SCENARIO,withinB_not_dest,SA,DMM,3438,118,3.43,2026-08-31 16:33:58.859 +0300
2026-07-24,SCENARIO,withinB_not_dest,SA,JED,18655,609,3.26,2026-08-31 16:33:58.859 +0300
2026-07-24,SCENARIO,withinB_not_dest,SA,MAD,7247,311,4.29,2026-08-31 16:33:58.859 +0300
2026-07-24,SCENARIO,withinB_not_dest,SA,MEC,3882,158,4.07,2026-08-31 16:33:58.859 +0300
2026-07-24,SCENARIO,withinB_not_dest,SA,Others,8327,449,5.39,2026-08-31 16:33:58.859 +0300
2026-07-24,SCENARIO,withinB_not_dest,SA,RUH,22316,763,3.42,2026-08-31 16:33:58.859 +0300
2026-07-24,SCENARIO,withinB_not_dest,SA,Total,63865,2408,3.77,2026-08-31 16:33:58.859 +0300
2026-07-25,CAUSE_MIX,beyondB,JO,Total,19488,40,0.21,2026-08-31 16:33:58.859 +0300
2026-07-25,CAUSE_MIX,pd_mismatch,JO,Total,19488,1,0.01,2026-08-31 16:33:58.859 +0300
2026-07-25,CAUSE_MIX,previous_wallet_balance,JO,Total,19488,1131,5.80,2026-08-31 16:33:58.859 +0300
2026-07-25,CAUSE_MIX,surcharge_mismatch,JO,Total,19488,12,0.06,2026-08-31 16:33:58.859 +0300
2026-07-25,CAUSE_MIX,surge_mismatch,JO,Total,19488,3,0.02,2026-08-31 16:33:58.859 +0300
2026-07-25,CAUSE_MIX,waiting_time,JO,Total,19488,8683,44.56,2026-08-31 16:33:58.859 +0300
2026-07-25,CAUSE_MIX,withinA_at_dest,JO,Total,19488,986,5.06,2026-08-31 16:33:58.859 +0300
2026-07-25,CAUSE_MIX,withinA_not_dest,JO,Total,19488,2337,11.99,2026-08-31 16:33:58.859 +0300
2026-07-25,CAUSE_MIX,withinB_at_dest,JO,Total,19488,4230,21.71,2026-08-31 16:33:58.859 +0300
2026-07-25,CAUSE_MIX,withinB_not_dest,JO,Total,19488,2065,10.60,2026-08-31 16:33:58.859 +0300
2026-07-25,CHANNEL,cumulative_price_shocks_net,JO,AMM,49066,10800,22.01,2026-08-31 16:33:58.859 +0300
2026-07-25,CHANNEL,cumulative_price_shocks_net,JO,IRB,10837,3404,31.41,2026-08-31 16:33:58.859 +0300
2026-07-25,CHANNEL,cumulative_price_shocks_net,JO,Others,1646,412,25.03,2026-08-31 16:33:58.859 +0300
2026-07-25,CHANNEL,cumulative_price_shocks_net,JO,Total,77629,18356,23.65,2026-08-31 16:33:58.859 +0300
2026-07-25,CHANNEL,cumulative_price_shocks_net,JO,ZRQ,16080,3740,23.26,2026-08-31 16:33:58.859 +0300
2026-07-25,CHANNEL,pd_mismatch,JO,AMM,49066,0,0.00,2026-08-31 16:33:58.859 +0300
2026-07-25,CHANNEL,pd_mismatch,JO,IRB,10837,1,0.01,2026-08-31 16:33:58.859 +0300
2026-07-25,CHANNEL,pd_mismatch,JO,Others,1646,0,0.00,2026-08-31 16:33:58.859 +0300
2026-07-25,CHANNEL,pd_mismatch,JO,Total,77629,1,0.00,2026-08-31 16:33:58.859 +0300
2026-07-25,CHANNEL,pd_mismatch,JO,ZRQ,16080,0,0.00,2026-08-31 16:33:58.859 +0300
2026-07-25,CHANNEL,pickup_mismatch,JO,AMM,49066,0,0.00,2026-08-31 16:33:58.859 +0300
2026-07-25,CHANNEL,pickup_mismatch,JO,IRB,10837,0,0.00,2026-08-31 16:33:58.859 +0300
2026-07-25,CHANNEL,pickup_mismatch,JO,Others,1646,0,0.00,2026-08-31 16:33:58.859 +0300
2026-07-25,CHANNEL,pickup_mismatch,JO,Total,77629,0,0.00,2026-08-31 16:33:58.859 +0300
2026-07-25,CHANNEL,pickup_mismatch,JO,ZRQ,16080,0,0.00,2026-08-31 16:33:58.859 +0300
2026-07-25,CHANNEL,residual_fare_increase_net,JO,AMM,49066,5438,11.08,2026-08-31 16:33:58.859 +0300
2026-07-25,CHANNEL,residual_fare_increase_net,JO,IRB,10837,2411,22.25,2026-08-31 16:33:58.859 +0300
2026-07-25,CHANNEL,residual_fare_increase_net,JO,Others,1646,267,16.22,2026-08-31 16:33:58.859 +0300
2026-07-25,CHANNEL,residual_fare_increase_net,JO,Total,77629,10265,13.22,2026-08-31 16:33:58.859 +0300
2026-07-25,CHANNEL,residual_fare_increase_net,JO,ZRQ,16080,2149,13.36,2026-08-31 16:33:58.859 +0300
2026-07-25,CHANNEL,rounding_error,JO,AMM,49066,612,1.25,2026-08-31 16:33:58.859 +0300
2026-07-25,CHANNEL,rounding_error,JO,IRB,10837,124,1.14,2026-08-31 16:33:58.859 +0300
2026-07-25,CHANNEL,rounding_error,JO,Others,1646,24,1.46,2026-08-31 16:33:58.859 +0300
2026-07-25,CHANNEL,rounding_error,JO,Total,77629,945,1.22,2026-08-31 16:33:58.859 +0300
2026-07-25,CHANNEL,rounding_error,JO,ZRQ,16080,185,1.15,2026-08-31 16:33:58.859 +0300
2026-07-25,CHANNEL,spillover_recovery,JO,AMM,49066,967,1.97,2026-08-31 16:33:58.859 +0300
2026-07-25,CHANNEL,spillover_recovery,JO,IRB,10837,173,1.60,2026-08-31 16:33:58.859 +0300
2026-07-25,CHANNEL,spillover_recovery,JO,Others,1646,11,0.67,2026-08-31 16:33:58.859 +0300
2026-07-25,CHANNEL,spillover_recovery,JO,Total,77629,1221,1.57,2026-08-31 16:33:58.859 +0300
2026-07-25,CHANNEL,spillover_recovery,JO,ZRQ,16080,70,0.44,2026-08-31 16:33:58.859 +0300
2026-07-25,CHANNEL,surcharge_mismatch,JO,AMM,49066,10,0.02,2026-08-31 16:33:58.859 +0300
2026-07-25,CHANNEL,surcharge_mismatch,JO,IRB,10837,0,0.00,2026-08-31 16:33:58.859 +0300
2026-07-25,CHANNEL,surcharge_mismatch,JO,Others,1646,0,0.00,2026-08-31 16:33:58.859 +0300
2026-07-25,CHANNEL,surcharge_mismatch,JO,Total,77629,21,0.03,2026-08-31 16:33:58.859 +0300
2026-07-25,CHANNEL,surcharge_mismatch,JO,ZRQ,16080,11,0.07,2026-08-31 16:33:58.859 +0300
2026-07-25,CHANNEL,surge_mismatch,JO,AMM,49066,8,0.02,2026-08-31 16:33:58.859 +0300
2026-07-25,CHANNEL,surge_mismatch,JO,IRB,10837,0,0.00,2026-08-31 16:33:58.859 +0300
2026-07-25,CHANNEL,surge_mismatch,JO,Others,1646,0,0.00,2026-08-31 16:33:58.859 +0300
2026-07-25,CHANNEL,surge_mismatch,JO,Total,77629,8,0.01,2026-08-31 16:33:58.859 +0300
2026-07-25,CHANNEL,surge_mismatch,JO,ZRQ,16080,0,0.00,2026-08-31 16:33:58.859 +0300
2026-07-25,SCENARIO,beyondB,JO,AMM,49066,26,0.05,2026-08-31 16:33:58.859 +0300
2026-07-25,SCENARIO,beyondB,JO,IRB,10837,7,0.06,2026-08-31 16:33:58.859 +0300
2026-07-25,SCENARIO,beyondB,JO,Others,1646,3,0.18,2026-08-31 16:33:58.859 +0300
2026-07-25,SCENARIO,beyondB,JO,Total,77629,44,0.06,2026-08-31 16:33:58.859 +0300
2026-07-25,SCENARIO,beyondB,JO,ZRQ,16080,8,0.05,2026-08-31 16:33:58.859 +0300
2026-07-25,SCENARIO,withinA_at_dest,JO,AMM,49066,5255,10.71,2026-08-31 16:33:58.859 +0300
2026-07-25,SCENARIO,withinA_at_dest,JO,IRB,10837,948,8.75,2026-08-31 16:33:58.859 +0300
2026-07-25,SCENARIO,withinA_at_dest,JO,Others,1646,137,8.32,2026-08-31 16:33:58.859 +0300
2026-07-25,SCENARIO,withinA_at_dest,JO,Total,77629,7894,10.17,2026-08-31 16:33:58.859 +0300
2026-07-25,SCENARIO,withinA_at_dest,JO,ZRQ,16080,1554,9.66,2026-08-31 16:33:58.859 +0300
2026-07-25,SCENARIO,withinA_not_dest,JO,AMM,49066,1584,3.23,2026-08-31 16:33:58.859 +0300
2026-07-25,SCENARIO,withinA_not_dest,JO,IRB,10837,761,7.02,2026-08-31 16:33:58.859 +0300
2026-07-25,SCENARIO,withinA_not_dest,JO,Others,1646,62,3.77,2026-08-31 16:33:58.859 +0300
2026-07-25,SCENARIO,withinA_not_dest,JO,Total,77629,2922,3.76,2026-08-31 16:33:58.859 +0300
2026-07-25,SCENARIO,withinA_not_dest,JO,ZRQ,16080,515,3.20,2026-08-31 16:33:58.859 +0300
2026-07-25,SCENARIO,withinB_at_dest,JO,AMM,49066,2600,5.30,2026-08-31 16:33:58.859 +0300
2026-07-25,SCENARIO,withinB_at_dest,JO,IRB,10837,1019,9.40,2026-08-31 16:33:58.859 +0300
2026-07-25,SCENARIO,withinB_at_dest,JO,Others,1646,141,8.57,2026-08-31 16:33:58.859 +0300
2026-07-25,SCENARIO,withinB_at_dest,JO,Total,77629,4988,6.43,2026-08-31 16:33:58.859 +0300
2026-07-25,SCENARIO,withinB_at_dest,JO,ZRQ,16080,1228,7.64,2026-08-31 16:33:58.859 +0300
2026-07-25,SCENARIO,withinB_not_dest,JO,AMM,49066,1335,2.72,2026-08-31 16:33:58.859 +0300
2026-07-25,SCENARIO,withinB_not_dest,JO,IRB,10837,669,6.17,2026-08-31 16:33:58.859 +0300
2026-07-25,SCENARIO,withinB_not_dest,JO,Others,1646,69,4.19,2026-08-31 16:33:58.859 +0300
2026-07-25,SCENARIO,withinB_not_dest,JO,Total,77629,2508,3.23,2026-08-31 16:33:58.859 +0300
2026-08-08,CAUSE_MIX,beyondB,SA,Total,37325,12,0.03,2026-08-31 16:33:58.859 +0300
2026-08-08,CAUSE_MIX,pickup_mismatch,SA,Total,37325,4,0.01,2026-08-31 16:33:58.859 +0300
2026-08-08,CAUSE_MIX,previous_wallet_balance,SA,Total,37325,5870,15.73,2026-08-31 16:33:58.859 +0300
2026-08-08,CAUSE_MIX,surcharge_mismatch,SA,Total,37325,674,1.81,2026-08-31 16:33:58.859 +0300
2026-08-08,CAUSE_MIX,surge_mismatch,SA,Total,37325,31,0.08,2026-08-31 16:33:58.859 +0300
2026-08-08,CAUSE_MIX,waiting_time,SA,Total,37325,18673,50.03,2026-08-31 16:33:58.859 +0300
2026-08-08,CAUSE_MIX,withinA_at_dest,SA,Total,37325,2805,7.52,2026-08-31 16:33:58.859 +0300
2026-08-08,CAUSE_MIX,withinA_not_dest,SA,Total,37325,1611,4.32,2026-08-31 16:33:58.859 +0300
2026-08-08,CAUSE_MIX,withinB_at_dest,SA,Total,37325,5504,14.75,2026-08-31 16:33:58.859 +0300
2026-08-08,CAUSE_MIX,withinB_not_dest,SA,Total,37325,2141,5.74,2026-08-31 16:33:58.859 +0300
2026-08-08,CHANNEL,cumulative_price_shocks_net,SA,DMM,5216,1837,35.22,2026-08-31 16:33:58.859 +0300
2026-08-08,CHANNEL,cumulative_price_shocks_net,SA,JED,27348,10366,37.90,2026-08-31 16:33:58.859 +0300
2026-08-08,CHANNEL,cumulative_price_shocks_net,SA,MAD,9485,3289,34.68,2026-08-31 16:33:58.859 +0300
2026-08-08,CHANNEL,cumulative_price_shocks_net,SA,MEC,4904,2017,41.13,2026-08-31 16:33:58.859 +0300
2026-08-08,CHANNEL,cumulative_price_shocks_net,SA,Others,11033,4129,37.42,2026-08-31 16:33:58.859 +0300
2026-08-08,CHANNEL,cumulative_price_shocks_net,SA,RUH,31486,9651,30.65,2026-08-31 16:33:58.859 +0300
2026-08-08,CHANNEL,cumulative_price_shocks_net,SA,Total,89472,31289,34.97,2026-08-31 16:33:58.859 +0300
2026-08-08,CHANNEL,pd_mismatch,SA,DMM,5216,0,0.00,2026-08-31 16:33:58.859 +0300
2026-08-08,CHANNEL,pd_mismatch,SA,JED,27348,0,0.00,2026-08-31 16:33:58.859 +0300
2026-08-08,CHANNEL,pd_mismatch,SA,MAD,9485,0,0.00,2026-08-31 16:33:58.859 +0300
2026-08-08,CHANNEL,pd_mismatch,SA,MEC,4904,0,0.00,2026-08-31 16:33:58.859 +0300
2026-08-08,CHANNEL,pd_mismatch,SA,Others,11033,0,0.00,2026-08-31 16:33:58.859 +0300
2026-08-08,CHANNEL,pd_mismatch,SA,RUH,31486,0,0.00,2026-08-31 16:33:58.859 +0300
2026-08-08,CHANNEL,pd_mismatch,SA,Total,89472,0,0.00,2026-08-31 16:33:58.859 +0300
2026-08-08,CHANNEL,pickup_mismatch,SA,DMM,5216,0,0.00,2026-08-31 16:33:58.859 +0300
2026-08-08,CHANNEL,pickup_mismatch,SA,JED,27348,3,0.01,2026-08-31 16:33:58.859 +0300
2026-08-08,CHANNEL,pickup_mismatch,SA,MAD,9485,0,0.00,2026-08-31 16:33:58.859 +0300
2026-08-08,CHANNEL,pickup_mismatch,SA,MEC,4904,0,0.00,2026-08-31 16:33:58.859 +0300
2026-08-08,CHANNEL,pickup_mismatch,SA,Others,11033,3,0.03,2026-08-31 16:33:58.859 +0300
2026-08-08,CHANNEL,pickup_mismatch,SA,RUH,31486,0,0.00,2026-08-31 16:33:58.859 +0300
2026-08-08,CHANNEL,pickup_mismatch,SA,Total,89472,6,0.01,2026-08-31 16:33:58.859 +0300
2026-08-08,CHANNEL,residual_fare_increase_net,SA,DMM,5216,846,16.22,2026-08-31 16:33:58.859 +0300
2026-08-08,CHANNEL,residual_fare_increase_net,SA,JED,27348,4680,17.11,2026-08-31 16:33:58.859 +0300
2026-08-08,CHANNEL,residual_fare_increase_net,SA,MAD,9485,1492,15.73,2026-08-31 16:33:58.859 +0300
2026-08-08,CHANNEL,residual_fare_increase_net,SA,MEC,4904,868,17.70,2026-08-31 16:33:58.859 +0300
2026-08-08,CHANNEL,residual_fare_increase_net,SA,Others,11033,2105,19.08,2026-08-31 16:33:58.859 +0300
2026-08-08,CHANNEL,residual_fare_increase_net,SA,RUH,31486,3889,12.35,2026-08-31 16:33:58.859 +0300
2026-08-08,CHANNEL,residual_fare_increase_net,SA,Total,89472,13880,15.51,2026-08-31 16:33:58.859 +0300
2026-08-08,CHANNEL,rounding_error,SA,DMM,5216,77,1.48,2026-08-31 16:33:58.859 +0300
2026-08-08,CHANNEL,rounding_error,SA,JED,27348,674,2.46,2026-08-31 16:33:58.859 +0300
2026-08-08,CHANNEL,rounding_error,SA,MAD,9485,216,2.28,2026-08-31 16:33:58.859 +0300
2026-08-08,CHANNEL,rounding_error,SA,MEC,4904,84,1.71,2026-08-31 16:33:58.859 +0300
2026-08-08,CHANNEL,rounding_error,SA,Others,11033,194,1.76,2026-08-31 16:33:58.859 +0300
2026-08-08,CHANNEL,rounding_error,SA,RUH,31486,766,2.43,2026-08-31 16:33:58.859 +0300
2026-08-08,CHANNEL,rounding_error,SA,Total,89472,2011,2.25,2026-08-31 16:33:58.859 +0300
2026-08-08,CHANNEL,spillover_recovery,SA,DMM,5216,253,4.85,2026-08-31 16:33:58.859 +0300
2026-08-08,CHANNEL,spillover_recovery,SA,JED,27348,2341,8.56,2026-08-31 16:33:58.859 +0300
2026-08-08,CHANNEL,spillover_recovery,SA,MAD,9485,663,6.99,2026-08-31 16:33:58.859 +0300
2026-08-08,CHANNEL,spillover_recovery,SA,MEC,4904,339,6.91,2026-08-31 16:33:58.859 +0300
2026-08-08,CHANNEL,spillover_recovery,SA,Others,11033,475,4.31,2026-08-31 16:33:58.859 +0300
2026-08-08,CHANNEL,spillover_recovery,SA,RUH,31486,2418,7.68,2026-08-31 16:33:58.859 +0300
2026-08-08,CHANNEL,spillover_recovery,SA,Total,89472,6489,7.25,2026-08-31 16:33:58.859 +0300
2026-08-08,CHANNEL,surcharge_mismatch,SA,DMM,5216,87,1.67,2026-08-31 16:33:58.859 +0300
2026-08-08,CHANNEL,surcharge_mismatch,SA,JED,27348,739,2.70,2026-08-31 16:33:58.859 +0300
2026-08-08,CHANNEL,surcharge_mismatch,SA,MAD,9485,161,1.70,2026-08-31 16:33:58.859 +0300
2026-08-08,CHANNEL,surcharge_mismatch,SA,MEC,4904,46,0.94,2026-08-31 16:33:58.859 +0300
2026-08-08,CHANNEL,surcharge_mismatch,SA,Others,11033,169,1.53,2026-08-31 16:33:58.859 +0300
2026-08-08,CHANNEL,surcharge_mismatch,SA,RUH,31486,516,1.64,2026-08-31 16:33:58.859 +0300
2026-08-08,CHANNEL,surcharge_mismatch,SA,Total,89472,1718,1.92,2026-08-31 16:33:58.859 +0300
2026-08-08,CHANNEL,surge_mismatch,SA,DMM,5216,1,0.02,2026-08-31 16:33:58.859 +0300
2026-08-08,CHANNEL,surge_mismatch,SA,JED,27348,24,0.09,2026-08-31 16:33:58.859 +0300
2026-08-08,CHANNEL,surge_mismatch,SA,MAD,9485,11,0.12,2026-08-31 16:33:58.859 +0300
2026-08-08,CHANNEL,surge_mismatch,SA,MEC,4904,2,0.04,2026-08-31 16:33:58.859 +0300
2026-08-08,CHANNEL,surge_mismatch,SA,Others,11033,0,0.00,2026-08-31 16:33:58.859 +0300
2026-08-08,CHANNEL,surge_mismatch,SA,RUH,31486,31,0.10,2026-08-31 16:33:58.859 +0300
2026-08-08,CHANNEL,surge_mismatch,SA,Total,89472,69,0.08,2026-08-31 16:33:58.859 +0300
2026-08-08,SCENARIO,beyondB,SA,DMM,5216,1,0.02,2026-08-31 16:33:58.859 +0300
2026-08-08,SCENARIO,beyondB,SA,JED,27348,6,0.02,2026-08-31 16:33:58.859 +0300
2026-08-08,SCENARIO,beyondB,SA,MAD,9485,2,0.02,2026-08-31 16:33:58.859 +0300
2026-08-08,SCENARIO,beyondB,SA,MEC,4904,2,0.04,2026-08-31 16:33:58.859 +0300
2026-08-08,SCENARIO,beyondB,SA,Others,11033,3,0.03,2026-08-31 16:33:58.859 +0300
2026-08-08,SCENARIO,beyondB,SA,RUH,31486,9,0.03,2026-08-31 16:33:58.859 +0300
2026-08-08,SCENARIO,beyondB,SA,Total,89472,23,0.03,2026-08-31 16:33:58.859 +0300
2026-08-08,SCENARIO,withinA_at_dest,SA,DMM,5216,1002,19.21,2026-08-31 16:33:58.859 +0300
2026-08-08,SCENARIO,withinA_at_dest,SA,JED,27348,5776,21.12,2026-08-31 16:33:58.859 +0300
2026-08-08,SCENARIO,withinA_at_dest,SA,MAD,9485,1813,19.11,2026-08-31 16:33:58.859 +0300
2026-08-08,SCENARIO,withinA_at_dest,SA,MEC,4904,1153,23.51,2026-08-31 16:33:58.859 +0300
2026-08-08,SCENARIO,withinA_at_dest,SA,Others,11033,2026,18.36,2026-08-31 16:33:58.859 +0300
2026-08-08,SCENARIO,withinA_at_dest,SA,RUH,31486,5906,18.76,2026-08-31 16:33:58.859 +0300
2026-08-08,SCENARIO,withinA_at_dest,SA,Total,89472,17676,19.76,2026-08-31 16:33:58.859 +0300
2026-08-08,SCENARIO,withinA_not_dest,SA,DMM,5216,148,2.84,2026-08-31 16:33:58.859 +0300
2026-08-08,SCENARIO,withinA_not_dest,SA,JED,27348,629,2.30,2026-08-31 16:33:58.859 +0300
2026-08-08,SCENARIO,withinA_not_dest,SA,MAD,9485,386,4.07,2026-08-31 16:33:58.859 +0300
2026-08-08,SCENARIO,withinA_not_dest,SA,MEC,4904,158,3.22,2026-08-31 16:33:58.859 +0300
2026-08-08,SCENARIO,withinA_not_dest,SA,Others,11033,435,3.94,2026-08-31 16:33:58.859 +0300
2026-08-08,SCENARIO,withinA_not_dest,SA,RUH,31486,918,2.92,2026-08-31 16:33:58.859 +0300
2026-08-08,SCENARIO,withinA_not_dest,SA,Total,89472,2674,2.99,2026-08-31 16:33:58.859 +0300
2026-08-08,SCENARIO,withinB_at_dest,SA,DMM,5216,519,9.95,2026-08-31 16:33:58.859 +0300
2026-08-08,SCENARIO,withinB_at_dest,SA,JED,27348,3049,11.15,2026-08-31 16:33:58.859 +0300
2026-08-08,SCENARIO,withinB_at_dest,SA,MAD,9485,721,7.60,2026-08-31 16:33:58.859 +0300
2026-08-08,SCENARIO,withinB_at_dest,SA,MEC,4904,502,10.24,2026-08-31 16:33:58.859 +0300
2026-08-08,SCENARIO,withinB_at_dest,SA,Others,11033,1043,9.45,2026-08-31 16:33:58.859 +0300
2026-08-08,SCENARIO,withinB_at_dest,SA,RUH,31486,1844,5.86,2026-08-31 16:33:58.859 +0300
2026-08-08,SCENARIO,withinB_at_dest,SA,Total,89472,7678,8.58,2026-08-31 16:33:58.859 +0300
2026-08-08,SCENARIO,withinB_not_dest,SA,DMM,5216,167,3.20,2026-08-31 16:33:58.859 +0300
2026-08-08,SCENARIO,withinB_not_dest,SA,JED,27348,906,3.31,2026-08-31 16:33:58.859 +0300
2026-08-08,SCENARIO,withinB_not_dest,SA,MAD,9485,367,3.87,2026-08-31 16:33:58.859 +0300
2026-08-08,SCENARIO,withinB_not_dest,SA,MEC,4904,202,4.12,2026-08-31 16:33:58.859 +0300
2026-08-08,SCENARIO,withinB_not_dest,SA,Others,11033,622,5.64,2026-08-31 16:33:58.859 +0300
2026-08-08,SCENARIO,withinB_not_dest,SA,RUH,31486,974,3.09,2026-08-31 16:33:58.859 +0300
2026-08-08,SCENARIO,withinB_not_dest,SA,Total,89472,3238,3.62,2026-08-31 16:33:58.859 +0300
2026-08-09,CAUSE_MIX,beyondB,JO,Total,21935,51,0.23,2026-08-31 16:33:58.859 +0300
2026-08-09,CAUSE_MIX,pickup_mismatch,JO,Total,21935,2,0.01,2026-08-31 16:33:58.859 +0300
2026-08-09,CAUSE_MIX,previous_wallet_balance,JO,Total,21935,1146,5.22,2026-08-31 16:33:58.859 +0300
2026-08-09,CAUSE_MIX,surcharge_mismatch,JO,Total,21935,15,0.07,2026-08-31 16:33:58.859 +0300
2026-08-09,CAUSE_MIX,surge_mismatch,JO,Total,21935,14,0.06,2026-08-31 16:33:58.859 +0300
2026-08-09,CAUSE_MIX,waiting_time,JO,Total,21935,8986,40.97,2026-08-31 16:33:58.859 +0300
2026-08-09,CAUSE_MIX,withinA_at_dest,JO,Total,21935,1267,5.78,2026-08-31 16:33:58.859 +0300
2026-08-09,CAUSE_MIX,withinA_not_dest,JO,Total,21935,2567,11.70,2026-08-31 16:33:58.859 +0300
2026-08-09,CAUSE_MIX,withinB_at_dest,JO,Total,21935,5475,24.96,2026-08-31 16:33:58.859 +0300
2026-08-09,CAUSE_MIX,withinB_not_dest,JO,Total,21935,2412,11.00,2026-08-31 16:33:58.859 +0300
2026-08-09,CHANNEL,cumulative_price_shocks_net,JO,AMM,53439,12604,23.59,2026-08-31 16:33:58.859 +0300
2026-08-09,CHANNEL,cumulative_price_shocks_net,JO,IRB,13884,4053,29.19,2026-08-31 16:33:58.859 +0300
2026-08-09,CHANNEL,cumulative_price_shocks_net,JO,Others,2005,513,25.59,2026-08-31 16:33:58.859 +0300
2026-08-09,CHANNEL,cumulative_price_shocks_net,JO,Total,85432,20787,24.33,2026-08-31 16:33:58.859 +0300
2026-08-09,CHANNEL,cumulative_price_shocks_net,JO,ZRQ,16104,3617,22.46,2026-08-31 16:33:58.859 +0300
2026-08-09,CHANNEL,pd_mismatch,JO,AMM,53439,0,0.00,2026-08-31 16:33:58.859 +0300
2026-08-09,CHANNEL,pd_mismatch,JO,IRB,13884,0,0.00,2026-08-31 16:33:58.859 +0300
2026-08-09,CHANNEL,pd_mismatch,JO,Others,2005,0,0.00,2026-08-31 16:33:58.859 +0300
2026-08-09,CHANNEL,pd_mismatch,JO,Total,85432,0,0.00,2026-08-31 16:33:58.859 +0300
2026-08-09,CHANNEL,pd_mismatch,JO,ZRQ,16104,0,0.00,2026-08-31 16:33:58.859 +0300
2026-08-09,CHANNEL,pickup_mismatch,JO,AMM,53439,1,0.00,2026-08-31 16:33:58.859 +0300
2026-08-09,CHANNEL,pickup_mismatch,JO,IRB,13884,0,0.00,2026-08-31 16:33:58.859 +0300
2026-08-09,CHANNEL,pickup_mismatch,JO,Others,2005,0,0.00,2026-08-31 16:33:58.859 +0300
2026-08-09,CHANNEL,pickup_mismatch,JO,Total,85432,2,0.00,2026-08-31 16:33:58.859 +0300
2026-08-09,CHANNEL,pickup_mismatch,JO,ZRQ,16104,1,0.01,2026-08-31 16:33:58.859 +0300
2026-08-09,CHANNEL,residual_fare_increase_net,JO,AMM,53439,7041,13.18,2026-08-31 16:33:58.859 +0300
2026-08-09,CHANNEL,residual_fare_increase_net,JO,IRB,13884,2775,19.99,2026-08-31 16:33:58.859 +0300
2026-08-09,CHANNEL,residual_fare_increase_net,JO,Others,2005,303,15.11,2026-08-31 16:33:58.859 +0300
2026-08-09,CHANNEL,residual_fare_increase_net,JO,Total,85432,12240,14.33,2026-08-31 16:33:58.859 +0300
2026-08-09,CHANNEL,residual_fare_increase_net,JO,ZRQ,16104,2121,13.17,2026-08-31 16:33:58.859 +0300
2026-08-09,CHANNEL,rounding_error,JO,AMM,53439,584,1.09,2026-08-31 16:33:58.859 +0300
2026-08-09,CHANNEL,rounding_error,JO,IRB,13884,153,1.10,2026-08-31 16:33:58.859 +0300
2026-08-09,CHANNEL,rounding_error,JO,Others,2005,22,1.10,2026-08-31 16:33:58.859 +0300
2026-08-09,CHANNEL,rounding_error,JO,Total,85432,920,1.08,2026-08-31 16:33:58.859 +0300
2026-08-09,CHANNEL,rounding_error,JO,ZRQ,16104,161,1.00,2026-08-31 16:33:58.859 +0300
2026-08-09,CHANNEL,spillover_recovery,JO,AMM,53439,936,1.75,2026-08-31 16:33:58.859 +0300
2026-08-09,CHANNEL,spillover_recovery,JO,IRB,13884,203,1.46,2026-08-31 16:33:58.859 +0300
2026-08-09,CHANNEL,spillover_recovery,JO,Others,2005,12,0.60,2026-08-31 16:33:58.859 +0300
2026-08-09,CHANNEL,spillover_recovery,JO,Total,85432,1225,1.43,2026-08-31 16:33:58.859 +0300
2026-08-09,CHANNEL,spillover_recovery,JO,ZRQ,16104,74,0.46,2026-08-31 16:33:58.859 +0300
2026-08-09,CHANNEL,surcharge_mismatch,JO,AMM,53439,15,0.03,2026-08-31 16:33:58.859 +0300
2026-08-09,CHANNEL,surcharge_mismatch,JO,IRB,13884,0,0.00,2026-08-31 16:33:58.859 +0300
2026-08-09,CHANNEL,surcharge_mismatch,JO,Others,2005,3,0.15,2026-08-31 16:33:58.859 +0300
2026-08-09,CHANNEL,surcharge_mismatch,JO,Total,85432,27,0.03,2026-08-31 16:33:58.859 +0300
2026-08-09,CHANNEL,surcharge_mismatch,JO,ZRQ,16104,9,0.06,2026-08-31 16:33:58.859 +0300
2026-08-09,CHANNEL,surge_mismatch,JO,AMM,53439,31,0.06,2026-08-31 16:33:58.859 +0300
2026-08-09,CHANNEL,surge_mismatch,JO,IRB,13884,0,0.00,2026-08-31 16:33:58.859 +0300
2026-08-09,CHANNEL,surge_mismatch,JO,Others,2005,0,0.00,2026-08-31 16:33:58.859 +0300
2026-08-09,CHANNEL,surge_mismatch,JO,Total,85432,33,0.04,2026-08-31 16:33:58.859 +0300
2026-08-09,CHANNEL,surge_mismatch,JO,ZRQ,16104,2,0.01,2026-08-31 16:33:58.859 +0300
2026-08-09,SCENARIO,beyondB,JO,AMM,53439,37,0.07,2026-08-31 16:33:58.859 +0300
2026-08-09,SCENARIO,beyondB,JO,IRB,13884,8,0.06,2026-08-31 16:33:58.859 +0300
2026-08-09,SCENARIO,beyondB,JO,Others,2005,2,0.10,2026-08-31 16:33:58.859 +0300
2026-08-09,SCENARIO,beyondB,JO,Total,85432,54,0.06,2026-08-31 16:33:58.859 +0300
2026-08-09,SCENARIO,beyondB,JO,ZRQ,16104,7,0.04,2026-08-31 16:33:58.859 +0300
2026-08-09,SCENARIO,withinA_at_dest,JO,AMM,53439,5466,10.23,2026-08-31 16:33:58.859 +0300
2026-08-09,SCENARIO,withinA_at_dest,JO,IRB,13884,1209,8.71,2026-08-31 16:33:58.859 +0300
2026-08-09,SCENARIO,withinA_at_dest,JO,Others,2005,202,10.07,2026-08-31 16:33:58.859 +0300
2026-08-09,SCENARIO,withinA_at_dest,JO,Total,85432,8335,9.76,2026-08-31 16:33:58.859 +0300
2026-08-09,SCENARIO,withinA_at_dest,JO,ZRQ,16104,1458,9.05,2026-08-31 16:33:58.859 +0300
2026-08-09,SCENARIO,withinA_not_dest,JO,AMM,53439,1700,3.18,2026-08-31 16:33:58.859 +0300
2026-08-09,SCENARIO,withinA_not_dest,JO,IRB,13884,884,6.37,2026-08-31 16:33:58.859 +0300
2026-08-09,SCENARIO,withinA_not_dest,JO,Others,2005,75,3.74,2026-08-31 16:33:58.859 +0300
2026-08-09,SCENARIO,withinA_not_dest,JO,Total,85432,3163,3.70,2026-08-31 16:33:58.859 +0300
2026-08-09,SCENARIO,withinA_not_dest,JO,ZRQ,16104,504,3.13,2026-08-31 16:33:58.859 +0300
2026-08-09,SCENARIO,withinB_at_dest,JO,AMM,53439,3856,7.22,2026-08-31 16:33:58.859 +0300
2026-07-25,SCENARIO,withinB_not_dest,JO,ZRQ,16080,435,2.71,2026-08-31 16:33:58.859 +0300
2026-07-25,CAUSE_MIX,beyondB,SA,Total,29495,20,0.07,2026-08-31 16:33:58.859 +0300
2026-07-25,CAUSE_MIX,pickup_mismatch,SA,Total,29495,1,0.00,2026-08-31 16:33:58.859 +0300
2026-07-25,CAUSE_MIX,previous_wallet_balance,SA,Total,29495,4854,16.46,2026-08-31 16:33:58.859 +0300
2026-07-25,CAUSE_MIX,surcharge_mismatch,SA,Total,29495,540,1.83,2026-08-31 16:33:58.859 +0300
2026-07-25,CAUSE_MIX,surge_mismatch,SA,Total,29495,2,0.01,2026-08-31 16:33:58.859 +0300
2026-07-25,CAUSE_MIX,waiting_time,SA,Total,29495,14863,50.39,2026-08-31 16:33:58.859 +0300
2026-07-25,CAUSE_MIX,withinA_at_dest,SA,Total,29495,2055,6.97,2026-08-31 16:33:58.859 +0300
2026-07-25,CAUSE_MIX,withinA_not_dest,SA,Total,29495,1291,4.38,2026-08-31 16:33:58.859 +0300
2026-07-25,CAUSE_MIX,withinB_at_dest,SA,Total,29495,4181,14.18,2026-08-31 16:33:58.859 +0300
2026-07-25,CAUSE_MIX,withinB_not_dest,SA,Total,29495,1688,5.72,2026-08-31 16:33:58.859 +0300
2026-07-25,CHANNEL,cumulative_price_shocks_net,SA,DMM,4117,1257,30.53,2026-08-31 16:33:58.859 +0300
2026-07-25,CHANNEL,cumulative_price_shocks_net,SA,JED,22035,7970,36.17,2026-08-31 16:33:58.859 +0300
2026-07-25,CHANNEL,cumulative_price_shocks_net,SA,MAD,7984,2788,34.92,2026-08-31 16:33:58.859 +0300
2026-07-25,CHANNEL,cumulative_price_shocks_net,SA,MEC,4219,1707,40.46,2026-08-31 16:33:58.859 +0300
2026-07-25,CHANNEL,cumulative_price_shocks_net,SA,Others,8761,3194,36.46,2026-08-31 16:33:58.859 +0300
2026-07-25,CHANNEL,cumulative_price_shocks_net,SA,RUH,25833,7614,29.47,2026-08-31 16:33:58.859 +0300
2026-07-25,CHANNEL,cumulative_price_shocks_net,SA,Total,72949,24530,33.63,2026-08-31 16:33:58.859 +0300
2026-07-25,CHANNEL,pd_mismatch,SA,DMM,4117,0,0.00,2026-08-31 16:33:58.859 +0300
2026-07-25,CHANNEL,pd_mismatch,SA,JED,22035,0,0.00,2026-08-31 16:33:58.859 +0300
2026-07-25,CHANNEL,pd_mismatch,SA,MAD,7984,0,0.00,2026-08-31 16:33:58.859 +0300
2026-07-25,CHANNEL,pd_mismatch,SA,MEC,4219,0,0.00,2026-08-31 16:33:58.859 +0300
2026-07-25,CHANNEL,pd_mismatch,SA,Others,8761,1,0.01,2026-08-31 16:33:58.859 +0300
2026-07-25,CHANNEL,pd_mismatch,SA,RUH,25833,0,0.00,2026-08-31 16:33:58.859 +0300
2026-07-25,CHANNEL,pd_mismatch,SA,Total,72949,1,0.00,2026-08-31 16:33:58.859 +0300
2026-07-25,CHANNEL,pickup_mismatch,SA,DMM,4117,0,0.00,2026-08-31 16:33:58.859 +0300
2026-07-25,CHANNEL,pickup_mismatch,SA,JED,22035,1,0.00,2026-08-31 16:33:58.859 +0300
2026-07-25,CHANNEL,pickup_mismatch,SA,MAD,7984,0,0.00,2026-08-31 16:33:58.859 +0300
2026-07-25,CHANNEL,pickup_mismatch,SA,MEC,4219,0,0.00,2026-08-31 16:33:58.859 +0300
2026-07-25,CHANNEL,pickup_mismatch,SA,Others,8761,1,0.01,2026-08-31 16:33:58.859 +0300
2026-07-25,CHANNEL,pickup_mismatch,SA,RUH,25833,0,0.00,2026-08-31 16:33:58.859 +0300
2026-07-25,CHANNEL,pickup_mismatch,SA,Total,72949,2,0.00,2026-08-31 16:33:58.859 +0300
2026-07-25,CHANNEL,residual_fare_increase_net,SA,DMM,4117,596,14.48,2026-08-31 16:33:58.859 +0300
2026-07-25,CHANNEL,residual_fare_increase_net,SA,JED,22035,3456,15.68,2026-08-31 16:33:58.859 +0300
2026-07-25,CHANNEL,residual_fare_increase_net,SA,MAD,7984,1333,16.70,2026-08-31 16:33:58.859 +0300
2026-07-25,CHANNEL,residual_fare_increase_net,SA,MEC,4219,705,16.71,2026-08-31 16:33:58.859 +0300
2026-07-25,CHANNEL,residual_fare_increase_net,SA,Others,8761,1630,18.61,2026-08-31 16:33:58.859 +0300
2026-07-25,CHANNEL,residual_fare_increase_net,SA,RUH,25833,2944,11.40,2026-08-31 16:33:58.859 +0300
2026-07-25,CHANNEL,residual_fare_increase_net,SA,Total,72949,10664,14.62,2026-08-31 16:33:58.859 +0300
2026-07-25,CHANNEL,rounding_error,SA,DMM,4117,58,1.41,2026-08-31 16:33:58.859 +0300
2026-07-25,CHANNEL,rounding_error,SA,JED,22035,566,2.57,2026-08-31 16:33:58.859 +0300
2026-07-25,CHANNEL,rounding_error,SA,MAD,7984,191,2.39,2026-08-31 16:33:58.859 +0300
2026-07-25,CHANNEL,rounding_error,SA,MEC,4219,74,1.75,2026-08-31 16:33:58.859 +0300
2026-07-25,CHANNEL,rounding_error,SA,Others,8761,146,1.67,2026-08-31 16:33:58.859 +0300
2026-07-25,CHANNEL,rounding_error,SA,RUH,25833,621,2.40,2026-08-31 16:33:58.859 +0300
2026-07-25,CHANNEL,rounding_error,SA,Total,72949,1656,2.27,2026-08-31 16:33:58.859 +0300
2026-07-25,CHANNEL,spillover_recovery,SA,DMM,4117,232,5.64,2026-08-31 16:33:58.859 +0300
2026-07-25,CHANNEL,spillover_recovery,SA,JED,22035,1938,8.80,2026-08-31 16:33:58.859 +0300
2026-07-25,CHANNEL,spillover_recovery,SA,MAD,7984,562,7.04,2026-08-31 16:33:58.859 +0300
2026-07-25,CHANNEL,spillover_recovery,SA,MEC,4219,275,6.52,2026-08-31 16:33:58.859 +0300
2026-07-25,CHANNEL,spillover_recovery,SA,Others,8761,461,5.26,2026-08-31 16:33:58.859 +0300
2026-07-25,CHANNEL,spillover_recovery,SA,RUH,25833,1882,7.29,2026-08-31 16:33:58.859 +0300
2026-07-25,CHANNEL,spillover_recovery,SA,Total,72949,5350,7.33,2026-08-31 16:33:58.859 +0300
2026-07-25,CHANNEL,surcharge_mismatch,SA,DMM,4117,81,1.97,2026-08-31 16:33:58.859 +0300
2026-07-25,CHANNEL,surcharge_mismatch,SA,JED,22035,590,2.68,2026-08-31 16:33:58.859 +0300
2026-07-25,CHANNEL,surcharge_mismatch,SA,MAD,7984,122,1.53,2026-08-31 16:33:58.859 +0300
2026-07-25,CHANNEL,surcharge_mismatch,SA,MEC,4219,50,1.19,2026-08-31 16:33:58.859 +0300
2026-07-25,CHANNEL,surcharge_mismatch,SA,Others,8761,154,1.76,2026-08-31 16:33:58.859 +0300
2026-07-25,CHANNEL,surcharge_mismatch,SA,RUH,25833,389,1.51,2026-08-31 16:33:58.859 +0300
2026-07-25,CHANNEL,surcharge_mismatch,SA,Total,72949,1386,1.90,2026-08-31 16:33:58.859 +0300
2026-07-25,CHANNEL,surge_mismatch,SA,DMM,4117,0,0.00,2026-08-31 16:33:58.859 +0300
2026-07-25,CHANNEL,surge_mismatch,SA,JED,22035,1,0.00,2026-08-31 16:33:58.859 +0300
2026-07-25,CHANNEL,surge_mismatch,SA,MAD,7984,0,0.00,2026-08-31 16:33:58.859 +0300
2026-07-25,CHANNEL,surge_mismatch,SA,MEC,4219,1,0.02,2026-08-31 16:33:58.859 +0300
2026-07-25,CHANNEL,surge_mismatch,SA,Others,8761,0,0.00,2026-08-31 16:33:58.859 +0300
2026-07-25,CHANNEL,surge_mismatch,SA,RUH,25833,0,0.00,2026-08-31 16:33:58.859 +0300
2026-07-25,CHANNEL,surge_mismatch,SA,Total,72949,2,0.00,2026-08-31 16:33:58.859 +0300
2026-07-25,SCENARIO,beyondB,SA,DMM,4117,4,0.10,2026-08-31 16:33:58.859 +0300
2026-07-25,SCENARIO,beyondB,SA,JED,22035,5,0.02,2026-08-31 16:33:58.859 +0300
2026-07-25,SCENARIO,beyondB,SA,MAD,7984,0,0.00,2026-08-31 16:33:58.859 +0300
2026-07-25,SCENARIO,beyondB,SA,MEC,4219,0,0.00,2026-08-31 16:33:58.859 +0300
2026-07-25,SCENARIO,beyondB,SA,Others,8761,7,0.08,2026-08-31 16:33:58.859 +0300
2026-07-25,SCENARIO,beyondB,SA,RUH,25833,16,0.06,2026-08-31 16:33:58.859 +0300
2026-07-25,SCENARIO,beyondB,SA,Total,72949,32,0.04,2026-08-31 16:33:58.859 +0300
2026-07-25,SCENARIO,withinA_at_dest,SA,DMM,4117,661,16.06,2026-08-31 16:33:58.859 +0300
2026-07-25,SCENARIO,withinA_at_dest,SA,JED,22035,4581,20.79,2026-08-31 16:33:58.859 +0300
2026-07-25,SCENARIO,withinA_at_dest,SA,MAD,7984,1487,18.62,2026-08-31 16:33:58.859 +0300
2026-07-25,SCENARIO,withinA_at_dest,SA,MEC,4219,999,23.68,2026-08-31 16:33:58.859 +0300
2026-07-25,SCENARIO,withinA_at_dest,SA,Others,8761,1564,17.85,2026-08-31 16:33:58.859 +0300
2026-07-25,SCENARIO,withinA_at_dest,SA,RUH,25833,4799,18.58,2026-08-31 16:33:58.859 +0300
2026-07-25,SCENARIO,withinA_at_dest,SA,Total,72949,14091,19.32,2026-08-31 16:33:58.859 +0300
2026-07-25,SCENARIO,withinA_not_dest,SA,DMM,4117,112,2.72,2026-08-31 16:33:58.859 +0300
2026-07-25,SCENARIO,withinA_not_dest,SA,JED,22035,510,2.31,2026-08-31 16:33:58.859 +0300
2026-07-25,SCENARIO,withinA_not_dest,SA,MAD,7984,347,4.35,2026-08-31 16:33:58.859 +0300
2026-07-25,SCENARIO,withinA_not_dest,SA,MEC,4219,130,3.08,2026-08-31 16:33:58.859 +0300
2026-07-25,SCENARIO,withinA_not_dest,SA,Others,8761,326,3.72,2026-08-31 16:33:58.859 +0300
2026-07-25,SCENARIO,withinA_not_dest,SA,RUH,25833,681,2.64,2026-08-31 16:33:58.859 +0300
2026-07-25,SCENARIO,withinA_not_dest,SA,Total,72949,2106,2.89,2026-08-31 16:33:58.859 +0300
2026-07-25,SCENARIO,withinB_at_dest,SA,DMM,4117,355,8.62,2026-08-31 16:33:58.859 +0300
2026-07-25,SCENARIO,withinB_at_dest,SA,JED,22035,2234,10.14,2026-08-31 16:33:58.859 +0300
2026-07-25,SCENARIO,withinB_at_dest,SA,MAD,7984,672,8.42,2026-08-31 16:33:58.859 +0300
2026-07-25,SCENARIO,withinB_at_dest,SA,MEC,4219,435,10.31,2026-08-31 16:33:58.859 +0300
2026-07-25,SCENARIO,withinB_at_dest,SA,Others,8761,800,9.13,2026-08-31 16:33:58.859 +0300
2026-07-25,SCENARIO,withinB_at_dest,SA,RUH,25833,1352,5.23,2026-08-31 16:33:58.859 +0300
2026-07-25,SCENARIO,withinB_at_dest,SA,Total,72949,5848,8.02,2026-08-31 16:33:58.859 +0300
2026-07-25,SCENARIO,withinB_not_dest,SA,DMM,4117,125,3.04,2026-08-31 16:33:58.859 +0300
2026-07-25,SCENARIO,withinB_not_dest,SA,JED,22035,640,2.90,2026-08-31 16:33:58.859 +0300
2026-07-25,SCENARIO,withinB_not_dest,SA,MAD,7984,282,3.53,2026-08-31 16:33:58.859 +0300
2026-07-25,SCENARIO,withinB_not_dest,SA,MEC,4219,143,3.39,2026-08-31 16:33:58.859 +0300
2026-07-25,SCENARIO,withinB_not_dest,SA,Others,8761,497,5.67,2026-08-31 16:33:58.859 +0300
2026-07-25,SCENARIO,withinB_not_dest,SA,RUH,25833,766,2.97,2026-08-31 16:33:58.859 +0300
2026-07-25,SCENARIO,withinB_not_dest,SA,Total,72949,2453,3.36,2026-08-31 16:33:58.859 +0300
2026-07-26,CAUSE_MIX,beyondB,JO,Total,23135,56,0.24,2026-08-31 16:33:58.859 +0300
2026-07-26,CAUSE_MIX,pd_mismatch,JO,Total,23135,1,0.00,2026-08-31 16:33:58.859 +0300
2026-07-26,CAUSE_MIX,previous_wallet_balance,JO,Total,23135,1266,5.47,2026-08-31 16:33:58.859 +0300
2026-07-26,CAUSE_MIX,surcharge_mismatch,JO,Total,23135,16,0.07,2026-08-31 16:33:58.859 +0300
2026-07-26,CAUSE_MIX,surge_mismatch,JO,Total,23135,16,0.07,2026-08-31 16:33:58.859 +0300
2026-07-26,CAUSE_MIX,waiting_time,JO,Total,23135,9362,40.47,2026-08-31 16:33:58.859 +0300
2026-07-26,CAUSE_MIX,withinA_at_dest,JO,Total,23135,1177,5.09,2026-08-31 16:33:58.859 +0300
2026-07-26,CAUSE_MIX,withinA_not_dest,JO,Total,23135,2653,11.47,2026-08-31 16:33:58.859 +0300
2026-07-26,CAUSE_MIX,withinB_at_dest,JO,Total,23135,6069,26.23,2026-08-31 16:33:58.859 +0300
2026-07-26,CAUSE_MIX,withinB_not_dest,JO,Total,23135,2519,10.89,2026-08-31 16:33:58.859 +0300
2026-07-26,CHANNEL,cumulative_price_shocks_net,JO,AMM,58070,13107,22.57,2026-08-31 16:33:58.859 +0300
2026-07-26,CHANNEL,cumulative_price_shocks_net,JO,IRB,14774,4400,29.78,2026-08-31 16:33:58.859 +0300
2026-07-26,CHANNEL,cumulative_price_shocks_net,JO,Others,2175,543,24.97,2026-08-31 16:33:58.859 +0300
2026-07-26,CHANNEL,cumulative_price_shocks_net,JO,Total,92231,21868,23.71,2026-08-31 16:33:58.859 +0300
2026-07-26,CHANNEL,cumulative_price_shocks_net,JO,ZRQ,17212,3818,22.18,2026-08-31 16:33:58.859 +0300
2026-07-26,CHANNEL,pd_mismatch,JO,AMM,58070,0,0.00,2026-08-31 16:33:58.859 +0300
2026-07-26,CHANNEL,pd_mismatch,JO,IRB,14774,1,0.01,2026-08-31 16:33:58.859 +0300
2026-07-26,CHANNEL,pd_mismatch,JO,Others,2175,1,0.05,2026-08-31 16:33:58.859 +0300
2026-07-26,CHANNEL,pd_mismatch,JO,Total,92231,2,0.00,2026-08-31 16:33:58.859 +0300
2026-07-26,CHANNEL,pd_mismatch,JO,ZRQ,17212,0,0.00,2026-08-31 16:33:58.859 +0300
2026-07-26,CHANNEL,pickup_mismatch,JO,AMM,58070,1,0.00,2026-08-31 16:33:58.859 +0300
2026-07-26,CHANNEL,pickup_mismatch,JO,IRB,14774,1,0.01,2026-08-31 16:33:58.859 +0300
2026-07-26,CHANNEL,pickup_mismatch,JO,Others,2175,0,0.00,2026-08-31 16:33:58.859 +0300
2026-07-26,CHANNEL,pickup_mismatch,JO,Total,92231,2,0.00,2026-08-31 16:33:58.859 +0300
2026-07-26,CHANNEL,pickup_mismatch,JO,ZRQ,17212,0,0.00,2026-08-31 16:33:58.859 +0300
2026-07-26,CHANNEL,residual_fare_increase_net,JO,AMM,58070,7506,12.93,2026-08-31 16:33:58.859 +0300
2026-07-26,CHANNEL,residual_fare_increase_net,JO,IRB,14774,3050,20.64,2026-08-31 16:33:58.859 +0300
2026-07-26,CHANNEL,residual_fare_increase_net,JO,Others,2175,338,15.54,2026-08-31 16:33:58.859 +0300
2026-07-26,CHANNEL,residual_fare_increase_net,JO,Total,92231,13170,14.28,2026-08-31 16:33:58.859 +0300
2026-07-26,CHANNEL,residual_fare_increase_net,JO,ZRQ,17212,2276,13.22,2026-08-31 16:33:58.859 +0300
2026-07-26,CHANNEL,rounding_error,JO,AMM,58070,626,1.08,2026-08-31 16:33:58.859 +0300
2026-07-26,CHANNEL,rounding_error,JO,IRB,14774,149,1.01,2026-08-31 16:33:58.859 +0300
2026-07-26,CHANNEL,rounding_error,JO,Others,2175,27,1.24,2026-08-31 16:33:58.859 +0300
2026-07-26,CHANNEL,rounding_error,JO,Total,92231,983,1.07,2026-08-31 16:33:58.859 +0300
2026-07-26,CHANNEL,rounding_error,JO,ZRQ,17212,181,1.05,2026-08-31 16:33:58.859 +0300
2026-07-26,CHANNEL,spillover_recovery,JO,AMM,58070,1089,1.88,2026-08-31 16:33:58.859 +0300
2026-07-26,CHANNEL,spillover_recovery,JO,IRB,14774,173,1.17,2026-08-31 16:33:58.859 +0300
2026-07-26,CHANNEL,spillover_recovery,JO,Others,2175,7,0.32,2026-08-31 16:33:58.859 +0300
2026-07-26,CHANNEL,spillover_recovery,JO,Total,92231,1348,1.46,2026-08-31 16:33:58.859 +0300
2026-07-26,CHANNEL,spillover_recovery,JO,ZRQ,17212,79,0.46,2026-08-31 16:33:58.859 +0300
2026-07-26,CHANNEL,surcharge_mismatch,JO,AMM,58070,13,0.02,2026-08-31 16:33:58.859 +0300
2026-07-26,CHANNEL,surcharge_mismatch,JO,IRB,14774,0,0.00,2026-08-31 16:33:58.859 +0300
2026-07-26,CHANNEL,surcharge_mismatch,JO,Others,2175,1,0.05,2026-08-31 16:33:58.859 +0300
2026-07-26,CHANNEL,surcharge_mismatch,JO,Total,92231,23,0.02,2026-08-31 16:33:58.859 +0300
2026-07-26,CHANNEL,surcharge_mismatch,JO,ZRQ,17212,9,0.05,2026-08-31 16:33:58.859 +0300
2026-07-26,CHANNEL,surge_mismatch,JO,AMM,58070,26,0.04,2026-08-31 16:33:58.859 +0300
2026-07-26,CHANNEL,surge_mismatch,JO,IRB,14774,0,0.00,2026-08-31 16:33:58.859 +0300
2026-07-26,CHANNEL,surge_mismatch,JO,Others,2175,0,0.00,2026-08-31 16:33:58.859 +0300
2026-07-26,CHANNEL,surge_mismatch,JO,Total,92231,27,0.03,2026-08-31 16:33:58.859 +0300
2026-07-26,CHANNEL,surge_mismatch,JO,ZRQ,17212,1,0.01,2026-08-31 16:33:58.859 +0300
2026-07-26,SCENARIO,beyondB,JO,AMM,58070,35,0.06,2026-08-31 16:33:58.859 +0300
2026-07-26,SCENARIO,beyondB,JO,IRB,14774,16,0.11,2026-08-31 16:33:58.859 +0300
2026-07-26,SCENARIO,beyondB,JO,Others,2175,1,0.05,2026-08-31 16:33:58.859 +0300
2026-07-26,SCENARIO,beyondB,JO,Total,92231,64,0.07,2026-08-31 16:33:58.859 +0300
2026-07-26,SCENARIO,beyondB,JO,ZRQ,17212,12,0.07,2026-08-31 16:33:58.859 +0300
2026-07-26,SCENARIO,withinA_at_dest,JO,AMM,58070,5511,9.49,2026-08-31 16:33:58.859 +0300
2026-07-26,SCENARIO,withinA_at_dest,JO,IRB,14774,1267,8.58,2026-08-31 16:33:58.859 +0300
2026-07-26,SCENARIO,withinA_at_dest,JO,Others,2175,197,9.06,2026-08-31 16:33:58.859 +0300
2026-07-26,SCENARIO,withinA_at_dest,JO,Total,92231,8489,9.20,2026-08-31 16:33:58.859 +0300
2026-07-26,SCENARIO,withinA_at_dest,JO,ZRQ,17212,1514,8.80,2026-08-31 16:33:58.859 +0300
2026-07-26,SCENARIO,withinA_not_dest,JO,AMM,58070,1685,2.90,2026-08-31 16:33:58.859 +0300
2026-07-26,SCENARIO,withinA_not_dest,JO,IRB,14774,935,6.33,2026-08-31 16:33:58.859 +0300
2026-07-26,SCENARIO,withinA_not_dest,JO,Others,2175,78,3.59,2026-08-31 16:33:58.859 +0300
2026-07-26,SCENARIO,withinA_not_dest,JO,Total,92231,3307,3.59,2026-08-31 16:33:58.859 +0300
2026-07-26,SCENARIO,withinA_not_dest,JO,ZRQ,17212,609,3.54,2026-08-31 16:33:58.859 +0300
2026-08-09,SCENARIO,withinB_at_dest,JO,IRB,13884,1228,8.84,2026-08-31 16:33:58.859 +0300
2026-08-09,SCENARIO,withinB_at_dest,JO,Others,2005,150,7.48,2026-08-31 16:33:58.859 +0300
2026-08-09,SCENARIO,withinB_at_dest,JO,Total,85432,6377,7.46,2026-08-31 16:33:58.859 +0300
2026-08-09,SCENARIO,withinB_at_dest,JO,ZRQ,16104,1143,7.10,2026-08-31 16:33:58.859 +0300
2026-08-09,SCENARIO,withinB_not_dest,JO,AMM,53439,1545,2.89,2026-08-31 16:33:58.859 +0300
2026-08-09,SCENARIO,withinB_not_dest,JO,IRB,13884,724,5.21,2026-08-31 16:33:58.859 +0300
2026-08-09,SCENARIO,withinB_not_dest,JO,Others,2005,84,4.19,2026-08-31 16:33:58.859 +0300
2026-08-09,SCENARIO,withinB_not_dest,JO,Total,85432,2858,3.35,2026-08-31 16:33:58.859 +0300
2026-08-09,SCENARIO,withinB_not_dest,JO,ZRQ,16104,505,3.14,2026-08-31 16:33:58.859 +0300
2026-08-09,CAUSE_MIX,beyondB,SA,Total,40445,17,0.04,2026-08-31 16:33:58.859 +0300
2026-08-09,CAUSE_MIX,pickup_mismatch,SA,Total,40445,2,0.00,2026-08-31 16:33:58.859 +0300
2026-08-09,CAUSE_MIX,previous_wallet_balance,SA,Total,40445,6775,16.75,2026-08-31 16:33:58.859 +0300
2026-08-09,CAUSE_MIX,surcharge_mismatch,SA,Total,40445,666,1.65,2026-08-31 16:33:58.859 +0300
2026-08-09,CAUSE_MIX,surge_mismatch,SA,Total,40445,35,0.09,2026-08-31 16:33:58.859 +0300
2026-08-09,CAUSE_MIX,waiting_time,SA,Total,40445,19391,47.94,2026-08-31 16:33:58.859 +0300
2026-08-09,CAUSE_MIX,withinA_at_dest,SA,Total,40445,3207,7.93,2026-08-31 16:33:58.859 +0300
2026-08-09,CAUSE_MIX,withinA_not_dest,SA,Total,40445,1668,4.12,2026-08-31 16:33:58.859 +0300
2026-08-09,CAUSE_MIX,withinB_at_dest,SA,Total,40445,6442,15.93,2026-08-31 16:33:58.859 +0300
2026-08-09,CAUSE_MIX,withinB_not_dest,SA,Total,40445,2242,5.54,2026-08-31 16:33:58.859 +0300
2026-08-09,CHANNEL,cumulative_price_shocks_net,SA,DMM,6356,2178,34.27,2026-08-31 16:33:58.859 +0300
2026-08-09,CHANNEL,cumulative_price_shocks_net,SA,JED,29756,10713,36.00,2026-08-31 16:33:58.859 +0300
2026-08-09,CHANNEL,cumulative_price_shocks_net,SA,MAD,10011,3338,33.34,2026-08-31 16:33:58.859 +0300
2026-08-09,CHANNEL,cumulative_price_shocks_net,SA,MEC,5074,1962,38.67,2026-08-31 16:33:58.859 +0300
2026-08-09,CHANNEL,cumulative_price_shocks_net,SA,Others,12065,4342,35.99,2026-08-31 16:33:58.859 +0300
2026-08-09,CHANNEL,cumulative_price_shocks_net,SA,RUH,37698,10955,29.06,2026-08-31 16:33:58.859 +0300
2026-08-09,CHANNEL,cumulative_price_shocks_net,SA,Total,100960,33488,33.17,2026-08-31 16:33:58.859 +0300
2026-08-09,CHANNEL,pd_mismatch,SA,DMM,6356,0,0.00,2026-08-31 16:33:58.859 +0300
2026-08-09,CHANNEL,pd_mismatch,SA,JED,29756,0,0.00,2026-08-31 16:33:58.859 +0300
2026-08-09,CHANNEL,pd_mismatch,SA,MAD,10011,0,0.00,2026-08-31 16:33:58.859 +0300
2026-08-09,CHANNEL,pd_mismatch,SA,MEC,5074,0,0.00,2026-08-31 16:33:58.859 +0300
2026-08-09,CHANNEL,pd_mismatch,SA,Others,12065,0,0.00,2026-08-31 16:33:58.859 +0300
2026-08-09,CHANNEL,pd_mismatch,SA,RUH,37698,0,0.00,2026-08-31 16:33:58.859 +0300
2026-08-09,CHANNEL,pd_mismatch,SA,Total,100960,0,0.00,2026-08-31 16:33:58.859 +0300
2026-08-09,CHANNEL,pickup_mismatch,SA,DMM,6356,0,0.00,2026-08-31 16:33:58.859 +0300
2026-08-09,CHANNEL,pickup_mismatch,SA,JED,29756,1,0.00,2026-08-31 16:33:58.859 +0300
2026-08-09,CHANNEL,pickup_mismatch,SA,MAD,10011,0,0.00,2026-08-31 16:33:58.859 +0300
2026-08-09,CHANNEL,pickup_mismatch,SA,MEC,5074,0,0.00,2026-08-31 16:33:58.859 +0300
2026-08-09,CHANNEL,pickup_mismatch,SA,Others,12065,2,0.02,2026-08-31 16:33:58.859 +0300
2026-08-09,CHANNEL,pickup_mismatch,SA,RUH,37698,1,0.00,2026-08-31 16:33:58.859 +0300
2026-08-09,CHANNEL,pickup_mismatch,SA,Total,100960,4,0.00,2026-08-31 16:33:58.859 +0300
2026-08-09,CHANNEL,residual_fare_increase_net,SA,DMM,6356,1012,15.92,2026-08-31 16:33:58.859 +0300
2026-08-09,CHANNEL,residual_fare_increase_net,SA,JED,29756,5001,16.81,2026-08-31 16:33:58.859 +0300
2026-08-09,CHANNEL,residual_fare_increase_net,SA,MAD,10011,1595,15.93,2026-08-31 16:33:58.859 +0300
2026-08-09,CHANNEL,residual_fare_increase_net,SA,MEC,5074,845,16.65,2026-08-31 16:33:58.859 +0300
2026-08-09,CHANNEL,residual_fare_increase_net,SA,Others,12065,2222,18.42,2026-08-31 16:33:58.859 +0300
2026-08-09,CHANNEL,residual_fare_increase_net,SA,RUH,37698,4320,11.46,2026-08-31 16:33:58.859 +0300
2026-08-09,CHANNEL,residual_fare_increase_net,SA,Total,100960,14995,14.85,2026-08-31 16:33:58.859 +0300
2026-08-09,CHANNEL,rounding_error,SA,DMM,6356,88,1.38,2026-08-31 16:33:58.859 +0300
2026-08-09,CHANNEL,rounding_error,SA,JED,29756,748,2.51,2026-08-31 16:33:58.859 +0300
2026-08-09,CHANNEL,rounding_error,SA,MAD,10011,219,2.19,2026-08-31 16:33:58.859 +0300
2026-08-09,CHANNEL,rounding_error,SA,MEC,5074,74,1.46,2026-08-31 16:33:58.859 +0300
2026-08-09,CHANNEL,rounding_error,SA,Others,12065,222,1.84,2026-08-31 16:33:58.859 +0300
2026-08-09,CHANNEL,rounding_error,SA,RUH,37698,954,2.53,2026-08-31 16:33:58.859 +0300
2026-08-09,CHANNEL,rounding_error,SA,Total,100960,2305,2.28,2026-08-31 16:33:58.859 +0300
2026-08-09,CHANNEL,spillover_recovery,SA,DMM,6356,329,5.18,2026-08-31 16:33:58.859 +0300
2026-08-09,CHANNEL,spillover_recovery,SA,JED,29756,2599,8.73,2026-08-31 16:33:58.859 +0300
2026-08-09,CHANNEL,spillover_recovery,SA,MAD,10011,673,6.72,2026-08-31 16:33:58.859 +0300
2026-08-09,CHANNEL,spillover_recovery,SA,MEC,5074,340,6.70,2026-08-31 16:33:58.859 +0300
2026-08-09,CHANNEL,spillover_recovery,SA,Others,12065,535,4.43,2026-08-31 16:33:58.859 +0300
2026-08-09,CHANNEL,spillover_recovery,SA,RUH,37698,3017,8.00,2026-08-31 16:33:58.859 +0300
2026-08-09,CHANNEL,spillover_recovery,SA,Total,100960,7493,7.42,2026-08-31 16:33:58.859 +0300
2026-08-09,CHANNEL,surcharge_mismatch,SA,DMM,6356,91,1.43,2026-08-31 16:33:58.859 +0300
2026-08-09,CHANNEL,surcharge_mismatch,SA,JED,29756,753,2.53,2026-08-31 16:33:58.859 +0300
2026-08-09,CHANNEL,surcharge_mismatch,SA,MAD,10011,121,1.21,2026-08-31 16:33:58.859 +0300
2026-08-09,CHANNEL,surcharge_mismatch,SA,MEC,5074,41,0.81,2026-08-31 16:33:58.859 +0300
2026-08-09,CHANNEL,surcharge_mismatch,SA,Others,12065,195,1.62,2026-08-31 16:33:58.859 +0300
2026-08-09,CHANNEL,surcharge_mismatch,SA,RUH,37698,551,1.46,2026-08-31 16:33:58.859 +0300
2026-08-09,CHANNEL,surcharge_mismatch,SA,Total,100960,1752,1.74,2026-08-31 16:33:58.859 +0300
2026-08-09,CHANNEL,surge_mismatch,SA,DMM,6356,2,0.03,2026-08-31 16:33:58.859 +0300
2026-08-09,CHANNEL,surge_mismatch,SA,JED,29756,13,0.04,2026-08-31 16:33:58.859 +0300
2026-08-09,CHANNEL,surge_mismatch,SA,MAD,10011,22,0.22,2026-08-31 16:33:58.859 +0300
2026-08-09,CHANNEL,surge_mismatch,SA,MEC,5074,5,0.10,2026-08-31 16:33:58.859 +0300
2026-08-09,CHANNEL,surge_mismatch,SA,Others,12065,0,0.00,2026-08-31 16:33:58.859 +0300
2026-08-09,CHANNEL,surge_mismatch,SA,RUH,37698,29,0.08,2026-08-31 16:33:58.859 +0300
2026-08-09,CHANNEL,surge_mismatch,SA,Total,100960,71,0.07,2026-08-31 16:33:58.859 +0300
2026-08-09,SCENARIO,beyondB,SA,DMM,6356,2,0.03,2026-08-31 16:33:58.859 +0300
2026-08-09,SCENARIO,beyondB,SA,JED,29756,8,0.03,2026-08-31 16:33:58.859 +0300
2026-08-09,SCENARIO,beyondB,SA,MAD,10011,2,0.02,2026-08-31 16:33:58.859 +0300
2026-08-09,SCENARIO,beyondB,SA,MEC,5074,0,0.00,2026-08-31 16:33:58.859 +0300
2026-08-09,SCENARIO,beyondB,SA,Others,12065,4,0.03,2026-08-31 16:33:58.859 +0300
2026-08-09,SCENARIO,beyondB,SA,RUH,37698,11,0.03,2026-08-31 16:33:58.859 +0300
2026-08-09,SCENARIO,beyondB,SA,Total,100960,27,0.03,2026-08-31 16:33:58.859 +0300
2026-08-09,SCENARIO,withinA_at_dest,SA,DMM,6356,1188,18.69,2026-08-31 16:33:58.859 +0300
2026-08-09,SCENARIO,withinA_at_dest,SA,JED,29756,5857,19.68,2026-08-31 16:33:58.859 +0300
2026-08-09,SCENARIO,withinA_at_dest,SA,MAD,10011,1758,17.56,2026-08-31 16:33:58.859 +0300
2026-08-09,SCENARIO,withinA_at_dest,SA,MEC,5074,1115,21.97,2026-08-31 16:33:58.859 +0300
2026-08-09,SCENARIO,withinA_at_dest,SA,Others,12065,2117,17.55,2026-08-31 16:33:58.859 +0300
2026-08-09,SCENARIO,withinA_at_dest,SA,RUH,37698,6916,18.35,2026-08-31 16:33:58.859 +0300
2026-08-09,SCENARIO,withinA_at_dest,SA,Total,100960,18951,18.77,2026-08-31 16:33:58.859 +0300
2026-08-09,SCENARIO,withinA_not_dest,SA,DMM,6356,176,2.77,2026-08-31 16:33:58.859 +0300
2026-08-09,SCENARIO,withinA_not_dest,SA,JED,29756,615,2.07,2026-08-31 16:33:58.859 +0300
2026-08-09,SCENARIO,withinA_not_dest,SA,MAD,10011,414,4.14,2026-08-31 16:33:58.859 +0300
2026-08-09,SCENARIO,withinA_not_dest,SA,MEC,5074,133,2.62,2026-08-31 16:33:58.859 +0300
2026-08-09,SCENARIO,withinA_not_dest,SA,Others,12065,411,3.41,2026-08-31 16:33:58.859 +0300
2026-08-09,SCENARIO,withinA_not_dest,SA,RUH,37698,903,2.40,2026-08-31 16:33:58.859 +0300
2026-08-09,SCENARIO,withinA_not_dest,SA,Total,100960,2652,2.63,2026-08-31 16:33:58.859 +0300
2026-08-09,SCENARIO,withinB_at_dest,SA,DMM,6356,648,10.20,2026-08-31 16:33:58.859 +0300
2026-08-09,SCENARIO,withinB_at_dest,SA,JED,29756,3387,11.38,2026-08-31 16:33:58.859 +0300
2026-08-09,SCENARIO,withinB_at_dest,SA,MAD,10011,806,8.05,2026-08-31 16:33:58.859 +0300
2026-08-09,SCENARIO,withinB_at_dest,SA,MEC,5074,513,10.11,2026-08-31 16:33:58.859 +0300
2026-08-09,SCENARIO,withinB_at_dest,SA,Others,12065,1195,9.90,2026-08-31 16:33:58.859 +0300
2026-08-09,SCENARIO,withinB_at_dest,SA,RUH,37698,2138,5.67,2026-08-31 16:33:58.859 +0300
2026-08-09,SCENARIO,withinB_at_dest,SA,Total,100960,8687,8.60,2026-08-31 16:33:58.859 +0300
2026-08-09,SCENARIO,withinB_not_dest,SA,DMM,6356,164,2.58,2026-08-31 16:33:58.859 +0300
2026-08-09,SCENARIO,withinB_not_dest,SA,JED,29756,846,2.84,2026-08-31 16:33:58.859 +0300
2026-08-09,SCENARIO,withinB_not_dest,SA,MAD,10011,358,3.58,2026-08-31 16:33:58.859 +0300
2026-08-09,SCENARIO,withinB_not_dest,SA,MEC,5074,201,3.96,2026-08-31 16:33:58.859 +0300
2026-08-09,SCENARIO,withinB_not_dest,SA,Others,12065,615,5.10,2026-08-31 16:33:58.859 +0300
2026-08-09,SCENARIO,withinB_not_dest,SA,RUH,37698,987,2.62,2026-08-31 16:33:58.859 +0300
2026-08-09,SCENARIO,withinB_not_dest,SA,Total,100960,3171,3.14,2026-08-31 16:33:58.859 +0300
2026-08-10,CAUSE_MIX,beyondB,JO,Total,21709,39,0.18,2026-08-31 16:33:58.859 +0300
2026-08-10,CAUSE_MIX,pickup_mismatch,JO,Total,21709,2,0.01,2026-08-31 16:33:58.859 +0300
2026-08-10,CAUSE_MIX,previous_wallet_balance,JO,Total,21709,1131,5.21,2026-08-31 16:33:58.859 +0300
2026-08-10,CAUSE_MIX,surcharge_mismatch,JO,Total,21709,15,0.07,2026-08-31 16:33:58.859 +0300
2026-08-10,CAUSE_MIX,surge_mismatch,JO,Total,21709,13,0.06,2026-08-31 16:33:58.859 +0300
2026-08-10,CAUSE_MIX,waiting_time,JO,Total,21709,9481,43.67,2026-08-31 16:33:58.859 +0300
2026-08-10,CAUSE_MIX,withinA_at_dest,JO,Total,21709,1258,5.79,2026-08-31 16:33:58.859 +0300
2026-08-10,CAUSE_MIX,withinA_not_dest,JO,Total,21709,2721,12.53,2026-08-31 16:33:58.859 +0300
2026-08-10,CAUSE_MIX,withinB_at_dest,JO,Total,21709,4606,21.22,2026-08-31 16:33:58.859 +0300
2026-08-10,CAUSE_MIX,withinB_not_dest,JO,Total,21709,2443,11.25,2026-08-31 16:33:58.859 +0300
2026-08-10,CHANNEL,cumulative_price_shocks_net,JO,AMM,54544,12428,22.79,2026-08-31 16:33:58.859 +0300
2026-08-10,CHANNEL,cumulative_price_shocks_net,JO,IRB,13347,3716,27.84,2026-08-31 16:33:58.859 +0300
2026-08-10,CHANNEL,cumulative_price_shocks_net,JO,Others,1908,541,28.35,2026-08-31 16:33:58.859 +0300
2026-08-10,CHANNEL,cumulative_price_shocks_net,JO,Total,86544,20577,23.78,2026-08-31 16:33:58.859 +0300
2026-08-10,CHANNEL,cumulative_price_shocks_net,JO,ZRQ,16745,3892,23.24,2026-08-31 16:33:58.859 +0300
2026-08-10,CHANNEL,pd_mismatch,JO,AMM,54544,0,0.00,2026-08-31 16:33:58.859 +0300
2026-08-10,CHANNEL,pd_mismatch,JO,IRB,13347,0,0.00,2026-08-31 16:33:58.859 +0300
2026-08-10,CHANNEL,pd_mismatch,JO,Others,1908,0,0.00,2026-08-31 16:33:58.859 +0300
2026-08-10,CHANNEL,pd_mismatch,JO,Total,86544,0,0.00,2026-08-31 16:33:58.859 +0300
2026-08-10,CHANNEL,pd_mismatch,JO,ZRQ,16745,0,0.00,2026-08-31 16:33:58.859 +0300
2026-08-10,CHANNEL,pickup_mismatch,JO,AMM,54544,3,0.01,2026-08-31 16:33:58.859 +0300
2026-08-10,CHANNEL,pickup_mismatch,JO,IRB,13347,0,0.00,2026-08-31 16:33:58.859 +0300
2026-08-10,CHANNEL,pickup_mismatch,JO,Others,1908,0,0.00,2026-08-31 16:33:58.859 +0300
2026-08-10,CHANNEL,pickup_mismatch,JO,Total,86544,4,0.00,2026-08-31 16:33:58.859 +0300
2026-08-10,CHANNEL,pickup_mismatch,JO,ZRQ,16745,1,0.01,2026-08-31 16:33:58.859 +0300
2026-08-10,CHANNEL,residual_fare_increase_net,JO,AMM,54544,6472,11.87,2026-08-31 16:33:58.859 +0300
2026-08-10,CHANNEL,residual_fare_increase_net,JO,IRB,13347,2427,18.18,2026-08-31 16:33:58.859 +0300
2026-08-10,CHANNEL,residual_fare_increase_net,JO,Others,1908,326,17.09,2026-08-31 16:33:58.859 +0300
2026-08-10,CHANNEL,residual_fare_increase_net,JO,Total,86544,11569,13.37,2026-08-31 16:33:58.859 +0300
2026-08-10,CHANNEL,residual_fare_increase_net,JO,ZRQ,16745,2344,14.00,2026-08-31 16:33:58.859 +0300
2026-08-10,CHANNEL,rounding_error,JO,AMM,54544,644,1.18,2026-08-31 16:33:58.859 +0300
2026-08-10,CHANNEL,rounding_error,JO,IRB,13347,168,1.26,2026-08-31 16:33:58.859 +0300
2026-08-10,CHANNEL,rounding_error,JO,Others,1908,22,1.15,2026-08-31 16:33:58.859 +0300
2026-08-10,CHANNEL,rounding_error,JO,Total,86544,998,1.15,2026-08-31 16:33:58.859 +0300
2026-08-10,CHANNEL,rounding_error,JO,ZRQ,16745,164,0.98,2026-08-31 16:33:58.859 +0300
2026-08-10,CHANNEL,spillover_recovery,JO,AMM,54544,966,1.77,2026-08-31 16:33:58.859 +0300
2026-08-10,CHANNEL,spillover_recovery,JO,IRB,13347,160,1.20,2026-08-31 16:33:58.859 +0300
2026-08-10,CHANNEL,spillover_recovery,JO,Others,1908,13,0.68,2026-08-31 16:33:58.859 +0300
2026-08-10,CHANNEL,spillover_recovery,JO,Total,86544,1213,1.40,2026-08-31 16:33:58.859 +0300
2026-08-10,CHANNEL,spillover_recovery,JO,ZRQ,16745,74,0.44,2026-08-31 16:33:58.859 +0300
2026-08-10,CHANNEL,surcharge_mismatch,JO,AMM,54544,27,0.05,2026-08-31 16:33:58.859 +0300
2026-08-10,CHANNEL,surcharge_mismatch,JO,IRB,13347,0,0.00,2026-08-31 16:33:58.859 +0300
2026-08-10,CHANNEL,surcharge_mismatch,JO,Others,1908,0,0.00,2026-08-31 16:33:58.859 +0300
2026-08-10,CHANNEL,surcharge_mismatch,JO,Total,86544,33,0.04,2026-08-31 16:33:58.859 +0300
2026-08-10,CHANNEL,surcharge_mismatch,JO,ZRQ,16745,6,0.04,2026-08-31 16:33:58.859 +0300
2026-08-10,CHANNEL,surge_mismatch,JO,AMM,54544,23,0.04,2026-08-31 16:33:58.859 +0300
2026-08-10,CHANNEL,surge_mismatch,JO,IRB,13347,0,0.00,2026-08-31 16:33:58.859 +0300
2026-08-10,CHANNEL,surge_mismatch,JO,Others,1908,0,0.00,2026-08-31 16:33:58.859 +0300
2026-08-10,CHANNEL,surge_mismatch,JO,Total,86544,27,0.03,2026-08-31 16:33:58.859 +0300
2026-08-10,CHANNEL,surge_mismatch,JO,ZRQ,16745,4,0.02,2026-08-31 16:33:58.859 +0300
2026-08-10,SCENARIO,beyondB,JO,AMM,54544,28,0.05,2026-08-31 16:33:58.859 +0300
2026-08-10,SCENARIO,beyondB,JO,IRB,13347,7,0.05,2026-08-31 16:33:58.859 +0300
2026-08-10,SCENARIO,beyondB,JO,Others,1908,2,0.10,2026-08-31 16:33:58.859 +0300
2026-08-10,SCENARIO,beyondB,JO,Total,86544,44,0.05,2026-08-31 16:33:58.859 +0300
2026-08-10,SCENARIO,beyondB,JO,ZRQ,16745,7,0.04,2026-08-31 16:33:58.859 +0300
2026-08-10,SCENARIO,withinA_at_dest,JO,AMM,54544,5853,10.73,2026-08-31 16:33:58.859 +0300
2026-08-10,SCENARIO,withinA_at_dest,JO,IRB,13347,1211,9.07,2026-08-31 16:33:58.859 +0300
2026-08-10,SCENARIO,withinA_at_dest,JO,Others,1908,209,10.95,2026-08-31 16:33:58.859 +0300
2026-08-10,SCENARIO,withinA_at_dest,JO,Total,86544,8793,10.16,2026-08-31 16:33:58.859 +0300
2026-08-10,SCENARIO,withinA_at_dest,JO,ZRQ,16745,1520,9.08,2026-08-31 16:33:58.859 +0300
2026-08-10,SCENARIO,withinA_not_dest,JO,AMM,54544,1857,3.40,2026-08-31 16:33:58.859 +0300
2026-08-10,SCENARIO,withinA_not_dest,JO,IRB,13347,868,6.50,2026-08-31 16:33:58.859 +0300
2026-08-10,SCENARIO,withinA_not_dest,JO,Others,1908,88,4.61,2026-08-31 16:33:58.859 +0300
2026-08-10,SCENARIO,withinA_not_dest,JO,Total,86544,3400,3.93,2026-08-31 16:33:58.859 +0300
2026-08-10,SCENARIO,withinA_not_dest,JO,ZRQ,16745,587,3.51,2026-08-31 16:33:58.859 +0300
2026-08-10,SCENARIO,withinB_at_dest,JO,AMM,54544,3027,5.55,2026-08-31 16:33:58.859 +0300
2026-08-10,SCENARIO,withinB_at_dest,JO,IRB,13347,983,7.36,2026-08-31 16:33:58.859 +0300
2026-08-10,SCENARIO,withinB_at_dest,JO,Others,1908,145,7.60,2026-08-31 16:33:58.859 +0300
2026-08-10,SCENARIO,withinB_at_dest,JO,Total,86544,5404,6.24,2026-08-31 16:33:58.859 +0300
2026-08-10,SCENARIO,withinB_at_dest,JO,ZRQ,16745,1249,7.46,2026-08-31 16:33:58.859 +0300
2026-08-10,SCENARIO,withinB_not_dest,JO,AMM,54544,1663,3.05,2026-08-31 16:33:58.859 +0300
2026-08-10,SCENARIO,withinB_not_dest,JO,IRB,13347,647,4.85,2026-08-31 16:33:58.859 +0300
2026-08-10,SCENARIO,withinB_not_dest,JO,Others,1908,97,5.08,2026-08-31 16:33:58.859 +0300
2026-08-10,SCENARIO,withinB_not_dest,JO,Total,86544,2936,3.39,2026-08-31 16:33:58.859 +0300
2026-08-10,SCENARIO,withinB_not_dest,JO,ZRQ,16745,529,3.16,2026-08-31 16:33:58.859 +0300
2026-08-10,CAUSE_MIX,beyondB,SA,Total,43022,25,0.06,2026-08-31 16:33:58.859 +0300
2026-08-10,CAUSE_MIX,pickup_mismatch,SA,Total,43022,4,0.01,2026-08-31 16:33:58.859 +0300
2026-08-10,CAUSE_MIX,previous_wallet_balance,SA,Total,43022,7087,16.47,2026-08-31 16:33:58.859 +0300
2026-08-10,CAUSE_MIX,surcharge_mismatch,SA,Total,43022,751,1.75,2026-08-31 16:33:58.859 +0300
2026-08-10,CAUSE_MIX,surge_mismatch,SA,Total,43022,34,0.08,2026-08-31 16:33:58.859 +0300
2026-08-10,CAUSE_MIX,waiting_time,SA,Total,43022,20498,47.65,2026-08-31 16:33:58.859 +0300
2026-08-10,CAUSE_MIX,withinA_at_dest,SA,Total,43022,3253,7.56,2026-08-31 16:33:58.859 +0300
2026-08-10,CAUSE_MIX,withinA_not_dest,SA,Total,43022,1689,3.93,2026-08-31 16:33:58.859 +0300
2026-08-10,CAUSE_MIX,withinB_at_dest,SA,Total,43022,7065,16.42,2026-08-31 16:33:58.859 +0300
2026-08-10,CAUSE_MIX,withinB_not_dest,SA,Total,43022,2616,6.08,2026-08-31 16:33:58.859 +0300
2026-08-10,CHANNEL,cumulative_price_shocks_net,SA,DMM,6447,2267,35.16,2026-08-31 16:33:58.859 +0300
2026-08-10,CHANNEL,cumulative_price_shocks_net,SA,JED,30773,11231,36.50,2026-08-31 16:33:58.859 +0300
2026-08-10,CHANNEL,cumulative_price_shocks_net,SA,MAD,10382,3496,33.67,2026-08-31 16:33:58.859 +0300
2026-08-10,CHANNEL,cumulative_price_shocks_net,SA,MEC,5225,2021,38.68,2026-08-31 16:33:58.859 +0300
2026-08-10,CHANNEL,cumulative_price_shocks_net,SA,Others,12514,4765,38.08,2026-08-31 16:33:58.859 +0300
2026-08-10,CHANNEL,cumulative_price_shocks_net,SA,RUH,39205,11967,30.52,2026-08-31 16:33:58.859 +0300
2026-08-10,CHANNEL,cumulative_price_shocks_net,SA,Total,104546,35747,34.19,2026-08-31 16:33:58.859 +0300
2026-08-10,CHANNEL,pd_mismatch,SA,DMM,6447,0,0.00,2026-08-31 16:33:58.859 +0300
2026-08-10,CHANNEL,pd_mismatch,SA,JED,30773,0,0.00,2026-08-31 16:33:58.859 +0300
2026-08-10,CHANNEL,pd_mismatch,SA,MAD,10382,0,0.00,2026-08-31 16:33:58.859 +0300
2026-08-10,CHANNEL,pd_mismatch,SA,MEC,5225,0,0.00,2026-08-31 16:33:58.859 +0300
2026-08-10,CHANNEL,pd_mismatch,SA,Others,12514,0,0.00,2026-08-31 16:33:58.859 +0300
2026-08-10,CHANNEL,pd_mismatch,SA,RUH,39205,0,0.00,2026-08-31 16:33:58.859 +0300
2026-08-10,CHANNEL,pd_mismatch,SA,Total,104546,0,0.00,2026-08-31 16:33:58.859 +0300
2026-08-10,CHANNEL,pickup_mismatch,SA,DMM,6447,1,0.02,2026-08-31 16:33:58.859 +0300
2026-08-10,CHANNEL,pickup_mismatch,SA,JED,30773,1,0.00,2026-08-31 16:33:58.859 +0300
2026-08-10,CHANNEL,pickup_mismatch,SA,MAD,10382,1,0.01,2026-08-31 16:33:58.859 +0300
2026-08-10,CHANNEL,pickup_mismatch,SA,MEC,5225,1,0.02,2026-08-31 16:33:58.859 +0300
2026-08-10,CHANNEL,pickup_mismatch,SA,Others,12514,4,0.03,2026-08-31 16:33:58.859 +0300
2026-08-10,CHANNEL,pickup_mismatch,SA,RUH,39205,1,0.00,2026-08-31 16:33:58.859 +0300
2026-08-10,CHANNEL,pickup_mismatch,SA,Total,104546,9,0.01,2026-08-31 16:33:58.859 +0300
2026-08-10,CHANNEL,residual_fare_increase_net,SA,DMM,6447,1127,17.48,2026-08-31 16:33:58.859 +0300
2026-08-10,CHANNEL,residual_fare_increase_net,SA,JED,30773,5292,17.20,2026-08-31 16:33:58.859 +0300
2026-08-10,CHANNEL,residual_fare_increase_net,SA,MAD,10382,1651,15.90,2026-08-31 16:33:58.859 +0300
2026-08-10,CHANNEL,residual_fare_increase_net,SA,MEC,5225,936,17.91,2026-08-31 16:33:58.859 +0300
2026-08-10,CHANNEL,residual_fare_increase_net,SA,Others,12514,2499,19.97,2026-08-31 16:33:58.859 +0300
2026-08-10,CHANNEL,residual_fare_increase_net,SA,RUH,39205,5135,13.10,2026-08-31 16:33:58.859 +0300
2026-08-10,CHANNEL,residual_fare_increase_net,SA,Total,104546,16640,15.92,2026-08-31 16:33:58.859 +0300
2026-08-10,CHANNEL,rounding_error,SA,DMM,6447,87,1.35,2026-08-31 16:33:58.859 +0300
2026-08-10,CHANNEL,rounding_error,SA,JED,30773,774,2.52,2026-08-31 16:33:58.859 +0300
2026-08-10,CHANNEL,rounding_error,SA,MAD,10382,276,2.66,2026-08-31 16:33:58.859 +0300
2026-08-10,CHANNEL,rounding_error,SA,MEC,5225,107,2.05,2026-08-31 16:33:58.859 +0300
2026-08-10,CHANNEL,rounding_error,SA,Others,12514,214,1.71,2026-08-31 16:33:58.859 +0300
2026-08-10,CHANNEL,rounding_error,SA,RUH,39205,889,2.27,2026-08-31 16:33:58.859 +0300
2026-08-10,CHANNEL,rounding_error,SA,Total,104546,2347,2.24,2026-08-31 16:33:58.859 +0300
2026-08-10,CHANNEL,spillover_recovery,SA,DMM,6447,335,5.20,2026-08-31 16:33:58.859 +0300
2026-08-10,CHANNEL,spillover_recovery,SA,JED,30773,2774,9.01,2026-08-31 16:33:58.859 +0300
2026-08-10,CHANNEL,spillover_recovery,SA,MAD,10382,720,6.94,2026-08-31 16:33:58.859 +0300
2026-08-10,CHANNEL,spillover_recovery,SA,MEC,5225,375,7.18,2026-08-31 16:33:58.859 +0300
2026-08-10,CHANNEL,spillover_recovery,SA,Others,12514,546,4.36,2026-08-31 16:33:58.859 +0300
2026-08-10,CHANNEL,spillover_recovery,SA,RUH,39205,3069,7.83,2026-08-31 16:33:58.859 +0300
2026-08-10,CHANNEL,spillover_recovery,SA,Total,104546,7819,7.48,2026-08-31 16:33:58.859 +0300
2026-08-10,CHANNEL,surcharge_mismatch,SA,DMM,6447,76,1.18,2026-08-31 16:33:58.859 +0300
2026-08-10,CHANNEL,surcharge_mismatch,SA,JED,30773,788,2.56,2026-08-31 16:33:58.859 +0300
2026-08-10,CHANNEL,surcharge_mismatch,SA,MAD,10382,171,1.65,2026-08-31 16:33:58.859 +0300
2026-08-10,CHANNEL,surcharge_mismatch,SA,MEC,5225,47,0.90,2026-08-31 16:33:58.859 +0300
2026-08-10,CHANNEL,surcharge_mismatch,SA,Others,12514,164,1.31,2026-08-31 16:33:58.859 +0300
2026-08-10,CHANNEL,surcharge_mismatch,SA,RUH,39205,590,1.50,2026-08-31 16:33:58.859 +0300
2026-08-10,CHANNEL,surcharge_mismatch,SA,Total,104546,1836,1.76,2026-08-31 16:33:58.859 +0300
2026-08-10,CHANNEL,surge_mismatch,SA,DMM,6447,8,0.12,2026-08-31 16:33:58.859 +0300
2026-08-10,CHANNEL,surge_mismatch,SA,JED,30773,10,0.03,2026-08-31 16:33:58.859 +0300
2026-08-10,CHANNEL,surge_mismatch,SA,MAD,10382,21,0.20,2026-08-31 16:33:58.859 +0300
2026-08-10,CHANNEL,surge_mismatch,SA,MEC,5225,4,0.08,2026-08-31 16:33:58.859 +0300
2026-08-10,CHANNEL,surge_mismatch,SA,Others,12514,0,0.00,2026-08-31 16:33:58.859 +0300
2026-08-10,CHANNEL,surge_mismatch,SA,RUH,39205,31,0.08,2026-08-31 16:33:58.859 +0300
2026-08-10,CHANNEL,surge_mismatch,SA,Total,104546,74,0.07,2026-08-31 16:33:58.859 +0300
2026-08-10,SCENARIO,beyondB,SA,DMM,6447,2,0.03,2026-08-31 16:33:58.859 +0300
2026-08-10,SCENARIO,beyondB,SA,JED,30773,7,0.02,2026-08-31 16:33:58.859 +0300
2026-08-10,SCENARIO,beyondB,SA,MAD,10382,1,0.01,2026-08-31 16:33:58.859 +0300
2026-08-10,SCENARIO,beyondB,SA,MEC,5225,2,0.04,2026-08-31 16:33:58.859 +0300
2026-08-10,SCENARIO,beyondB,SA,Others,12514,8,0.06,2026-08-31 16:33:58.859 +0300
2026-08-10,SCENARIO,beyondB,SA,RUH,39205,11,0.03,2026-08-31 16:33:58.859 +0300
2026-08-10,SCENARIO,beyondB,SA,Total,104546,31,0.03,2026-08-31 16:33:58.859 +0300
2026-08-10,SCENARIO,withinA_at_dest,SA,DMM,6447,1165,18.07,2026-08-31 16:33:58.859 +0300
2026-08-10,SCENARIO,withinA_at_dest,SA,JED,30773,6095,19.81,2026-08-31 16:33:58.859 +0300
2026-08-10,SCENARIO,withinA_at_dest,SA,MAD,10382,1867,17.98,2026-08-31 16:33:58.859 +0300
2026-08-10,SCENARIO,withinA_at_dest,SA,MEC,5225,1077,20.61,2026-08-31 16:33:58.859 +0300
2026-08-10,SCENARIO,withinA_at_dest,SA,Others,12514,2246,17.95,2026-08-31 16:33:58.859 +0300
2026-08-10,SCENARIO,withinA_at_dest,SA,RUH,39205,7123,18.17,2026-08-31 16:33:58.859 +0300
2026-08-10,SCENARIO,withinA_at_dest,SA,Total,104546,19573,18.72,2026-08-31 16:33:58.859 +0300
2026-08-10,SCENARIO,withinA_not_dest,SA,DMM,6447,168,2.61,2026-08-31 16:33:58.859 +0300
2026-08-10,SCENARIO,withinA_not_dest,SA,JED,30773,573,1.86,2026-08-31 16:33:58.859 +0300
2026-08-10,SCENARIO,withinA_not_dest,SA,MAD,10382,359,3.46,2026-08-31 16:33:58.859 +0300
2026-08-10,SCENARIO,withinA_not_dest,SA,MEC,5225,167,3.20,2026-08-31 16:33:58.859 +0300
2026-08-10,SCENARIO,withinA_not_dest,SA,Others,12514,470,3.76,2026-08-31 16:33:58.859 +0300
2026-08-10,SCENARIO,withinA_not_dest,SA,RUH,39205,947,2.42,2026-08-31 16:33:58.859 +0300
2026-08-10,SCENARIO,withinA_not_dest,SA,Total,104546,2684,2.57,2026-08-31 16:33:58.859 +0300
2026-08-10,SCENARIO,withinB_at_dest,SA,DMM,6447,706,10.95,2026-08-31 16:33:58.859 +0300
2026-08-10,SCENARIO,withinB_at_dest,SA,JED,30773,3518,11.43,2026-08-31 16:33:58.859 +0300
2026-08-10,SCENARIO,withinB_at_dest,SA,MAD,10382,900,8.67,2026-08-31 16:33:58.859 +0300
2026-08-10,SCENARIO,withinB_at_dest,SA,MEC,5225,562,10.76,2026-08-31 16:33:58.859 +0300
2026-08-10,SCENARIO,withinB_at_dest,SA,Others,12514,1288,10.29,2026-08-31 16:33:58.859 +0300
2026-08-10,SCENARIO,withinB_at_dest,SA,RUH,39205,2690,6.86,2026-08-31 16:33:58.859 +0300
2026-08-10,SCENARIO,withinB_at_dest,SA,Total,104546,9664,9.24,2026-08-31 16:33:58.859 +0300
2026-08-10,SCENARIO,withinB_not_dest,SA,DMM,6447,226,3.51,2026-08-31 16:33:58.859 +0300
2026-08-10,SCENARIO,withinB_not_dest,SA,JED,30773,1038,3.37,2026-08-31 16:33:58.859 +0300
2026-08-10,SCENARIO,withinB_not_dest,SA,MAD,10382,369,3.55,2026-08-31 16:33:58.859 +0300
2026-08-10,SCENARIO,withinB_not_dest,SA,MEC,5225,213,4.08,2026-08-31 16:33:58.859 +0300
2026-08-10,SCENARIO,withinB_not_dest,SA,Others,12514,753,6.02,2026-08-31 16:33:58.859 +0300
2026-08-10,SCENARIO,withinB_not_dest,SA,RUH,39205,1196,3.05,2026-08-31 16:33:58.859 +0300
2026-08-10,SCENARIO,withinB_not_dest,SA,Total,104546,3795,3.63,2026-08-31 16:33:58.859 +0300
2026-08-11,CAUSE_MIX,beyondB,JO,Total,21491,49,0.23,2026-08-31 16:33:58.859 +0300
2026-08-11,CAUSE_MIX,previous_wallet_balance,JO,Total,21491,1115,5.19,2026-08-31 16:33:58.859 +0300
2026-08-11,CAUSE_MIX,surcharge_mismatch,JO,Total,21491,11,0.05,2026-08-31 16:33:58.859 +0300
2026-08-11,CAUSE_MIX,surge_mismatch,JO,Total,21491,15,0.07,2026-08-31 16:33:58.859 +0300
2026-08-11,CAUSE_MIX,waiting_time,JO,Total,21491,9201,42.81,2026-08-31 16:33:58.859 +0300
2026-08-11,CAUSE_MIX,withinA_at_dest,JO,Total,21491,1282,5.97,2026-08-31 16:33:58.859 +0300
2026-08-11,CAUSE_MIX,withinA_not_dest,JO,Total,21491,2703,12.58,2026-08-31 16:33:58.859 +0300
2026-08-11,CAUSE_MIX,withinB_at_dest,JO,Total,21491,4809,22.38,2026-08-31 16:33:58.859 +0300
2026-08-11,CAUSE_MIX,withinB_not_dest,JO,Total,21491,2306,10.73,2026-08-31 16:33:58.859 +0300
2026-08-11,CHANNEL,cumulative_price_shocks_net,JO,AMM,53746,12105,22.52,2026-08-31 16:33:58.859 +0300
2026-08-11,CHANNEL,cumulative_price_shocks_net,JO,IRB,14286,3953,27.67,2026-08-31 16:33:58.859 +0300
2026-08-11,CHANNEL,cumulative_price_shocks_net,JO,Others,1919,504,26.26,2026-08-31 16:33:58.859 +0300
2026-08-11,CHANNEL,cumulative_price_shocks_net,JO,Total,86644,20375,23.52,2026-08-31 16:33:58.859 +0300
2026-08-11,CHANNEL,cumulative_price_shocks_net,JO,ZRQ,16693,3813,22.84,2026-08-31 16:33:58.859 +0300
2026-08-11,CHANNEL,pd_mismatch,JO,AMM,53746,0,0.00,2026-08-31 16:33:58.859 +0300
2026-08-11,CHANNEL,pd_mismatch,JO,IRB,14286,0,0.00,2026-08-31 16:33:58.859 +0300
2026-08-11,CHANNEL,pd_mismatch,JO,Others,1919,0,0.00,2026-08-31 16:33:58.859 +0300
2026-08-11,CHANNEL,pd_mismatch,JO,Total,86644,0,0.00,2026-08-31 16:33:58.859 +0300
2026-08-11,CHANNEL,pd_mismatch,JO,ZRQ,16693,0,0.00,2026-08-31 16:33:58.859 +0300
2026-08-11,CHANNEL,pickup_mismatch,JO,AMM,53746,0,0.00,2026-08-31 16:33:58.859 +0300
2026-08-11,CHANNEL,pickup_mismatch,JO,IRB,14286,1,0.01,2026-08-31 16:33:58.859 +0300
2026-08-11,CHANNEL,pickup_mismatch,JO,Others,1919,0,0.00,2026-08-31 16:33:58.859 +0300
2026-08-11,CHANNEL,pickup_mismatch,JO,Total,86644,1,0.00,2026-08-31 16:33:58.859 +0300
2026-08-11,CHANNEL,pickup_mismatch,JO,ZRQ,16693,0,0.00,2026-08-31 16:33:58.859 +0300
2026-08-11,CHANNEL,residual_fare_increase_net,JO,AMM,53746,6316,11.75,2026-08-31 16:33:58.859 +0300
2026-08-11,CHANNEL,residual_fare_increase_net,JO,IRB,14286,2701,18.91,2026-08-31 16:33:58.859 +0300
2026-08-11,CHANNEL,residual_fare_increase_net,JO,Others,1919,284,14.80,2026-08-31 16:33:58.859 +0300
2026-08-11,CHANNEL,residual_fare_increase_net,JO,Total,86644,11506,13.28,2026-08-31 16:33:58.859 +0300
2026-08-11,CHANNEL,residual_fare_increase_net,JO,ZRQ,16693,2205,13.21,2026-08-31 16:33:58.859 +0300
2026-08-11,CHANNEL,rounding_error,JO,AMM,53746,607,1.13,2026-08-31 16:33:58.859 +0300
2026-08-11,CHANNEL,rounding_error,JO,IRB,14286,156,1.09,2026-08-31 16:33:58.859 +0300
2026-08-11,CHANNEL,rounding_error,JO,Others,1919,21,1.09,2026-08-31 16:33:58.859 +0300
2026-08-11,CHANNEL,rounding_error,JO,Total,86644,960,1.11,2026-08-31 16:33:58.859 +0300
2026-08-11,CHANNEL,rounding_error,JO,ZRQ,16693,176,1.05,2026-08-31 16:33:58.859 +0300
2026-08-11,CHANNEL,spillover_recovery,JO,AMM,53746,951,1.77,2026-08-31 16:33:58.859 +0300
2026-08-11,CHANNEL,spillover_recovery,JO,IRB,14286,176,1.23,2026-08-31 16:33:58.859 +0300
2026-08-11,CHANNEL,spillover_recovery,JO,Others,1919,6,0.31,2026-08-31 16:33:58.859 +0300
2026-08-11,CHANNEL,spillover_recovery,JO,Total,86644,1197,1.38,2026-08-31 16:33:58.859 +0300
2026-08-11,CHANNEL,spillover_recovery,JO,ZRQ,16693,64,0.38,2026-08-31 16:33:58.859 +0300
2026-08-11,CHANNEL,surcharge_mismatch,JO,AMM,53746,22,0.04,2026-08-31 16:33:58.859 +0300
2026-08-11,CHANNEL,surcharge_mismatch,JO,IRB,14286,0,0.00,2026-08-31 16:33:58.859 +0300
2026-08-11,CHANNEL,surcharge_mismatch,JO,Others,1919,1,0.05,2026-08-31 16:33:58.859 +0300
2026-08-11,CHANNEL,surcharge_mismatch,JO,Total,86644,27,0.03,2026-08-31 16:33:58.859 +0300
2026-08-11,CHANNEL,surcharge_mismatch,JO,ZRQ,16693,4,0.02,2026-08-31 16:33:58.859 +0300
2026-08-11,CHANNEL,surge_mismatch,JO,AMM,53746,28,0.05,2026-08-31 16:33:58.859 +0300
2026-08-11,CHANNEL,surge_mismatch,JO,IRB,14286,1,0.01,2026-08-31 16:33:58.859 +0300
2026-08-11,CHANNEL,surge_mismatch,JO,Others,1919,0,0.00,2026-08-31 16:33:58.859 +0300
2026-08-11,CHANNEL,surge_mismatch,JO,Total,86644,31,0.04,2026-08-31 16:33:58.859 +0300
2026-08-11,CHANNEL,surge_mismatch,JO,ZRQ,16693,2,0.01,2026-08-31 16:33:58.859 +0300
2026-08-11,SCENARIO,beyondB,JO,AMM,53746,31,0.06,2026-08-31 16:33:58.859 +0300
2026-08-11,SCENARIO,beyondB,JO,IRB,14286,10,0.07,2026-08-31 16:33:58.859 +0300
2026-08-11,SCENARIO,beyondB,JO,Others,1919,3,0.16,2026-08-31 16:33:58.859 +0300
2026-08-11,SCENARIO,beyondB,JO,Total,86644,53,0.06,2026-08-31 16:33:58.859 +0300
2026-08-11,SCENARIO,beyondB,JO,ZRQ,16693,9,0.05,2026-08-31 16:33:58.859 +0300
2026-08-11,SCENARIO,withinA_at_dest,JO,AMM,53746,5682,10.57,2026-08-31 16:33:58.859 +0300
2026-08-11,SCENARIO,withinA_at_dest,JO,IRB,14286,1185,8.29,2026-08-31 16:33:58.859 +0300
2026-08-11,SCENARIO,withinA_at_dest,JO,Others,1919,207,10.79,2026-08-31 16:33:58.859 +0300
2026-08-11,SCENARIO,withinA_at_dest,JO,Total,86644,8635,9.97,2026-08-31 16:33:58.859 +0300
2026-08-11,SCENARIO,withinA_at_dest,JO,ZRQ,16693,1561,9.35,2026-08-31 16:33:58.859 +0300
2026-08-11,SCENARIO,withinA_not_dest,JO,AMM,53746,1762,3.28,2026-08-31 16:33:58.859 +0300
2026-08-11,SCENARIO,withinA_not_dest,JO,IRB,14286,937,6.56,2026-08-31 16:33:58.859 +0300
2026-08-11,SCENARIO,withinA_not_dest,JO,Others,1919,89,4.64,2026-08-31 16:33:58.859 +0300
2026-08-11,SCENARIO,withinA_not_dest,JO,Total,86644,3365,3.88,2026-08-31 16:33:58.859 +0300
2026-08-11,SCENARIO,withinA_not_dest,JO,ZRQ,16693,577,3.46,2026-08-31 16:33:58.859 +0300
2026-08-11,SCENARIO,withinB_at_dest,JO,AMM,53746,3150,5.86,2026-08-31 16:33:58.859 +0300
2026-08-11,SCENARIO,withinB_at_dest,JO,IRB,14286,1110,7.77,2026-08-31 16:33:58.859 +0300
2026-08-11,SCENARIO,withinB_at_dest,JO,Others,1919,131,6.83,2026-08-31 16:33:58.859 +0300
2026-08-11,SCENARIO,withinB_at_dest,JO,Total,86644,5565,6.42,2026-08-31 16:33:58.859 +0300
2026-08-11,SCENARIO,withinB_at_dest,JO,ZRQ,16693,1174,7.03,2026-08-31 16:33:58.859 +0300
2026-08-11,SCENARIO,withinB_not_dest,JO,AMM,53746,1480,2.75,2026-08-31 16:33:58.859 +0300
2026-08-11,SCENARIO,withinB_not_dest,JO,IRB,14286,711,4.98,2026-08-31 16:33:58.859 +0300
2026-08-11,SCENARIO,withinB_not_dest,JO,Others,1919,74,3.86,2026-08-31 16:33:58.859 +0300
2026-08-11,SCENARIO,withinB_not_dest,JO,Total,86644,2757,3.18,2026-08-31 16:33:58.859 +0300
2026-08-11,SCENARIO,withinB_not_dest,JO,ZRQ,16693,492,2.95,2026-08-31 16:33:58.859 +0300
2026-08-11,CAUSE_MIX,beyondB,SA,Total,42447,23,0.05,2026-08-31 16:33:58.859 +0300
2026-08-11,CAUSE_MIX,pickup_mismatch,SA,Total,42447,5,0.01,2026-08-31 16:33:58.859 +0300
2026-08-11,CAUSE_MIX,previous_wallet_balance,SA,Total,42447,7254,17.09,2026-08-31 16:33:58.859 +0300
2026-08-11,CAUSE_MIX,surcharge_mismatch,SA,Total,42447,726,1.71,2026-08-31 16:33:58.859 +0300
2026-08-11,CAUSE_MIX,surge_mismatch,SA,Total,42447,43,0.10,2026-08-31 16:33:58.859 +0300
2026-08-11,CAUSE_MIX,waiting_time,SA,Total,42447,20487,48.26,2026-08-31 16:33:58.859 +0300
2026-08-11,CAUSE_MIX,withinA_at_dest,SA,Total,42447,3167,7.46,2026-08-31 16:33:58.859 +0300
2026-08-11,CAUSE_MIX,withinA_not_dest,SA,Total,42447,1681,3.96,2026-08-31 16:33:58.859 +0300
2026-08-11,CAUSE_MIX,withinB_at_dest,SA,Total,42447,6659,15.69,2026-08-31 16:33:58.859 +0300
2026-08-11,CAUSE_MIX,withinB_not_dest,SA,Total,42447,2402,5.66,2026-08-31 16:33:58.859 +0300
2026-08-11,CHANNEL,cumulative_price_shocks_net,SA,DMM,6419,2092,32.59,2026-08-31 16:33:58.859 +0300
2026-08-11,CHANNEL,cumulative_price_shocks_net,SA,JED,30919,10978,35.51,2026-08-31 16:33:58.859 +0300
2026-08-11,CHANNEL,cumulative_price_shocks_net,SA,MAD,10712,3528,32.94,2026-08-31 16:33:58.859 +0300
2026-08-11,CHANNEL,cumulative_price_shocks_net,SA,MEC,5372,2133,39.71,2026-08-31 16:33:58.859 +0300
2026-08-11,CHANNEL,cumulative_price_shocks_net,SA,Others,12657,4653,36.76,2026-08-31 16:33:58.859 +0300
2026-08-11,CHANNEL,cumulative_price_shocks_net,SA,RUH,38922,11599,29.80,2026-08-31 16:33:58.859 +0300
2026-08-11,CHANNEL,cumulative_price_shocks_net,SA,Total,105001,34983,33.32,2026-08-31 16:33:58.859 +0300
2026-08-11,CHANNEL,pd_mismatch,SA,DMM,6419,0,0.00,2026-08-31 16:33:58.859 +0300
2026-08-11,CHANNEL,pd_mismatch,SA,JED,30919,0,0.00,2026-08-31 16:33:58.859 +0300
2026-08-11,CHANNEL,pd_mismatch,SA,MAD,10712,0,0.00,2026-08-31 16:33:58.859 +0300
2026-08-11,CHANNEL,pd_mismatch,SA,MEC,5372,0,0.00,2026-08-31 16:33:58.859 +0300
2026-08-11,CHANNEL,pd_mismatch,SA,Others,12657,0,0.00,2026-08-31 16:33:58.859 +0300
2026-08-11,CHANNEL,pd_mismatch,SA,RUH,38922,0,0.00,2026-08-31 16:33:58.859 +0300
2026-08-11,CHANNEL,pd_mismatch,SA,Total,105001,0,0.00,2026-08-31 16:33:58.859 +0300
2026-08-11,CHANNEL,pickup_mismatch,SA,DMM,6419,0,0.00,2026-08-31 16:33:58.859 +0300
2026-08-11,CHANNEL,pickup_mismatch,SA,JED,30919,4,0.01,2026-08-31 16:33:58.859 +0300
2026-08-11,CHANNEL,pickup_mismatch,SA,MAD,10712,0,0.00,2026-08-31 16:33:58.859 +0300
2026-08-11,CHANNEL,pickup_mismatch,SA,MEC,5372,0,0.00,2026-08-31 16:33:58.859 +0300
2026-08-11,CHANNEL,pickup_mismatch,SA,Others,12657,0,0.00,2026-08-31 16:33:58.859 +0300
2026-08-11,CHANNEL,pickup_mismatch,SA,RUH,38922,4,0.01,2026-08-31 16:33:58.859 +0300
2026-08-11,CHANNEL,pickup_mismatch,SA,Total,105001,8,0.01,2026-08-31 16:33:58.859 +0300
2026-08-11,CHANNEL,residual_fare_increase_net,SA,DMM,6419,1007,15.69,2026-08-31 16:33:58.859 +0300
2026-08-11,CHANNEL,residual_fare_increase_net,SA,JED,30919,5071,16.40,2026-08-31 16:33:58.859 +0300
2026-08-11,CHANNEL,residual_fare_increase_net,SA,MAD,10712,1690,15.78,2026-08-31 16:33:58.859 +0300
2026-08-11,CHANNEL,residual_fare_increase_net,SA,MEC,5372,937,17.44,2026-08-31 16:33:58.859 +0300
2026-08-11,CHANNEL,residual_fare_increase_net,SA,Others,12657,2367,18.70,2026-08-31 16:33:58.859 +0300
2026-08-11,CHANNEL,residual_fare_increase_net,SA,RUH,38922,4594,11.80,2026-08-31 16:33:58.859 +0300
2026-08-11,CHANNEL,residual_fare_increase_net,SA,Total,105001,15666,14.92,2026-08-31 16:33:58.859 +0300
2026-08-11,CHANNEL,rounding_error,SA,DMM,6419,99,1.54,2026-08-31 16:33:58.859 +0300
2026-08-11,CHANNEL,rounding_error,SA,JED,30919,775,2.51,2026-08-31 16:33:58.859 +0300
2026-08-11,CHANNEL,rounding_error,SA,MAD,10712,266,2.48,2026-08-31 16:33:58.859 +0300
2026-08-11,CHANNEL,rounding_error,SA,MEC,5372,107,1.99,2026-08-31 16:33:58.859 +0300
2026-08-11,CHANNEL,rounding_error,SA,Others,12657,227,1.79,2026-08-31 16:33:58.859 +0300
2026-08-11,CHANNEL,rounding_error,SA,RUH,38922,939,2.41,2026-08-31 16:33:58.859 +0300
2026-08-11,CHANNEL,rounding_error,SA,Total,105001,2413,2.30,2026-08-31 16:33:58.859 +0300
2026-08-11,CHANNEL,spillover_recovery,SA,DMM,6419,304,4.74,2026-08-31 16:33:58.859 +0300
2026-08-11,CHANNEL,spillover_recovery,SA,JED,30919,2744,8.87,2026-08-31 16:33:58.859 +0300
2026-08-11,CHANNEL,spillover_recovery,SA,MAD,10712,703,6.56,2026-08-31 16:33:58.859 +0300
2026-08-11,CHANNEL,spillover_recovery,SA,MEC,5372,392,7.30,2026-08-31 16:33:58.859 +0300
2026-08-11,CHANNEL,spillover_recovery,SA,Others,12657,610,4.82,2026-08-31 16:33:58.859 +0300
2026-08-11,CHANNEL,spillover_recovery,SA,RUH,38922,3271,8.40,2026-08-31 16:33:58.859 +0300
2026-08-11,CHANNEL,spillover_recovery,SA,Total,105001,8024,7.64,2026-08-31 16:33:58.859 +0300
2026-08-11,CHANNEL,surcharge_mismatch,SA,DMM,6419,85,1.32,2026-08-31 16:33:58.859 +0300
2026-08-11,CHANNEL,surcharge_mismatch,SA,JED,30919,752,2.43,2026-08-31 16:33:58.859 +0300
2026-08-11,CHANNEL,surcharge_mismatch,SA,MAD,10712,153,1.43,2026-08-31 16:33:58.859 +0300
2026-08-11,CHANNEL,surcharge_mismatch,SA,MEC,5372,47,0.87,2026-08-31 16:33:58.859 +0300
2026-08-11,CHANNEL,surcharge_mismatch,SA,Others,12657,166,1.31,2026-08-31 16:33:58.859 +0300
2026-08-11,CHANNEL,surcharge_mismatch,SA,RUH,38922,631,1.62,2026-08-31 16:33:58.859 +0300
2026-08-11,CHANNEL,surcharge_mismatch,SA,Total,105001,1834,1.75,2026-08-31 16:33:58.859 +0300
2026-08-11,CHANNEL,surge_mismatch,SA,DMM,6419,2,0.03,2026-08-31 16:33:58.859 +0300
2026-08-11,CHANNEL,surge_mismatch,SA,JED,30919,15,0.05,2026-08-31 16:33:58.859 +0300
2026-08-11,CHANNEL,surge_mismatch,SA,MAD,10712,19,0.18,2026-08-31 16:33:58.859 +0300
2026-08-11,CHANNEL,surge_mismatch,SA,MEC,5372,3,0.06,2026-08-31 16:33:58.859 +0300
2026-08-11,CHANNEL,surge_mismatch,SA,Others,12657,0,0.00,2026-08-31 16:33:58.859 +0300
2026-08-11,CHANNEL,surge_mismatch,SA,RUH,38922,36,0.09,2026-08-31 16:33:58.859 +0300
2026-08-11,CHANNEL,surge_mismatch,SA,Total,105001,75,0.07,2026-08-31 16:33:58.859 +0300
2026-08-11,SCENARIO,beyondB,SA,DMM,6419,3,0.05,2026-08-31 16:33:58.859 +0300
2026-08-11,SCENARIO,beyondB,SA,JED,30919,8,0.03,2026-08-31 16:33:58.859 +0300
2026-08-11,SCENARIO,beyondB,SA,MAD,10712,3,0.03,2026-08-31 16:33:58.859 +0300
2026-08-11,SCENARIO,beyondB,SA,MEC,5372,2,0.04,2026-08-31 16:33:58.859 +0300
2026-08-11,SCENARIO,beyondB,SA,Others,12657,9,0.07,2026-08-31 16:33:58.859 +0300
2026-08-11,SCENARIO,beyondB,SA,RUH,38922,9,0.02,2026-08-31 16:33:58.859 +0300
2026-08-11,SCENARIO,beyondB,SA,Total,105001,34,0.03,2026-08-31 16:33:58.859 +0300
2026-08-11,SCENARIO,withinA_at_dest,SA,DMM,6419,1085,16.90,2026-08-31 16:33:58.859 +0300
2026-08-11,SCENARIO,withinA_at_dest,SA,JED,30919,6059,19.60,2026-08-31 16:33:58.859 +0300
2026-08-11,SCENARIO,withinA_at_dest,SA,MAD,10712,1850,17.27,2026-08-31 16:33:58.859 +0300
2026-08-11,SCENARIO,withinA_at_dest,SA,MEC,5372,1172,21.82,2026-08-31 16:33:58.859 +0300
2026-08-11,SCENARIO,withinA_at_dest,SA,Others,12657,2260,17.86,2026-08-31 16:33:58.859 +0300
2026-08-11,SCENARIO,withinA_at_dest,SA,RUH,38922,7328,18.83,2026-08-31 16:33:58.859 +0300
2026-08-11,SCENARIO,withinA_at_dest,SA,Total,105001,19754,18.81,2026-08-31 16:33:58.859 +0300
2026-08-11,SCENARIO,withinA_not_dest,SA,DMM,6419,196,3.05,2026-08-31 16:33:58.859 +0300
2026-08-11,SCENARIO,withinA_not_dest,SA,JED,30919,610,1.97,2026-08-31 16:33:58.859 +0300
2026-08-11,SCENARIO,withinA_not_dest,SA,MAD,10712,373,3.48,2026-08-31 16:33:58.859 +0300
2026-08-11,SCENARIO,withinA_not_dest,SA,MEC,5372,177,3.29,2026-08-31 16:33:58.859 +0300
2026-08-11,SCENARIO,withinA_not_dest,SA,Others,12657,469,3.71,2026-08-31 16:33:58.859 +0300
2026-08-11,SCENARIO,withinA_not_dest,SA,RUH,38922,921,2.37,2026-08-31 16:33:58.859 +0300
2026-08-11,SCENARIO,withinA_not_dest,SA,Total,105001,2746,2.62,2026-08-31 16:33:58.859 +0300
2026-08-11,SCENARIO,withinB_at_dest,SA,DMM,6419,630,9.81,2026-08-31 16:33:58.859 +0300
2026-08-11,SCENARIO,withinB_at_dest,SA,JED,30919,3400,11.00,2026-08-31 16:33:58.859 +0300
2026-08-11,SCENARIO,withinB_at_dest,SA,MAD,10712,898,8.38,2026-08-31 16:33:58.859 +0300
2026-08-11,SCENARIO,withinB_at_dest,SA,MEC,5372,550,10.24,2026-08-31 16:33:58.859 +0300
2026-08-11,SCENARIO,withinB_at_dest,SA,Others,12657,1234,9.75,2026-08-31 16:33:58.859 +0300
2026-08-11,SCENARIO,withinB_at_dest,SA,RUH,38922,2268,5.83,2026-08-31 16:33:58.859 +0300
2026-08-11,SCENARIO,withinB_at_dest,SA,Total,105001,8980,8.55,2026-08-31 16:33:58.859 +0300
2026-08-11,SCENARIO,withinB_not_dest,SA,DMM,6419,178,2.77,2026-08-31 16:33:58.859 +0300
2026-08-11,SCENARIO,withinB_not_dest,SA,JED,30919,901,2.91,2026-08-31 16:33:58.859 +0300
2026-08-11,SCENARIO,withinB_not_dest,SA,MAD,10712,404,3.77,2026-08-31 16:33:58.859 +0300
2026-08-11,SCENARIO,withinB_not_dest,SA,MEC,5372,232,4.32,2026-08-31 16:33:58.859 +0300
2026-08-11,SCENARIO,withinB_not_dest,SA,Others,12657,681,5.38,2026-08-31 16:33:58.859 +0300
2026-08-11,SCENARIO,withinB_not_dest,SA,RUH,38922,1073,2.76,2026-08-31 16:33:58.859 +0300
2026-08-11,SCENARIO,withinB_not_dest,SA,Total,105001,3469,3.30,2026-08-31 16:33:58.859 +0300
2026-08-12,CAUSE_MIX,beyondB,JO,Total,21518,35,0.16,2026-08-31 16:33:58.859 +0300
2026-08-12,CAUSE_MIX,pickup_mismatch,JO,Total,21518,1,0.00,2026-08-31 16:33:58.859 +0300
2026-08-12,CAUSE_MIX,previous_wallet_balance,JO,Total,21518,1060,4.93,2026-08-31 16:33:58.859 +0300
2026-08-12,CAUSE_MIX,surcharge_mismatch,JO,Total,21518,12,0.06,2026-08-31 16:33:58.859 +0300
2026-08-12,CAUSE_MIX,surge_mismatch,JO,Total,21518,22,0.10,2026-08-31 16:33:58.859 +0300
2026-08-12,CAUSE_MIX,waiting_time,JO,Total,21518,9333,43.37,2026-08-31 16:33:58.859 +0300
2026-08-12,CAUSE_MIX,withinA_at_dest,JO,Total,21518,1311,6.09,2026-08-31 16:33:58.859 +0300
2026-08-12,CAUSE_MIX,withinA_not_dest,JO,Total,21518,2628,12.21,2026-08-31 16:33:58.859 +0300
2026-08-12,CAUSE_MIX,withinB_at_dest,JO,Total,21518,4832,22.46,2026-08-31 16:33:58.859 +0300
2026-08-12,CAUSE_MIX,withinB_not_dest,JO,Total,21518,2284,10.61,2026-08-31 16:33:58.859 +0300
2026-08-12,CHANNEL,cumulative_price_shocks_net,JO,AMM,53459,12174,22.77,2026-08-31 16:33:58.859 +0300
2026-08-12,CHANNEL,cumulative_price_shocks_net,JO,IRB,14335,4018,28.03,2026-08-31 16:33:58.859 +0300
2026-08-12,CHANNEL,cumulative_price_shocks_net,JO,Others,1948,475,24.38,2026-08-31 16:33:58.859 +0300
2026-08-12,CHANNEL,cumulative_price_shocks_net,JO,Total,86465,20457,23.66,2026-08-31 16:33:58.859 +0300
2026-08-12,CHANNEL,cumulative_price_shocks_net,JO,ZRQ,16723,3790,22.66,2026-08-31 16:33:58.859 +0300
2026-08-12,CHANNEL,pd_mismatch,JO,AMM,53459,0,0.00,2026-08-31 16:33:58.859 +0300
2026-08-12,CHANNEL,pd_mismatch,JO,IRB,14335,0,0.00,2026-08-31 16:33:58.859 +0300
2026-08-12,CHANNEL,pd_mismatch,JO,Others,1948,0,0.00,2026-08-31 16:33:58.859 +0300
2026-08-12,CHANNEL,pd_mismatch,JO,Total,86465,0,0.00,2026-08-31 16:33:58.859 +0300
2026-08-12,CHANNEL,pd_mismatch,JO,ZRQ,16723,0,0.00,2026-08-31 16:33:58.859 +0300
2026-08-12,CHANNEL,pickup_mismatch,JO,AMM,53459,1,0.00,2026-08-31 16:33:58.859 +0300
2026-08-12,CHANNEL,pickup_mismatch,JO,IRB,14335,0,0.00,2026-08-31 16:33:58.859 +0300
2026-08-12,CHANNEL,pickup_mismatch,JO,Others,1948,0,0.00,2026-08-31 16:33:58.859 +0300
2026-08-12,CHANNEL,pickup_mismatch,JO,Total,86465,2,0.00,2026-08-31 16:33:58.859 +0300
2026-08-12,CHANNEL,pickup_mismatch,JO,ZRQ,16723,1,0.01,2026-08-31 16:33:58.859 +0300
2026-08-12,CHANNEL,residual_fare_increase_net,JO,AMM,53459,6393,11.96,2026-08-31 16:33:58.859 +0300
2026-08-12,CHANNEL,residual_fare_increase_net,JO,IRB,14335,2693,18.79,2026-08-31 16:33:58.859 +0300
2026-08-12,CHANNEL,residual_fare_increase_net,JO,Others,1948,266,13.66,2026-08-31 16:33:58.859 +0300
2026-08-12,CHANNEL,residual_fare_increase_net,JO,Total,86465,11481,13.28,2026-08-31 16:33:58.859 +0300
2026-08-12,CHANNEL,residual_fare_increase_net,JO,ZRQ,16723,2129,12.73,2026-08-31 16:33:58.859 +0300
2026-08-12,CHANNEL,rounding_error,JO,AMM,53459,613,1.15,2026-08-31 16:33:58.859 +0300
2026-08-12,CHANNEL,rounding_error,JO,IRB,14335,154,1.07,2026-08-31 16:33:58.859 +0300
2026-08-12,CHANNEL,rounding_error,JO,Others,1948,33,1.69,2026-08-31 16:33:58.859 +0300
2026-08-12,CHANNEL,rounding_error,JO,Total,86465,963,1.11,2026-08-31 16:33:58.859 +0300
2026-08-12,CHANNEL,rounding_error,JO,ZRQ,16723,163,0.97,2026-08-31 16:33:58.859 +0300
2026-08-12,CHANNEL,spillover_recovery,JO,AMM,53459,891,1.67,2026-08-31 16:33:58.859 +0300
2026-08-12,CHANNEL,spillover_recovery,JO,IRB,14335,182,1.27,2026-08-31 16:33:58.859 +0300
2026-08-12,CHANNEL,spillover_recovery,JO,Others,1948,6,0.31,2026-08-31 16:33:58.859 +0300
2026-08-12,CHANNEL,spillover_recovery,JO,Total,86465,1136,1.31,2026-08-31 16:33:58.859 +0300
2026-08-12,CHANNEL,spillover_recovery,JO,ZRQ,16723,57,0.34,2026-08-31 16:33:58.859 +0300
2026-08-12,CHANNEL,surcharge_mismatch,JO,AMM,53459,18,0.03,2026-08-31 16:33:58.859 +0300
2026-08-12,CHANNEL,surcharge_mismatch,JO,IRB,14335,0,0.00,2026-08-31 16:33:58.859 +0300
2026-08-12,CHANNEL,surcharge_mismatch,JO,Others,1948,1,0.05,2026-08-31 16:33:58.859 +0300
2026-08-12,CHANNEL,surcharge_mismatch,JO,Total,86465,22,0.03,2026-08-31 16:33:58.859 +0300
2026-08-12,CHANNEL,surcharge_mismatch,JO,ZRQ,16723,3,0.02,2026-08-31 16:33:58.859 +0300
2026-08-12,CHANNEL,surge_mismatch,JO,AMM,53459,41,0.08,2026-08-31 16:33:58.859 +0300
2026-08-12,CHANNEL,surge_mismatch,JO,IRB,14335,1,0.01,2026-08-31 16:33:58.859 +0300
2026-08-12,CHANNEL,surge_mismatch,JO,Others,1948,0,0.00,2026-08-31 16:33:58.859 +0300
2026-08-12,CHANNEL,surge_mismatch,JO,Total,86465,46,0.05,2026-08-31 16:33:58.859 +0300
2026-08-12,CHANNEL,surge_mismatch,JO,ZRQ,16723,4,0.02,2026-08-31 16:33:58.859 +0300
2026-08-12,SCENARIO,beyondB,JO,AMM,53459,30,0.06,2026-08-31 16:33:58.859 +0300
2026-08-12,SCENARIO,beyondB,JO,IRB,14335,9,0.06,2026-08-31 16:33:58.859 +0300
2026-08-12,SCENARIO,beyondB,JO,Others,1948,1,0.05,2026-08-31 16:33:58.859 +0300
2026-08-12,SCENARIO,beyondB,JO,Total,86465,47,0.05,2026-08-31 16:33:58.859 +0300
2026-08-12,SCENARIO,beyondB,JO,ZRQ,16723,7,0.04,2026-08-31 16:33:58.859 +0300
2026-08-12,SCENARIO,withinA_at_dest,JO,AMM,53459,5703,10.67,2026-08-31 16:33:58.859 +0300
2026-08-12,SCENARIO,withinA_at_dest,JO,IRB,14335,1258,8.78,2026-08-31 16:33:58.859 +0300
2026-08-12,SCENARIO,withinA_at_dest,JO,Others,1948,201,10.32,2026-08-31 16:33:58.859 +0300
2026-08-12,SCENARIO,withinA_at_dest,JO,Total,86465,8772,10.15,2026-08-31 16:33:58.859 +0300
2026-08-12,SCENARIO,withinA_at_dest,JO,ZRQ,16723,1610,9.63,2026-08-31 16:33:58.859 +0300
2026-08-12,SCENARIO,withinA_not_dest,JO,AMM,53459,1747,3.27,2026-08-31 16:33:58.859 +0300
2026-08-12,SCENARIO,withinA_not_dest,JO,IRB,14335,871,6.08,2026-08-31 16:33:58.859 +0300
2026-08-12,SCENARIO,withinA_not_dest,JO,Others,1948,83,4.26,2026-08-31 16:33:58.859 +0300
2026-08-12,SCENARIO,withinA_not_dest,JO,Total,86465,3284,3.80,2026-08-31 16:33:58.859 +0300
2026-08-12,SCENARIO,withinA_not_dest,JO,ZRQ,16723,583,3.49,2026-08-31 16:33:58.859 +0300
2026-08-12,SCENARIO,withinB_at_dest,JO,AMM,53459,3164,5.92,2026-08-31 16:33:58.859 +0300
2026-08-12,SCENARIO,withinB_at_dest,JO,IRB,14335,1177,8.21,2026-08-31 16:33:58.859 +0300
2026-08-12,SCENARIO,withinB_at_dest,JO,Others,1948,131,6.72,2026-08-31 16:33:58.859 +0300
2026-08-12,SCENARIO,withinB_at_dest,JO,Total,86465,5611,6.49,2026-08-31 16:33:58.859 +0300
2026-08-12,SCENARIO,withinB_at_dest,JO,ZRQ,16723,1139,6.81,2026-08-31 16:33:58.859 +0300
2026-08-12,SCENARIO,withinB_not_dest,JO,AMM,53459,1530,2.86,2026-08-31 16:33:58.859 +0300
2026-08-12,SCENARIO,withinB_not_dest,JO,IRB,14335,703,4.90,2026-08-31 16:33:58.859 +0300
2026-08-12,SCENARIO,withinB_not_dest,JO,Others,1948,59,3.03,2026-08-31 16:33:58.859 +0300
2026-08-12,SCENARIO,withinB_not_dest,JO,Total,86465,2743,3.17,2026-08-31 16:33:58.859 +0300
2026-08-12,SCENARIO,withinB_not_dest,JO,ZRQ,16723,451,2.70,2026-08-31 16:33:58.859 +0300
2026-08-12,CAUSE_MIX,beyondB,SA,Total,42597,18,0.04,2026-08-31 16:33:58.859 +0300
2026-08-12,CAUSE_MIX,pickup_mismatch,SA,Total,42597,4,0.01,2026-08-31 16:33:58.859 +0300
2026-08-12,CAUSE_MIX,previous_wallet_balance,SA,Total,42597,7301,17.14,2026-08-31 16:33:58.859 +0300
2026-08-12,CAUSE_MIX,surcharge_mismatch,SA,Total,42597,769,1.81,2026-08-31 16:33:58.859 +0300
2026-08-12,CAUSE_MIX,surge_mismatch,SA,Total,42597,46,0.11,2026-08-31 16:33:58.859 +0300
2026-08-12,CAUSE_MIX,waiting_time,SA,Total,42597,20707,48.61,2026-08-31 16:33:58.859 +0300
2026-08-12,CAUSE_MIX,withinA_at_dest,SA,Total,42597,3193,7.50,2026-08-31 16:33:58.859 +0300
2026-08-12,CAUSE_MIX,withinA_not_dest,SA,Total,42597,1623,3.81,2026-08-31 16:33:58.859 +0300
2026-08-12,CAUSE_MIX,withinB_at_dest,SA,Total,42597,6555,15.39,2026-08-31 16:33:58.859 +0300
2026-08-12,CAUSE_MIX,withinB_not_dest,SA,Total,42597,2381,5.59,2026-08-31 16:33:58.859 +0300
2026-08-12,CHANNEL,cumulative_price_shocks_net,SA,DMM,6467,2141,33.11,2026-08-31 16:33:58.859 +0300
2026-08-12,CHANNEL,cumulative_price_shocks_net,SA,JED,31025,11182,36.04,2026-08-31 16:33:58.859 +0300
2026-08-12,CHANNEL,cumulative_price_shocks_net,SA,MAD,10241,3491,34.09,2026-08-31 16:33:58.859 +0300
2026-08-12,CHANNEL,cumulative_price_shocks_net,SA,MEC,5351,2109,39.41,2026-08-31 16:33:58.859 +0300
2026-08-12,CHANNEL,cumulative_price_shocks_net,SA,Others,12644,4525,35.79,2026-08-31 16:33:58.859 +0300
2026-08-12,CHANNEL,cumulative_price_shocks_net,SA,RUH,39120,11644,29.76,2026-08-31 16:33:58.859 +0300
2026-08-12,CHANNEL,cumulative_price_shocks_net,SA,Total,104848,35092,33.47,2026-08-31 16:33:58.859 +0300
2026-08-12,CHANNEL,pd_mismatch,SA,DMM,6467,0,0.00,2026-08-31 16:33:58.859 +0300
2026-08-12,CHANNEL,pd_mismatch,SA,JED,31025,0,0.00,2026-08-31 16:33:58.859 +0300
2026-08-12,CHANNEL,pd_mismatch,SA,MAD,10241,0,0.00,2026-08-31 16:33:58.859 +0300
2026-08-12,CHANNEL,pd_mismatch,SA,MEC,5351,0,0.00,2026-08-31 16:33:58.859 +0300
2026-08-12,CHANNEL,pd_mismatch,SA,Others,12644,0,0.00,2026-08-31 16:33:58.859 +0300
2026-08-12,CHANNEL,pd_mismatch,SA,RUH,39120,0,0.00,2026-08-31 16:33:58.859 +0300
2026-08-12,CHANNEL,pd_mismatch,SA,Total,104848,0,0.00,2026-08-31 16:33:58.859 +0300
2026-08-12,CHANNEL,pickup_mismatch,SA,DMM,6467,0,0.00,2026-08-31 16:33:58.859 +0300
2026-08-12,CHANNEL,pickup_mismatch,SA,JED,31025,3,0.01,2026-08-31 16:33:58.859 +0300
2026-08-12,CHANNEL,pickup_mismatch,SA,MAD,10241,1,0.01,2026-08-31 16:33:58.859 +0300
2026-08-12,CHANNEL,pickup_mismatch,SA,MEC,5351,0,0.00,2026-08-31 16:33:58.859 +0300
2026-08-12,CHANNEL,pickup_mismatch,SA,Others,12644,3,0.02,2026-08-31 16:33:58.859 +0300
2026-08-12,CHANNEL,pickup_mismatch,SA,RUH,39120,2,0.01,2026-08-31 16:33:58.859 +0300
2026-08-12,CHANNEL,pickup_mismatch,SA,Total,104848,9,0.01,2026-08-31 16:33:58.859 +0300
2026-08-12,CHANNEL,residual_fare_increase_net,SA,DMM,6467,1031,15.94,2026-08-31 16:33:58.859 +0300
2026-08-12,CHANNEL,residual_fare_increase_net,SA,JED,31025,5050,16.28,2026-08-31 16:33:58.859 +0300
2026-08-12,CHANNEL,residual_fare_increase_net,SA,MAD,10241,1612,15.74,2026-08-31 16:33:58.859 +0300
2026-08-12,CHANNEL,residual_fare_increase_net,SA,MEC,5351,945,17.66,2026-08-31 16:33:58.859 +0300
2026-08-12,CHANNEL,residual_fare_increase_net,SA,Others,12644,2328,18.41,2026-08-31 16:33:58.859 +0300
2026-08-12,CHANNEL,residual_fare_increase_net,SA,RUH,39120,4623,11.82,2026-08-31 16:33:58.859 +0300
2026-08-12,CHANNEL,residual_fare_increase_net,SA,Total,104848,15589,14.87,2026-08-31 16:33:58.859 +0300
2026-08-12,CHANNEL,rounding_error,SA,DMM,6467,105,1.62,2026-08-31 16:33:58.859 +0300
2026-08-12,CHANNEL,rounding_error,SA,JED,31025,831,2.68,2026-08-31 16:33:58.859 +0300
2026-08-12,CHANNEL,rounding_error,SA,MAD,10241,268,2.62,2026-08-31 16:33:58.859 +0300
2026-08-12,CHANNEL,rounding_error,SA,MEC,5351,90,1.68,2026-08-31 16:33:58.859 +0300
2026-08-12,CHANNEL,rounding_error,SA,Others,12644,281,2.22,2026-08-31 16:33:58.859 +0300
2026-08-12,CHANNEL,rounding_error,SA,RUH,39120,963,2.46,2026-08-31 16:33:58.859 +0300
2026-08-12,CHANNEL,rounding_error,SA,Total,104848,2538,2.42,2026-08-31 16:33:58.859 +0300
2026-08-12,CHANNEL,spillover_recovery,SA,DMM,6467,353,5.46,2026-08-31 16:33:58.859 +0300
2026-08-12,CHANNEL,spillover_recovery,SA,JED,31025,2757,8.89,2026-08-31 16:33:58.859 +0300
2026-08-12,CHANNEL,spillover_recovery,SA,MAD,10241,698,6.82,2026-08-31 16:33:58.859 +0300
2026-08-12,CHANNEL,spillover_recovery,SA,MEC,5351,370,6.91,2026-08-31 16:33:58.859 +0300
2026-08-12,CHANNEL,spillover_recovery,SA,Others,12644,612,4.84,2026-08-31 16:33:58.859 +0300
2026-08-12,CHANNEL,spillover_recovery,SA,RUH,39120,3296,8.43,2026-08-31 16:33:58.859 +0300
2026-08-12,CHANNEL,spillover_recovery,SA,Total,104848,8086,7.71,2026-08-31 16:33:58.859 +0300
2026-08-12,CHANNEL,surcharge_mismatch,SA,DMM,6467,105,1.62,2026-08-31 16:33:58.859 +0300
2026-08-12,CHANNEL,surcharge_mismatch,SA,JED,31025,842,2.71,2026-08-31 16:33:58.859 +0300
2026-08-12,CHANNEL,surcharge_mismatch,SA,MAD,10241,176,1.72,2026-08-31 16:33:58.859 +0300
2026-08-12,CHANNEL,surcharge_mismatch,SA,MEC,5351,43,0.80,2026-08-31 16:33:58.859 +0300
2026-08-12,CHANNEL,surcharge_mismatch,SA,Others,12644,200,1.58,2026-08-31 16:33:58.859 +0300
2026-08-12,CHANNEL,surcharge_mismatch,SA,RUH,39120,663,1.69,2026-08-31 16:33:58.859 +0300
2026-08-12,CHANNEL,surcharge_mismatch,SA,Total,104848,2029,1.94,2026-08-31 16:33:58.859 +0300
2026-08-12,CHANNEL,surge_mismatch,SA,DMM,6467,6,0.09,2026-08-31 16:33:58.859 +0300
2026-08-12,CHANNEL,surge_mismatch,SA,JED,31025,9,0.03,2026-08-31 16:33:58.859 +0300
2026-08-12,CHANNEL,surge_mismatch,SA,MAD,10241,28,0.27,2026-08-31 16:33:58.859 +0300
2026-08-12,CHANNEL,surge_mismatch,SA,MEC,5351,4,0.07,2026-08-31 16:33:58.859 +0300
2026-08-12,CHANNEL,surge_mismatch,SA,Others,12644,0,0.00,2026-08-31 16:33:58.859 +0300
2026-08-12,CHANNEL,surge_mismatch,SA,RUH,39120,38,0.10,2026-08-31 16:33:58.859 +0300
2026-08-12,CHANNEL,surge_mismatch,SA,Total,104848,85,0.08,2026-08-31 16:33:58.859 +0300
2026-08-12,SCENARIO,beyondB,SA,DMM,6467,2,0.03,2026-08-31 16:33:58.859 +0300
2026-08-12,SCENARIO,beyondB,SA,JED,31025,4,0.01,2026-08-31 16:33:58.859 +0300
2026-08-12,SCENARIO,beyondB,SA,MAD,10241,3,0.03,2026-08-31 16:33:58.859 +0300
2026-08-12,SCENARIO,beyondB,SA,MEC,5351,2,0.04,2026-08-31 16:33:58.859 +0300
2026-08-12,SCENARIO,beyondB,SA,Others,12644,6,0.05,2026-08-31 16:33:58.859 +0300
2026-08-12,SCENARIO,beyondB,SA,RUH,39120,11,0.03,2026-08-31 16:33:58.859 +0300
2026-08-12,SCENARIO,beyondB,SA,Total,104848,28,0.03,2026-08-31 16:33:58.859 +0300
2026-08-12,SCENARIO,withinA_at_dest,SA,DMM,6467,1129,17.46,2026-08-31 16:33:58.859 +0300
2026-08-12,SCENARIO,withinA_at_dest,SA,JED,31025,6288,20.27,2026-08-31 16:33:58.859 +0300
2026-08-12,SCENARIO,withinA_at_dest,SA,MAD,10241,1900,18.55,2026-08-31 16:33:58.859 +0300
2026-08-12,SCENARIO,withinA_at_dest,SA,MEC,5351,1155,21.58,2026-08-31 16:33:58.859 +0300
2026-08-12,SCENARIO,withinA_at_dest,SA,Others,12644,2188,17.30,2026-08-31 16:33:58.859 +0300
2026-08-12,SCENARIO,withinA_at_dest,SA,RUH,39120,7339,18.76,2026-08-31 16:33:58.859 +0300
2026-08-12,SCENARIO,withinA_at_dest,SA,Total,104848,19999,19.07,2026-08-31 16:33:58.859 +0300
2026-08-12,SCENARIO,withinA_not_dest,SA,DMM,6467,162,2.51,2026-08-31 16:33:58.859 +0300
2026-08-12,SCENARIO,withinA_not_dest,SA,JED,31025,608,1.96,2026-08-31 16:33:58.859 +0300
2026-08-12,SCENARIO,withinA_not_dest,SA,MAD,10241,372,3.63,2026-08-31 16:33:58.859 +0300
2026-08-12,SCENARIO,withinA_not_dest,SA,MEC,5351,170,3.18,2026-08-31 16:33:58.859 +0300
2026-08-12,SCENARIO,withinA_not_dest,SA,Others,12644,439,3.47,2026-08-31 16:33:58.859 +0300
2026-08-12,SCENARIO,withinA_not_dest,SA,RUH,39120,933,2.38,2026-08-31 16:33:58.859 +0300
2026-08-12,SCENARIO,withinA_not_dest,SA,Total,104848,2684,2.56,2026-08-31 16:33:58.859 +0300
2026-08-12,SCENARIO,withinB_at_dest,SA,DMM,6467,642,9.93,2026-08-31 16:33:58.859 +0300
2026-08-12,SCENARIO,withinB_at_dest,SA,JED,31025,3408,10.98,2026-08-31 16:33:58.859 +0300
2026-08-12,SCENARIO,withinB_at_dest,SA,MAD,10241,877,8.56,2026-08-31 16:33:58.859 +0300
2026-08-12,SCENARIO,withinB_at_dest,SA,MEC,5351,575,10.75,2026-08-31 16:33:58.859 +0300
2026-08-12,SCENARIO,withinB_at_dest,SA,Others,12644,1197,9.47,2026-08-31 16:33:58.859 +0300
2026-08-12,SCENARIO,withinB_at_dest,SA,RUH,39120,2285,5.84,2026-08-31 16:33:58.859 +0300
2026-08-12,SCENARIO,withinB_at_dest,SA,Total,104848,8984,8.57,2026-08-31 16:33:58.859 +0300
2026-08-12,SCENARIO,withinB_not_dest,SA,DMM,6467,206,3.19,2026-08-31 16:33:58.859 +0300
2026-08-12,SCENARIO,withinB_not_dest,SA,JED,31025,874,2.82,2026-08-31 16:33:58.859 +0300
2026-08-12,SCENARIO,withinB_not_dest,SA,MAD,10241,339,3.31,2026-08-31 16:33:58.859 +0300
2026-08-12,SCENARIO,withinB_not_dest,SA,MEC,5351,207,3.87,2026-08-31 16:33:58.859 +0300
2026-08-12,SCENARIO,withinB_not_dest,SA,Others,12644,695,5.50,2026-08-31 16:33:58.859 +0300
2026-08-12,SCENARIO,withinB_not_dest,SA,RUH,39120,1076,2.75,2026-08-31 16:33:58.859 +0300
2026-08-12,SCENARIO,withinB_not_dest,SA,Total,104848,3397,3.24,2026-08-31 16:33:58.859 +0300
2026-08-13,CAUSE_MIX,beyondB,JO,Total,22711,54,0.24,2026-08-31 16:33:58.859 +0300
2026-08-13,CAUSE_MIX,pickup_mismatch,JO,Total,22711,1,0.00,2026-08-31 16:33:58.859 +0300
2026-08-13,CAUSE_MIX,previous_wallet_balance,JO,Total,22711,1129,4.97,2026-08-31 16:33:58.859 +0300
2026-08-13,CAUSE_MIX,surcharge_mismatch,JO,Total,22711,14,0.06,2026-08-31 16:33:58.859 +0300
2026-08-13,CAUSE_MIX,surge_mismatch,JO,Total,22711,20,0.09,2026-08-31 16:33:58.859 +0300
2026-08-13,CAUSE_MIX,waiting_time,JO,Total,22711,9787,43.09,2026-08-31 16:33:58.859 +0300
2026-08-13,CAUSE_MIX,withinA_at_dest,JO,Total,22711,1248,5.50,2026-08-31 16:33:58.859 +0300
2026-08-13,CAUSE_MIX,withinA_not_dest,JO,Total,22711,2865,12.62,2026-08-31 16:33:58.859 +0300
2026-08-13,CAUSE_MIX,withinB_at_dest,JO,Total,22711,5254,23.13,2026-08-31 16:33:58.859 +0300
2026-08-13,CAUSE_MIX,withinB_not_dest,JO,Total,22711,2339,10.30,2026-08-31 16:33:58.859 +0300
2026-08-13,CHANNEL,cumulative_price_shocks_net,JO,AMM,55370,12826,23.16,2026-08-31 16:33:58.859 +0300
2026-08-13,CHANNEL,cumulative_price_shocks_net,JO,IRB,14278,4252,29.78,2026-08-31 16:33:58.859 +0300
2026-08-13,CHANNEL,cumulative_price_shocks_net,JO,Others,1910,494,25.86,2026-08-31 16:33:58.859 +0300
2026-08-13,CHANNEL,cumulative_price_shocks_net,JO,Total,88489,21581,24.39,2026-08-31 16:33:58.859 +0300
2026-08-13,CHANNEL,cumulative_price_shocks_net,JO,ZRQ,16931,4009,23.68,2026-08-31 16:33:58.859 +0300
2026-08-13,CHANNEL,pd_mismatch,JO,AMM,55370,0,0.00,2026-08-31 16:33:58.859 +0300
2026-08-13,CHANNEL,pd_mismatch,JO,IRB,14278,0,0.00,2026-08-31 16:33:58.859 +0300
2026-08-13,CHANNEL,pd_mismatch,JO,Others,1910,0,0.00,2026-08-31 16:33:58.859 +0300
2026-08-13,CHANNEL,pd_mismatch,JO,Total,88489,0,0.00,2026-08-31 16:33:58.859 +0300
2026-08-13,CHANNEL,pd_mismatch,JO,ZRQ,16931,0,0.00,2026-08-31 16:33:58.859 +0300
2026-08-13,CHANNEL,pickup_mismatch,JO,AMM,55370,1,0.00,2026-08-31 16:33:58.859 +0300
2026-08-13,CHANNEL,pickup_mismatch,JO,IRB,14278,0,0.00,2026-08-31 16:33:58.859 +0300
2026-08-13,CHANNEL,pickup_mismatch,JO,Others,1910,0,0.00,2026-08-31 16:33:58.859 +0300
2026-08-13,CHANNEL,pickup_mismatch,JO,Total,88489,1,0.00,2026-08-31 16:33:58.859 +0300
2026-08-13,CHANNEL,pickup_mismatch,JO,ZRQ,16931,0,0.00,2026-08-31 16:33:58.859 +0300
2026-08-13,CHANNEL,residual_fare_increase_net,JO,AMM,55370,6752,12.19,2026-08-31 16:33:58.859 +0300
2026-08-13,CHANNEL,residual_fare_increase_net,JO,IRB,14278,2942,20.61,2026-08-31 16:33:58.859 +0300
2026-08-13,CHANNEL,residual_fare_increase_net,JO,Others,1910,277,14.50,2026-08-31 16:33:58.859 +0300
2026-08-13,CHANNEL,residual_fare_increase_net,JO,Total,88489,12345,13.95,2026-08-31 16:33:58.859 +0300
2026-08-13,CHANNEL,residual_fare_increase_net,JO,ZRQ,16931,2374,14.02,2026-08-31 16:33:58.859 +0300
2026-08-13,CHANNEL,rounding_error,JO,AMM,55370,646,1.17,2026-08-31 16:33:58.859 +0300
2026-08-13,CHANNEL,rounding_error,JO,IRB,14278,157,1.10,2026-08-31 16:33:58.859 +0300
2026-08-13,CHANNEL,rounding_error,JO,Others,1910,22,1.15,2026-08-31 16:33:58.859 +0300
2026-08-13,CHANNEL,rounding_error,JO,Total,88489,999,1.13,2026-08-31 16:33:58.859 +0300
2026-08-13,CHANNEL,rounding_error,JO,ZRQ,16931,174,1.03,2026-08-31 16:33:58.859 +0300
2026-08-13,CHANNEL,spillover_recovery,JO,AMM,55370,942,1.70,2026-08-31 16:33:58.859 +0300
2026-08-13,CHANNEL,spillover_recovery,JO,IRB,14278,197,1.38,2026-08-31 16:33:58.859 +0300
2026-08-13,CHANNEL,spillover_recovery,JO,Others,1910,9,0.47,2026-08-31 16:33:58.859 +0300
2026-08-13,CHANNEL,spillover_recovery,JO,Total,88489,1197,1.35,2026-08-31 16:33:58.859 +0300
2026-08-13,CHANNEL,spillover_recovery,JO,ZRQ,16931,49,0.29,2026-08-31 16:33:58.859 +0300
2026-08-13,CHANNEL,surcharge_mismatch,JO,AMM,55370,18,0.03,2026-08-31 16:33:58.859 +0300
2026-08-13,CHANNEL,surcharge_mismatch,JO,IRB,14278,0,0.00,2026-08-31 16:33:58.859 +0300
2026-08-13,CHANNEL,surcharge_mismatch,JO,Others,1910,0,0.00,2026-08-31 16:33:58.859 +0300
2026-08-13,CHANNEL,surcharge_mismatch,JO,Total,88489,22,0.02,2026-08-31 16:33:58.859 +0300
2026-08-13,CHANNEL,surcharge_mismatch,JO,ZRQ,16931,4,0.02,2026-08-31 16:33:58.859 +0300
2026-08-13,CHANNEL,surge_mismatch,JO,AMM,55370,34,0.06,2026-08-31 16:33:58.859 +0300
2026-08-13,CHANNEL,surge_mismatch,JO,IRB,14278,0,0.00,2026-08-31 16:33:58.859 +0300
2026-08-13,CHANNEL,surge_mismatch,JO,Others,1910,0,0.00,2026-08-31 16:33:58.859 +0300
2026-08-13,CHANNEL,surge_mismatch,JO,Total,88489,36,0.04,2026-08-31 16:33:58.859 +0300
2026-08-13,CHANNEL,surge_mismatch,JO,ZRQ,16931,2,0.01,2026-08-31 16:33:58.859 +0300
2026-08-13,SCENARIO,beyondB,JO,AMM,55370,41,0.07,2026-08-31 16:33:58.859 +0300
2026-08-13,SCENARIO,beyondB,JO,IRB,14278,13,0.09,2026-08-31 16:33:58.859 +0300
2026-08-13,SCENARIO,beyondB,JO,Others,1910,1,0.05,2026-08-31 16:33:58.859 +0300
2026-08-13,SCENARIO,beyondB,JO,Total,88489,66,0.07,2026-08-31 16:33:58.859 +0300
2026-08-13,SCENARIO,beyondB,JO,ZRQ,16931,11,0.06,2026-08-31 16:33:58.859 +0300
2026-08-13,SCENARIO,withinA_at_dest,JO,AMM,55370,5967,10.78,2026-08-31 16:33:58.859 +0300
2026-08-13,SCENARIO,withinA_at_dest,JO,IRB,14278,1237,8.66,2026-08-31 16:33:58.859 +0300
2026-08-13,SCENARIO,withinA_at_dest,JO,Others,1910,209,10.94,2026-08-31 16:33:58.859 +0300
2026-08-13,SCENARIO,withinA_at_dest,JO,Total,88489,9006,10.18,2026-08-31 16:33:58.859 +0300
2026-08-13,SCENARIO,withinA_at_dest,JO,ZRQ,16931,1593,9.41,2026-08-31 16:33:58.859 +0300
2026-08-13,SCENARIO,withinA_not_dest,JO,AMM,55370,1944,3.51,2026-08-31 16:33:58.859 +0300
2026-08-13,SCENARIO,withinA_not_dest,JO,IRB,14278,924,6.47,2026-08-31 16:33:58.859 +0300
2026-08-13,SCENARIO,withinA_not_dest,JO,Others,1910,66,3.46,2026-08-31 16:33:58.859 +0300
2026-08-13,SCENARIO,withinA_not_dest,JO,Total,88489,3556,4.02,2026-08-31 16:33:58.859 +0300
2026-08-13,SCENARIO,withinA_not_dest,JO,ZRQ,16931,622,3.67,2026-08-31 16:33:58.859 +0300
2026-08-13,SCENARIO,withinB_at_dest,JO,AMM,55370,3351,6.05,2026-08-31 16:33:58.859 +0300
2026-08-13,SCENARIO,withinB_at_dest,JO,IRB,14278,1348,9.44,2026-08-31 16:33:58.859 +0300
2026-08-13,SCENARIO,withinB_at_dest,JO,Others,1910,130,6.81,2026-08-31 16:33:58.859 +0300
2026-08-13,SCENARIO,withinB_at_dest,JO,Total,88489,6160,6.96,2026-08-31 16:33:58.859 +0300
2026-08-13,SCENARIO,withinB_at_dest,JO,ZRQ,16931,1331,7.86,2026-08-31 16:33:58.859 +0300
2026-08-13,SCENARIO,withinB_not_dest,JO,AMM,55370,1523,2.75,2026-08-31 16:33:58.859 +0300
2026-08-13,SCENARIO,withinB_not_dest,JO,IRB,14278,730,5.11,2026-08-31 16:33:58.859 +0300
2026-08-13,SCENARIO,withinB_not_dest,JO,Others,1910,88,4.61,2026-08-31 16:33:58.859 +0300
2026-08-13,SCENARIO,withinB_not_dest,JO,Total,88489,2793,3.16,2026-08-31 16:33:58.859 +0300
2026-08-13,SCENARIO,withinB_not_dest,JO,ZRQ,16931,452,2.67,2026-08-31 16:33:58.859 +0300
2026-08-13,CAUSE_MIX,beyondB,SA,Total,44903,19,0.04,2026-08-31 16:33:58.859 +0300
2026-08-13,CAUSE_MIX,pickup_mismatch,SA,Total,44903,9,0.02,2026-08-31 16:33:58.859 +0300
2026-08-13,CAUSE_MIX,previous_wallet_balance,SA,Total,44903,7496,16.69,2026-08-31 16:33:58.859 +0300
2026-08-13,CAUSE_MIX,surcharge_mismatch,SA,Total,44903,863,1.92,2026-08-31 16:33:58.859 +0300
2026-08-13,CAUSE_MIX,surge_mismatch,SA,Total,44903,49,0.11,2026-08-31 16:33:58.859 +0300
2026-08-13,CAUSE_MIX,waiting_time,SA,Total,44903,21753,48.44,2026-08-31 16:33:58.859 +0300
2026-08-13,CAUSE_MIX,withinA_at_dest,SA,Total,44903,3403,7.58,2026-08-31 16:33:58.859 +0300
2026-08-13,CAUSE_MIX,withinA_not_dest,SA,Total,44903,1776,3.96,2026-08-31 16:33:58.859 +0300
2026-08-13,CAUSE_MIX,withinB_at_dest,SA,Total,44903,7088,15.79,2026-08-31 16:33:58.859 +0300
2026-08-13,CAUSE_MIX,withinB_not_dest,SA,Total,44903,2447,5.45,2026-08-31 16:33:58.859 +0300
2026-08-13,CHANNEL,cumulative_price_shocks_net,SA,DMM,7261,2368,32.61,2026-08-31 16:33:58.859 +0300
2026-08-13,CHANNEL,cumulative_price_shocks_net,SA,JED,32187,11726,36.43,2026-08-31 16:33:58.859 +0300
2026-08-13,CHANNEL,cumulative_price_shocks_net,SA,MAD,10641,3694,34.71,2026-08-31 16:33:58.859 +0300
2026-08-13,CHANNEL,cumulative_price_shocks_net,SA,MEC,5425,2170,40.00,2026-08-31 16:33:58.859 +0300
2026-08-13,CHANNEL,cumulative_price_shocks_net,SA,Others,12583,4716,37.48,2026-08-31 16:33:58.859 +0300
2026-08-13,CHANNEL,cumulative_price_shocks_net,SA,RUH,41476,12537,30.23,2026-08-31 16:33:58.859 +0300
2026-08-13,CHANNEL,cumulative_price_shocks_net,SA,Total,109573,37211,33.96,2026-08-31 16:33:58.859 +0300
2026-08-13,CHANNEL,pd_mismatch,SA,DMM,7261,0,0.00,2026-08-31 16:33:58.859 +0300
2026-08-13,CHANNEL,pd_mismatch,SA,JED,32187,0,0.00,2026-08-31 16:33:58.859 +0300
2026-08-13,CHANNEL,pd_mismatch,SA,MAD,10641,0,0.00,2026-08-31 16:33:58.859 +0300
2026-08-13,CHANNEL,pd_mismatch,SA,MEC,5425,0,0.00,2026-08-31 16:33:58.859 +0300
2026-08-13,CHANNEL,pd_mismatch,SA,Others,12583,0,0.00,2026-08-31 16:33:58.859 +0300
2026-08-13,CHANNEL,pd_mismatch,SA,RUH,41476,0,0.00,2026-08-31 16:33:58.859 +0300
2026-08-13,CHANNEL,pd_mismatch,SA,Total,109573,0,0.00,2026-08-31 16:33:58.859 +0300
2026-08-13,CHANNEL,pickup_mismatch,SA,DMM,7261,0,0.00,2026-08-31 16:33:58.859 +0300
2026-08-13,CHANNEL,pickup_mismatch,SA,JED,32187,2,0.01,2026-08-31 16:33:58.859 +0300
2026-08-13,CHANNEL,pickup_mismatch,SA,MAD,10641,1,0.01,2026-08-31 16:33:58.859 +0300
2026-08-13,CHANNEL,pickup_mismatch,SA,MEC,5425,0,0.00,2026-08-31 16:33:58.859 +0300
2026-08-13,CHANNEL,pickup_mismatch,SA,Others,12583,3,0.02,2026-08-31 16:33:58.859 +0300
2026-08-13,CHANNEL,pickup_mismatch,SA,RUH,41476,5,0.01,2026-08-31 16:33:58.859 +0300
2026-08-13,CHANNEL,pickup_mismatch,SA,Total,109573,11,0.01,2026-08-31 16:33:58.859 +0300
2026-08-13,CHANNEL,residual_fare_increase_net,SA,DMM,7261,1133,15.60,2026-08-31 16:33:58.859 +0300
2026-08-13,CHANNEL,residual_fare_increase_net,SA,JED,32187,5241,16.28,2026-08-31 16:33:58.859 +0300
2026-08-13,CHANNEL,residual_fare_increase_net,SA,MAD,10641,1756,16.50,2026-08-31 16:33:58.859 +0300
2026-08-13,CHANNEL,residual_fare_increase_net,SA,MEC,5425,996,18.36,2026-08-31 16:33:58.859 +0300
2026-08-13,CHANNEL,residual_fare_increase_net,SA,Others,12583,2367,18.81,2026-08-31 16:33:58.859 +0300
2026-08-13,CHANNEL,residual_fare_increase_net,SA,RUH,41476,5132,12.37,2026-08-31 16:33:58.859 +0300
2026-08-13,CHANNEL,residual_fare_increase_net,SA,Total,109573,16625,15.17,2026-08-31 16:33:58.859 +0300
2026-08-13,CHANNEL,rounding_error,SA,DMM,7261,127,1.75,2026-08-31 16:33:58.859 +0300
2026-08-13,CHANNEL,rounding_error,SA,JED,32187,788,2.45,2026-08-31 16:33:58.859 +0300
2026-08-13,CHANNEL,rounding_error,SA,MAD,10641,263,2.47,2026-08-31 16:33:58.859 +0300
2026-08-13,CHANNEL,rounding_error,SA,MEC,5425,100,1.84,2026-08-31 16:33:58.859 +0300
2026-08-13,CHANNEL,rounding_error,SA,Others,12583,231,1.84,2026-08-31 16:33:58.859 +0300
2026-08-13,CHANNEL,rounding_error,SA,RUH,41476,1058,2.55,2026-08-31 16:33:58.859 +0300
2026-08-13,CHANNEL,rounding_error,SA,Total,109573,2567,2.34,2026-08-31 16:33:58.859 +0300
2026-08-13,CHANNEL,spillover_recovery,SA,DMM,7261,381,5.25,2026-08-31 16:33:58.859 +0300
2026-08-13,CHANNEL,spillover_recovery,SA,JED,32187,2917,9.06,2026-08-31 16:33:58.859 +0300
2026-08-13,CHANNEL,spillover_recovery,SA,MAD,10641,700,6.58,2026-08-31 16:33:58.859 +0300
2026-08-13,CHANNEL,spillover_recovery,SA,MEC,5425,377,6.95,2026-08-31 16:33:58.859 +0300
2026-08-13,CHANNEL,spillover_recovery,SA,Others,12583,569,4.52,2026-08-31 16:33:58.859 +0300
2026-08-13,CHANNEL,spillover_recovery,SA,RUH,41476,3332,8.03,2026-08-31 16:33:58.859 +0300
2026-08-13,CHANNEL,spillover_recovery,SA,Total,109573,8276,7.55,2026-08-31 16:33:58.859 +0300
2026-08-13,CHANNEL,surcharge_mismatch,SA,DMM,7261,189,2.60,2026-08-31 16:33:58.859 +0300
2026-08-13,CHANNEL,surcharge_mismatch,SA,JED,32187,806,2.50,2026-08-31 16:33:58.859 +0300
2026-08-13,CHANNEL,surcharge_mismatch,SA,MAD,10641,178,1.67,2026-08-31 16:33:58.859 +0300
2026-08-13,CHANNEL,surcharge_mismatch,SA,MEC,5425,57,1.05,2026-08-31 16:33:58.859 +0300
2026-08-13,CHANNEL,surcharge_mismatch,SA,Others,12583,224,1.78,2026-08-31 16:33:58.859 +0300
2026-08-13,CHANNEL,surcharge_mismatch,SA,RUH,41476,758,1.83,2026-08-31 16:33:58.859 +0300
2026-08-13,CHANNEL,surcharge_mismatch,SA,Total,109573,2212,2.02,2026-08-31 16:33:58.859 +0300
2026-08-13,CHANNEL,surge_mismatch,SA,DMM,7261,3,0.04,2026-08-31 16:33:58.859 +0300
2026-08-13,CHANNEL,surge_mismatch,SA,JED,32187,26,0.08,2026-08-31 16:33:58.859 +0300
2026-08-13,CHANNEL,surge_mismatch,SA,MAD,10641,24,0.23,2026-08-31 16:33:58.859 +0300
2026-08-13,CHANNEL,surge_mismatch,SA,MEC,5425,4,0.07,2026-08-31 16:33:58.859 +0300
2026-08-13,CHANNEL,surge_mismatch,SA,Others,12583,0,0.00,2026-08-31 16:33:58.859 +0300
2026-08-13,CHANNEL,surge_mismatch,SA,RUH,41476,43,0.10,2026-08-31 16:33:58.859 +0300
2026-08-13,CHANNEL,surge_mismatch,SA,Total,109573,100,0.09,2026-08-31 16:33:58.859 +0300
2026-08-13,SCENARIO,beyondB,SA,DMM,7261,3,0.04,2026-08-31 16:33:58.859 +0300
2026-08-13,SCENARIO,beyondB,SA,JED,32187,6,0.02,2026-08-31 16:33:58.859 +0300
2026-08-13,SCENARIO,beyondB,SA,MAD,10641,0,0.00,2026-08-31 16:33:58.859 +0300
2026-08-13,SCENARIO,beyondB,SA,MEC,5425,2,0.04,2026-08-31 16:33:58.859 +0300
2026-08-13,SCENARIO,beyondB,SA,Others,12583,7,0.06,2026-08-31 16:33:58.859 +0300
2026-08-13,SCENARIO,beyondB,SA,RUH,41476,13,0.03,2026-08-31 16:33:58.859 +0300
2026-08-13,SCENARIO,beyondB,SA,Total,109573,31,0.03,2026-08-31 16:33:58.859 +0300
2026-08-13,SCENARIO,withinA_at_dest,SA,DMM,7261,1257,17.31,2026-08-31 16:33:58.859 +0300
2026-08-13,SCENARIO,withinA_at_dest,SA,JED,32187,6629,20.60,2026-08-31 16:33:58.859 +0300
2026-08-13,SCENARIO,withinA_at_dest,SA,MAD,10641,1961,18.43,2026-08-31 16:33:58.859 +0300
2026-08-13,SCENARIO,withinA_at_dest,SA,MEC,5425,1164,21.46,2026-08-31 16:33:58.859 +0300
2026-08-13,SCENARIO,withinA_at_dest,SA,Others,12583,2353,18.70,2026-08-31 16:33:58.859 +0300
2026-08-13,SCENARIO,withinA_at_dest,SA,RUH,41476,7760,18.71,2026-08-31 16:33:58.859 +0300
2026-08-13,SCENARIO,withinA_at_dest,SA,Total,109573,21124,19.28,2026-08-31 16:33:58.859 +0300
2026-08-13,SCENARIO,withinA_not_dest,SA,DMM,7261,172,2.37,2026-08-31 16:33:58.859 +0300
2026-08-13,SCENARIO,withinA_not_dest,SA,JED,32187,645,2.00,2026-08-31 16:33:58.859 +0300
2026-08-13,SCENARIO,withinA_not_dest,SA,MAD,10641,429,4.03,2026-08-31 16:33:58.859 +0300
2026-08-13,SCENARIO,withinA_not_dest,SA,MEC,5425,165,3.04,2026-08-31 16:33:58.859 +0300
2026-08-13,SCENARIO,withinA_not_dest,SA,Others,12583,453,3.60,2026-08-31 16:33:58.859 +0300
2026-08-13,SCENARIO,withinA_not_dest,SA,RUH,41476,1009,2.43,2026-08-31 16:33:58.859 +0300
2026-08-13,SCENARIO,withinA_not_dest,SA,Total,109573,2873,2.62,2026-08-31 16:33:58.859 +0300
2026-08-13,SCENARIO,withinB_at_dest,SA,DMM,7261,736,10.14,2026-08-31 16:33:58.859 +0300
2026-08-13,SCENARIO,withinB_at_dest,SA,JED,32187,3547,11.02,2026-08-31 16:33:58.859 +0300
2026-08-13,SCENARIO,withinB_at_dest,SA,MAD,10641,914,8.59,2026-08-31 16:33:58.859 +0300
2026-08-13,SCENARIO,withinB_at_dest,SA,MEC,5425,641,11.82,2026-08-31 16:33:58.859 +0300
2026-08-13,SCENARIO,withinB_at_dest,SA,Others,12583,1237,9.83,2026-08-31 16:33:58.859 +0300
2026-08-13,SCENARIO,withinB_at_dest,SA,RUH,41476,2564,6.18,2026-08-31 16:33:58.859 +0300
2026-08-13,SCENARIO,withinB_at_dest,SA,Total,109573,9639,8.80,2026-08-31 16:33:58.859 +0300
2026-08-13,SCENARIO,withinB_not_dest,SA,DMM,7261,200,2.75,2026-08-31 16:33:58.859 +0300
2026-08-13,SCENARIO,withinB_not_dest,SA,JED,32187,899,2.79,2026-08-31 16:33:58.859 +0300
2026-08-13,SCENARIO,withinB_not_dest,SA,MAD,10641,390,3.67,2026-08-31 16:33:58.859 +0300
2026-08-13,SCENARIO,withinB_not_dest,SA,MEC,5425,198,3.65,2026-08-31 16:33:58.859 +0300
2026-08-13,SCENARIO,withinB_not_dest,SA,Others,12583,666,5.29,2026-08-31 16:33:58.859 +0300
2026-08-13,SCENARIO,withinB_not_dest,SA,RUH,41476,1191,2.87,2026-08-31 16:33:58.859 +0300
2026-08-13,SCENARIO,withinB_not_dest,SA,Total,109573,3544,3.23,2026-08-31 16:33:58.859 +0300
2026-08-14,CAUSE_MIX,beyondB,JO,Total,13682,36,0.26,2026-08-31 16:33:58.859 +0300
2026-08-14,CAUSE_MIX,previous_wallet_balance,JO,Total,13682,728,5.32,2026-08-31 16:33:58.859 +0300
2026-08-14,CAUSE_MIX,surcharge_mismatch,JO,Total,13682,9,0.07,2026-08-31 16:33:58.859 +0300
2026-08-14,CAUSE_MIX,surge_mismatch,JO,Total,13682,6,0.04,2026-08-31 16:33:58.859 +0300
2026-08-14,CAUSE_MIX,waiting_time,JO,Total,13682,5934,43.37,2026-08-31 16:33:58.859 +0300
2026-08-14,CAUSE_MIX,withinA_at_dest,JO,Total,13682,861,6.29,2026-08-31 16:33:58.859 +0300
2026-08-14,CAUSE_MIX,withinA_not_dest,JO,Total,13682,1938,14.16,2026-08-31 16:33:58.859 +0300
2026-08-14,CAUSE_MIX,withinB_at_dest,JO,Total,13682,2675,19.55,2026-08-31 16:33:58.859 +0300
2026-08-14,CAUSE_MIX,withinB_not_dest,JO,Total,13682,1495,10.93,2026-08-31 16:33:58.859 +0300
2026-08-14,CHANNEL,cumulative_price_shocks_net,JO,AMM,34216,7752,22.66,2026-08-31 16:33:58.859 +0300
2026-08-14,CHANNEL,cumulative_price_shocks_net,JO,IRB,7345,2131,29.01,2026-08-31 16:33:58.859 +0300
2026-08-14,CHANNEL,cumulative_price_shocks_net,JO,Others,1216,361,29.69,2026-08-31 16:33:58.859 +0300
2026-08-14,CHANNEL,cumulative_price_shocks_net,JO,Total,54393,12953,23.81,2026-08-31 16:33:58.859 +0300
2026-08-14,CHANNEL,cumulative_price_shocks_net,JO,ZRQ,11616,2709,23.32,2026-08-31 16:33:58.859 +0300
2026-08-14,CHANNEL,pd_mismatch,JO,AMM,34216,0,0.00,2026-08-31 16:33:58.859 +0300
2026-08-14,CHANNEL,pd_mismatch,JO,IRB,7345,0,0.00,2026-08-31 16:33:58.859 +0300
2026-08-14,CHANNEL,pd_mismatch,JO,Others,1216,0,0.00,2026-08-31 16:33:58.859 +0300
2026-08-14,CHANNEL,pd_mismatch,JO,Total,54393,0,0.00,2026-08-31 16:33:58.859 +0300
2026-08-14,CHANNEL,pd_mismatch,JO,ZRQ,11616,0,0.00,2026-08-31 16:33:58.859 +0300
2026-08-14,CHANNEL,pickup_mismatch,JO,AMM,34216,0,0.00,2026-08-31 16:33:58.859 +0300
2026-08-14,CHANNEL,pickup_mismatch,JO,IRB,7345,0,0.00,2026-08-31 16:33:58.859 +0300
2026-08-14,CHANNEL,pickup_mismatch,JO,Others,1216,0,0.00,2026-08-31 16:33:58.859 +0300
2026-08-14,CHANNEL,pickup_mismatch,JO,Total,54393,0,0.00,2026-08-31 16:33:58.859 +0300
2026-08-14,CHANNEL,pickup_mismatch,JO,ZRQ,11616,0,0.00,2026-08-31 16:33:58.859 +0300
2026-08-14,CHANNEL,residual_fare_increase_net,JO,AMM,34216,3938,11.51,2026-08-31 16:33:58.859 +0300
2026-08-14,CHANNEL,residual_fare_increase_net,JO,IRB,7345,1497,20.38,2026-08-31 16:33:58.859 +0300
2026-08-14,CHANNEL,residual_fare_increase_net,JO,Others,1216,221,18.17,2026-08-31 16:33:58.859 +0300
2026-08-14,CHANNEL,residual_fare_increase_net,JO,Total,54393,7210,13.26,2026-08-31 16:33:58.859 +0300
2026-08-14,CHANNEL,residual_fare_increase_net,JO,ZRQ,11616,1554,13.38,2026-08-31 16:33:58.859 +0300
2026-08-14,CHANNEL,rounding_error,JO,AMM,34216,391,1.14,2026-08-31 16:33:58.859 +0300
2026-08-14,CHANNEL,rounding_error,JO,IRB,7345,85,1.16,2026-08-31 16:33:58.859 +0300
2026-08-14,CHANNEL,rounding_error,JO,Others,1216,18,1.48,2026-08-31 16:33:58.859 +0300
2026-08-14,CHANNEL,rounding_error,JO,Total,54393,623,1.15,2026-08-31 16:33:58.859 +0300
2026-08-14,CHANNEL,rounding_error,JO,ZRQ,11616,129,1.11,2026-08-31 16:33:58.859 +0300
2026-08-14,CHANNEL,spillover_recovery,JO,AMM,34216,645,1.89,2026-08-31 16:33:58.859 +0300
2026-08-14,CHANNEL,spillover_recovery,JO,IRB,7345,84,1.14,2026-08-31 16:33:58.859 +0300
2026-08-14,CHANNEL,spillover_recovery,JO,Others,1216,4,0.33,2026-08-31 16:33:58.859 +0300
2026-08-14,CHANNEL,spillover_recovery,JO,Total,54393,767,1.41,2026-08-31 16:33:58.859 +0300
2026-08-14,CHANNEL,spillover_recovery,JO,ZRQ,11616,34,0.29,2026-08-31 16:33:58.859 +0300
2026-08-14,CHANNEL,surcharge_mismatch,JO,AMM,34216,15,0.04,2026-08-31 16:33:58.859 +0300
2026-08-14,CHANNEL,surcharge_mismatch,JO,IRB,7345,0,0.00,2026-08-31 16:33:58.859 +0300
2026-08-14,CHANNEL,surcharge_mismatch,JO,Others,1216,1,0.08,2026-08-31 16:33:58.859 +0300
2026-08-14,CHANNEL,surcharge_mismatch,JO,Total,54393,20,0.04,2026-08-31 16:33:58.859 +0300
2026-08-14,CHANNEL,surcharge_mismatch,JO,ZRQ,11616,4,0.03,2026-08-31 16:33:58.859 +0300
2026-08-14,CHANNEL,surge_mismatch,JO,AMM,34216,10,0.03,2026-08-31 16:33:58.859 +0300
2026-08-14,CHANNEL,surge_mismatch,JO,IRB,7345,1,0.01,2026-08-31 16:33:58.859 +0300
2026-08-14,CHANNEL,surge_mismatch,JO,Others,1216,0,0.00,2026-08-31 16:33:58.859 +0300
2026-08-14,CHANNEL,surge_mismatch,JO,Total,54393,11,0.02,2026-08-31 16:33:58.859 +0300
2026-08-14,CHANNEL,surge_mismatch,JO,ZRQ,11616,0,0.00,2026-08-31 16:33:58.859 +0300
2026-08-14,SCENARIO,beyondB,JO,AMM,34216,29,0.08,2026-08-31 16:33:58.859 +0300
2026-08-14,SCENARIO,beyondB,JO,IRB,7345,6,0.08,2026-08-31 16:33:58.859 +0300
2026-08-14,SCENARIO,beyondB,JO,Others,1216,1,0.08,2026-08-31 16:33:58.859 +0300
2026-08-14,SCENARIO,beyondB,JO,Total,54393,40,0.07,2026-08-31 16:33:58.859 +0300
2026-08-14,SCENARIO,beyondB,JO,ZRQ,11616,4,0.03,2026-08-31 16:33:58.859 +0300
2026-08-14,SCENARIO,withinA_at_dest,JO,AMM,34216,3718,10.87,2026-08-31 16:33:58.859 +0300
2026-08-14,SCENARIO,withinA_at_dest,JO,IRB,7345,605,8.24,2026-08-31 16:33:58.859 +0300
2026-08-14,SCENARIO,withinA_at_dest,JO,Others,1216,135,11.10,2026-08-31 16:33:58.859 +0300
2026-08-14,SCENARIO,withinA_at_dest,JO,Total,54393,5583,10.26,2026-08-31 16:33:58.859 +0300
2026-08-14,SCENARIO,withinA_at_dest,JO,ZRQ,11616,1125,9.68,2026-08-31 16:33:58.859 +0300
2026-08-14,SCENARIO,withinA_not_dest,JO,AMM,34216,1384,4.04,2026-08-31 16:33:58.859 +0300
2026-08-14,SCENARIO,withinA_not_dest,JO,IRB,7345,530,7.22,2026-08-31 16:33:58.859 +0300
2026-08-14,SCENARIO,withinA_not_dest,JO,Others,1216,65,5.35,2026-08-31 16:33:58.859 +0300
2026-08-14,SCENARIO,withinA_not_dest,JO,Total,54393,2416,4.44,2026-08-31 16:33:58.859 +0300
2026-08-14,SCENARIO,withinA_not_dest,JO,ZRQ,11616,437,3.76,2026-08-31 16:33:58.859 +0300
2026-08-14,SCENARIO,withinB_at_dest,JO,AMM,34216,1635,4.78,2026-08-31 16:33:58.859 +0300
2026-08-14,SCENARIO,withinB_at_dest,JO,IRB,7345,571,7.77,2026-08-31 16:33:58.859 +0300
2026-08-14,SCENARIO,withinB_at_dest,JO,Others,1216,97,7.98,2026-08-31 16:33:58.859 +0300
2026-08-14,SCENARIO,withinB_at_dest,JO,Total,54393,3099,5.70,2026-08-31 16:33:58.859 +0300
2026-08-14,SCENARIO,withinB_at_dest,JO,ZRQ,11616,796,6.85,2026-08-31 16:33:58.859 +0300
2026-08-14,SCENARIO,withinB_not_dest,JO,AMM,34216,986,2.88,2026-08-31 16:33:58.859 +0300
2026-08-14,SCENARIO,withinB_not_dest,JO,IRB,7345,419,5.70,2026-08-31 16:33:58.859 +0300
2026-08-14,SCENARIO,withinB_not_dest,JO,Others,1216,63,5.18,2026-08-31 16:33:58.859 +0300
2026-08-14,SCENARIO,withinB_not_dest,JO,Total,54393,1815,3.34,2026-08-31 16:33:58.859 +0300
2026-08-14,SCENARIO,withinB_not_dest,JO,ZRQ,11616,347,2.99,2026-08-31 16:33:58.859 +0300
2026-08-14,CAUSE_MIX,beyondB,SA,Total,32415,12,0.04,2026-08-31 16:33:58.859 +0300
2026-08-14,CAUSE_MIX,pickup_mismatch,SA,Total,32415,3,0.01,2026-08-31 16:33:58.859 +0300
2026-08-14,CAUSE_MIX,previous_wallet_balance,SA,Total,32415,4717,14.55,2026-08-31 16:33:58.859 +0300
2026-08-14,CAUSE_MIX,surcharge_mismatch,SA,Total,32415,632,1.95,2026-08-31 16:33:58.859 +0300
2026-08-14,CAUSE_MIX,surge_mismatch,SA,Total,32415,40,0.12,2026-08-31 16:33:58.859 +0300
2026-08-14,CAUSE_MIX,waiting_time,SA,Total,32415,16367,50.49,2026-08-31 16:33:58.859 +0300
2026-08-14,CAUSE_MIX,withinA_at_dest,SA,Total,32415,2395,7.39,2026-08-31 16:33:58.859 +0300
2026-08-14,CAUSE_MIX,withinA_not_dest,SA,Total,32415,1451,4.48,2026-08-31 16:33:58.859 +0300
2026-08-14,CAUSE_MIX,withinB_at_dest,SA,Total,32415,4923,15.19,2026-08-31 16:33:58.859 +0300
2026-08-14,CAUSE_MIX,withinB_not_dest,SA,Total,32415,1875,5.78,2026-08-31 16:33:58.859 +0300
2026-08-14,CHANNEL,cumulative_price_shocks_net,SA,DMM,4493,1691,37.64,2026-08-31 16:33:58.859 +0300
2026-08-14,CHANNEL,cumulative_price_shocks_net,SA,JED,22020,8467,38.45,2026-08-31 16:33:58.859 +0300
2026-08-14,CHANNEL,cumulative_price_shocks_net,SA,MAD,8436,3166,37.53,2026-08-31 16:33:58.859 +0300
2026-08-14,CHANNEL,cumulative_price_shocks_net,SA,MEC,4077,1732,42.48,2026-08-31 16:33:58.859 +0300
2026-08-14,CHANNEL,cumulative_price_shocks_net,SA,Others,9727,3755,38.60,2026-08-31 16:33:58.859 +0300
2026-08-14,CHANNEL,cumulative_price_shocks_net,SA,RUH,26839,8747,32.59,2026-08-31 16:33:58.859 +0300
2026-08-14,CHANNEL,cumulative_price_shocks_net,SA,Total,75592,27558,36.46,2026-08-31 16:33:58.859 +0300
2026-08-14,CHANNEL,pd_mismatch,SA,DMM,4493,0,0.00,2026-08-31 16:33:58.859 +0300
2026-08-14,CHANNEL,pd_mismatch,SA,JED,22020,0,0.00,2026-08-31 16:33:58.859 +0300
2026-08-14,CHANNEL,pd_mismatch,SA,MAD,8436,0,0.00,2026-08-31 16:33:58.859 +0300
2026-08-14,CHANNEL,pd_mismatch,SA,MEC,4077,0,0.00,2026-08-31 16:33:58.859 +0300
2026-08-14,CHANNEL,pd_mismatch,SA,Others,9727,0,0.00,2026-08-31 16:33:58.859 +0300
2026-08-14,CHANNEL,pd_mismatch,SA,RUH,26839,0,0.00,2026-08-31 16:33:58.859 +0300
2026-08-14,CHANNEL,pd_mismatch,SA,Total,75592,0,0.00,2026-08-31 16:33:58.859 +0300
2026-08-14,CHANNEL,pickup_mismatch,SA,DMM,4493,1,0.02,2026-08-31 16:33:58.859 +0300
2026-08-14,CHANNEL,pickup_mismatch,SA,JED,22020,0,0.00,2026-08-31 16:33:58.859 +0300
2026-08-14,CHANNEL,pickup_mismatch,SA,MAD,8436,1,0.01,2026-08-31 16:33:58.859 +0300
2026-08-14,CHANNEL,pickup_mismatch,SA,MEC,4077,0,0.00,2026-08-31 16:33:58.859 +0300
2026-08-14,CHANNEL,pickup_mismatch,SA,Others,9727,2,0.02,2026-08-31 16:33:58.859 +0300
2026-08-14,CHANNEL,pickup_mismatch,SA,RUH,26839,0,0.00,2026-08-31 16:33:58.859 +0300
2026-08-14,CHANNEL,pickup_mismatch,SA,Total,75592,4,0.01,2026-08-31 16:33:58.859 +0300
2026-08-14,CHANNEL,residual_fare_increase_net,SA,DMM,4493,811,18.05,2026-08-31 16:33:58.859 +0300
2026-08-14,CHANNEL,residual_fare_increase_net,SA,JED,22020,3747,17.02,2026-08-31 16:33:58.859 +0300
2026-08-14,CHANNEL,residual_fare_increase_net,SA,MAD,8436,1556,18.44,2026-08-31 16:33:58.859 +0300
2026-08-14,CHANNEL,residual_fare_increase_net,SA,MEC,4077,769,18.86,2026-08-31 16:33:58.859 +0300
2026-08-14,CHANNEL,residual_fare_increase_net,SA,Others,9727,1908,19.62,2026-08-31 16:33:58.859 +0300
2026-08-14,CHANNEL,residual_fare_increase_net,SA,RUH,26839,3683,13.72,2026-08-31 16:33:58.859 +0300
2026-08-14,CHANNEL,residual_fare_increase_net,SA,Total,75592,12474,16.50,2026-08-31 16:33:58.859 +0300
2026-08-14,CHANNEL,rounding_error,SA,DMM,4493,66,1.47,2026-08-31 16:33:58.859 +0300
2026-08-14,CHANNEL,rounding_error,SA,JED,22020,567,2.57,2026-08-31 16:33:58.859 +0300
2026-08-14,CHANNEL,rounding_error,SA,MAD,8436,261,3.09,2026-08-31 16:33:58.859 +0300
2026-08-14,CHANNEL,rounding_error,SA,MEC,4077,67,1.64,2026-08-31 16:33:58.859 +0300
2026-08-14,CHANNEL,rounding_error,SA,Others,9727,187,1.92,2026-08-31 16:33:58.859 +0300
2026-08-14,CHANNEL,rounding_error,SA,RUH,26839,743,2.77,2026-08-31 16:33:58.859 +0300
2026-08-14,CHANNEL,rounding_error,SA,Total,75592,1891,2.50,2026-08-31 16:33:58.859 +0300
2026-08-14,CHANNEL,spillover_recovery,SA,DMM,4493,207,4.61,2026-08-31 16:33:58.859 +0300
2026-08-14,CHANNEL,spillover_recovery,SA,JED,22020,1885,8.56,2026-08-31 16:33:58.859 +0300
2026-08-14,CHANNEL,spillover_recovery,SA,MAD,8436,563,6.67,2026-08-31 16:33:58.859 +0300
2026-08-14,CHANNEL,spillover_recovery,SA,MEC,4077,240,5.89,2026-08-31 16:33:58.859 +0300
2026-08-14,CHANNEL,spillover_recovery,SA,Others,9727,444,4.56,2026-08-31 16:33:58.859 +0300
2026-08-14,CHANNEL,spillover_recovery,SA,RUH,26839,1883,7.02,2026-08-31 16:33:58.859 +0300
2026-08-14,CHANNEL,spillover_recovery,SA,Total,75592,5222,6.91,2026-08-31 16:33:58.859 +0300
2026-08-14,CHANNEL,surcharge_mismatch,SA,DMM,4493,91,2.03,2026-08-31 16:33:58.859 +0300
2026-08-14,CHANNEL,surcharge_mismatch,SA,JED,22020,625,2.84,2026-08-31 16:33:58.859 +0300
2026-08-14,CHANNEL,surcharge_mismatch,SA,MAD,8436,209,2.48,2026-08-31 16:33:58.859 +0300
2026-08-14,CHANNEL,surcharge_mismatch,SA,MEC,4077,49,1.20,2026-08-31 16:33:58.859 +0300
2026-08-14,CHANNEL,surcharge_mismatch,SA,Others,9727,154,1.58,2026-08-31 16:33:58.859 +0300
2026-08-14,CHANNEL,surcharge_mismatch,SA,RUH,26839,496,1.85,2026-08-31 16:33:58.859 +0300
2026-08-14,CHANNEL,surcharge_mismatch,SA,Total,75592,1624,2.15,2026-08-31 16:33:58.859 +0300
2026-08-14,CHANNEL,surge_mismatch,SA,DMM,4493,2,0.04,2026-08-31 16:33:58.859 +0300
2026-08-14,CHANNEL,surge_mismatch,SA,JED,22020,19,0.09,2026-08-31 16:33:58.859 +0300
2026-08-14,CHANNEL,surge_mismatch,SA,MAD,8436,7,0.08,2026-08-31 16:33:58.859 +0300
2026-08-14,CHANNEL,surge_mismatch,SA,MEC,4077,7,0.17,2026-08-31 16:33:58.859 +0300
2026-08-14,CHANNEL,surge_mismatch,SA,Others,9727,0,0.00,2026-08-31 16:33:58.859 +0300
2026-08-14,CHANNEL,surge_mismatch,SA,RUH,26839,38,0.14,2026-08-31 16:33:58.859 +0300
2026-08-14,CHANNEL,surge_mismatch,SA,Total,75592,73,0.10,2026-08-31 16:33:58.859 +0300
2026-08-14,SCENARIO,beyondB,SA,DMM,4493,0,0.00,2026-08-31 16:33:58.859 +0300
2026-08-14,SCENARIO,beyondB,SA,JED,22020,3,0.01,2026-08-31 16:33:58.859 +0300
2026-08-14,SCENARIO,beyondB,SA,MAD,8436,1,0.01,2026-08-31 16:33:58.859 +0300
2026-08-14,SCENARIO,beyondB,SA,MEC,4077,0,0.00,2026-08-31 16:33:58.859 +0300
2026-08-14,SCENARIO,beyondB,SA,Others,9727,9,0.09,2026-08-31 16:33:58.859 +0300
2026-08-14,SCENARIO,beyondB,SA,RUH,26839,10,0.04,2026-08-31 16:33:58.859 +0300
2026-08-14,SCENARIO,beyondB,SA,Total,75592,23,0.03,2026-08-31 16:33:58.859 +0300
2026-08-14,SCENARIO,withinA_at_dest,SA,DMM,4493,884,19.68,2026-08-31 16:33:58.859 +0300
2026-08-14,SCENARIO,withinA_at_dest,SA,JED,22020,4789,21.75,2026-08-31 16:33:58.859 +0300
2026-08-14,SCENARIO,withinA_at_dest,SA,MAD,8436,1616,19.16,2026-08-31 16:33:58.859 +0300
2026-08-14,SCENARIO,withinA_at_dest,SA,MEC,4077,930,22.81,2026-08-31 16:33:58.859 +0300
2026-08-14,SCENARIO,withinA_at_dest,SA,Others,9727,1836,18.88,2026-08-31 16:33:58.859 +0300
2026-08-14,SCENARIO,withinA_at_dest,SA,RUH,26839,5206,19.40,2026-08-31 16:33:58.859 +0300
2026-08-14,SCENARIO,withinA_at_dest,SA,Total,75592,15261,20.19,2026-08-31 16:33:58.859 +0300
2026-08-14,SCENARIO,withinA_not_dest,SA,DMM,4493,149,3.32,2026-08-31 16:33:58.859 +0300
2026-08-14,SCENARIO,withinA_not_dest,SA,JED,22020,567,2.57,2026-08-31 16:33:58.859 +0300
2026-08-14,SCENARIO,withinA_not_dest,SA,MAD,8436,383,4.54,2026-08-31 16:33:58.859 +0300
2026-08-14,SCENARIO,withinA_not_dest,SA,MEC,4077,152,3.73,2026-08-31 16:33:58.859 +0300
2026-08-14,SCENARIO,withinA_not_dest,SA,Others,9727,382,3.93,2026-08-31 16:33:58.859 +0300
2026-08-14,SCENARIO,withinA_not_dest,SA,RUH,26839,833,3.10,2026-08-31 16:33:58.859 +0300
2026-08-14,SCENARIO,withinA_not_dest,SA,Total,75592,2466,3.26,2026-08-31 16:33:58.859 +0300
2026-08-14,SCENARIO,withinB_at_dest,SA,DMM,4493,502,11.17,2026-08-31 16:33:58.859 +0300
2026-08-14,SCENARIO,withinB_at_dest,SA,JED,22020,2404,10.92,2026-08-31 16:33:58.859 +0300
2026-08-14,SCENARIO,withinB_at_dest,SA,MAD,8436,806,9.55,2026-08-31 16:33:58.859 +0300
2026-08-14,SCENARIO,withinB_at_dest,SA,MEC,4077,458,11.23,2026-08-31 16:33:58.859 +0300
2026-08-14,SCENARIO,withinB_at_dest,SA,Others,9727,987,10.15,2026-08-31 16:33:58.859 +0300
2026-08-14,SCENARIO,withinB_at_dest,SA,RUH,26839,1838,6.85,2026-08-31 16:33:58.859 +0300
2026-08-14,SCENARIO,withinB_at_dest,SA,Total,75592,6995,9.25,2026-08-31 16:33:58.859 +0300
2026-08-14,SCENARIO,withinB_not_dest,SA,DMM,4493,156,3.47,2026-08-31 16:33:58.859 +0300
2026-08-14,SCENARIO,withinB_not_dest,SA,JED,22020,704,3.20,2026-08-31 16:33:58.859 +0300
2026-08-14,SCENARIO,withinB_not_dest,SA,MAD,8436,360,4.27,2026-08-31 16:33:58.859 +0300
2026-08-14,SCENARIO,withinB_not_dest,SA,MEC,4077,192,4.71,2026-08-31 16:33:58.859 +0300
2026-08-14,SCENARIO,withinB_not_dest,SA,Others,9727,541,5.56,2026-08-31 16:33:58.859 +0300
2026-08-14,SCENARIO,withinB_not_dest,SA,RUH,26839,860,3.20,2026-08-31 16:33:58.859 +0300
2026-08-14,SCENARIO,withinB_not_dest,SA,Total,75592,2813,3.72,2026-08-31 16:33:58.859 +0300
2026-08-15,CAUSE_MIX,beyondB,JO,Total,18155,51,0.28,2026-08-31 16:33:58.859 +0300
2026-08-15,CAUSE_MIX,pickup_mismatch,JO,Total,18155,2,0.01,2026-08-31 16:33:58.859 +0300
2026-08-15,CAUSE_MIX,previous_wallet_balance,JO,Total,18155,947,5.22,2026-08-31 16:33:58.859 +0300
2026-08-15,CAUSE_MIX,surcharge_mismatch,JO,Total,18155,12,0.07,2026-08-31 16:33:58.859 +0300
2026-08-15,CAUSE_MIX,surge_mismatch,JO,Total,18155,6,0.03,2026-08-31 16:33:58.859 +0300
2026-08-15,CAUSE_MIX,waiting_time,JO,Total,18155,8216,45.25,2026-08-31 16:33:58.859 +0300
2026-08-15,CAUSE_MIX,withinA_at_dest,JO,Total,18155,970,5.34,2026-08-31 16:33:58.859 +0300
2026-08-15,CAUSE_MIX,withinA_not_dest,JO,Total,18155,2274,12.53,2026-08-31 16:33:58.859 +0300
2026-08-15,CAUSE_MIX,withinB_at_dest,JO,Total,18155,3791,20.88,2026-08-31 16:33:58.859 +0300
2026-08-15,CAUSE_MIX,withinB_not_dest,JO,Total,18155,1886,10.39,2026-08-31 16:33:58.859 +0300
2026-08-15,CHANNEL,cumulative_price_shocks_net,JO,AMM,46898,10280,21.92,2026-08-31 16:33:58.859 +0300
2026-08-15,CHANNEL,cumulative_price_shocks_net,JO,IRB,10221,2961,28.97,2026-08-31 16:33:58.859 +0300
2026-08-01,SCENARIO,withinA_not_dest,SA,JED,28800,677,2.35,2026-08-31 16:33:58.859 +0300
2026-08-01,SCENARIO,withinA_not_dest,SA,MAD,9706,395,4.07,2026-08-31 16:33:58.859 +0300
2026-08-01,SCENARIO,withinA_not_dest,SA,MEC,5092,173,3.40,2026-08-31 16:33:58.859 +0300
2026-08-01,SCENARIO,withinA_not_dest,SA,Others,11202,431,3.85,2026-08-31 16:33:58.859 +0300
2026-08-01,SCENARIO,withinA_not_dest,SA,RUH,34543,985,2.85,2026-08-31 16:33:58.859 +0300
2026-08-01,SCENARIO,withinA_not_dest,SA,Total,94555,2808,2.97,2026-08-31 16:33:58.859 +0300
2026-08-01,SCENARIO,withinB_at_dest,SA,DMM,5212,598,11.47,2026-08-31 16:33:58.859 +0300
2026-08-01,SCENARIO,withinB_at_dest,SA,JED,28800,3518,12.22,2026-08-31 16:33:58.859 +0300
2026-08-01,SCENARIO,withinB_at_dest,SA,MAD,9706,915,9.43,2026-08-31 16:33:58.859 +0300
2026-08-01,SCENARIO,withinB_at_dest,SA,MEC,5092,541,10.62,2026-08-31 16:33:58.859 +0300
2026-08-01,SCENARIO,withinB_at_dest,SA,Others,11202,1218,10.87,2026-08-31 16:33:58.859 +0300
2026-08-01,SCENARIO,withinB_at_dest,SA,RUH,34543,2297,6.65,2026-08-31 16:33:58.859 +0300
2026-08-01,SCENARIO,withinB_at_dest,SA,Total,94555,9087,9.61,2026-08-31 16:33:58.859 +0300
2026-08-01,SCENARIO,withinB_not_dest,SA,DMM,5212,168,3.22,2026-08-31 16:33:58.859 +0300
2026-08-01,SCENARIO,withinB_not_dest,SA,JED,28800,979,3.40,2026-08-31 16:33:58.859 +0300
2026-08-01,SCENARIO,withinB_not_dest,SA,MAD,9706,376,3.87,2026-08-31 16:33:58.859 +0300
2026-08-01,SCENARIO,withinB_not_dest,SA,MEC,5092,210,4.12,2026-08-31 16:33:58.859 +0300
2026-08-01,SCENARIO,withinB_not_dest,SA,Others,11202,712,6.36,2026-08-31 16:33:58.859 +0300
2026-08-01,SCENARIO,withinB_not_dest,SA,RUH,34543,1086,3.14,2026-08-31 16:33:58.859 +0300
2026-08-01,SCENARIO,withinB_not_dest,SA,Total,94555,3531,3.73,2026-08-31 16:33:58.859 +0300
2026-08-02,CAUSE_MIX,beyondB,JO,Total,22875,49,0.21,2026-08-31 16:33:58.859 +0300
2026-08-02,CAUSE_MIX,pickup_mismatch,JO,Total,22875,2,0.01,2026-08-31 16:33:58.859 +0300
2026-08-02,CAUSE_MIX,previous_wallet_balance,JO,Total,22875,1153,5.04,2026-08-31 16:33:58.859 +0300
2026-08-02,CAUSE_MIX,surcharge_mismatch,JO,Total,22875,13,0.06,2026-08-31 16:33:58.859 +0300
2026-08-02,CAUSE_MIX,surge_mismatch,JO,Total,22875,19,0.08,2026-08-31 16:33:58.859 +0300
2026-08-02,CAUSE_MIX,waiting_time,JO,Total,22875,9455,41.33,2026-08-31 16:33:58.859 +0300
2026-08-02,CAUSE_MIX,withinA_at_dest,JO,Total,22875,1402,6.13,2026-08-31 16:33:58.859 +0300
2026-08-02,CAUSE_MIX,withinA_not_dest,JO,Total,22875,2657,11.62,2026-08-31 16:33:58.859 +0300
2026-08-02,CAUSE_MIX,withinB_at_dest,JO,Total,22875,5624,24.59,2026-08-31 16:33:58.859 +0300
2026-08-02,CAUSE_MIX,withinB_not_dest,JO,Total,22875,2501,10.93,2026-08-31 16:33:58.859 +0300
2026-08-02,CHANNEL,cumulative_price_shocks_net,JO,AMM,57314,13258,23.13,2026-08-31 16:33:58.859 +0300
2026-08-02,CHANNEL,cumulative_price_shocks_net,JO,IRB,15112,4198,27.78,2026-08-31 16:33:58.859 +0300
2026-08-02,CHANNEL,cumulative_price_shocks_net,JO,Others,2125,575,27.06,2026-08-31 16:33:58.859 +0300
2026-08-02,CHANNEL,cumulative_price_shocks_net,JO,Total,90888,21720,23.90,2026-08-31 16:33:58.859 +0300
2026-08-02,CHANNEL,cumulative_price_shocks_net,JO,ZRQ,16337,3689,22.58,2026-08-31 16:33:58.859 +0300
2026-08-02,CHANNEL,pd_mismatch,JO,AMM,57314,0,0.00,2026-08-31 16:33:58.859 +0300
2026-08-02,CHANNEL,pd_mismatch,JO,IRB,15112,0,0.00,2026-08-31 16:33:58.859 +0300
2026-08-02,CHANNEL,pd_mismatch,JO,Others,2125,0,0.00,2026-08-31 16:33:58.859 +0300
2026-08-02,CHANNEL,pd_mismatch,JO,Total,90888,0,0.00,2026-08-31 16:33:58.859 +0300
2026-08-02,CHANNEL,pd_mismatch,JO,ZRQ,16337,0,0.00,2026-08-31 16:33:58.859 +0300
2026-08-02,CHANNEL,pickup_mismatch,JO,AMM,57314,1,0.00,2026-08-31 16:33:58.859 +0300
2026-08-02,CHANNEL,pickup_mismatch,JO,IRB,15112,0,0.00,2026-08-31 16:33:58.859 +0300
2026-08-02,CHANNEL,pickup_mismatch,JO,Others,2125,0,0.00,2026-08-31 16:33:58.859 +0300
2026-08-02,CHANNEL,pickup_mismatch,JO,Total,90888,4,0.00,2026-08-31 16:33:58.859 +0300
2026-08-02,CHANNEL,pickup_mismatch,JO,ZRQ,16337,3,0.02,2026-08-31 16:33:58.859 +0300
2026-08-02,CHANNEL,residual_fare_increase_net,JO,AMM,57314,7292,12.72,2026-08-31 16:33:58.859 +0300
2026-08-02,CHANNEL,residual_fare_increase_net,JO,IRB,15112,2807,18.57,2026-08-31 16:33:58.859 +0300
2026-08-02,CHANNEL,residual_fare_increase_net,JO,Others,2125,314,14.78,2026-08-31 16:33:58.859 +0300
2026-08-02,CHANNEL,residual_fare_increase_net,JO,Total,90888,12615,13.88,2026-08-31 16:33:58.859 +0300
2026-08-02,CHANNEL,residual_fare_increase_net,JO,ZRQ,16337,2202,13.48,2026-08-31 16:33:58.859 +0300
2026-08-02,CHANNEL,rounding_error,JO,AMM,57314,585,1.02,2026-08-31 16:33:58.859 +0300
2026-08-02,CHANNEL,rounding_error,JO,IRB,15112,153,1.01,2026-08-31 16:33:58.859 +0300
2026-08-02,CHANNEL,rounding_error,JO,Others,2125,21,0.99,2026-08-31 16:33:58.859 +0300
2026-08-02,CHANNEL,rounding_error,JO,Total,90888,936,1.03,2026-08-31 16:33:58.859 +0300
2026-08-02,CHANNEL,rounding_error,JO,ZRQ,16337,177,1.08,2026-08-31 16:33:58.859 +0300
2026-08-02,CHANNEL,spillover_recovery,JO,AMM,57314,985,1.72,2026-08-31 16:33:58.859 +0300
2026-08-02,CHANNEL,spillover_recovery,JO,IRB,15112,182,1.20,2026-08-31 16:33:58.859 +0300
2026-08-02,CHANNEL,spillover_recovery,JO,Others,2125,11,0.52,2026-08-31 16:33:58.859 +0300
2026-08-02,CHANNEL,spillover_recovery,JO,Total,90888,1234,1.36,2026-08-31 16:33:58.859 +0300
2026-08-02,CHANNEL,spillover_recovery,JO,ZRQ,16337,56,0.34,2026-08-31 16:33:58.859 +0300
2026-08-02,CHANNEL,surcharge_mismatch,JO,AMM,57314,15,0.03,2026-08-31 16:33:58.859 +0300
2026-08-02,CHANNEL,surcharge_mismatch,JO,IRB,15112,0,0.00,2026-08-31 16:33:58.859 +0300
2026-08-02,CHANNEL,surcharge_mismatch,JO,Others,2125,1,0.05,2026-08-31 16:33:58.859 +0300
2026-08-02,CHANNEL,surcharge_mismatch,JO,Total,90888,26,0.03,2026-08-31 16:33:58.859 +0300
2026-08-02,CHANNEL,surcharge_mismatch,JO,ZRQ,16337,10,0.06,2026-08-31 16:33:58.859 +0300
2026-08-02,CHANNEL,surge_mismatch,JO,AMM,57314,25,0.04,2026-08-31 16:33:58.859 +0300
2026-08-02,CHANNEL,surge_mismatch,JO,IRB,15112,3,0.02,2026-08-31 16:33:58.859 +0300
2026-08-02,CHANNEL,surge_mismatch,JO,Others,2125,0,0.00,2026-08-31 16:33:58.859 +0300
2026-08-02,CHANNEL,surge_mismatch,JO,Total,90888,30,0.03,2026-08-31 16:33:58.859 +0300
2026-08-02,CHANNEL,surge_mismatch,JO,ZRQ,16337,2,0.01,2026-08-31 16:33:58.859 +0300
2026-08-02,SCENARIO,beyondB,JO,AMM,57314,41,0.07,2026-08-31 16:33:58.859 +0300
2026-08-02,SCENARIO,beyondB,JO,IRB,15112,8,0.05,2026-08-31 16:33:58.859 +0300
2026-08-02,SCENARIO,beyondB,JO,Others,2125,1,0.05,2026-08-31 16:33:58.859 +0300
2026-08-02,SCENARIO,beyondB,JO,Total,90888,54,0.06,2026-08-31 16:33:58.859 +0300
2026-08-02,SCENARIO,beyondB,JO,ZRQ,16337,4,0.02,2026-08-31 16:33:58.859 +0300
2026-08-02,SCENARIO,withinA_at_dest,JO,AMM,57314,5876,10.25,2026-08-31 16:33:58.859 +0300
2026-08-02,SCENARIO,withinA_at_dest,JO,IRB,15112,1329,8.79,2026-08-31 16:33:58.859 +0300
2026-08-02,SCENARIO,withinA_at_dest,JO,Others,2125,250,11.76,2026-08-31 16:33:58.859 +0300
2026-08-02,SCENARIO,withinA_at_dest,JO,Total,90888,8906,9.80,2026-08-31 16:33:58.859 +0300
2026-08-02,SCENARIO,withinA_at_dest,JO,ZRQ,16337,1451,8.88,2026-08-31 16:33:58.859 +0300
2026-08-02,SCENARIO,withinA_not_dest,JO,AMM,57314,1708,2.98,2026-08-31 16:33:58.859 +0300
2026-08-02,SCENARIO,withinA_not_dest,JO,IRB,15112,890,5.89,2026-08-31 16:33:58.859 +0300
2026-08-02,SCENARIO,withinA_not_dest,JO,Others,2125,80,3.76,2026-08-31 16:33:58.859 +0300
2026-08-02,SCENARIO,withinA_not_dest,JO,Total,90888,3289,3.62,2026-08-31 16:33:58.859 +0300
2026-08-02,SCENARIO,withinA_not_dest,JO,ZRQ,16337,611,3.74,2026-08-31 16:33:58.859 +0300
2026-08-02,SCENARIO,withinB_at_dest,JO,AMM,57314,3997,6.97,2026-08-31 16:33:58.859 +0300
2026-08-02,SCENARIO,withinB_at_dest,JO,IRB,15112,1239,8.20,2026-08-31 16:33:58.859 +0300
2026-08-02,SCENARIO,withinB_at_dest,JO,Others,2125,155,7.29,2026-08-31 16:33:58.859 +0300
2026-08-02,SCENARIO,withinB_at_dest,JO,Total,90888,6526,7.18,2026-08-31 16:33:58.859 +0300
2026-08-02,SCENARIO,withinB_at_dest,JO,ZRQ,16337,1135,6.95,2026-08-31 16:33:58.859 +0300
2026-08-02,SCENARIO,withinB_not_dest,JO,AMM,57314,1636,2.85,2026-08-31 16:33:58.859 +0300
2026-08-02,SCENARIO,withinB_not_dest,JO,IRB,15112,732,4.84,2026-08-31 16:33:58.859 +0300
2026-08-02,SCENARIO,withinB_not_dest,JO,Others,2125,89,4.19,2026-08-31 16:33:58.859 +0300
2026-08-02,SCENARIO,withinB_not_dest,JO,Total,90888,2945,3.24,2026-08-31 16:33:58.859 +0300
2026-08-02,SCENARIO,withinB_not_dest,JO,ZRQ,16337,488,2.99,2026-08-31 16:33:58.859 +0300
2026-08-02,CAUSE_MIX,beyondB,SA,Total,44310,30,0.07,2026-08-31 16:33:58.859 +0300
2026-08-02,CAUSE_MIX,pd_mismatch,SA,Total,44310,23,0.05,2026-08-31 16:33:58.859 +0300
2026-08-02,CAUSE_MIX,pickup_mismatch,SA,Total,44310,7,0.02,2026-08-31 16:33:58.859 +0300
2026-08-02,CAUSE_MIX,previous_wallet_balance,SA,Total,44310,7141,16.12,2026-08-31 16:33:58.859 +0300
2026-08-02,CAUSE_MIX,surcharge_mismatch,SA,Total,44310,803,1.81,2026-08-31 16:33:58.859 +0300
2026-08-02,CAUSE_MIX,surge_mismatch,SA,Total,44310,52,0.12,2026-08-31 16:33:58.859 +0300
2026-08-02,CAUSE_MIX,waiting_time,SA,Total,44310,20996,47.38,2026-08-31 16:33:58.859 +0300
2026-08-02,CAUSE_MIX,withinA_at_dest,SA,Total,44310,3430,7.74,2026-08-31 16:33:58.859 +0300
2026-08-02,CAUSE_MIX,withinA_not_dest,SA,Total,44310,1811,4.09,2026-08-31 16:33:58.859 +0300
2026-08-02,CAUSE_MIX,withinB_at_dest,SA,Total,44310,7355,16.60,2026-08-31 16:33:58.859 +0300
2026-08-02,CAUSE_MIX,withinB_not_dest,SA,Total,44310,2662,6.01,2026-08-31 16:33:58.859 +0300
2026-08-02,CHANNEL,cumulative_price_shocks_net,SA,DMM,6168,2149,34.84,2026-08-31 16:33:58.859 +0300
2026-08-02,CHANNEL,cumulative_price_shocks_net,SA,JED,32618,11953,36.65,2026-08-31 16:33:58.859 +0300
2026-08-02,CHANNEL,cumulative_price_shocks_net,SA,MAD,10618,3708,34.92,2026-08-31 16:33:58.859 +0300
2026-08-02,CHANNEL,cumulative_price_shocks_net,SA,MEC,5206,1990,38.23,2026-08-31 16:33:58.859 +0300
2026-08-02,CHANNEL,cumulative_price_shocks_net,SA,Others,12652,4796,37.91,2026-08-31 16:33:58.859 +0300
2026-08-02,CHANNEL,cumulative_price_shocks_net,SA,RUH,41171,12379,30.07,2026-08-31 16:33:58.859 +0300
2026-08-02,CHANNEL,cumulative_price_shocks_net,SA,Total,108433,36975,34.10,2026-08-31 16:33:58.859 +0300
2026-08-02,CHANNEL,pd_mismatch,SA,DMM,6168,4,0.06,2026-08-31 16:33:58.859 +0300
2026-08-02,CHANNEL,pd_mismatch,SA,JED,32618,10,0.03,2026-08-31 16:33:58.859 +0300
2026-08-02,CHANNEL,pd_mismatch,SA,MAD,10618,3,0.03,2026-08-31 16:33:58.859 +0300
2026-08-02,CHANNEL,pd_mismatch,SA,MEC,5206,4,0.08,2026-08-31 16:33:58.859 +0300
2026-08-02,CHANNEL,pd_mismatch,SA,Others,12652,2,0.02,2026-08-31 16:33:58.859 +0300
2026-08-02,CHANNEL,pd_mismatch,SA,RUH,41171,13,0.03,2026-08-31 16:33:58.859 +0300
2026-08-02,CHANNEL,pd_mismatch,SA,Total,108433,36,0.03,2026-08-31 16:33:58.859 +0300
2026-08-02,CHANNEL,pickup_mismatch,SA,DMM,6168,0,0.00,2026-08-31 16:33:58.859 +0300
2026-08-02,CHANNEL,pickup_mismatch,SA,JED,32618,3,0.01,2026-08-31 16:33:58.859 +0300
2026-08-02,CHANNEL,pickup_mismatch,SA,MAD,10618,2,0.02,2026-08-31 16:33:58.859 +0300
2026-08-02,CHANNEL,pickup_mismatch,SA,MEC,5206,0,0.00,2026-08-31 16:33:58.859 +0300
2026-08-02,CHANNEL,pickup_mismatch,SA,Others,12652,2,0.02,2026-08-31 16:33:58.859 +0300
2026-08-02,CHANNEL,pickup_mismatch,SA,RUH,41171,2,0.00,2026-08-31 16:33:58.859 +0300
2026-08-02,CHANNEL,pickup_mismatch,SA,Total,108433,9,0.01,2026-08-31 16:33:58.859 +0300
2026-08-02,CHANNEL,residual_fare_increase_net,SA,DMM,6168,1092,17.70,2026-08-31 16:33:58.859 +0300
2026-08-02,CHANNEL,residual_fare_increase_net,SA,JED,32618,5675,17.40,2026-08-31 16:33:58.859 +0300
2026-08-02,CHANNEL,residual_fare_increase_net,SA,MAD,10618,1767,16.64,2026-08-31 16:33:58.859 +0300
2026-08-02,CHANNEL,residual_fare_increase_net,SA,MEC,5206,888,17.06,2026-08-31 16:33:58.859 +0300
2026-08-02,CHANNEL,residual_fare_increase_net,SA,Others,12652,2498,19.74,2026-08-31 16:33:58.859 +0300
2026-08-02,CHANNEL,residual_fare_increase_net,SA,RUH,41171,5183,12.59,2026-08-31 16:33:58.859 +0300
2026-08-02,CHANNEL,residual_fare_increase_net,SA,Total,108433,17103,15.77,2026-08-31 16:33:58.859 +0300
2026-08-02,CHANNEL,rounding_error,SA,DMM,6168,92,1.49,2026-08-31 16:33:58.859 +0300
2026-08-02,CHANNEL,rounding_error,SA,JED,32618,742,2.27,2026-08-31 16:33:58.859 +0300
2026-08-02,CHANNEL,rounding_error,SA,MAD,10618,231,2.18,2026-08-31 16:33:58.859 +0300
2026-08-02,CHANNEL,rounding_error,SA,MEC,5206,81,1.56,2026-08-31 16:33:58.859 +0300
2026-08-02,CHANNEL,rounding_error,SA,Others,12652,246,1.94,2026-08-31 16:33:58.859 +0300
2026-08-02,CHANNEL,rounding_error,SA,RUH,41171,1040,2.53,2026-08-31 16:33:58.859 +0300
2026-08-02,CHANNEL,rounding_error,SA,Total,108433,2432,2.24,2026-08-31 16:33:58.859 +0300
2026-08-02,CHANNEL,spillover_recovery,SA,DMM,6168,279,4.52,2026-08-31 16:33:58.859 +0300
2026-08-02,CHANNEL,spillover_recovery,SA,JED,32618,2812,8.62,2026-08-31 16:33:58.859 +0300
2026-08-02,CHANNEL,spillover_recovery,SA,MAD,10618,665,6.26,2026-08-31 16:33:58.859 +0300
2026-08-02,CHANNEL,spillover_recovery,SA,MEC,5206,351,6.74,2026-08-31 16:33:58.859 +0300
2026-08-02,CHANNEL,spillover_recovery,SA,Others,12652,514,4.06,2026-08-31 16:33:58.859 +0300
2026-08-02,CHANNEL,spillover_recovery,SA,RUH,41171,3281,7.97,2026-08-31 16:33:58.859 +0300
2026-08-02,CHANNEL,spillover_recovery,SA,Total,108433,7902,7.29,2026-08-31 16:33:58.859 +0300
2026-08-02,CHANNEL,surcharge_mismatch,SA,DMM,6168,103,1.67,2026-08-31 16:33:58.859 +0300
2026-08-02,CHANNEL,surcharge_mismatch,SA,JED,32618,767,2.35,2026-08-31 16:33:58.859 +0300
2026-08-02,CHANNEL,surcharge_mismatch,SA,MAD,10618,138,1.30,2026-08-31 16:33:58.859 +0300
2026-08-02,CHANNEL,surcharge_mismatch,SA,MEC,5206,53,1.02,2026-08-31 16:33:58.859 +0300
2026-08-02,CHANNEL,surcharge_mismatch,SA,Others,12652,185,1.46,2026-08-31 16:33:58.859 +0300
2026-08-02,CHANNEL,surcharge_mismatch,SA,RUH,41171,709,1.72,2026-08-31 16:33:58.859 +0300
2026-08-02,CHANNEL,surcharge_mismatch,SA,Total,108433,1955,1.80,2026-08-31 16:33:58.859 +0300
2026-08-02,CHANNEL,surge_mismatch,SA,DMM,6168,9,0.15,2026-08-31 16:33:58.859 +0300
2026-08-02,CHANNEL,surge_mismatch,SA,JED,32618,33,0.10,2026-08-31 16:33:58.859 +0300
2026-08-02,CHANNEL,surge_mismatch,SA,MAD,10618,18,0.17,2026-08-31 16:33:58.859 +0300
2026-08-02,CHANNEL,surge_mismatch,SA,MEC,5206,6,0.12,2026-08-31 16:33:58.859 +0300
2026-08-02,CHANNEL,surge_mismatch,SA,Others,12652,0,0.00,2026-08-31 16:33:58.859 +0300
2026-08-02,CHANNEL,surge_mismatch,SA,RUH,41171,15,0.04,2026-08-31 16:33:58.859 +0300
2026-08-02,CHANNEL,surge_mismatch,SA,Total,108433,81,0.07,2026-08-31 16:33:58.859 +0300
2026-08-02,SCENARIO,beyondB,SA,DMM,6168,1,0.02,2026-08-31 16:33:58.859 +0300
2026-08-02,SCENARIO,beyondB,SA,JED,32618,12,0.04,2026-08-31 16:33:58.859 +0300
2026-08-02,SCENARIO,beyondB,SA,MAD,10618,6,0.06,2026-08-31 16:33:58.859 +0300
2026-08-02,SCENARIO,beyondB,SA,MEC,5206,0,0.00,2026-08-31 16:33:58.859 +0300
2026-08-02,SCENARIO,beyondB,SA,Others,12652,7,0.06,2026-08-31 16:33:58.859 +0300
2026-08-02,SCENARIO,beyondB,SA,RUH,41171,19,0.05,2026-08-31 16:33:58.859 +0300
2026-08-02,SCENARIO,beyondB,SA,Total,108433,45,0.04,2026-08-31 16:33:58.859 +0300
2026-08-02,SCENARIO,withinA_at_dest,SA,DMM,6168,1087,17.62,2026-08-31 16:33:58.859 +0300
2026-08-02,SCENARIO,withinA_at_dest,SA,JED,32618,6439,19.74,2026-08-31 16:33:58.859 +0300
2026-08-02,SCENARIO,withinA_at_dest,SA,MAD,10618,1963,18.49,2026-08-31 16:33:58.859 +0300
2026-08-02,SCENARIO,withinA_at_dest,SA,MEC,5206,1100,21.13,2026-08-31 16:33:58.859 +0300
2026-08-02,SCENARIO,withinA_at_dest,SA,Others,12652,2263,17.89,2026-08-31 16:33:58.859 +0300
2026-08-02,SCENARIO,withinA_at_dest,SA,RUH,41171,7516,18.26,2026-08-31 16:33:58.859 +0300
2026-08-02,SCENARIO,withinA_at_dest,SA,Total,108433,20368,18.78,2026-08-31 16:33:58.859 +0300
2026-08-02,SCENARIO,withinA_not_dest,SA,DMM,6168,138,2.24,2026-08-31 16:33:58.859 +0300
2026-08-02,SCENARIO,withinA_not_dest,SA,JED,32618,676,2.07,2026-08-31 16:33:58.859 +0300
2026-08-02,SCENARIO,withinA_not_dest,SA,MAD,10618,431,4.06,2026-08-31 16:33:58.859 +0300
2026-08-02,SCENARIO,withinA_not_dest,SA,MEC,5206,152,2.92,2026-08-31 16:33:58.859 +0300
2026-08-02,SCENARIO,withinA_not_dest,SA,Others,12652,471,3.72,2026-08-31 16:33:58.859 +0300
2026-08-02,SCENARIO,withinA_not_dest,SA,RUH,41171,1017,2.47,2026-08-31 16:33:58.859 +0300
2026-08-02,SCENARIO,withinA_not_dest,SA,Total,108433,2885,2.66,2026-08-31 16:33:58.859 +0300
2026-08-02,SCENARIO,withinB_at_dest,SA,DMM,6168,718,11.64,2026-08-31 16:33:58.859 +0300
2026-08-02,SCENARIO,withinB_at_dest,SA,JED,32618,3818,11.71,2026-08-31 16:33:58.859 +0300
2026-08-02,SCENARIO,withinB_at_dest,SA,MAD,10618,911,8.58,2026-08-31 16:33:58.859 +0300
2026-08-02,SCENARIO,withinB_at_dest,SA,MEC,5206,538,10.33,2026-08-31 16:33:58.859 +0300
2026-08-02,SCENARIO,withinB_at_dest,SA,Others,12652,1303,10.30,2026-08-31 16:33:58.859 +0300
2026-08-02,SCENARIO,withinB_at_dest,SA,RUH,41171,2622,6.37,2026-08-31 16:33:58.859 +0300
2026-08-02,SCENARIO,withinB_at_dest,SA,Total,108433,9910,9.14,2026-08-31 16:33:58.859 +0300
2026-08-02,SCENARIO,withinB_not_dest,SA,DMM,6168,205,3.32,2026-08-31 16:33:58.859 +0300
2026-08-02,SCENARIO,withinB_not_dest,SA,JED,32618,1008,3.09,2026-08-31 16:33:58.859 +0300
2026-08-02,SCENARIO,withinB_not_dest,SA,MAD,10618,397,3.74,2026-08-31 16:33:58.859 +0300
2026-08-02,SCENARIO,withinB_not_dest,SA,MEC,5206,200,3.84,2026-08-31 16:33:58.859 +0300
2026-08-02,SCENARIO,withinB_not_dest,SA,Others,12652,752,5.94,2026-08-31 16:33:58.859 +0300
2026-08-02,SCENARIO,withinB_not_dest,SA,RUH,41171,1205,2.93,2026-08-31 16:33:58.859 +0300
2026-08-02,SCENARIO,withinB_not_dest,SA,Total,108433,3767,3.47,2026-08-31 16:33:58.859 +0300
2026-08-03,CAUSE_MIX,beyondB,JO,Total,23677,63,0.27,2026-08-31 16:33:58.859 +0300
2026-08-03,CAUSE_MIX,pickup_mismatch,JO,Total,23677,2,0.01,2026-08-31 16:33:58.859 +0300
2026-08-03,CAUSE_MIX,previous_wallet_balance,JO,Total,23677,1271,5.37,2026-08-31 16:33:58.859 +0300
2026-08-03,CAUSE_MIX,surcharge_mismatch,JO,Total,23677,17,0.07,2026-08-31 16:33:58.859 +0300
2026-08-03,CAUSE_MIX,surge_mismatch,JO,Total,23677,25,0.11,2026-08-31 16:33:58.859 +0300
2026-08-03,CAUSE_MIX,waiting_time,JO,Total,23677,9716,41.04,2026-08-31 16:33:58.859 +0300
2026-08-03,CAUSE_MIX,withinA_at_dest,JO,Total,23677,1313,5.55,2026-08-31 16:33:58.859 +0300
2026-08-03,CAUSE_MIX,withinA_not_dest,JO,Total,23677,2647,11.18,2026-08-31 16:33:58.859 +0300
2026-08-03,CAUSE_MIX,withinB_at_dest,JO,Total,23677,6300,26.61,2026-08-31 16:33:58.859 +0300
2026-08-03,CAUSE_MIX,withinB_not_dest,JO,Total,23677,2323,9.81,2026-08-31 16:33:58.859 +0300
2026-08-03,CHANNEL,cumulative_price_shocks_net,JO,AMM,57553,14006,24.34,2026-08-31 16:33:58.859 +0300
2026-08-03,CHANNEL,cumulative_price_shocks_net,JO,IRB,14551,4135,28.42,2026-08-31 16:33:58.859 +0300
2026-08-03,CHANNEL,cumulative_price_shocks_net,JO,Others,2040,540,26.47,2026-08-31 16:33:58.859 +0300
2026-08-03,CHANNEL,cumulative_price_shocks_net,JO,Total,90500,22405,24.76,2026-08-31 16:33:58.859 +0300
2026-08-03,CHANNEL,cumulative_price_shocks_net,JO,ZRQ,16356,3724,22.77,2026-08-31 16:33:58.859 +0300
2026-08-03,CHANNEL,pd_mismatch,JO,AMM,57553,0,0.00,2026-08-31 16:33:58.859 +0300
2026-08-03,CHANNEL,pd_mismatch,JO,IRB,14551,0,0.00,2026-08-31 16:33:58.859 +0300
2026-08-03,CHANNEL,pd_mismatch,JO,Others,2040,0,0.00,2026-08-31 16:33:58.859 +0300
2026-08-03,CHANNEL,pd_mismatch,JO,Total,90500,0,0.00,2026-08-31 16:33:58.859 +0300
2026-08-03,CHANNEL,pd_mismatch,JO,ZRQ,16356,0,0.00,2026-08-31 16:33:58.859 +0300
2026-08-03,CHANNEL,pickup_mismatch,JO,AMM,57553,3,0.01,2026-08-31 16:33:58.859 +0300
2026-08-03,CHANNEL,pickup_mismatch,JO,IRB,14551,0,0.00,2026-08-31 16:33:58.859 +0300
2026-08-03,CHANNEL,pickup_mismatch,JO,Others,2040,0,0.00,2026-08-31 16:33:58.859 +0300
2026-08-03,CHANNEL,pickup_mismatch,JO,Total,90500,3,0.00,2026-08-31 16:33:58.859 +0300
2026-08-03,CHANNEL,pickup_mismatch,JO,ZRQ,16356,0,0.00,2026-08-31 16:33:58.859 +0300
2026-08-03,CHANNEL,residual_fare_increase_net,JO,AMM,57553,8036,13.96,2026-08-31 16:33:58.859 +0300
2026-08-03,CHANNEL,residual_fare_increase_net,JO,IRB,14551,2761,18.97,2026-08-31 16:33:58.859 +0300
2026-08-03,CHANNEL,residual_fare_increase_net,JO,Others,2040,333,16.32,2026-08-31 16:33:58.859 +0300
2026-08-03,CHANNEL,residual_fare_increase_net,JO,Total,90500,13234,14.62,2026-08-31 16:33:58.859 +0300
2026-08-03,CHANNEL,residual_fare_increase_net,JO,ZRQ,16356,2104,12.86,2026-08-31 16:33:58.859 +0300
2026-08-03,CHANNEL,rounding_error,JO,AMM,57553,611,1.06,2026-08-31 16:33:58.859 +0300
2026-08-03,CHANNEL,rounding_error,JO,IRB,14551,170,1.17,2026-08-31 16:33:58.859 +0300
2026-08-03,CHANNEL,rounding_error,JO,Others,2040,25,1.23,2026-08-31 16:33:58.859 +0300
2026-08-03,CHANNEL,rounding_error,JO,Total,90500,987,1.09,2026-08-31 16:33:58.859 +0300
2026-08-03,CHANNEL,rounding_error,JO,ZRQ,16356,181,1.11,2026-08-31 16:33:58.859 +0300
2026-08-03,CHANNEL,spillover_recovery,JO,AMM,57553,1065,1.85,2026-08-31 16:33:58.859 +0300
2026-08-03,CHANNEL,spillover_recovery,JO,IRB,14551,224,1.54,2026-08-31 16:33:58.859 +0300
2026-08-03,CHANNEL,spillover_recovery,JO,Others,2040,12,0.59,2026-08-31 16:33:58.859 +0300
2026-08-03,CHANNEL,spillover_recovery,JO,Total,90500,1355,1.50,2026-08-31 16:33:58.859 +0300
2026-08-03,CHANNEL,spillover_recovery,JO,ZRQ,16356,54,0.33,2026-08-31 16:33:58.859 +0300
2026-08-03,CHANNEL,surcharge_mismatch,JO,AMM,57553,25,0.04,2026-08-31 16:33:58.859 +0300
2026-08-03,CHANNEL,surcharge_mismatch,JO,IRB,14551,0,0.00,2026-08-31 16:33:58.859 +0300
2026-08-03,CHANNEL,surcharge_mismatch,JO,Others,2040,1,0.05,2026-08-31 16:33:58.859 +0300
2026-08-03,CHANNEL,surcharge_mismatch,JO,Total,90500,34,0.04,2026-08-31 16:33:58.859 +0300
2026-08-03,CHANNEL,surcharge_mismatch,JO,ZRQ,16356,8,0.05,2026-08-31 16:33:58.859 +0300
2026-08-03,CHANNEL,surge_mismatch,JO,AMM,57553,37,0.06,2026-08-31 16:33:58.859 +0300
2026-08-03,CHANNEL,surge_mismatch,JO,IRB,14551,0,0.00,2026-08-31 16:33:58.859 +0300
2026-08-03,CHANNEL,surge_mismatch,JO,Others,2040,0,0.00,2026-08-31 16:33:58.859 +0300
2026-08-03,CHANNEL,surge_mismatch,JO,Total,90500,38,0.04,2026-08-31 16:33:58.859 +0300
2026-08-03,CHANNEL,surge_mismatch,JO,ZRQ,16356,1,0.01,2026-08-31 16:33:58.859 +0300
2026-08-03,SCENARIO,beyondB,JO,AMM,57553,50,0.09,2026-08-31 16:33:58.859 +0300
2026-08-03,SCENARIO,beyondB,JO,IRB,14551,15,0.10,2026-08-31 16:33:58.859 +0300
2026-08-03,SCENARIO,beyondB,JO,Others,2040,4,0.20,2026-08-31 16:33:58.859 +0300
2026-08-03,SCENARIO,beyondB,JO,Total,90500,72,0.08,2026-08-31 16:33:58.859 +0300
2026-08-03,SCENARIO,beyondB,JO,ZRQ,16356,3,0.02,2026-08-31 16:33:58.859 +0300
2026-08-03,SCENARIO,withinA_at_dest,JO,AMM,57553,5858,10.18,2026-08-31 16:33:58.859 +0300
2026-08-03,SCENARIO,withinA_at_dest,JO,IRB,14551,1298,8.92,2026-08-31 16:33:58.859 +0300
2026-08-03,SCENARIO,withinA_at_dest,JO,Others,2040,192,9.41,2026-08-31 16:33:58.859 +0300
2026-08-03,SCENARIO,withinA_at_dest,JO,Total,90500,8943,9.88,2026-08-31 16:33:58.859 +0300
2026-08-03,SCENARIO,withinA_at_dest,JO,ZRQ,16356,1595,9.75,2026-08-31 16:33:58.859 +0300
2026-08-03,SCENARIO,withinA_not_dest,JO,AMM,57553,1828,3.18,2026-08-31 16:33:58.859 +0300
2026-08-03,SCENARIO,withinA_not_dest,JO,IRB,14551,865,5.94,2026-08-31 16:33:58.859 +0300
2026-08-03,SCENARIO,withinA_not_dest,JO,Others,2040,80,3.92,2026-08-31 16:33:58.859 +0300
2026-08-03,SCENARIO,withinA_not_dest,JO,Total,90500,3316,3.66,2026-08-31 16:33:58.859 +0300
2026-08-03,SCENARIO,withinA_not_dest,JO,ZRQ,16356,543,3.32,2026-08-31 16:33:58.859 +0300
2026-08-03,SCENARIO,withinB_at_dest,JO,AMM,57553,4680,8.13,2026-08-31 16:33:58.859 +0300
2026-08-03,SCENARIO,withinB_at_dest,JO,IRB,14551,1279,8.79,2026-08-31 16:33:58.859 +0300
2026-08-03,SCENARIO,withinB_at_dest,JO,Others,2040,172,8.43,2026-08-31 16:33:58.859 +0300
2026-08-03,SCENARIO,withinB_at_dest,JO,Total,90500,7266,8.03,2026-08-31 16:33:58.859 +0300
2026-08-03,SCENARIO,withinB_at_dest,JO,ZRQ,16356,1135,6.94,2026-08-31 16:33:58.859 +0300
2026-08-03,SCENARIO,withinB_not_dest,JO,AMM,57553,1590,2.76,2026-08-31 16:33:58.859 +0300
2026-08-03,SCENARIO,withinB_not_dest,JO,IRB,14551,678,4.66,2026-08-31 16:33:58.859 +0300
2026-08-03,SCENARIO,withinB_not_dest,JO,Others,2040,92,4.51,2026-08-31 16:33:58.859 +0300
2026-08-03,SCENARIO,withinB_not_dest,JO,Total,90500,2808,3.10,2026-08-31 16:33:58.859 +0300
2026-08-03,SCENARIO,withinB_not_dest,JO,ZRQ,16356,448,2.74,2026-08-31 16:33:58.859 +0300
2026-08-03,CAUSE_MIX,beyondB,SA,Total,44424,21,0.05,2026-08-31 16:33:58.859 +0300
2026-08-03,CAUSE_MIX,pd_mismatch,SA,Total,44424,1,0.00,2026-08-31 16:33:58.859 +0300
2026-08-03,CAUSE_MIX,pickup_mismatch,SA,Total,44424,6,0.01,2026-08-31 16:33:58.859 +0300
2026-08-03,CAUSE_MIX,previous_wallet_balance,SA,Total,44424,7421,16.70,2026-08-31 16:33:58.859 +0300
2026-08-03,CAUSE_MIX,surcharge_mismatch,SA,Total,44424,730,1.64,2026-08-31 16:33:58.859 +0300
2026-08-03,CAUSE_MIX,surge_mismatch,SA,Total,44424,60,0.14,2026-08-31 16:33:58.859 +0300
2026-08-03,CAUSE_MIX,waiting_time,SA,Total,44424,21036,47.35,2026-08-31 16:33:58.859 +0300
2026-08-03,CAUSE_MIX,withinA_at_dest,SA,Total,44424,3567,8.03,2026-08-31 16:33:58.859 +0300
2026-08-03,CAUSE_MIX,withinA_not_dest,SA,Total,44424,1732,3.90,2026-08-31 16:33:58.859 +0300
2026-08-03,CAUSE_MIX,withinB_at_dest,SA,Total,44424,7346,16.54,2026-08-31 16:33:58.859 +0300
2026-08-03,CAUSE_MIX,withinB_not_dest,SA,Total,44424,2504,5.64,2026-08-31 16:33:58.859 +0300
2026-08-03,CHANNEL,cumulative_price_shocks_net,SA,DMM,6371,2209,34.67,2026-08-31 16:33:58.859 +0300
2026-08-03,CHANNEL,cumulative_price_shocks_net,SA,JED,32475,11837,36.45,2026-08-31 16:33:58.859 +0300
2026-08-03,CHANNEL,cumulative_price_shocks_net,SA,MAD,10610,3577,33.71,2026-08-31 16:33:58.859 +0300
2026-08-03,CHANNEL,cumulative_price_shocks_net,SA,MEC,5420,2097,38.69,2026-08-31 16:33:58.859 +0300
2026-08-03,CHANNEL,cumulative_price_shocks_net,SA,Others,12349,4549,36.84,2026-08-31 16:33:58.859 +0300
2026-08-03,CHANNEL,cumulative_price_shocks_net,SA,RUH,41923,12563,29.97,2026-08-31 16:33:58.859 +0300
2026-08-03,CHANNEL,cumulative_price_shocks_net,SA,Total,109148,36832,33.75,2026-08-31 16:33:58.859 +0300
2026-08-03,CHANNEL,pd_mismatch,SA,DMM,6371,1,0.02,2026-08-31 16:33:58.859 +0300
2026-08-03,CHANNEL,pd_mismatch,SA,JED,32475,2,0.01,2026-08-31 16:33:58.859 +0300
2026-08-03,CHANNEL,pd_mismatch,SA,MAD,10610,1,0.01,2026-08-31 16:33:58.859 +0300
2026-08-03,CHANNEL,pd_mismatch,SA,MEC,5420,0,0.00,2026-08-31 16:33:58.859 +0300
2026-08-03,CHANNEL,pd_mismatch,SA,Others,12349,0,0.00,2026-08-31 16:33:58.859 +0300
2026-08-03,CHANNEL,pd_mismatch,SA,RUH,41923,5,0.01,2026-08-31 16:33:58.859 +0300
2026-08-03,CHANNEL,pd_mismatch,SA,Total,109148,9,0.01,2026-08-31 16:33:58.859 +0300
2026-08-03,CHANNEL,pickup_mismatch,SA,DMM,6371,0,0.00,2026-08-31 16:33:58.859 +0300
2026-08-03,CHANNEL,pickup_mismatch,SA,JED,32475,0,0.00,2026-08-31 16:33:58.859 +0300
2026-08-03,CHANNEL,pickup_mismatch,SA,MAD,10610,1,0.01,2026-08-31 16:33:58.859 +0300
2026-08-03,CHANNEL,pickup_mismatch,SA,MEC,5420,0,0.00,2026-08-31 16:33:58.859 +0300
2026-08-03,CHANNEL,pickup_mismatch,SA,Others,12349,2,0.02,2026-08-31 16:33:58.859 +0300
2026-08-03,CHANNEL,pickup_mismatch,SA,RUH,41923,6,0.01,2026-08-31 16:33:58.859 +0300
2026-08-03,CHANNEL,pickup_mismatch,SA,Total,109148,9,0.01,2026-08-31 16:33:58.859 +0300
2026-08-03,CHANNEL,residual_fare_increase_net,SA,DMM,6371,1104,17.33,2026-08-31 16:33:58.859 +0300
2026-08-03,CHANNEL,residual_fare_increase_net,SA,JED,32475,5533,17.04,2026-08-31 16:33:58.859 +0300
2026-08-03,CHANNEL,residual_fare_increase_net,SA,MAD,10610,1711,16.13,2026-08-31 16:33:58.859 +0300
2026-08-03,CHANNEL,residual_fare_increase_net,SA,MEC,5420,946,17.45,2026-08-31 16:33:58.859 +0300
2026-08-03,CHANNEL,residual_fare_increase_net,SA,Others,12349,2334,18.90,2026-08-31 16:33:58.859 +0300
2026-08-03,CHANNEL,residual_fare_increase_net,SA,RUH,41923,5213,12.43,2026-08-31 16:33:58.859 +0300
2026-08-03,CHANNEL,residual_fare_increase_net,SA,Total,109148,16841,15.43,2026-08-31 16:33:58.859 +0300
2026-08-03,CHANNEL,rounding_error,SA,DMM,6371,98,1.54,2026-08-31 16:33:58.859 +0300
2026-08-03,CHANNEL,rounding_error,SA,JED,32475,730,2.25,2026-08-31 16:33:58.859 +0300
2026-08-03,CHANNEL,rounding_error,SA,MAD,10610,211,1.99,2026-08-31 16:33:58.859 +0300
2026-08-03,CHANNEL,rounding_error,SA,MEC,5420,72,1.33,2026-08-31 16:33:58.859 +0300
2026-08-03,CHANNEL,rounding_error,SA,Others,12349,222,1.80,2026-08-31 16:33:58.859 +0300
2026-08-03,CHANNEL,rounding_error,SA,RUH,41923,1007,2.40,2026-08-31 16:33:58.859 +0300
2026-08-03,CHANNEL,rounding_error,SA,Total,109148,2340,2.14,2026-08-31 16:33:58.859 +0300
2026-08-03,CHANNEL,spillover_recovery,SA,DMM,6371,311,4.88,2026-08-31 16:33:58.859 +0300
2026-08-03,CHANNEL,spillover_recovery,SA,JED,32475,2843,8.75,2026-08-31 16:33:58.859 +0300
2026-08-03,CHANNEL,spillover_recovery,SA,MAD,10610,673,6.34,2026-08-31 16:33:58.859 +0300
2026-08-03,CHANNEL,spillover_recovery,SA,MEC,5420,405,7.47,2026-08-31 16:33:58.859 +0300
2026-08-03,CHANNEL,spillover_recovery,SA,Others,12349,501,4.06,2026-08-31 16:33:58.859 +0300
2026-08-03,CHANNEL,spillover_recovery,SA,RUH,41923,3406,8.12,2026-08-31 16:33:58.859 +0300
2026-08-03,CHANNEL,spillover_recovery,SA,Total,109148,8139,7.46,2026-08-31 16:33:58.859 +0300
2026-08-03,CHANNEL,surcharge_mismatch,SA,DMM,6371,80,1.26,2026-08-31 16:33:58.859 +0300
2026-08-03,CHANNEL,surcharge_mismatch,SA,JED,32475,675,2.08,2026-08-31 16:33:58.859 +0300
2026-08-03,CHANNEL,surcharge_mismatch,SA,MAD,10610,154,1.45,2026-08-31 16:33:58.859 +0300
2026-08-03,CHANNEL,surcharge_mismatch,SA,MEC,5420,55,1.01,2026-08-31 16:33:58.859 +0300
2026-08-03,CHANNEL,surcharge_mismatch,SA,Others,12349,161,1.30,2026-08-31 16:33:58.859 +0300
2026-08-03,CHANNEL,surcharge_mismatch,SA,RUH,41923,636,1.52,2026-08-31 16:33:58.859 +0300
2026-08-03,CHANNEL,surcharge_mismatch,SA,Total,109148,1761,1.61,2026-08-31 16:33:58.859 +0300
2026-08-03,CHANNEL,surge_mismatch,SA,DMM,6371,6,0.09,2026-08-31 16:33:58.859 +0300
2026-08-03,CHANNEL,surge_mismatch,SA,JED,32475,18,0.06,2026-08-31 16:33:58.859 +0300
2026-08-03,CHANNEL,surge_mismatch,SA,MAD,10610,19,0.18,2026-08-31 16:33:58.859 +0300
2026-08-03,CHANNEL,surge_mismatch,SA,MEC,5420,8,0.15,2026-08-31 16:33:58.859 +0300
2026-08-03,CHANNEL,surge_mismatch,SA,Others,12349,0,0.00,2026-08-31 16:33:58.859 +0300
2026-08-03,CHANNEL,surge_mismatch,SA,RUH,41923,42,0.10,2026-08-31 16:33:58.859 +0300
2026-08-03,CHANNEL,surge_mismatch,SA,Total,109148,93,0.09,2026-08-31 16:33:58.859 +0300
2026-08-03,SCENARIO,beyondB,SA,DMM,6371,0,0.00,2026-08-31 16:33:58.859 +0300
2026-08-03,SCENARIO,beyondB,SA,JED,32475,9,0.03,2026-08-31 16:33:58.859 +0300
2026-08-03,SCENARIO,beyondB,SA,MAD,10610,4,0.04,2026-08-31 16:33:58.859 +0300
2026-08-03,SCENARIO,beyondB,SA,MEC,5420,1,0.02,2026-08-31 16:33:58.859 +0300
2026-08-03,SCENARIO,beyondB,SA,Others,12349,7,0.06,2026-08-31 16:33:58.859 +0300
2026-08-03,SCENARIO,beyondB,SA,RUH,41923,12,0.03,2026-08-31 16:33:58.859 +0300
2026-08-03,SCENARIO,beyondB,SA,Total,109148,33,0.03,2026-08-31 16:33:58.859 +0300
2026-08-03,SCENARIO,withinA_at_dest,SA,DMM,6371,1122,17.61,2026-08-31 16:33:58.859 +0300
2026-08-03,SCENARIO,withinA_at_dest,SA,JED,32475,6457,19.88,2026-08-31 16:33:58.859 +0300
2026-08-03,SCENARIO,withinA_at_dest,SA,MAD,10610,1893,17.84,2026-08-31 16:33:58.859 +0300
2026-08-03,SCENARIO,withinA_at_dest,SA,MEC,5420,1154,21.29,2026-08-31 16:33:58.859 +0300
2026-08-03,SCENARIO,withinA_at_dest,SA,Others,12349,2206,17.86,2026-08-31 16:33:58.859 +0300
2026-08-03,SCENARIO,withinA_at_dest,SA,RUH,41923,7688,18.34,2026-08-31 16:33:58.859 +0300
2026-08-03,SCENARIO,withinA_at_dest,SA,Total,109148,20520,18.80,2026-08-31 16:33:58.859 +0300
2026-08-03,SCENARIO,withinA_not_dest,SA,DMM,6371,203,3.19,2026-08-31 16:33:58.859 +0300
2026-08-03,SCENARIO,withinA_not_dest,SA,JED,32475,639,1.97,2026-08-31 16:33:58.859 +0300
2026-08-03,SCENARIO,withinA_not_dest,SA,MAD,10610,390,3.68,2026-08-31 16:33:58.859 +0300
2026-08-03,SCENARIO,withinA_not_dest,SA,MEC,5420,151,2.79,2026-08-31 16:33:58.859 +0300
2026-08-03,SCENARIO,withinA_not_dest,SA,Others,12349,460,3.72,2026-08-31 16:33:58.859 +0300
2026-08-03,SCENARIO,withinA_not_dest,SA,RUH,41923,995,2.37,2026-08-31 16:33:58.859 +0300
2026-08-03,SCENARIO,withinA_not_dest,SA,Total,109148,2838,2.60,2026-08-31 16:33:58.859 +0300
2026-08-03,SCENARIO,withinB_at_dest,SA,DMM,6371,689,10.81,2026-08-31 16:33:58.859 +0300
2026-08-03,SCENARIO,withinB_at_dest,SA,JED,32475,3778,11.63,2026-08-31 16:33:58.859 +0300
2026-08-03,SCENARIO,withinB_at_dest,SA,MAD,10610,875,8.25,2026-08-31 16:33:58.859 +0300
2026-08-03,SCENARIO,withinB_at_dest,SA,MEC,5420,558,10.30,2026-08-31 16:33:58.859 +0300
2026-08-03,SCENARIO,withinB_at_dest,SA,Others,12349,1206,9.77,2026-08-31 16:33:58.859 +0300
2026-08-03,SCENARIO,withinB_at_dest,SA,RUH,41923,2748,6.55,2026-08-31 16:33:58.859 +0300
2026-08-03,SCENARIO,withinB_at_dest,SA,Total,109148,9854,9.03,2026-08-31 16:33:58.859 +0300
2026-08-03,SCENARIO,withinB_not_dest,SA,DMM,6371,195,3.06,2026-08-31 16:33:58.859 +0300
2026-08-03,SCENARIO,withinB_not_dest,SA,JED,32475,954,2.94,2026-08-31 16:33:58.859 +0300
2026-08-03,SCENARIO,withinB_not_dest,SA,MAD,10610,415,3.91,2026-08-31 16:33:58.859 +0300
2026-08-03,SCENARIO,withinB_not_dest,SA,MEC,5420,233,4.30,2026-08-31 16:33:58.859 +0300
2026-08-03,SCENARIO,withinB_not_dest,SA,Others,12349,670,5.43,2026-08-31 16:33:58.859 +0300
2026-08-03,SCENARIO,withinB_not_dest,SA,RUH,41923,1120,2.67,2026-08-31 16:33:58.859 +0300
2026-08-03,SCENARIO,withinB_not_dest,SA,Total,109148,3587,3.29,2026-08-31 16:33:58.859 +0300
2026-08-04,CAUSE_MIX,beyondB,JO,Total,22568,58,0.26,2026-08-31 16:33:58.859 +0300
2026-08-04,CAUSE_MIX,previous_wallet_balance,JO,Total,22568,1224,5.42,2026-08-31 16:33:58.859 +0300
2026-08-04,CAUSE_MIX,surcharge_mismatch,JO,Total,22568,17,0.08,2026-08-31 16:33:58.859 +0300
2026-08-04,CAUSE_MIX,surge_mismatch,JO,Total,22568,17,0.08,2026-08-31 16:33:58.859 +0300
2026-08-04,CAUSE_MIX,waiting_time,JO,Total,22568,9553,42.33,2026-08-31 16:33:58.859 +0300
2026-08-04,CAUSE_MIX,withinA_at_dest,JO,Total,22568,1287,5.70,2026-08-31 16:33:58.859 +0300
2026-08-04,CAUSE_MIX,withinA_not_dest,JO,Total,22568,2620,11.61,2026-08-31 16:33:58.859 +0300
2026-08-04,CAUSE_MIX,withinB_at_dest,JO,Total,22568,5529,24.50,2026-08-31 16:33:58.859 +0300
2026-08-04,CAUSE_MIX,withinB_not_dest,JO,Total,22568,2263,10.03,2026-08-31 16:33:58.859 +0300
2026-08-04,CHANNEL,cumulative_price_shocks_net,JO,AMM,56868,13317,23.42,2026-08-31 16:33:58.859 +0300
2026-08-04,CHANNEL,cumulative_price_shocks_net,JO,IRB,14112,3853,27.30,2026-08-31 16:33:58.859 +0300
2026-08-04,CHANNEL,cumulative_price_shocks_net,JO,Others,2167,518,23.90,2026-08-31 16:33:58.859 +0300
2026-08-04,CHANNEL,cumulative_price_shocks_net,JO,Total,89574,21343,23.83,2026-08-31 16:33:58.859 +0300
2026-08-04,CHANNEL,cumulative_price_shocks_net,JO,ZRQ,16427,3655,22.25,2026-08-31 16:33:58.859 +0300
2026-08-04,CHANNEL,pd_mismatch,JO,AMM,56868,0,0.00,2026-08-31 16:33:58.859 +0300
2026-08-04,CHANNEL,pd_mismatch,JO,IRB,14112,0,0.00,2026-08-31 16:33:58.859 +0300
2026-08-04,CHANNEL,pd_mismatch,JO,Others,2167,0,0.00,2026-08-31 16:33:58.859 +0300
2026-08-04,CHANNEL,pd_mismatch,JO,Total,89574,0,0.00,2026-08-31 16:33:58.859 +0300
2026-08-04,CHANNEL,pd_mismatch,JO,ZRQ,16427,0,0.00,2026-08-31 16:33:58.859 +0300
2026-08-04,CHANNEL,pickup_mismatch,JO,AMM,56868,0,0.00,2026-08-31 16:33:58.859 +0300
2026-08-04,CHANNEL,pickup_mismatch,JO,IRB,14112,0,0.00,2026-08-31 16:33:58.859 +0300
2026-08-04,CHANNEL,pickup_mismatch,JO,Others,2167,0,0.00,2026-08-31 16:33:58.859 +0300
2026-08-04,CHANNEL,pickup_mismatch,JO,Total,89574,1,0.00,2026-08-31 16:33:58.859 +0300
2026-08-04,CHANNEL,pickup_mismatch,JO,ZRQ,16427,1,0.01,2026-08-31 16:33:58.859 +0300
2026-08-04,CHANNEL,residual_fare_increase_net,JO,AMM,56868,7359,12.94,2026-08-31 16:33:58.859 +0300
2026-08-04,CHANNEL,residual_fare_increase_net,JO,IRB,14112,2548,18.06,2026-08-31 16:33:58.859 +0300
2026-08-04,CHANNEL,residual_fare_increase_net,JO,Others,2167,315,14.54,2026-08-31 16:33:58.859 +0300
2026-08-04,CHANNEL,residual_fare_increase_net,JO,Total,89574,12312,13.75,2026-08-31 16:33:58.859 +0300
2026-08-04,CHANNEL,residual_fare_increase_net,JO,ZRQ,16427,2090,12.72,2026-08-31 16:33:58.859 +0300
2026-08-04,CHANNEL,rounding_error,JO,AMM,56868,642,1.13,2026-08-31 16:33:58.859 +0300
2026-08-04,CHANNEL,rounding_error,JO,IRB,14112,176,1.25,2026-08-31 16:33:58.859 +0300
2026-08-04,CHANNEL,rounding_error,JO,Others,2167,32,1.48,2026-08-31 16:33:58.859 +0300
2026-08-04,CHANNEL,rounding_error,JO,Total,89574,1044,1.17,2026-08-31 16:33:58.859 +0300
2026-08-04,CHANNEL,rounding_error,JO,ZRQ,16427,194,1.18,2026-08-31 16:33:58.859 +0300
2026-08-04,CHANNEL,spillover_recovery,JO,AMM,56868,1046,1.84,2026-08-31 16:33:58.859 +0300
2026-08-04,CHANNEL,spillover_recovery,JO,IRB,14112,190,1.35,2026-08-31 16:33:58.859 +0300
2026-08-04,CHANNEL,spillover_recovery,JO,Others,2167,17,0.78,2026-08-31 16:33:58.859 +0300
2026-08-04,CHANNEL,spillover_recovery,JO,Total,89574,1305,1.46,2026-08-31 16:33:58.859 +0300
2026-08-04,CHANNEL,spillover_recovery,JO,ZRQ,16427,52,0.32,2026-08-31 16:33:58.859 +0300
2026-08-04,CHANNEL,surcharge_mismatch,JO,AMM,56868,15,0.03,2026-08-31 16:33:58.859 +0300
2026-08-04,CHANNEL,surcharge_mismatch,JO,IRB,14112,0,0.00,2026-08-31 16:33:58.859 +0300
2026-08-04,CHANNEL,surcharge_mismatch,JO,Others,2167,1,0.05,2026-08-31 16:33:58.859 +0300
2026-08-04,CHANNEL,surcharge_mismatch,JO,Total,89574,30,0.03,2026-08-31 16:33:58.859 +0300
2026-08-04,CHANNEL,surcharge_mismatch,JO,ZRQ,16427,14,0.09,2026-08-31 16:33:58.859 +0300
2026-08-04,CHANNEL,surge_mismatch,JO,AMM,56868,28,0.05,2026-08-31 16:33:58.859 +0300
2026-08-04,CHANNEL,surge_mismatch,JO,IRB,14112,1,0.01,2026-08-31 16:33:58.859 +0300
2026-08-04,CHANNEL,surge_mismatch,JO,Others,2167,0,0.00,2026-08-31 16:33:58.859 +0300
2026-08-04,CHANNEL,surge_mismatch,JO,Total,89574,32,0.04,2026-08-31 16:33:58.859 +0300
2026-08-04,CHANNEL,surge_mismatch,JO,ZRQ,16427,3,0.02,2026-08-31 16:33:58.859 +0300
2026-08-04,SCENARIO,beyondB,JO,AMM,56868,46,0.08,2026-08-31 16:33:58.859 +0300
2026-08-04,SCENARIO,beyondB,JO,IRB,14112,8,0.06,2026-08-31 16:33:58.859 +0300
2026-08-04,SCENARIO,beyondB,JO,Others,2167,5,0.23,2026-08-31 16:33:58.859 +0300
2026-08-04,SCENARIO,beyondB,JO,Total,89574,68,0.08,2026-08-31 16:33:58.859 +0300
2026-08-04,SCENARIO,beyondB,JO,ZRQ,16427,9,0.05,2026-08-31 16:33:58.859 +0300
2026-08-04,SCENARIO,withinA_at_dest,JO,AMM,56868,5875,10.33,2026-08-31 16:33:58.859 +0300
2026-08-04,SCENARIO,withinA_at_dest,JO,IRB,14112,1238,8.77,2026-08-31 16:33:58.859 +0300
2026-08-04,SCENARIO,withinA_at_dest,JO,Others,2167,189,8.72,2026-08-31 16:33:58.859 +0300
2026-08-04,SCENARIO,withinA_at_dest,JO,Total,89574,8830,9.86,2026-08-31 16:33:58.859 +0300
2026-08-04,SCENARIO,withinA_at_dest,JO,ZRQ,16427,1528,9.30,2026-08-31 16:33:58.859 +0300
2026-08-04,SCENARIO,withinA_not_dest,JO,AMM,56868,1771,3.11,2026-08-31 16:33:58.859 +0300
2026-08-04,SCENARIO,withinA_not_dest,JO,IRB,14112,873,6.19,2026-08-31 16:33:58.859 +0300
2026-08-04,SCENARIO,withinA_not_dest,JO,Others,2167,79,3.65,2026-08-31 16:33:58.859 +0300
2026-08-04,SCENARIO,withinA_not_dest,JO,Total,89574,3283,3.67,2026-08-31 16:33:58.859 +0300
2026-08-04,SCENARIO,withinA_not_dest,JO,ZRQ,16427,560,3.41,2026-08-31 16:33:58.859 +0300
2026-08-04,SCENARIO,withinB_at_dest,JO,AMM,56868,4068,7.15,2026-08-31 16:33:58.859 +0300
2026-08-04,SCENARIO,withinB_at_dest,JO,IRB,14112,1106,7.84,2026-08-31 16:33:58.859 +0300
2026-08-04,SCENARIO,withinB_at_dest,JO,Others,2167,152,7.01,2026-08-31 16:33:58.859 +0300
2026-08-04,SCENARIO,withinB_at_dest,JO,Total,89574,6442,7.19,2026-08-31 16:33:58.859 +0300
2026-08-04,SCENARIO,withinB_at_dest,JO,ZRQ,16427,1116,6.79,2026-08-31 16:33:58.859 +0300
2026-08-04,SCENARIO,withinB_not_dest,JO,AMM,56868,1557,2.74,2026-08-31 16:33:58.859 +0300
2026-08-04,SCENARIO,withinB_not_dest,JO,IRB,14112,628,4.45,2026-08-31 16:33:58.859 +0300
2026-08-04,SCENARIO,withinB_not_dest,JO,Others,2167,93,4.29,2026-08-31 16:33:58.859 +0300
2026-08-04,SCENARIO,withinB_not_dest,JO,Total,89574,2720,3.04,2026-08-31 16:33:58.859 +0300
2026-08-04,SCENARIO,withinB_not_dest,JO,ZRQ,16427,442,2.69,2026-08-31 16:33:58.859 +0300
2026-08-04,CAUSE_MIX,beyondB,SA,Total,44333,20,0.05,2026-08-31 16:33:58.859 +0300
2026-08-04,CAUSE_MIX,pd_mismatch,SA,Total,44333,1,0.00,2026-08-31 16:33:58.859 +0300
2026-08-04,CAUSE_MIX,pickup_mismatch,SA,Total,44333,5,0.01,2026-08-31 16:33:58.859 +0300
2026-08-04,CAUSE_MIX,previous_wallet_balance,SA,Total,44333,7547,17.02,2026-08-31 16:33:58.859 +0300
2026-08-04,CAUSE_MIX,surcharge_mismatch,SA,Total,44333,743,1.68,2026-08-31 16:33:58.859 +0300
2026-08-04,CAUSE_MIX,surge_mismatch,SA,Total,44333,26,0.06,2026-08-31 16:33:58.859 +0300
2026-08-04,CAUSE_MIX,waiting_time,SA,Total,44333,21121,47.64,2026-08-31 16:33:58.859 +0300
2026-08-04,CAUSE_MIX,withinA_at_dest,SA,Total,44333,3447,7.78,2026-08-31 16:33:58.859 +0300
2026-08-04,CAUSE_MIX,withinA_not_dest,SA,Total,44333,1716,3.87,2026-08-31 16:33:58.859 +0300
2026-08-04,CAUSE_MIX,withinB_at_dest,SA,Total,44333,7264,16.39,2026-08-31 16:33:58.859 +0300
2026-08-04,CAUSE_MIX,withinB_not_dest,SA,Total,44333,2443,5.51,2026-08-31 16:33:58.859 +0300
2026-08-04,CHANNEL,cumulative_price_shocks_net,SA,DMM,6418,2113,32.92,2026-08-31 16:33:58.859 +0300
2026-08-04,CHANNEL,cumulative_price_shocks_net,SA,JED,32361,11698,36.15,2026-08-31 16:33:58.859 +0300
2026-08-04,CHANNEL,cumulative_price_shocks_net,SA,MAD,10799,3635,33.66,2026-08-31 16:33:58.859 +0300
2026-08-04,CHANNEL,cumulative_price_shocks_net,SA,MEC,5714,2207,38.62,2026-08-31 16:33:58.859 +0300
2026-08-04,CHANNEL,cumulative_price_shocks_net,SA,Others,12684,4711,37.14,2026-08-31 16:33:58.859 +0300
2026-08-04,CHANNEL,cumulative_price_shocks_net,SA,RUH,41133,12230,29.73,2026-08-31 16:33:58.859 +0300
2026-08-04,CHANNEL,cumulative_price_shocks_net,SA,Total,109109,36594,33.54,2026-08-31 16:33:58.859 +0300
2026-08-04,CHANNEL,pd_mismatch,SA,DMM,6418,3,0.05,2026-08-31 16:33:58.859 +0300
2026-08-04,CHANNEL,pd_mismatch,SA,JED,32361,2,0.01,2026-08-31 16:33:58.859 +0300
2026-08-04,CHANNEL,pd_mismatch,SA,MAD,10799,0,0.00,2026-08-31 16:33:58.859 +0300
2026-08-04,CHANNEL,pd_mismatch,SA,MEC,5714,0,0.00,2026-08-31 16:33:58.859 +0300
2026-08-04,CHANNEL,pd_mismatch,SA,Others,12684,0,0.00,2026-08-31 16:33:58.859 +0300
2026-08-04,CHANNEL,pd_mismatch,SA,RUH,41133,4,0.01,2026-08-31 16:33:58.859 +0300
2026-08-04,CHANNEL,pd_mismatch,SA,Total,109109,9,0.01,2026-08-31 16:33:58.859 +0300
2026-08-04,CHANNEL,pickup_mismatch,SA,DMM,6418,0,0.00,2026-08-31 16:33:58.859 +0300
2026-08-04,CHANNEL,pickup_mismatch,SA,JED,32361,3,0.01,2026-08-31 16:33:58.859 +0300
2026-08-04,CHANNEL,pickup_mismatch,SA,MAD,10799,0,0.00,2026-08-31 16:33:58.859 +0300
2026-08-04,CHANNEL,pickup_mismatch,SA,MEC,5714,1,0.02,2026-08-31 16:33:58.859 +0300
2026-08-04,CHANNEL,pickup_mismatch,SA,Others,12684,1,0.01,2026-08-31 16:33:58.859 +0300
2026-08-04,CHANNEL,pickup_mismatch,SA,RUH,41133,1,0.00,2026-08-31 16:33:58.859 +0300
2026-08-04,CHANNEL,pickup_mismatch,SA,Total,109109,6,0.01,2026-08-31 16:33:58.859 +0300
2026-08-04,CHANNEL,residual_fare_increase_net,SA,DMM,6418,1020,15.89,2026-08-31 16:33:58.859 +0300
2026-08-04,CHANNEL,residual_fare_increase_net,SA,JED,32361,5555,17.17,2026-08-31 16:33:58.859 +0300
2026-08-04,CHANNEL,residual_fare_increase_net,SA,MAD,10799,1719,15.92,2026-08-31 16:33:58.859 +0300
2026-08-04,CHANNEL,residual_fare_increase_net,SA,MEC,5714,978,17.12,2026-08-31 16:33:58.859 +0300
2026-08-04,CHANNEL,residual_fare_increase_net,SA,Others,12684,2451,19.32,2026-08-31 16:33:58.859 +0300
2026-08-04,CHANNEL,residual_fare_increase_net,SA,RUH,41133,5013,12.19,2026-08-31 16:33:58.859 +0300
2026-08-04,CHANNEL,residual_fare_increase_net,SA,Total,109109,16736,15.34,2026-08-31 16:33:58.859 +0300
2026-08-04,CHANNEL,rounding_error,SA,DMM,6418,95,1.48,2026-08-31 16:33:58.859 +0300
2026-08-04,CHANNEL,rounding_error,SA,JED,32361,786,2.43,2026-08-31 16:33:58.859 +0300
2026-08-04,CHANNEL,rounding_error,SA,MAD,10799,270,2.50,2026-08-31 16:33:58.859 +0300
2026-08-04,CHANNEL,rounding_error,SA,MEC,5714,93,1.63,2026-08-31 16:33:58.859 +0300
2026-08-04,CHANNEL,rounding_error,SA,Others,12684,235,1.85,2026-08-31 16:33:58.859 +0300
2026-08-04,CHANNEL,rounding_error,SA,RUH,41133,1062,2.58,2026-08-31 16:33:58.859 +0300
2026-08-04,CHANNEL,rounding_error,SA,Total,109109,2541,2.33,2026-08-31 16:33:58.859 +0300
2026-08-04,CHANNEL,spillover_recovery,SA,DMM,6418,331,5.16,2026-08-31 16:33:58.859 +0300
2026-08-04,CHANNEL,spillover_recovery,SA,JED,32361,2911,9.00,2026-08-31 16:33:58.859 +0300
2026-08-04,CHANNEL,spillover_recovery,SA,MAD,10799,780,7.22,2026-08-31 16:33:58.859 +0300
2026-08-04,CHANNEL,spillover_recovery,SA,MEC,5714,390,6.83,2026-08-31 16:33:58.859 +0300
2026-08-04,CHANNEL,spillover_recovery,SA,Others,12684,557,4.39,2026-08-31 16:33:58.859 +0300
2026-08-04,CHANNEL,spillover_recovery,SA,RUH,41133,3401,8.27,2026-08-31 16:33:58.859 +0300
2026-08-04,CHANNEL,spillover_recovery,SA,Total,109109,8370,7.67,2026-08-31 16:33:58.859 +0300
2026-08-04,CHANNEL,surcharge_mismatch,SA,DMM,6418,95,1.48,2026-08-31 16:33:58.859 +0300
2026-08-04,CHANNEL,surcharge_mismatch,SA,JED,32361,793,2.45,2026-08-31 16:33:58.859 +0300
2026-08-04,CHANNEL,surcharge_mismatch,SA,MAD,10799,159,1.47,2026-08-31 16:33:58.859 +0300
2026-08-04,CHANNEL,surcharge_mismatch,SA,MEC,5714,53,0.93,2026-08-31 16:33:58.859 +0300
2026-08-04,CHANNEL,surcharge_mismatch,SA,Others,12684,169,1.33,2026-08-31 16:33:58.859 +0300
2026-08-04,CHANNEL,surcharge_mismatch,SA,RUH,41133,619,1.50,2026-08-31 16:33:58.859 +0300
2026-08-04,CHANNEL,surcharge_mismatch,SA,Total,109109,1888,1.73,2026-08-31 16:33:58.859 +0300
2026-08-04,CHANNEL,surge_mismatch,SA,DMM,6418,1,0.02,2026-08-31 16:33:58.859 +0300
2026-08-04,CHANNEL,surge_mismatch,SA,JED,32361,6,0.02,2026-08-31 16:33:58.859 +0300
2026-08-04,CHANNEL,surge_mismatch,SA,MAD,10799,9,0.08,2026-08-31 16:33:58.859 +0300
2026-08-04,CHANNEL,surge_mismatch,SA,MEC,5714,3,0.05,2026-08-31 16:33:58.859 +0300
2026-08-04,CHANNEL,surge_mismatch,SA,Others,12684,0,0.00,2026-08-31 16:33:58.859 +0300
2026-08-04,CHANNEL,surge_mismatch,SA,RUH,41133,32,0.08,2026-08-31 16:33:58.859 +0300
2026-08-04,CHANNEL,surge_mismatch,SA,Total,109109,51,0.05,2026-08-31 16:33:58.859 +0300
2026-08-04,SCENARIO,beyondB,SA,DMM,6418,2,0.03,2026-08-31 16:33:58.859 +0300
2026-08-04,SCENARIO,beyondB,SA,JED,32361,6,0.02,2026-08-31 16:33:58.859 +0300
2026-08-04,SCENARIO,beyondB,SA,MAD,10799,5,0.05,2026-08-31 16:33:58.859 +0300
2026-08-04,SCENARIO,beyondB,SA,MEC,5714,0,0.00,2026-08-31 16:33:58.859 +0300
2026-08-04,SCENARIO,beyondB,SA,Others,12684,7,0.06,2026-08-31 16:33:58.859 +0300
2026-08-04,SCENARIO,beyondB,SA,RUH,41133,11,0.03,2026-08-31 16:33:58.859 +0300
2026-08-04,SCENARIO,beyondB,SA,Total,109109,31,0.03,2026-08-31 16:33:58.859 +0300
2026-08-04,SCENARIO,withinA_at_dest,SA,DMM,6418,1119,17.44,2026-08-31 16:33:58.859 +0300
2026-08-04,SCENARIO,withinA_at_dest,SA,JED,32361,6313,19.51,2026-08-31 16:33:58.859 +0300
2026-08-04,SCENARIO,withinA_at_dest,SA,MAD,10799,1942,17.98,2026-08-31 16:33:58.859 +0300
2026-08-04,SCENARIO,withinA_at_dest,SA,MEC,5714,1207,21.12,2026-08-31 16:33:58.859 +0300
2026-08-04,SCENARIO,withinA_at_dest,SA,Others,12684,2264,17.85,2026-08-31 16:33:58.859 +0300
2026-08-04,SCENARIO,withinA_at_dest,SA,RUH,41133,7572,18.41,2026-08-31 16:33:58.859 +0300
2026-08-04,SCENARIO,withinA_at_dest,SA,Total,109109,20417,18.71,2026-08-31 16:33:58.859 +0300
2026-08-04,SCENARIO,withinA_not_dest,SA,DMM,6418,149,2.32,2026-08-31 16:33:58.859 +0300
2026-08-04,SCENARIO,withinA_not_dest,SA,JED,32361,622,1.92,2026-08-31 16:33:58.859 +0300
2026-08-04,SCENARIO,withinA_not_dest,SA,MAD,10799,397,3.68,2026-08-31 16:33:58.859 +0300
2026-08-04,SCENARIO,withinA_not_dest,SA,MEC,5714,195,3.41,2026-08-31 16:33:58.859 +0300
2026-08-04,SCENARIO,withinA_not_dest,SA,Others,12684,472,3.72,2026-08-31 16:33:58.859 +0300
2026-08-04,SCENARIO,withinA_not_dest,SA,RUH,41133,983,2.39,2026-08-31 16:33:58.859 +0300
2026-08-04,SCENARIO,withinA_not_dest,SA,Total,109109,2818,2.58,2026-08-31 16:33:58.859 +0300
2026-08-04,SCENARIO,withinB_at_dest,SA,DMM,6418,658,10.25,2026-08-31 16:33:58.859 +0300
2026-08-04,SCENARIO,withinB_at_dest,SA,JED,32361,3861,11.93,2026-08-31 16:33:58.859 +0300
2026-08-04,SCENARIO,withinB_at_dest,SA,MAD,10799,922,8.54,2026-08-31 16:33:58.859 +0300
2026-08-04,SCENARIO,withinB_at_dest,SA,MEC,5714,597,10.45,2026-08-31 16:33:58.859 +0300
2026-08-04,SCENARIO,withinB_at_dest,SA,Others,12684,1252,9.87,2026-08-31 16:33:58.859 +0300
2026-08-04,SCENARIO,withinB_at_dest,SA,RUH,41133,2508,6.10,2026-08-31 16:33:58.859 +0300
2026-08-04,SCENARIO,withinB_at_dest,SA,Total,109109,9798,8.98,2026-08-31 16:33:58.859 +0300
2026-08-04,SCENARIO,withinB_not_dest,SA,DMM,6418,185,2.88,2026-08-31 16:33:58.859 +0300
2026-08-04,SCENARIO,withinB_not_dest,SA,JED,32361,896,2.77,2026-08-31 16:33:58.859 +0300
2026-08-04,SCENARIO,withinB_not_dest,SA,MAD,10799,369,3.42,2026-08-31 16:33:58.859 +0300
2026-08-04,SCENARIO,withinB_not_dest,SA,MEC,5714,208,3.64,2026-08-31 16:33:58.859 +0300
2026-08-04,SCENARIO,withinB_not_dest,SA,Others,12684,716,5.64,2026-08-31 16:33:58.859 +0300
2026-08-04,SCENARIO,withinB_not_dest,SA,RUH,41133,1156,2.81,2026-08-31 16:33:58.859 +0300
2026-08-04,SCENARIO,withinB_not_dest,SA,Total,109109,3530,3.24,2026-08-31 16:33:58.859 +0300
2026-08-05,CAUSE_MIX,beyondB,JO,Total,23144,54,0.23,2026-08-31 16:33:58.859 +0300
2026-08-05,CAUSE_MIX,pickup_mismatch,JO,Total,23144,1,0.00,2026-08-31 16:33:58.859 +0300
2026-08-05,CAUSE_MIX,previous_wallet_balance,JO,Total,23144,1273,5.50,2026-08-31 16:33:58.859 +0300
2026-08-05,CAUSE_MIX,surcharge_mismatch,JO,Total,23144,10,0.04,2026-08-31 16:33:58.859 +0300
2026-08-05,CAUSE_MIX,surge_mismatch,JO,Total,23144,21,0.09,2026-08-31 16:33:58.859 +0300
2026-08-05,CAUSE_MIX,waiting_time,JO,Total,23144,9544,41.24,2026-08-31 16:33:58.859 +0300
2026-08-05,CAUSE_MIX,withinA_at_dest,JO,Total,23144,1287,5.56,2026-08-31 16:33:58.859 +0300
2026-08-05,CAUSE_MIX,withinA_not_dest,JO,Total,23144,2554,11.04,2026-08-31 16:33:58.859 +0300
2026-08-05,CAUSE_MIX,withinB_at_dest,JO,Total,23144,6013,25.98,2026-08-31 16:33:58.859 +0300
2026-08-05,CAUSE_MIX,withinB_not_dest,JO,Total,23144,2387,10.31,2026-08-31 16:33:58.859 +0300
2026-08-05,CHANNEL,cumulative_price_shocks_net,JO,AMM,55859,13605,24.36,2026-08-31 16:33:58.859 +0300
2026-08-05,CHANNEL,cumulative_price_shocks_net,JO,IRB,13884,3992,28.75,2026-08-31 16:33:58.859 +0300
2026-08-05,CHANNEL,cumulative_price_shocks_net,JO,Others,2120,535,25.24,2026-08-31 16:33:58.859 +0300
2026-08-05,CHANNEL,cumulative_price_shocks_net,JO,Total,88145,21868,24.81,2026-08-31 16:33:58.859 +0300
2026-08-05,CHANNEL,cumulative_price_shocks_net,JO,ZRQ,16282,3736,22.95,2026-08-31 16:33:58.859 +0300
2026-08-05,CHANNEL,pd_mismatch,JO,AMM,55859,0,0.00,2026-08-31 16:33:58.859 +0300
2026-08-05,CHANNEL,pd_mismatch,JO,IRB,13884,0,0.00,2026-08-31 16:33:58.859 +0300
2026-08-05,CHANNEL,pd_mismatch,JO,Others,2120,0,0.00,2026-08-31 16:33:58.859 +0300
2026-08-05,CHANNEL,pd_mismatch,JO,Total,88145,0,0.00,2026-08-31 16:33:58.859 +0300
2026-08-05,CHANNEL,pd_mismatch,JO,ZRQ,16282,0,0.00,2026-08-31 16:33:58.859 +0300
2026-08-05,CHANNEL,pickup_mismatch,JO,AMM,55859,0,0.00,2026-08-31 16:33:58.859 +0300
2026-08-05,CHANNEL,pickup_mismatch,JO,IRB,13884,1,0.01,2026-08-31 16:33:58.859 +0300
2026-08-05,CHANNEL,pickup_mismatch,JO,Others,2120,0,0.00,2026-08-31 16:33:58.859 +0300
2026-08-05,CHANNEL,pickup_mismatch,JO,Total,88145,1,0.00,2026-08-31 16:33:58.859 +0300
2026-08-05,CHANNEL,pickup_mismatch,JO,ZRQ,16282,0,0.00,2026-08-31 16:33:58.859 +0300
2026-08-05,CHANNEL,residual_fare_increase_net,JO,AMM,55859,7764,13.90,2026-08-31 16:33:58.859 +0300
2026-08-05,CHANNEL,residual_fare_increase_net,JO,IRB,13884,2683,19.32,2026-08-31 16:33:58.859 +0300
2026-08-05,CHANNEL,residual_fare_increase_net,JO,Others,2120,301,14.20,2026-08-31 16:33:58.859 +0300
2026-08-05,CHANNEL,residual_fare_increase_net,JO,Total,88145,12896,14.63,2026-08-31 16:33:58.859 +0300
2026-08-05,CHANNEL,residual_fare_increase_net,JO,ZRQ,16282,2148,13.19,2026-08-31 16:33:58.859 +0300
2026-08-05,CHANNEL,rounding_error,JO,AMM,55859,629,1.13,2026-08-31 16:33:58.859 +0300
2026-08-05,CHANNEL,rounding_error,JO,IRB,13884,163,1.17,2026-08-31 16:33:58.859 +0300
2026-08-05,CHANNEL,rounding_error,JO,Others,2120,23,1.08,2026-08-31 16:33:58.859 +0300
2026-08-05,CHANNEL,rounding_error,JO,Total,88145,991,1.12,2026-08-31 16:33:58.859 +0300
2026-08-05,CHANNEL,rounding_error,JO,ZRQ,16282,176,1.08,2026-08-31 16:33:58.859 +0300
2026-08-05,CHANNEL,spillover_recovery,JO,AMM,55859,1088,1.95,2026-08-31 16:33:58.859 +0300
2026-08-05,CHANNEL,spillover_recovery,JO,IRB,13884,197,1.42,2026-08-31 16:33:58.859 +0300
2026-08-05,CHANNEL,spillover_recovery,JO,Others,2120,16,0.75,2026-08-31 16:33:58.859 +0300
2026-08-05,CHANNEL,spillover_recovery,JO,Total,88145,1359,1.54,2026-08-31 16:33:58.859 +0300
2026-08-05,CHANNEL,spillover_recovery,JO,ZRQ,16282,58,0.36,2026-08-31 16:33:58.859 +0300
2026-08-05,CHANNEL,surcharge_mismatch,JO,AMM,55859,9,0.02,2026-08-31 16:33:58.859 +0300
2026-08-05,CHANNEL,surcharge_mismatch,JO,IRB,13884,1,0.01,2026-08-31 16:33:58.859 +0300
2026-08-05,CHANNEL,surcharge_mismatch,JO,Others,2120,1,0.05,2026-08-31 16:33:58.859 +0300
2026-08-05,CHANNEL,surcharge_mismatch,JO,Total,88145,15,0.02,2026-08-31 16:33:58.859 +0300
2026-08-05,CHANNEL,surcharge_mismatch,JO,ZRQ,16282,4,0.02,2026-08-31 16:33:58.859 +0300
2026-08-05,CHANNEL,surge_mismatch,JO,AMM,55859,29,0.05,2026-08-31 16:33:58.859 +0300
2026-08-05,CHANNEL,surge_mismatch,JO,IRB,13884,1,0.01,2026-08-31 16:33:58.859 +0300
2026-08-05,CHANNEL,surge_mismatch,JO,Others,2120,0,0.00,2026-08-31 16:33:58.859 +0300
2026-08-05,CHANNEL,surge_mismatch,JO,Total,88145,31,0.04,2026-08-31 16:33:58.859 +0300
2026-08-05,CHANNEL,surge_mismatch,JO,ZRQ,16282,1,0.01,2026-08-31 16:33:58.859 +0300
2026-08-05,SCENARIO,beyondB,JO,AMM,55859,44,0.08,2026-08-31 16:33:58.859 +0300
2026-08-05,SCENARIO,beyondB,JO,IRB,13884,8,0.06,2026-08-31 16:33:58.859 +0300
2026-08-05,SCENARIO,beyondB,JO,Others,2120,3,0.14,2026-08-31 16:33:58.859 +0300
2026-08-05,SCENARIO,beyondB,JO,Total,88145,59,0.07,2026-08-31 16:33:58.859 +0300
2026-08-05,SCENARIO,beyondB,JO,ZRQ,16282,4,0.02,2026-08-31 16:33:58.859 +0300
2026-08-05,SCENARIO,withinA_at_dest,JO,AMM,55859,5741,10.28,2026-08-31 16:33:58.859 +0300
2026-08-05,SCENARIO,withinA_at_dest,JO,IRB,13884,1249,9.00,2026-08-31 16:33:58.859 +0300
2026-08-05,SCENARIO,withinA_at_dest,JO,Others,2120,231,10.90,2026-08-31 16:33:58.859 +0300
2026-08-05,SCENARIO,withinA_at_dest,JO,Total,88145,8773,9.95,2026-08-31 16:33:58.859 +0300
2026-08-05,SCENARIO,withinA_at_dest,JO,ZRQ,16282,1552,9.53,2026-08-31 16:33:58.859 +0300
2026-08-05,SCENARIO,withinA_not_dest,JO,AMM,55859,1703,3.05,2026-08-31 16:33:58.859 +0300
2026-08-05,SCENARIO,withinA_not_dest,JO,IRB,13884,844,6.08,2026-08-31 16:33:58.859 +0300
2026-08-05,SCENARIO,withinA_not_dest,JO,Others,2120,74,3.49,2026-08-31 16:33:58.859 +0300
2026-08-05,SCENARIO,withinA_not_dest,JO,Total,88145,3185,3.61,2026-08-31 16:33:58.859 +0300
2026-08-05,SCENARIO,withinA_not_dest,JO,ZRQ,16282,564,3.46,2026-08-31 16:33:58.859 +0300
2026-08-05,SCENARIO,withinB_at_dest,JO,AMM,55859,4508,8.07,2026-08-31 16:33:58.859 +0300
2026-08-05,SCENARIO,withinB_at_dest,JO,IRB,13884,1200,8.64,2026-08-31 16:33:58.859 +0300
2026-08-05,SCENARIO,withinB_at_dest,JO,Others,2120,149,7.03,2026-08-31 16:33:58.859 +0300
2026-08-05,SCENARIO,withinB_at_dest,JO,Total,88145,7010,7.95,2026-08-31 16:33:58.859 +0300
2026-08-05,SCENARIO,withinB_at_dest,JO,ZRQ,16282,1153,7.08,2026-08-31 16:33:58.859 +0300
2026-08-05,SCENARIO,withinB_not_dest,JO,AMM,55859,1609,2.88,2026-08-31 16:33:58.859 +0300
2026-08-05,SCENARIO,withinB_not_dest,JO,IRB,13884,691,4.98,2026-08-31 16:33:58.859 +0300
2026-08-05,SCENARIO,withinB_not_dest,JO,Others,2120,78,3.68,2026-08-31 16:33:58.859 +0300
2026-08-05,SCENARIO,withinB_not_dest,JO,Total,88145,2841,3.22,2026-08-31 16:33:58.859 +0300
2026-08-05,SCENARIO,withinB_not_dest,JO,ZRQ,16282,463,2.84,2026-08-31 16:33:58.859 +0300
2026-08-05,CAUSE_MIX,beyondB,SA,Total,45016,27,0.06,2026-08-31 16:33:58.859 +0300
2026-08-05,CAUSE_MIX,pd_mismatch,SA,Total,45016,5,0.01,2026-08-31 16:33:58.859 +0300
2026-08-05,CAUSE_MIX,pickup_mismatch,SA,Total,45016,2,0.00,2026-08-31 16:33:58.859 +0300
2026-08-05,CAUSE_MIX,previous_wallet_balance,SA,Total,45016,7549,16.77,2026-08-31 16:33:58.859 +0300
2026-08-05,CAUSE_MIX,surcharge_mismatch,SA,Total,45016,793,1.76,2026-08-31 16:33:58.859 +0300
2026-08-05,CAUSE_MIX,surge_mismatch,SA,Total,45016,48,0.11,2026-08-31 16:33:58.859 +0300
2026-08-05,CAUSE_MIX,waiting_time,SA,Total,45016,21522,47.81,2026-08-31 16:33:58.859 +0300
2026-08-05,CAUSE_MIX,withinA_at_dest,SA,Total,45016,3428,7.62,2026-08-31 16:33:58.859 +0300
2026-08-05,CAUSE_MIX,withinA_not_dest,SA,Total,45016,1702,3.78,2026-08-31 16:33:58.859 +0300
2026-08-05,CAUSE_MIX,withinB_at_dest,SA,Total,45016,7380,16.39,2026-08-31 16:33:58.859 +0300
2026-08-05,CAUSE_MIX,withinB_not_dest,SA,Total,45016,2560,5.69,2026-08-31 16:33:58.859 +0300
2026-08-05,CHANNEL,cumulative_price_shocks_net,SA,DMM,6301,2225,35.31,2026-08-31 16:33:58.859 +0300
2026-08-05,CHANNEL,cumulative_price_shocks_net,SA,JED,32109,11848,36.90,2026-08-31 16:33:58.859 +0300
2026-08-05,CHANNEL,cumulative_price_shocks_net,SA,MAD,10754,3689,34.30,2026-08-31 16:33:58.859 +0300
2026-08-05,CHANNEL,cumulative_price_shocks_net,SA,MEC,5715,2220,38.85,2026-08-31 16:33:58.859 +0300
2026-08-05,CHANNEL,cumulative_price_shocks_net,SA,Others,12506,4623,36.97,2026-08-31 16:33:58.859 +0300
2026-08-05,CHANNEL,cumulative_price_shocks_net,SA,RUH,41910,12668,30.23,2026-08-31 16:33:58.859 +0300
2026-08-05,CHANNEL,cumulative_price_shocks_net,SA,Total,109295,37273,34.10,2026-08-31 16:33:58.859 +0300
2026-08-05,CHANNEL,pd_mismatch,SA,DMM,6301,1,0.02,2026-08-31 16:33:58.859 +0300
2026-08-05,CHANNEL,pd_mismatch,SA,JED,32109,1,0.00,2026-08-31 16:33:58.859 +0300
2026-08-05,CHANNEL,pd_mismatch,SA,MAD,10754,0,0.00,2026-08-31 16:33:58.859 +0300
2026-08-05,CHANNEL,pd_mismatch,SA,MEC,5715,1,0.02,2026-08-31 16:33:58.859 +0300
2026-08-05,CHANNEL,pd_mismatch,SA,Others,12506,0,0.00,2026-08-31 16:33:58.859 +0300
2026-08-05,CHANNEL,pd_mismatch,SA,RUH,41910,3,0.01,2026-08-31 16:33:58.859 +0300
2026-08-05,CHANNEL,pd_mismatch,SA,Total,109295,6,0.01,2026-08-31 16:33:58.859 +0300
2026-08-05,CHANNEL,pickup_mismatch,SA,DMM,6301,0,0.00,2026-08-31 16:33:58.859 +0300
2026-08-05,CHANNEL,pickup_mismatch,SA,JED,32109,2,0.01,2026-08-31 16:33:58.859 +0300
2026-08-05,CHANNEL,pickup_mismatch,SA,MAD,10754,1,0.01,2026-08-31 16:33:58.859 +0300
2026-08-05,CHANNEL,pickup_mismatch,SA,MEC,5715,0,0.00,2026-08-31 16:33:58.859 +0300
2026-08-05,CHANNEL,pickup_mismatch,SA,Others,12506,3,0.02,2026-08-31 16:33:58.859 +0300
2026-08-05,CHANNEL,pickup_mismatch,SA,RUH,41910,1,0.00,2026-08-31 16:33:58.859 +0300
2026-08-05,CHANNEL,pickup_mismatch,SA,Total,109295,7,0.01,2026-08-31 16:33:58.859 +0300
2026-08-05,CHANNEL,residual_fare_increase_net,SA,DMM,6301,1085,17.22,2026-08-31 16:33:58.859 +0300
2026-08-05,CHANNEL,residual_fare_increase_net,SA,JED,32109,5546,17.27,2026-08-31 16:33:58.859 +0300
2026-08-05,CHANNEL,residual_fare_increase_net,SA,MAD,10754,1776,16.51,2026-08-31 16:33:58.859 +0300
2026-08-05,CHANNEL,residual_fare_increase_net,SA,MEC,5715,998,17.46,2026-08-31 16:33:58.859 +0300
2026-08-05,CHANNEL,residual_fare_increase_net,SA,Others,12506,2378,19.01,2026-08-31 16:33:58.859 +0300
2026-08-05,CHANNEL,residual_fare_increase_net,SA,RUH,41910,5119,12.21,2026-08-31 16:33:58.859 +0300
2026-08-05,CHANNEL,residual_fare_increase_net,SA,Total,109295,16902,15.46,2026-08-31 16:33:58.859 +0300
2026-08-05,CHANNEL,rounding_error,SA,DMM,6301,95,1.51,2026-08-31 16:33:58.859 +0300
2026-08-05,CHANNEL,rounding_error,SA,JED,32109,822,2.56,2026-08-31 16:33:58.859 +0300
2026-08-05,CHANNEL,rounding_error,SA,MAD,10754,250,2.32,2026-08-31 16:33:58.859 +0300
2026-08-05,CHANNEL,rounding_error,SA,MEC,5715,83,1.45,2026-08-31 16:33:58.859 +0300
2026-08-05,CHANNEL,rounding_error,SA,Others,12506,226,1.81,2026-08-31 16:33:58.859 +0300
2026-08-05,CHANNEL,rounding_error,SA,RUH,41910,1055,2.52,2026-08-31 16:33:58.859 +0300
2026-08-05,CHANNEL,rounding_error,SA,Total,109295,2531,2.32,2026-08-31 16:33:58.859 +0300
2026-08-05,CHANNEL,spillover_recovery,SA,DMM,6301,334,5.30,2026-08-31 16:33:58.859 +0300
2026-08-05,CHANNEL,spillover_recovery,SA,JED,32109,2789,8.69,2026-08-31 16:33:58.859 +0300
2026-08-05,CHANNEL,spillover_recovery,SA,MAD,10754,743,6.91,2026-08-31 16:33:58.859 +0300
2026-08-05,CHANNEL,spillover_recovery,SA,MEC,5715,380,6.65,2026-08-31 16:33:58.859 +0300
2026-08-05,CHANNEL,spillover_recovery,SA,Others,12506,578,4.62,2026-08-31 16:33:58.859 +0300
2026-08-05,CHANNEL,spillover_recovery,SA,RUH,41910,3543,8.45,2026-08-31 16:33:58.859 +0300
2026-08-05,CHANNEL,spillover_recovery,SA,Total,109295,8367,7.66,2026-08-31 16:33:58.859 +0300
2026-08-05,CHANNEL,surcharge_mismatch,SA,DMM,6301,129,2.05,2026-08-31 16:33:58.859 +0300
2026-08-05,CHANNEL,surcharge_mismatch,SA,JED,32109,839,2.61,2026-08-31 16:33:58.859 +0300
2026-08-05,CHANNEL,surcharge_mismatch,SA,MAD,10754,174,1.62,2026-08-31 16:33:58.859 +0300
2026-08-05,CHANNEL,surcharge_mismatch,SA,MEC,5715,54,0.94,2026-08-31 16:33:58.859 +0300
2026-08-05,CHANNEL,surcharge_mismatch,SA,Others,12506,195,1.56,2026-08-31 16:33:58.859 +0300
2026-08-05,CHANNEL,surcharge_mismatch,SA,RUH,41910,666,1.59,2026-08-31 16:33:58.859 +0300
2026-08-05,CHANNEL,surcharge_mismatch,SA,Total,109295,2057,1.88,2026-08-31 16:33:58.859 +0300
2026-08-05,CHANNEL,surge_mismatch,SA,DMM,6301,7,0.11,2026-08-31 16:33:58.859 +0300
2026-08-05,CHANNEL,surge_mismatch,SA,JED,32109,23,0.07,2026-08-31 16:33:58.859 +0300
2026-08-05,CHANNEL,surge_mismatch,SA,MAD,10754,14,0.13,2026-08-31 16:33:58.859 +0300
2026-08-05,CHANNEL,surge_mismatch,SA,MEC,5715,2,0.03,2026-08-31 16:33:58.859 +0300
2026-08-05,CHANNEL,surge_mismatch,SA,Others,12506,0,0.00,2026-08-31 16:33:58.859 +0300
2026-08-05,CHANNEL,surge_mismatch,SA,RUH,41910,40,0.10,2026-08-31 16:33:58.859 +0300
2026-08-05,CHANNEL,surge_mismatch,SA,Total,109295,86,0.08,2026-08-31 16:33:58.859 +0300
2026-08-05,SCENARIO,beyondB,SA,DMM,6301,1,0.02,2026-08-31 16:33:58.859 +0300
2026-08-05,SCENARIO,beyondB,SA,JED,32109,7,0.02,2026-08-31 16:33:58.859 +0300
2026-08-05,SCENARIO,beyondB,SA,MAD,10754,2,0.02,2026-08-31 16:33:58.859 +0300
2026-08-05,SCENARIO,beyondB,SA,MEC,5715,4,0.07,2026-08-31 16:33:58.859 +0300
2026-08-05,SCENARIO,beyondB,SA,Others,12506,8,0.06,2026-08-31 16:33:58.859 +0300
2026-08-05,SCENARIO,beyondB,SA,RUH,41910,14,0.03,2026-08-31 16:33:58.859 +0300
2026-08-05,SCENARIO,beyondB,SA,Total,109295,36,0.03,2026-08-31 16:33:58.859 +0300
2026-08-05,SCENARIO,withinA_at_dest,SA,DMM,6301,1154,18.31,2026-08-31 16:33:58.859 +0300
2026-08-05,SCENARIO,withinA_at_dest,SA,JED,32109,6404,19.94,2026-08-31 16:33:58.859 +0300
2026-08-05,SCENARIO,withinA_at_dest,SA,MAD,10754,1936,18.00,2026-08-31 16:33:58.859 +0300
2026-08-05,SCENARIO,withinA_at_dest,SA,MEC,5715,1208,21.14,2026-08-31 16:33:58.859 +0300
2026-08-05,SCENARIO,withinA_at_dest,SA,Others,12506,2261,18.08,2026-08-31 16:33:58.859 +0300
2026-08-05,SCENARIO,withinA_at_dest,SA,RUH,41910,7876,18.79,2026-08-31 16:33:58.859 +0300
2026-08-05,SCENARIO,withinA_at_dest,SA,Total,109295,20839,19.07,2026-08-31 16:33:58.859 +0300
2026-08-05,SCENARIO,withinA_not_dest,SA,DMM,6301,128,2.03,2026-08-31 16:33:58.859 +0300
2026-08-05,SCENARIO,withinA_not_dest,SA,JED,32109,667,2.08,2026-08-31 16:33:58.859 +0300
2026-08-05,SCENARIO,withinA_not_dest,SA,MAD,10754,393,3.65,2026-08-31 16:33:58.859 +0300
2026-08-05,SCENARIO,withinA_not_dest,SA,MEC,5715,163,2.85,2026-08-31 16:33:58.859 +0300
2026-08-05,SCENARIO,withinA_not_dest,SA,Others,12506,433,3.46,2026-08-31 16:33:58.859 +0300
2026-08-05,SCENARIO,withinA_not_dest,SA,RUH,41910,961,2.29,2026-08-31 16:33:58.859 +0300
2026-08-05,SCENARIO,withinA_not_dest,SA,Total,109295,2745,2.51,2026-08-31 16:33:58.859 +0300
2026-08-05,SCENARIO,withinB_at_dest,SA,DMM,6301,717,11.38,2026-08-31 16:33:58.859 +0300
2026-08-05,SCENARIO,withinB_at_dest,SA,JED,32109,3807,11.86,2026-08-31 16:33:58.859 +0300
2026-08-05,SCENARIO,withinB_at_dest,SA,MAD,10754,967,8.99,2026-08-31 16:33:58.859 +0300
2026-08-05,SCENARIO,withinB_at_dest,SA,MEC,5715,606,10.60,2026-08-31 16:33:58.859 +0300
2026-08-05,SCENARIO,withinB_at_dest,SA,Others,12506,1237,9.89,2026-08-31 16:33:58.859 +0300
2026-08-05,SCENARIO,withinB_at_dest,SA,RUH,41910,2685,6.41,2026-08-31 16:33:58.859 +0300
2026-08-05,SCENARIO,withinB_at_dest,SA,Total,109295,10019,9.17,2026-08-31 16:33:58.859 +0300
2026-08-05,SCENARIO,withinB_not_dest,SA,DMM,6301,225,3.57,2026-08-31 16:33:58.859 +0300
2026-08-05,SCENARIO,withinB_not_dest,SA,JED,32109,963,3.00,2026-08-31 16:33:58.859 +0300
2026-08-05,SCENARIO,withinB_not_dest,SA,MAD,10754,391,3.64,2026-08-31 16:33:58.859 +0300
2026-08-05,SCENARIO,withinB_not_dest,SA,MEC,5715,239,4.18,2026-08-31 16:33:58.859 +0300
2026-08-05,SCENARIO,withinB_not_dest,SA,Others,12506,684,5.47,2026-08-31 16:33:58.859 +0300
2026-08-05,SCENARIO,withinB_not_dest,SA,RUH,41910,1132,2.70,2026-08-31 16:33:58.859 +0300
2026-08-05,SCENARIO,withinB_not_dest,SA,Total,109295,3634,3.32,2026-08-31 16:33:58.859 +0300
2026-08-06,CAUSE_MIX,beyondB,JO,Total,24397,62,0.25,2026-08-31 16:33:58.859 +0300
2026-08-06,CAUSE_MIX,pickup_mismatch,JO,Total,24397,1,0.00,2026-08-31 16:33:58.859 +0300
2026-08-06,CAUSE_MIX,previous_wallet_balance,JO,Total,24397,1242,5.09,2026-08-31 16:33:58.859 +0300
2026-08-06,CAUSE_MIX,surcharge_mismatch,JO,Total,24397,12,0.05,2026-08-31 16:33:58.859 +0300
2026-08-06,CAUSE_MIX,surge_mismatch,JO,Total,24397,28,0.11,2026-08-31 16:33:58.859 +0300
2026-08-06,CAUSE_MIX,waiting_time,JO,Total,24397,10109,41.44,2026-08-31 16:33:58.859 +0300
2026-08-06,CAUSE_MIX,withinA_at_dest,JO,Total,24397,1333,5.46,2026-08-31 16:33:58.859 +0300
2026-08-06,CAUSE_MIX,withinA_not_dest,JO,Total,24397,2830,11.60,2026-08-31 16:33:58.859 +0300
2026-08-06,CAUSE_MIX,withinB_at_dest,JO,Total,24397,6199,25.41,2026-08-31 16:33:58.859 +0300
2026-08-06,CAUSE_MIX,withinB_not_dest,JO,Total,24397,2581,10.58,2026-08-31 16:33:58.859 +0300
2026-08-06,CHANNEL,cumulative_price_shocks_net,JO,AMM,57833,14126,24.43,2026-08-31 16:33:58.859 +0300
2026-08-06,CHANNEL,cumulative_price_shocks_net,JO,IRB,14462,4331,29.95,2026-08-31 16:33:58.859 +0300
2026-08-06,CHANNEL,cumulative_price_shocks_net,JO,Others,2062,524,25.41,2026-08-31 16:33:58.859 +0300
2026-08-06,CHANNEL,cumulative_price_shocks_net,JO,Total,91842,23153,25.21,2026-08-31 16:33:58.859 +0300
2026-08-06,CHANNEL,cumulative_price_shocks_net,JO,ZRQ,17485,4172,23.86,2026-08-31 16:33:58.859 +0300
2026-08-06,CHANNEL,pd_mismatch,JO,AMM,57833,0,0.00,2026-08-31 16:33:58.859 +0300
2026-08-06,CHANNEL,pd_mismatch,JO,IRB,14462,0,0.00,2026-08-31 16:33:58.859 +0300
2026-08-06,CHANNEL,pd_mismatch,JO,Others,2062,0,0.00,2026-08-31 16:33:58.859 +0300
2026-08-06,CHANNEL,pd_mismatch,JO,Total,91842,0,0.00,2026-08-31 16:33:58.859 +0300
2026-08-06,CHANNEL,pd_mismatch,JO,ZRQ,17485,0,0.00,2026-08-31 16:33:58.859 +0300
2026-08-06,CHANNEL,pickup_mismatch,JO,AMM,57833,1,0.00,2026-08-31 16:33:58.859 +0300
2026-08-06,CHANNEL,pickup_mismatch,JO,IRB,14462,0,0.00,2026-08-31 16:33:58.859 +0300
2026-08-06,CHANNEL,pickup_mismatch,JO,Others,2062,0,0.00,2026-08-31 16:33:58.859 +0300
2026-08-06,CHANNEL,pickup_mismatch,JO,Total,91842,1,0.00,2026-08-31 16:33:58.859 +0300
2026-08-06,CHANNEL,pickup_mismatch,JO,ZRQ,17485,0,0.00,2026-08-31 16:33:58.859 +0300
2026-08-06,CHANNEL,residual_fare_increase_net,JO,AMM,57833,7864,13.60,2026-08-31 16:33:58.859 +0300
2026-08-06,CHANNEL,residual_fare_increase_net,JO,IRB,14462,3074,21.26,2026-08-31 16:33:58.859 +0300
2026-08-06,CHANNEL,residual_fare_increase_net,JO,Others,2062,326,15.81,2026-08-31 16:33:58.859 +0300
2026-08-06,CHANNEL,residual_fare_increase_net,JO,Total,91842,13720,14.94,2026-08-31 16:33:58.859 +0300
2026-08-06,CHANNEL,residual_fare_increase_net,JO,ZRQ,17485,2456,14.05,2026-08-31 16:33:58.859 +0300
2026-08-06,CHANNEL,rounding_error,JO,AMM,57833,662,1.14,2026-08-31 16:33:58.859 +0300
2026-08-06,CHANNEL,rounding_error,JO,IRB,14462,158,1.09,2026-08-31 16:33:58.859 +0300
2026-08-06,CHANNEL,rounding_error,JO,Others,2062,32,1.55,2026-08-31 16:33:58.859 +0300
2026-08-06,CHANNEL,rounding_error,JO,Total,91842,1018,1.11,2026-08-31 16:33:58.859 +0300
2026-08-06,CHANNEL,rounding_error,JO,ZRQ,17485,166,0.95,2026-08-31 16:33:58.859 +0300
2026-08-06,CHANNEL,spillover_recovery,JO,AMM,57833,1045,1.81,2026-08-31 16:33:58.859 +0300
2026-08-06,CHANNEL,spillover_recovery,JO,IRB,14462,192,1.33,2026-08-31 16:33:58.859 +0300
2026-08-06,CHANNEL,spillover_recovery,JO,Others,2062,11,0.53,2026-08-31 16:33:58.859 +0300
2026-08-06,CHANNEL,spillover_recovery,JO,Total,91842,1315,1.43,2026-08-31 16:33:58.859 +0300
2026-08-06,CHANNEL,spillover_recovery,JO,ZRQ,17485,67,0.38,2026-08-31 16:33:58.859 +0300
2026-08-06,CHANNEL,surcharge_mismatch,JO,AMM,57833,12,0.02,2026-08-31 16:33:58.859 +0300
2026-08-06,CHANNEL,surcharge_mismatch,JO,IRB,14462,0,0.00,2026-08-31 16:33:58.859 +0300
2026-08-06,CHANNEL,surcharge_mismatch,JO,Others,2062,2,0.10,2026-08-31 16:33:58.859 +0300
2026-08-06,CHANNEL,surcharge_mismatch,JO,Total,91842,26,0.03,2026-08-31 16:33:58.859 +0300
2026-08-06,CHANNEL,surcharge_mismatch,JO,ZRQ,17485,12,0.07,2026-08-31 16:33:58.859 +0300
2026-08-06,CHANNEL,surge_mismatch,JO,AMM,57833,33,0.06,2026-08-31 16:33:58.859 +0300
2026-08-06,CHANNEL,surge_mismatch,JO,IRB,14462,0,0.00,2026-08-31 16:33:58.859 +0300
2026-08-06,CHANNEL,surge_mismatch,JO,Others,2062,0,0.00,2026-08-31 16:33:58.859 +0300
2026-08-06,CHANNEL,surge_mismatch,JO,Total,91842,38,0.04,2026-08-31 16:33:58.859 +0300
2026-08-06,CHANNEL,surge_mismatch,JO,ZRQ,17485,5,0.03,2026-08-31 16:33:58.859 +0300
2026-08-06,SCENARIO,beyondB,JO,AMM,57833,51,0.09,2026-08-31 16:33:58.859 +0300
2026-08-06,SCENARIO,beyondB,JO,IRB,14462,13,0.09,2026-08-31 16:33:58.859 +0300
2026-08-06,SCENARIO,beyondB,JO,Others,2062,0,0.00,2026-08-31 16:33:58.859 +0300
2026-08-06,SCENARIO,beyondB,JO,Total,91842,71,0.08,2026-08-31 16:33:58.859 +0300
2026-08-06,SCENARIO,beyondB,JO,ZRQ,17485,7,0.04,2026-08-31 16:33:58.859 +0300
2026-08-06,SCENARIO,withinA_at_dest,JO,AMM,57833,6147,10.63,2026-08-31 16:33:58.859 +0300
2026-08-06,SCENARIO,withinA_at_dest,JO,IRB,14462,1170,8.09,2026-08-31 16:33:58.859 +0300
2026-08-06,SCENARIO,withinA_at_dest,JO,Others,2062,187,9.07,2026-08-31 16:33:58.859 +0300
2026-08-06,SCENARIO,withinA_at_dest,JO,Total,91842,9183,10.00,2026-08-31 16:33:58.859 +0300
2026-08-06,SCENARIO,withinA_at_dest,JO,ZRQ,17485,1679,9.60,2026-08-31 16:33:58.859 +0300
2026-08-06,SCENARIO,withinA_not_dest,JO,AMM,57833,1940,3.35,2026-08-31 16:33:58.859 +0300
2026-08-06,SCENARIO,withinA_not_dest,JO,IRB,14462,927,6.41,2026-08-31 16:33:58.859 +0300
2026-08-06,SCENARIO,withinA_not_dest,JO,Others,2062,77,3.73,2026-08-31 16:33:58.859 +0300
2026-08-06,SCENARIO,withinA_not_dest,JO,Total,91842,3550,3.87,2026-08-31 16:33:58.859 +0300
2026-08-06,SCENARIO,withinA_not_dest,JO,ZRQ,17485,606,3.47,2026-08-31 16:33:58.859 +0300
2026-08-06,SCENARIO,withinB_at_dest,JO,AMM,57833,4259,7.36,2026-08-31 16:33:58.859 +0300
2026-08-06,SCENARIO,withinB_at_dest,JO,IRB,14462,1461,10.10,2026-08-31 16:33:58.859 +0300
2026-08-06,SCENARIO,withinB_at_dest,JO,Others,2062,176,8.54,2026-08-31 16:33:58.859 +0300
2026-08-06,SCENARIO,withinB_at_dest,JO,Total,91842,7261,7.91,2026-08-31 16:33:58.859 +0300
2026-08-06,SCENARIO,withinB_at_dest,JO,ZRQ,17485,1365,7.81,2026-08-31 16:33:58.859 +0300
2026-08-06,SCENARIO,withinB_not_dest,JO,AMM,57833,1729,2.99,2026-08-31 16:33:58.859 +0300
2026-08-06,SCENARIO,withinB_not_dest,JO,IRB,14462,760,5.26,2026-08-31 16:33:58.859 +0300
2026-08-06,SCENARIO,withinB_not_dest,JO,Others,2062,84,4.07,2026-08-31 16:33:58.859 +0300
2026-08-06,SCENARIO,withinB_not_dest,JO,Total,91842,3088,3.36,2026-08-31 16:33:58.859 +0300
2026-08-06,SCENARIO,withinB_not_dest,JO,ZRQ,17485,515,2.95,2026-08-31 16:33:58.859 +0300
2026-08-06,CAUSE_MIX,beyondB,SA,Total,46516,28,0.06,2026-08-31 16:33:58.859 +0300
2026-08-06,CAUSE_MIX,pickup_mismatch,SA,Total,46516,3,0.01,2026-08-31 16:33:58.859 +0300
2026-08-06,CAUSE_MIX,previous_wallet_balance,SA,Total,46516,7538,16.21,2026-08-31 16:33:58.859 +0300
2026-08-06,CAUSE_MIX,surcharge_mismatch,SA,Total,46516,863,1.86,2026-08-31 16:33:58.859 +0300
2026-08-06,CAUSE_MIX,surge_mismatch,SA,Total,46516,65,0.14,2026-08-31 16:33:58.859 +0300
2026-08-06,CAUSE_MIX,waiting_time,SA,Total,46516,22234,47.80,2026-08-31 16:33:58.859 +0300
2026-08-06,CAUSE_MIX,withinA_at_dest,SA,Total,46516,3448,7.41,2026-08-31 16:33:58.859 +0300
2026-08-06,CAUSE_MIX,withinA_not_dest,SA,Total,46516,1875,4.03,2026-08-31 16:33:58.859 +0300
2026-08-06,CAUSE_MIX,withinB_at_dest,SA,Total,46516,7679,16.51,2026-08-31 16:33:58.859 +0300
2026-08-06,CAUSE_MIX,withinB_not_dest,SA,Total,46516,2783,5.98,2026-08-31 16:33:58.859 +0300
2026-08-06,CHANNEL,cumulative_price_shocks_net,SA,DMM,6910,2375,34.37,2026-08-31 16:33:58.859 +0300
2026-08-06,CHANNEL,cumulative_price_shocks_net,SA,JED,33730,12702,37.66,2026-08-31 16:33:58.859 +0300
2026-08-06,CHANNEL,cumulative_price_shocks_net,SA,MAD,10911,3754,34.41,2026-08-31 16:33:58.859 +0300
2026-08-06,CHANNEL,cumulative_price_shocks_net,SA,MEC,5544,2278,41.09,2026-08-31 16:33:58.859 +0300
2026-08-06,CHANNEL,cumulative_price_shocks_net,SA,Others,12822,4642,36.20,2026-08-31 16:33:58.859 +0300
2026-08-06,CHANNEL,cumulative_price_shocks_net,SA,RUH,43203,13025,30.15,2026-08-31 16:33:58.859 +0300
2026-08-06,CHANNEL,cumulative_price_shocks_net,SA,Total,113120,38776,34.28,2026-08-31 16:33:58.859 +0300
2026-08-06,CHANNEL,pd_mismatch,SA,DMM,6910,0,0.00,2026-08-31 16:33:58.859 +0300
2026-08-06,CHANNEL,pd_mismatch,SA,JED,33730,0,0.00,2026-08-31 16:33:58.859 +0300
2026-08-06,CHANNEL,pd_mismatch,SA,MAD,10911,0,0.00,2026-08-31 16:33:58.859 +0300
2026-08-06,CHANNEL,pd_mismatch,SA,MEC,5544,0,0.00,2026-08-31 16:33:58.859 +0300
2026-08-06,CHANNEL,pd_mismatch,SA,Others,12822,0,0.00,2026-08-31 16:33:58.859 +0300
2026-08-06,CHANNEL,pd_mismatch,SA,RUH,43203,0,0.00,2026-08-31 16:33:58.859 +0300
2026-08-06,CHANNEL,pd_mismatch,SA,Total,113120,0,0.00,2026-08-31 16:33:58.859 +0300
2026-08-06,CHANNEL,pickup_mismatch,SA,DMM,6910,0,0.00,2026-08-31 16:33:58.859 +0300
2026-08-06,CHANNEL,pickup_mismatch,SA,JED,33730,2,0.01,2026-08-31 16:33:58.859 +0300
2026-08-06,CHANNEL,pickup_mismatch,SA,MAD,10911,0,0.00,2026-08-31 16:33:58.859 +0300
2026-08-06,CHANNEL,pickup_mismatch,SA,MEC,5544,1,0.02,2026-08-31 16:33:58.859 +0300
2026-08-06,CHANNEL,pickup_mismatch,SA,Others,12822,2,0.02,2026-08-31 16:33:58.859 +0300
2026-08-06,CHANNEL,pickup_mismatch,SA,RUH,43203,1,0.00,2026-08-31 16:33:58.859 +0300
2026-08-06,CHANNEL,pickup_mismatch,SA,Total,113120,6,0.01,2026-08-31 16:33:58.859 +0300
2026-08-06,CHANNEL,residual_fare_increase_net,SA,DMM,6910,1164,16.85,2026-08-31 16:33:58.859 +0300
2026-08-06,CHANNEL,residual_fare_increase_net,SA,JED,33730,6064,17.98,2026-08-31 16:33:58.859 +0300
2026-08-06,CHANNEL,residual_fare_increase_net,SA,MAD,10911,1854,16.99,2026-08-31 16:33:58.859 +0300
2026-08-06,CHANNEL,residual_fare_increase_net,SA,MEC,5544,1064,19.19,2026-08-31 16:33:58.859 +0300
2026-08-06,CHANNEL,residual_fare_increase_net,SA,Others,12822,2435,18.99,2026-08-31 16:33:58.859 +0300
2026-08-06,CHANNEL,residual_fare_increase_net,SA,RUH,43203,5404,12.51,2026-08-31 16:33:58.859 +0300
2026-08-06,CHANNEL,residual_fare_increase_net,SA,Total,113120,17985,15.90,2026-08-31 16:33:58.859 +0300
2026-08-06,CHANNEL,rounding_error,SA,DMM,6910,100,1.45,2026-08-31 16:33:58.859 +0300
2026-08-06,CHANNEL,rounding_error,SA,JED,33730,863,2.56,2026-08-31 16:33:58.859 +0300
2026-08-06,CHANNEL,rounding_error,SA,MAD,10911,256,2.35,2026-08-31 16:33:58.859 +0300
2026-08-06,CHANNEL,rounding_error,SA,MEC,5544,77,1.39,2026-08-31 16:33:58.859 +0300
2026-08-06,CHANNEL,rounding_error,SA,Others,12822,221,1.72,2026-08-31 16:33:58.859 +0300
2026-08-06,CHANNEL,rounding_error,SA,RUH,43203,1026,2.37,2026-08-31 16:33:58.859 +0300
2026-08-06,CHANNEL,rounding_error,SA,Total,113120,2543,2.25,2026-08-31 16:33:58.859 +0300
2026-08-06,CHANNEL,spillover_recovery,SA,DMM,6910,362,5.24,2026-08-31 16:33:58.859 +0300
2026-08-06,CHANNEL,spillover_recovery,SA,JED,33730,2881,8.54,2026-08-31 16:33:58.859 +0300
2026-08-06,CHANNEL,spillover_recovery,SA,MAD,10911,738,6.76,2026-08-31 16:33:58.859 +0300
2026-08-06,CHANNEL,spillover_recovery,SA,MEC,5544,360,6.49,2026-08-31 16:33:58.859 +0300
2026-08-06,CHANNEL,spillover_recovery,SA,Others,12822,576,4.49,2026-08-31 16:33:58.859 +0300
2026-08-06,CHANNEL,spillover_recovery,SA,RUH,43203,3447,7.98,2026-08-31 16:33:58.859 +0300
2026-08-06,CHANNEL,spillover_recovery,SA,Total,113120,8364,7.39,2026-08-31 16:33:58.859 +0300
2026-08-06,CHANNEL,surcharge_mismatch,SA,DMM,6910,177,2.56,2026-08-31 16:33:58.859 +0300
2026-08-06,CHANNEL,surcharge_mismatch,SA,JED,33730,892,2.64,2026-08-31 16:33:58.859 +0300
2026-08-06,CHANNEL,surcharge_mismatch,SA,MAD,10911,145,1.33,2026-08-31 16:33:58.859 +0300
2026-08-06,CHANNEL,surcharge_mismatch,SA,MEC,5544,49,0.88,2026-08-31 16:33:58.859 +0300
2026-08-06,CHANNEL,surcharge_mismatch,SA,Others,12822,201,1.57,2026-08-31 16:33:58.859 +0300
2026-08-06,CHANNEL,surcharge_mismatch,SA,RUH,43203,703,1.63,2026-08-31 16:33:58.859 +0300
2026-08-06,CHANNEL,surcharge_mismatch,SA,Total,113120,2167,1.92,2026-08-31 16:33:58.859 +0300
2026-08-06,CHANNEL,surge_mismatch,SA,DMM,6910,5,0.07,2026-08-31 16:33:58.859 +0300
2026-08-06,CHANNEL,surge_mismatch,SA,JED,33730,41,0.12,2026-08-31 16:33:58.859 +0300
2026-08-06,CHANNEL,surge_mismatch,SA,MAD,10911,24,0.22,2026-08-31 16:33:58.859 +0300
2026-08-06,CHANNEL,surge_mismatch,SA,MEC,5544,5,0.09,2026-08-31 16:33:58.859 +0300
2026-08-06,CHANNEL,surge_mismatch,SA,Others,12822,0,0.00,2026-08-31 16:33:58.859 +0300
2026-08-06,CHANNEL,surge_mismatch,SA,RUH,43203,37,0.09,2026-08-31 16:33:58.859 +0300
2026-08-06,CHANNEL,surge_mismatch,SA,Total,113120,112,0.10,2026-08-31 16:33:58.859 +0300
2026-08-06,SCENARIO,beyondB,SA,DMM,6910,0,0.00,2026-08-31 16:33:58.859 +0300
2026-08-06,SCENARIO,beyondB,SA,JED,33730,10,0.03,2026-08-31 16:33:58.859 +0300
2026-08-06,SCENARIO,beyondB,SA,MAD,10911,4,0.04,2026-08-31 16:33:58.859 +0300
2026-08-06,SCENARIO,beyondB,SA,MEC,5544,2,0.04,2026-08-31 16:33:58.859 +0300
2026-08-06,SCENARIO,beyondB,SA,Others,12822,12,0.09,2026-08-31 16:33:58.859 +0300
2026-08-06,SCENARIO,beyondB,SA,RUH,43203,12,0.03,2026-08-31 16:33:58.859 +0300
2026-08-06,SCENARIO,beyondB,SA,Total,113120,40,0.04,2026-08-31 16:33:58.859 +0300
2026-08-06,SCENARIO,withinA_at_dest,SA,DMM,6910,1240,17.95,2026-08-31 16:33:58.859 +0300
2026-08-06,SCENARIO,withinA_at_dest,SA,JED,33730,6820,20.22,2026-08-31 16:33:58.859 +0300
2026-08-06,SCENARIO,withinA_at_dest,SA,MAD,10911,1924,17.63,2026-08-31 16:33:58.859 +0300
2026-08-06,SCENARIO,withinA_at_dest,SA,MEC,5544,1211,21.84,2026-08-31 16:33:58.859 +0300
2026-08-06,SCENARIO,withinA_at_dest,SA,Others,12822,2219,17.31,2026-08-31 16:33:58.859 +0300
2026-08-06,SCENARIO,withinA_at_dest,SA,RUH,43203,7925,18.34,2026-08-31 16:33:58.859 +0300
2026-08-06,SCENARIO,withinA_at_dest,SA,Total,113120,21339,18.86,2026-08-31 16:33:58.859 +0300
2026-08-06,SCENARIO,withinA_not_dest,SA,DMM,6910,185,2.68,2026-08-31 16:33:58.859 +0300
2026-08-06,SCENARIO,withinA_not_dest,SA,JED,33730,742,2.20,2026-08-31 16:33:58.859 +0300
2026-08-06,SCENARIO,withinA_not_dest,SA,MAD,10911,448,4.11,2026-08-31 16:33:58.859 +0300
2026-08-06,SCENARIO,withinA_not_dest,SA,MEC,5544,166,2.99,2026-08-31 16:33:58.859 +0300
2026-08-06,SCENARIO,withinA_not_dest,SA,Others,12822,440,3.43,2026-08-31 16:33:58.859 +0300
2026-08-06,SCENARIO,withinA_not_dest,SA,RUH,43203,1067,2.47,2026-08-31 16:33:58.859 +0300
2026-08-06,SCENARIO,withinA_not_dest,SA,Total,113120,3048,2.69,2026-08-31 16:33:58.859 +0300
2026-08-06,SCENARIO,withinB_at_dest,SA,DMM,6910,760,11.00,2026-08-31 16:33:58.859 +0300
2026-08-06,SCENARIO,withinB_at_dest,SA,JED,33730,4051,12.01,2026-08-31 16:33:58.859 +0300
2026-08-06,SCENARIO,withinB_at_dest,SA,MAD,10911,983,9.01,2026-08-31 16:33:58.859 +0300
2026-08-06,SCENARIO,withinB_at_dest,SA,MEC,5544,630,11.36,2026-08-31 16:33:58.859 +0300
2026-08-06,SCENARIO,withinB_at_dest,SA,Others,12822,1235,9.63,2026-08-31 16:33:58.859 +0300
2026-08-06,SCENARIO,withinB_at_dest,SA,RUH,43203,2733,6.33,2026-08-31 16:33:58.859 +0300
2026-08-06,SCENARIO,withinB_at_dest,SA,Total,113120,10392,9.19,2026-08-31 16:33:58.859 +0300
2026-08-06,SCENARIO,withinB_not_dest,SA,DMM,6910,190,2.75,2026-08-31 16:33:58.859 +0300
2026-08-06,SCENARIO,withinB_not_dest,SA,JED,33730,1079,3.20,2026-08-31 16:33:58.859 +0300
2026-08-06,SCENARIO,withinB_not_dest,SA,MAD,10911,395,3.62,2026-08-31 16:33:58.859 +0300
2026-08-06,SCENARIO,withinB_not_dest,SA,MEC,5544,269,4.85,2026-08-31 16:33:58.859 +0300
2026-08-06,SCENARIO,withinB_not_dest,SA,Others,12822,736,5.74,2026-08-31 16:33:58.859 +0300
2026-08-06,SCENARIO,withinB_not_dest,SA,RUH,43203,1288,2.98,2026-08-31 16:33:58.859 +0300
2026-08-06,SCENARIO,withinB_not_dest,SA,Total,113120,3957,3.50,2026-08-31 16:33:58.859 +0300
2026-08-07,CAUSE_MIX,beyondB,JO,Total,14253,32,0.22,2026-08-31 16:33:58.859 +0300
2026-08-07,CAUSE_MIX,pickup_mismatch,JO,Total,14253,1,0.01,2026-08-31 16:33:58.859 +0300
2026-08-07,CAUSE_MIX,previous_wallet_balance,JO,Total,14253,786,5.51,2026-08-31 16:33:58.859 +0300
2026-08-07,CAUSE_MIX,surcharge_mismatch,JO,Total,14253,18,0.13,2026-08-31 16:33:58.859 +0300
2026-08-07,CAUSE_MIX,surge_mismatch,JO,Total,14253,4,0.03,2026-08-31 16:33:58.859 +0300
2026-08-07,CAUSE_MIX,waiting_time,JO,Total,14253,6144,43.11,2026-08-31 16:33:58.859 +0300
2026-08-07,CAUSE_MIX,withinA_at_dest,JO,Total,14253,859,6.03,2026-08-31 16:33:58.859 +0300
2026-08-07,CAUSE_MIX,withinA_not_dest,JO,Total,14253,1933,13.56,2026-08-31 16:33:58.859 +0300
2026-08-07,CAUSE_MIX,withinB_at_dest,JO,Total,14253,2915,20.45,2026-08-31 16:33:58.859 +0300
2026-08-07,CAUSE_MIX,withinB_not_dest,JO,Total,14253,1561,10.95,2026-08-31 16:33:58.859 +0300
2026-08-07,CHANNEL,cumulative_price_shocks_net,JO,AMM,35392,8086,22.85,2026-08-31 16:33:58.859 +0300
2026-08-07,CHANNEL,cumulative_price_shocks_net,JO,IRB,7340,2235,30.45,2026-08-31 16:33:58.859 +0300
2026-08-07,CHANNEL,cumulative_price_shocks_net,JO,Others,1238,317,25.61,2026-08-31 16:33:58.859 +0300
2026-08-07,CHANNEL,cumulative_price_shocks_net,JO,Total,55710,13465,24.17,2026-08-31 16:33:58.859 +0300
2026-08-07,CHANNEL,cumulative_price_shocks_net,JO,ZRQ,11740,2827,24.08,2026-08-31 16:33:58.859 +0300
2026-08-07,CHANNEL,pd_mismatch,JO,AMM,35392,0,0.00,2026-08-31 16:33:58.859 +0300
2026-08-07,CHANNEL,pd_mismatch,JO,IRB,7340,0,0.00,2026-08-31 16:33:58.859 +0300
2026-08-07,CHANNEL,pd_mismatch,JO,Others,1238,0,0.00,2026-08-31 16:33:58.859 +0300
2026-08-07,CHANNEL,pd_mismatch,JO,Total,55710,0,0.00,2026-08-31 16:33:58.859 +0300
2026-08-07,CHANNEL,pd_mismatch,JO,ZRQ,11740,0,0.00,2026-08-31 16:33:58.859 +0300
2026-08-07,CHANNEL,pickup_mismatch,JO,AMM,35392,1,0.00,2026-08-31 16:33:58.859 +0300
2026-08-07,CHANNEL,pickup_mismatch,JO,IRB,7340,0,0.00,2026-08-31 16:33:58.859 +0300
2026-08-07,CHANNEL,pickup_mismatch,JO,Others,1238,0,0.00,2026-08-31 16:33:58.859 +0300
2026-08-07,CHANNEL,pickup_mismatch,JO,Total,55710,1,0.00,2026-08-31 16:33:58.859 +0300
2026-08-07,CHANNEL,pickup_mismatch,JO,ZRQ,11740,0,0.00,2026-08-31 16:33:58.859 +0300
2026-08-07,CHANNEL,residual_fare_increase_net,JO,AMM,35392,4109,11.61,2026-08-31 16:33:58.859 +0300
2026-08-07,CHANNEL,residual_fare_increase_net,JO,IRB,7340,1562,21.28,2026-08-31 16:33:58.859 +0300
2026-08-07,CHANNEL,residual_fare_increase_net,JO,Others,1238,205,16.56,2026-08-31 16:33:58.859 +0300
2026-08-07,CHANNEL,residual_fare_increase_net,JO,Total,55710,7568,13.58,2026-08-31 16:33:58.859 +0300
2026-08-07,CHANNEL,residual_fare_increase_net,JO,ZRQ,11740,1692,14.41,2026-08-31 16:33:58.859 +0300
2026-08-07,CHANNEL,rounding_error,JO,AMM,35392,391,1.10,2026-08-31 16:33:58.859 +0300
2026-08-07,CHANNEL,rounding_error,JO,IRB,7340,87,1.19,2026-08-31 16:33:58.859 +0300
2026-08-07,CHANNEL,rounding_error,JO,Others,1238,19,1.53,2026-08-31 16:33:58.859 +0300
2026-08-07,CHANNEL,rounding_error,JO,Total,55710,629,1.13,2026-08-31 16:33:58.859 +0300
2026-08-07,CHANNEL,rounding_error,JO,ZRQ,11740,132,1.12,2026-08-31 16:33:58.859 +0300
2026-08-07,CHANNEL,spillover_recovery,JO,AMM,35392,676,1.91,2026-08-31 16:33:58.859 +0300
2026-08-07,CHANNEL,spillover_recovery,JO,IRB,7340,101,1.38,2026-08-31 16:33:58.859 +0300
2026-08-07,CHANNEL,spillover_recovery,JO,Others,1238,4,0.32,2026-08-31 16:33:58.859 +0300
2026-08-07,CHANNEL,spillover_recovery,JO,Total,55710,831,1.49,2026-08-31 16:33:58.859 +0300
2026-08-07,CHANNEL,spillover_recovery,JO,ZRQ,11740,50,0.43,2026-08-31 16:33:58.859 +0300
2026-08-07,CHANNEL,surcharge_mismatch,JO,AMM,35392,18,0.05,2026-08-31 16:33:58.859 +0300
2026-08-07,CHANNEL,surcharge_mismatch,JO,IRB,7340,1,0.01,2026-08-31 16:33:58.859 +0300
2026-08-07,CHANNEL,surcharge_mismatch,JO,Others,1238,0,0.00,2026-08-31 16:33:58.859 +0300
2026-08-07,CHANNEL,surcharge_mismatch,JO,Total,55710,30,0.05,2026-08-31 16:33:58.859 +0300
2026-08-07,CHANNEL,surcharge_mismatch,JO,ZRQ,11740,11,0.09,2026-08-31 16:33:58.859 +0300
2026-08-07,CHANNEL,surge_mismatch,JO,AMM,35392,7,0.02,2026-08-31 16:33:58.859 +0300
2026-08-07,CHANNEL,surge_mismatch,JO,IRB,7340,0,0.00,2026-08-31 16:33:58.859 +0300
2026-08-07,CHANNEL,surge_mismatch,JO,Others,1238,0,0.00,2026-08-31 16:33:58.859 +0300
2026-08-07,CHANNEL,surge_mismatch,JO,Total,55710,8,0.01,2026-08-31 16:33:58.859 +0300
2026-08-07,CHANNEL,surge_mismatch,JO,ZRQ,11740,1,0.01,2026-08-31 16:33:58.859 +0300
2026-08-07,SCENARIO,beyondB,JO,AMM,35392,24,0.07,2026-08-31 16:33:58.859 +0300
2026-08-07,SCENARIO,beyondB,JO,IRB,7340,7,0.10,2026-08-31 16:33:58.859 +0300
2026-08-07,SCENARIO,beyondB,JO,Others,1238,1,0.08,2026-08-31 16:33:58.859 +0300
2026-08-07,SCENARIO,beyondB,JO,Total,55710,34,0.06,2026-08-31 16:33:58.859 +0300
2026-08-07,SCENARIO,beyondB,JO,ZRQ,11740,2,0.02,2026-08-31 16:33:58.859 +0300
2026-08-07,SCENARIO,withinA_at_dest,JO,AMM,35392,3901,11.02,2026-08-31 16:33:58.859 +0300
2026-08-07,SCENARIO,withinA_at_dest,JO,IRB,7340,632,8.61,2026-08-31 16:33:58.859 +0300
2026-08-07,SCENARIO,withinA_at_dest,JO,Others,1238,104,8.40,2026-08-31 16:33:58.859 +0300
2026-08-07,SCENARIO,withinA_at_dest,JO,Total,55710,5742,10.31,2026-08-31 16:33:58.859 +0300
2026-08-07,SCENARIO,withinA_at_dest,JO,ZRQ,11740,1105,9.41,2026-08-31 16:33:58.859 +0300
2026-08-07,SCENARIO,withinA_not_dest,JO,AMM,35392,1375,3.89,2026-08-31 16:33:58.859 +0300
2026-08-07,SCENARIO,withinA_not_dest,JO,IRB,7340,506,6.89,2026-08-31 16:33:58.859 +0300
2026-08-07,SCENARIO,withinA_not_dest,JO,Others,1238,53,4.28,2026-08-31 16:33:58.859 +0300
2026-08-07,SCENARIO,withinA_not_dest,JO,Total,55710,2388,4.29,2026-08-31 16:33:58.859 +0300
2026-08-07,SCENARIO,withinA_not_dest,JO,ZRQ,11740,454,3.87,2026-08-31 16:33:58.859 +0300
2026-08-07,SCENARIO,withinB_at_dest,JO,AMM,35392,1758,4.97,2026-08-31 16:33:58.859 +0300
2026-08-07,SCENARIO,withinB_at_dest,JO,IRB,7340,649,8.84,2026-08-31 16:33:58.859 +0300
2026-08-07,SCENARIO,withinB_at_dest,JO,Others,1238,98,7.92,2026-08-31 16:33:58.859 +0300
2026-08-07,SCENARIO,withinB_at_dest,JO,Total,55710,3401,6.10,2026-08-31 16:33:58.859 +0300
2026-08-07,SCENARIO,withinB_at_dest,JO,ZRQ,11740,896,7.63,2026-08-31 16:33:58.859 +0300
2026-08-07,SCENARIO,withinB_not_dest,JO,AMM,35392,1028,2.90,2026-08-31 16:33:58.859 +0300
2026-08-07,SCENARIO,withinB_not_dest,JO,IRB,7340,441,6.01,2026-08-31 16:33:58.859 +0300
2026-08-07,SCENARIO,withinB_not_dest,JO,Others,1238,61,4.93,2026-08-31 16:33:58.859 +0300
2026-08-07,SCENARIO,withinB_not_dest,JO,Total,55710,1900,3.41,2026-08-31 16:33:58.859 +0300
2026-08-07,SCENARIO,withinB_not_dest,JO,ZRQ,11740,370,3.15,2026-08-31 16:33:58.859 +0300
2026-08-07,CAUSE_MIX,beyondB,SA,Total,34888,16,0.05,2026-08-31 16:33:58.859 +0300
2026-08-07,CAUSE_MIX,pickup_mismatch,SA,Total,34888,4,0.01,2026-08-31 16:33:58.859 +0300
2026-08-07,CAUSE_MIX,previous_wallet_balance,SA,Total,34888,5057,14.49,2026-08-31 16:33:58.859 +0300
2026-08-07,CAUSE_MIX,surcharge_mismatch,SA,Total,34888,656,1.88,2026-08-31 16:33:58.859 +0300
2026-08-07,CAUSE_MIX,surge_mismatch,SA,Total,34888,36,0.10,2026-08-31 16:33:58.859 +0300
2026-08-07,CAUSE_MIX,waiting_time,SA,Total,34888,17267,49.49,2026-08-31 16:33:58.859 +0300
2026-08-07,CAUSE_MIX,withinA_at_dest,SA,Total,34888,2628,7.53,2026-08-31 16:33:58.859 +0300
2026-08-07,CAUSE_MIX,withinA_not_dest,SA,Total,34888,1509,4.33,2026-08-31 16:33:58.859 +0300
2026-08-07,CAUSE_MIX,withinB_at_dest,SA,Total,34888,5493,15.74,2026-08-31 16:33:58.859 +0300
2026-08-07,CAUSE_MIX,withinB_not_dest,SA,Total,34888,2222,6.37,2026-08-31 16:33:58.859 +0300
2026-08-07,CHANNEL,cumulative_price_shocks_net,SA,DMM,4522,1672,36.97,2026-08-31 16:33:58.859 +0300
2026-08-07,CHANNEL,cumulative_price_shocks_net,SA,JED,23817,9336,39.20,2026-08-31 16:33:58.859 +0300
2026-08-07,CHANNEL,cumulative_price_shocks_net,SA,MAD,8593,3183,37.04,2026-08-31 16:33:58.859 +0300
2026-08-07,CHANNEL,cumulative_price_shocks_net,SA,MEC,4249,1859,43.75,2026-08-31 16:33:58.859 +0300
2026-08-07,CHANNEL,cumulative_price_shocks_net,SA,Others,10223,4131,40.41,2026-08-31 16:33:58.859 +0300
2026-08-07,CHANNEL,cumulative_price_shocks_net,SA,RUH,28755,9503,33.05,2026-08-31 16:33:58.859 +0300
2026-08-07,CHANNEL,cumulative_price_shocks_net,SA,Total,80159,29684,37.03,2026-08-31 16:33:58.859 +0300
2026-08-07,CHANNEL,pd_mismatch,SA,DMM,4522,0,0.00,2026-08-31 16:33:58.859 +0300
2026-08-07,CHANNEL,pd_mismatch,SA,JED,23817,0,0.00,2026-08-31 16:33:58.859 +0300
2026-08-07,CHANNEL,pd_mismatch,SA,MAD,8593,0,0.00,2026-08-31 16:33:58.859 +0300
2026-08-07,CHANNEL,pd_mismatch,SA,MEC,4249,0,0.00,2026-08-31 16:33:58.859 +0300
2026-08-07,CHANNEL,pd_mismatch,SA,Others,10223,0,0.00,2026-08-31 16:33:58.859 +0300
2026-07-16,SCENARIO,withinB_not_dest,SA,JED,30177,892,2.96,2026-08-31 16:33:58.859 +0300
2026-07-16,SCENARIO,withinB_not_dest,SA,MAD,10393,354,3.41,2026-08-31 16:33:58.859 +0300
2026-07-16,SCENARIO,withinB_not_dest,SA,MEC,5563,220,3.95,2026-08-31 16:33:58.859 +0300
2026-07-16,SCENARIO,withinB_not_dest,SA,Others,11584,647,5.59,2026-08-31 16:33:58.859 +0300
2026-07-16,SCENARIO,withinB_not_dest,SA,RUH,40395,1209,2.99,2026-08-31 16:33:58.859 +0300
2026-07-16,SCENARIO,withinB_not_dest,SA,Total,104397,3517,3.37,2026-08-31 16:33:58.859 +0300
2026-07-17,CAUSE_MIX,beyondB,JO,Total,14261,39,0.27,2026-08-31 16:33:58.859 +0300
2026-07-17,CAUSE_MIX,pd_mismatch,JO,Total,14261,1,0.01,2026-08-31 16:33:58.859 +0300
2026-07-17,CAUSE_MIX,pickup_mismatch,JO,Total,14261,1,0.01,2026-08-31 16:33:58.859 +0300
2026-07-17,CAUSE_MIX,previous_wallet_balance,JO,Total,14261,739,5.18,2026-08-31 16:33:58.859 +0300
2026-07-17,CAUSE_MIX,surcharge_mismatch,JO,Total,14261,10,0.07,2026-08-31 16:33:58.859 +0300
2026-07-17,CAUSE_MIX,waiting_time,JO,Total,14261,5733,40.20,2026-08-31 16:33:58.859 +0300
2026-07-17,CAUSE_MIX,withinA_at_dest,JO,Total,14261,645,4.52,2026-08-31 16:33:58.859 +0300
2026-07-17,CAUSE_MIX,withinA_not_dest,JO,Total,14261,1806,12.66,2026-08-31 16:33:58.859 +0300
2026-07-17,CAUSE_MIX,withinB_at_dest,JO,Total,14261,3723,26.11,2026-08-31 16:33:58.859 +0300
2026-07-17,CAUSE_MIX,withinB_not_dest,JO,Total,14261,1564,10.97,2026-08-31 16:33:58.859 +0300
2026-07-17,CHANNEL,cumulative_price_shocks_net,JO,AMM,33092,8513,25.73,2026-08-31 16:33:58.859 +0300
2026-07-17,CHANNEL,cumulative_price_shocks_net,JO,IRB,6681,2040,30.53,2026-08-31 16:33:58.859 +0300
2026-07-17,CHANNEL,cumulative_price_shocks_net,JO,Others,1089,282,25.90,2026-08-31 16:33:58.859 +0300
2026-07-17,CHANNEL,cumulative_price_shocks_net,JO,Total,52443,13522,25.78,2026-08-31 16:33:58.859 +0300
2026-07-17,CHANNEL,cumulative_price_shocks_net,JO,ZRQ,11581,2687,23.20,2026-08-31 16:33:58.859 +0300
2026-07-17,CHANNEL,pd_mismatch,JO,AMM,33092,1,0.00,2026-08-31 16:33:58.859 +0300
2026-07-17,CHANNEL,pd_mismatch,JO,IRB,6681,2,0.03,2026-08-31 16:33:58.859 +0300
2026-07-17,CHANNEL,pd_mismatch,JO,Others,1089,0,0.00,2026-08-31 16:33:58.859 +0300
2026-07-17,CHANNEL,pd_mismatch,JO,Total,52443,3,0.01,2026-08-31 16:33:58.859 +0300
2026-07-17,CHANNEL,pd_mismatch,JO,ZRQ,11581,0,0.00,2026-08-31 16:33:58.859 +0300
2026-07-17,CHANNEL,pickup_mismatch,JO,AMM,33092,2,0.01,2026-08-31 16:33:58.859 +0300
2026-07-17,CHANNEL,pickup_mismatch,JO,IRB,6681,0,0.00,2026-08-31 16:33:58.859 +0300
2026-07-17,CHANNEL,pickup_mismatch,JO,Others,1089,0,0.00,2026-08-31 16:33:58.859 +0300
2026-07-17,CHANNEL,pickup_mismatch,JO,Total,52443,2,0.00,2026-08-31 16:33:58.859 +0300
2026-07-17,CHANNEL,pickup_mismatch,JO,ZRQ,11581,0,0.00,2026-08-31 16:33:58.859 +0300
2026-07-17,CHANNEL,residual_fare_increase_net,JO,AMM,33092,5138,15.53,2026-08-31 16:33:58.859 +0300
2026-07-17,CHANNEL,residual_fare_increase_net,JO,IRB,6681,1437,21.51,2026-08-31 16:33:58.859 +0300
2026-07-17,CHANNEL,residual_fare_increase_net,JO,Others,1089,182,16.71,2026-08-31 16:33:58.859 +0300
2026-07-17,CHANNEL,residual_fare_increase_net,JO,Total,52443,8417,16.05,2026-08-31 16:33:58.859 +0300
2026-07-17,CHANNEL,residual_fare_increase_net,JO,ZRQ,11581,1660,14.33,2026-08-31 16:33:58.859 +0300
2026-07-17,CHANNEL,rounding_error,JO,AMM,33092,368,1.11,2026-08-31 16:33:58.859 +0300
2026-07-17,CHANNEL,rounding_error,JO,IRB,6681,73,1.09,2026-08-31 16:33:58.859 +0300
2026-07-17,CHANNEL,rounding_error,JO,Others,1089,17,1.56,2026-08-31 16:33:58.859 +0300
2026-07-17,CHANNEL,rounding_error,JO,Total,52443,572,1.09,2026-08-31 16:33:58.859 +0300
2026-07-17,CHANNEL,rounding_error,JO,ZRQ,11581,114,0.98,2026-08-31 16:33:58.859 +0300
2026-07-17,CHANNEL,spillover_recovery,JO,AMM,33092,692,2.09,2026-08-31 16:33:58.859 +0300
2026-07-17,CHANNEL,spillover_recovery,JO,IRB,6681,58,0.87,2026-08-31 16:33:58.859 +0300
2026-07-17,CHANNEL,spillover_recovery,JO,Others,1089,7,0.64,2026-08-31 16:33:58.859 +0300
2026-07-17,CHANNEL,spillover_recovery,JO,Total,52443,789,1.50,2026-08-31 16:33:58.859 +0300
2026-07-17,CHANNEL,spillover_recovery,JO,ZRQ,11581,32,0.28,2026-08-31 16:33:58.859 +0300
2026-07-17,CHANNEL,surcharge_mismatch,JO,AMM,33092,13,0.04,2026-08-31 16:33:58.859 +0300
2026-07-17,CHANNEL,surcharge_mismatch,JO,IRB,6681,0,0.00,2026-08-31 16:33:58.859 +0300
2026-07-17,CHANNEL,surcharge_mismatch,JO,Others,1089,0,0.00,2026-08-31 16:33:58.859 +0300
2026-07-17,CHANNEL,surcharge_mismatch,JO,Total,52443,19,0.04,2026-08-31 16:33:58.859 +0300
2026-07-17,CHANNEL,surcharge_mismatch,JO,ZRQ,11581,6,0.05,2026-08-31 16:33:58.859 +0300
2026-07-17,CHANNEL,surge_mismatch,JO,AMM,33092,2,0.01,2026-08-31 16:33:58.859 +0300
2026-07-17,CHANNEL,surge_mismatch,JO,IRB,6681,0,0.00,2026-08-31 16:33:58.859 +0300
2026-07-17,CHANNEL,surge_mismatch,JO,Others,1089,0,0.00,2026-08-31 16:33:58.859 +0300
2026-07-17,CHANNEL,surge_mismatch,JO,Total,52443,2,0.00,2026-08-31 16:33:58.859 +0300
2026-07-17,CHANNEL,surge_mismatch,JO,ZRQ,11581,0,0.00,2026-08-31 16:33:58.859 +0300
2026-07-17,SCENARIO,beyondB,JO,AMM,33092,34,0.10,2026-08-31 16:33:58.859 +0300
2026-07-17,SCENARIO,beyondB,JO,IRB,6681,8,0.12,2026-08-31 16:33:58.859 +0300
2026-07-17,SCENARIO,beyondB,JO,Others,1089,0,0.00,2026-08-31 16:33:58.859 +0300
2026-07-17,SCENARIO,beyondB,JO,Total,52443,43,0.08,2026-08-31 16:33:58.859 +0300
2026-07-17,SCENARIO,beyondB,JO,ZRQ,11581,1,0.01,2026-08-31 16:33:58.859 +0300
2026-07-17,SCENARIO,withinA_at_dest,JO,AMM,33092,3307,9.99,2026-08-31 16:33:58.859 +0300
2026-07-17,SCENARIO,withinA_at_dest,JO,IRB,6681,569,8.52,2026-08-31 16:33:58.859 +0300
2026-07-17,SCENARIO,withinA_at_dest,JO,Others,1089,98,9.00,2026-08-31 16:33:58.859 +0300
2026-07-17,SCENARIO,withinA_at_dest,JO,Total,52443,4975,9.49,2026-08-31 16:33:58.859 +0300
2026-07-17,SCENARIO,withinA_at_dest,JO,ZRQ,11581,1001,8.64,2026-08-31 16:33:58.859 +0300
2026-07-17,SCENARIO,withinA_not_dest,JO,AMM,33092,1209,3.65,2026-08-31 16:33:58.859 +0300
2026-07-17,SCENARIO,withinA_not_dest,JO,IRB,6681,529,7.92,2026-08-31 16:33:58.859 +0300
2026-07-17,SCENARIO,withinA_not_dest,JO,Others,1089,51,4.68,2026-08-31 16:33:58.859 +0300
2026-07-17,SCENARIO,withinA_not_dest,JO,Total,52443,2267,4.32,2026-08-31 16:33:58.859 +0300
2026-07-17,SCENARIO,withinA_not_dest,JO,ZRQ,11581,478,4.13,2026-08-31 16:33:58.859 +0300
2026-07-17,SCENARIO,withinB_at_dest,JO,AMM,33092,2888,8.73,2026-08-31 16:33:58.859 +0300
2026-07-17,SCENARIO,withinB_at_dest,JO,IRB,6681,530,7.93,2026-08-31 16:33:58.859 +0300
2026-07-17,SCENARIO,withinB_at_dest,JO,Others,1089,82,7.53,2026-08-31 16:33:58.859 +0300
2026-07-17,SCENARIO,withinB_at_dest,JO,Total,52443,4345,8.29,2026-08-31 16:33:58.859 +0300
2026-07-17,SCENARIO,withinB_at_dest,JO,ZRQ,11581,845,7.30,2026-08-31 16:33:58.859 +0300
2026-07-17,SCENARIO,withinB_not_dest,JO,AMM,33092,1075,3.25,2026-08-31 16:33:58.859 +0300
2026-07-17,SCENARIO,withinB_not_dest,JO,IRB,6681,404,6.05,2026-08-31 16:33:58.859 +0300
2026-07-17,SCENARIO,withinB_not_dest,JO,Others,1089,51,4.68,2026-08-31 16:33:58.859 +0300
2026-07-17,SCENARIO,withinB_not_dest,JO,Total,52443,1892,3.61,2026-08-31 16:33:58.859 +0300
2026-07-17,SCENARIO,withinB_not_dest,JO,ZRQ,11581,362,3.13,2026-08-31 16:33:58.859 +0300
2026-07-17,CAUSE_MIX,beyondB,SA,Total,30965,6,0.02,2026-08-31 16:33:58.859 +0300
2026-07-17,CAUSE_MIX,pd_mismatch,SA,Total,30965,1,0.00,2026-08-31 16:33:58.859 +0300
2026-07-17,CAUSE_MIX,pickup_mismatch,SA,Total,30965,1,0.00,2026-08-31 16:33:58.859 +0300
2026-07-17,CAUSE_MIX,previous_wallet_balance,SA,Total,30965,4305,13.90,2026-08-31 16:33:58.859 +0300
2026-07-17,CAUSE_MIX,surcharge_mismatch,SA,Total,30965,558,1.80,2026-08-31 16:33:58.859 +0300
2026-07-17,CAUSE_MIX,surge_mismatch,SA,Total,30965,8,0.03,2026-08-31 16:33:58.859 +0300
2026-07-17,CAUSE_MIX,waiting_time,SA,Total,30965,15388,49.69,2026-08-31 16:33:58.859 +0300
2026-07-17,CAUSE_MIX,withinA_at_dest,SA,Total,30965,2097,6.77,2026-08-31 16:33:58.859 +0300
2026-07-17,CAUSE_MIX,withinA_not_dest,SA,Total,30965,1337,4.32,2026-08-31 16:33:58.859 +0300
2026-07-17,CAUSE_MIX,withinB_at_dest,SA,Total,30965,5401,17.44,2026-08-31 16:33:58.859 +0300
2026-07-17,CAUSE_MIX,withinB_not_dest,SA,Total,30965,1863,6.02,2026-08-31 16:33:58.859 +0300
2026-07-17,CHANNEL,cumulative_price_shocks_net,SA,DMM,3850,1414,36.73,2026-08-31 16:33:58.859 +0300
2026-07-17,CHANNEL,cumulative_price_shocks_net,SA,JED,20502,8155,39.78,2026-08-31 16:33:58.859 +0300
2026-07-17,CHANNEL,cumulative_price_shocks_net,SA,MAD,8158,3038,37.24,2026-08-31 16:33:58.859 +0300
2026-07-17,CHANNEL,cumulative_price_shocks_net,SA,MEC,4035,1740,43.12,2026-08-31 16:33:58.859 +0300
2026-07-17,CHANNEL,cumulative_price_shocks_net,SA,Others,8551,3368,39.39,2026-08-31 16:33:58.859 +0300
2026-07-17,CHANNEL,cumulative_price_shocks_net,SA,RUH,25021,8830,35.29,2026-08-31 16:33:58.859 +0300
2026-07-17,CHANNEL,cumulative_price_shocks_net,SA,Total,70117,26545,37.86,2026-08-31 16:33:58.859 +0300
2026-07-17,CHANNEL,pd_mismatch,SA,DMM,3850,1,0.03,2026-08-31 16:33:58.859 +0300
2026-07-17,CHANNEL,pd_mismatch,SA,JED,20502,1,0.00,2026-08-31 16:33:58.859 +0300
2026-07-17,CHANNEL,pd_mismatch,SA,MAD,8158,0,0.00,2026-08-31 16:33:58.859 +0300
2026-07-17,CHANNEL,pd_mismatch,SA,MEC,4035,1,0.02,2026-08-31 16:33:58.859 +0300
2026-07-17,CHANNEL,pd_mismatch,SA,Others,8551,2,0.02,2026-08-31 16:33:58.859 +0300
2026-07-17,CHANNEL,pd_mismatch,SA,RUH,25021,1,0.00,2026-08-31 16:33:58.859 +0300
2026-07-17,CHANNEL,pd_mismatch,SA,Total,70117,6,0.01,2026-08-31 16:33:58.859 +0300
2026-07-17,CHANNEL,pickup_mismatch,SA,DMM,3850,0,0.00,2026-08-31 16:33:58.859 +0300
2026-07-17,CHANNEL,pickup_mismatch,SA,JED,20502,0,0.00,2026-08-31 16:33:58.859 +0300
2026-07-17,CHANNEL,pickup_mismatch,SA,MAD,8158,1,0.01,2026-08-31 16:33:58.859 +0300
2026-07-17,CHANNEL,pickup_mismatch,SA,MEC,4035,0,0.00,2026-08-31 16:33:58.859 +0300
2026-07-17,CHANNEL,pickup_mismatch,SA,Others,8551,0,0.00,2026-08-31 16:33:58.859 +0300
2026-07-17,CHANNEL,pickup_mismatch,SA,RUH,25021,0,0.00,2026-08-31 16:33:58.859 +0300
2026-07-17,CHANNEL,pickup_mismatch,SA,Total,70117,1,0.00,2026-08-31 16:33:58.859 +0300
2026-07-17,CHANNEL,residual_fare_increase_net,SA,DMM,3850,744,19.32,2026-08-31 16:33:58.859 +0300
2026-07-17,CHANNEL,residual_fare_increase_net,SA,JED,20502,3646,17.78,2026-08-31 16:33:58.859 +0300
2026-07-17,CHANNEL,residual_fare_increase_net,SA,MAD,8158,1566,19.20,2026-08-31 16:33:58.859 +0300
2026-07-17,CHANNEL,residual_fare_increase_net,SA,MEC,4035,797,19.75,2026-08-31 16:33:58.859 +0300
2026-07-17,CHANNEL,residual_fare_increase_net,SA,Others,8551,1733,20.27,2026-08-31 16:33:58.859 +0300
2026-07-17,CHANNEL,residual_fare_increase_net,SA,RUH,25021,4397,17.57,2026-08-31 16:33:58.859 +0300
2026-07-17,CHANNEL,residual_fare_increase_net,SA,Total,70117,12883,18.37,2026-08-31 16:33:58.859 +0300
2026-07-17,CHANNEL,rounding_error,SA,DMM,3850,72,1.87,2026-08-31 16:33:58.859 +0300
2026-07-17,CHANNEL,rounding_error,SA,JED,20502,486,2.37,2026-08-31 16:33:58.859 +0300
2026-07-17,CHANNEL,rounding_error,SA,MAD,8158,227,2.78,2026-08-31 16:33:58.859 +0300
2026-07-17,CHANNEL,rounding_error,SA,MEC,4035,65,1.61,2026-08-31 16:33:58.859 +0300
2026-07-17,CHANNEL,rounding_error,SA,Others,8551,148,1.73,2026-08-31 16:33:58.859 +0300
2026-07-17,CHANNEL,rounding_error,SA,RUH,25021,593,2.37,2026-08-31 16:33:58.859 +0300
2026-07-17,CHANNEL,rounding_error,SA,Total,70117,1591,2.27,2026-08-31 16:33:58.859 +0300
2026-07-17,CHANNEL,spillover_recovery,SA,DMM,3850,173,4.49,2026-08-31 16:33:58.859 +0300
2026-07-17,CHANNEL,spillover_recovery,SA,JED,20502,1635,7.97,2026-08-31 16:33:58.859 +0300
2026-07-17,CHANNEL,spillover_recovery,SA,MAD,8158,574,7.04,2026-08-31 16:33:58.859 +0300
2026-07-17,CHANNEL,spillover_recovery,SA,MEC,4035,260,6.44,2026-08-31 16:33:58.859 +0300
2026-07-17,CHANNEL,spillover_recovery,SA,Others,8551,434,5.08,2026-08-31 16:33:58.859 +0300
2026-07-17,CHANNEL,spillover_recovery,SA,RUH,25021,1688,6.75,2026-08-31 16:33:58.859 +0300
2026-07-17,CHANNEL,spillover_recovery,SA,Total,70117,4764,6.79,2026-08-31 16:33:58.859 +0300
2026-07-17,CHANNEL,surcharge_mismatch,SA,DMM,3850,90,2.34,2026-08-31 16:33:58.859 +0300
2026-07-17,CHANNEL,surcharge_mismatch,SA,JED,20502,512,2.50,2026-08-31 16:33:58.859 +0300
2026-07-17,CHANNEL,surcharge_mismatch,SA,MAD,8158,173,2.12,2026-08-31 16:33:58.859 +0300
2026-07-17,CHANNEL,surcharge_mismatch,SA,MEC,4035,48,1.19,2026-08-31 16:33:58.859 +0300
2026-07-17,CHANNEL,surcharge_mismatch,SA,Others,8551,141,1.65,2026-08-31 16:33:58.859 +0300
2026-07-17,CHANNEL,surcharge_mismatch,SA,RUH,25021,457,1.83,2026-08-31 16:33:58.859 +0300
2026-07-17,CHANNEL,surcharge_mismatch,SA,Total,70117,1421,2.03,2026-08-31 16:33:58.859 +0300
2026-07-17,CHANNEL,surge_mismatch,SA,DMM,3850,0,0.00,2026-08-31 16:33:58.859 +0300
2026-07-17,CHANNEL,surge_mismatch,SA,JED,20502,5,0.02,2026-08-31 16:33:58.859 +0300
2026-07-17,CHANNEL,surge_mismatch,SA,MAD,8158,3,0.04,2026-08-31 16:33:58.859 +0300
2026-07-17,CHANNEL,surge_mismatch,SA,MEC,4035,1,0.02,2026-08-31 16:33:58.859 +0300
2026-07-17,CHANNEL,surge_mismatch,SA,Others,8551,0,0.00,2026-08-31 16:33:58.859 +0300
2026-07-17,CHANNEL,surge_mismatch,SA,RUH,25021,4,0.02,2026-08-31 16:33:58.859 +0300
2026-07-17,CHANNEL,surge_mismatch,SA,Total,70117,13,0.02,2026-08-31 16:33:58.859 +0300
2026-07-17,SCENARIO,beyondB,SA,DMM,3850,1,0.03,2026-08-31 16:33:58.859 +0300
2026-07-17,SCENARIO,beyondB,SA,JED,20502,4,0.02,2026-08-31 16:33:58.859 +0300
2026-07-17,SCENARIO,beyondB,SA,MAD,8158,0,0.00,2026-08-31 16:33:58.859 +0300
2026-07-17,SCENARIO,beyondB,SA,MEC,4035,0,0.00,2026-08-31 16:33:58.859 +0300
2026-07-17,SCENARIO,beyondB,SA,Others,8551,1,0.01,2026-08-31 16:33:58.859 +0300
2026-07-17,SCENARIO,beyondB,SA,RUH,25021,4,0.02,2026-08-31 16:33:58.859 +0300
2026-07-17,SCENARIO,beyondB,SA,Total,70117,10,0.01,2026-08-31 16:33:58.859 +0300
2026-07-17,SCENARIO,withinA_at_dest,SA,DMM,3850,684,17.77,2026-08-31 16:33:58.859 +0300
2026-07-17,SCENARIO,withinA_at_dest,SA,JED,20502,4588,22.38,2026-08-31 16:33:58.859 +0300
2026-07-17,SCENARIO,withinA_at_dest,SA,MAD,8158,1503,18.42,2026-08-31 16:33:58.859 +0300
2026-07-17,SCENARIO,withinA_at_dest,SA,MEC,4035,938,23.25,2026-08-31 16:33:58.859 +0300
2026-07-17,SCENARIO,withinA_at_dest,SA,Others,8551,1619,18.93,2026-08-31 16:33:58.859 +0300
2026-07-17,SCENARIO,withinA_at_dest,SA,RUH,25021,4565,18.24,2026-08-31 16:33:58.859 +0300
2026-07-17,SCENARIO,withinA_at_dest,SA,Total,70117,13897,19.82,2026-08-31 16:33:58.859 +0300
2026-07-17,SCENARIO,withinA_not_dest,SA,DMM,3850,124,3.22,2026-08-31 16:33:58.859 +0300
2026-07-17,SCENARIO,withinA_not_dest,SA,JED,20502,525,2.56,2026-08-31 16:33:58.859 +0300
2026-07-17,SCENARIO,withinA_not_dest,SA,MAD,8158,379,4.65,2026-08-31 16:33:58.859 +0300
2026-07-17,SCENARIO,withinA_not_dest,SA,MEC,4035,148,3.67,2026-08-31 16:33:58.859 +0300
2026-07-17,SCENARIO,withinA_not_dest,SA,Others,8551,330,3.86,2026-08-31 16:33:58.859 +0300
2026-08-15,SCENARIO,withinB_at_dest,SA,Others,10843,1039,9.58,2026-08-31 16:33:58.859 +0300
2026-08-15,SCENARIO,withinB_at_dest,SA,RUH,30084,1695,5.63,2026-08-31 16:33:58.859 +0300
2026-08-15,SCENARIO,withinB_at_dest,SA,Total,85859,7211,8.40,2026-08-31 16:33:58.859 +0300
2026-08-15,SCENARIO,withinB_not_dest,SA,DMM,5354,174,3.25,2026-08-31 16:33:58.859 +0300
2026-08-15,SCENARIO,withinB_not_dest,SA,JED,25638,751,2.93,2026-08-31 16:33:58.859 +0300
2026-08-15,SCENARIO,withinB_not_dest,SA,MAD,9317,298,3.20,2026-08-31 16:33:58.859 +0300
2026-08-15,SCENARIO,withinB_not_dest,SA,MEC,4623,205,4.43,2026-08-31 16:33:58.859 +0300
2026-08-15,SCENARIO,withinB_not_dest,SA,Others,10843,579,5.34,2026-08-31 16:33:58.859 +0300
2026-08-15,SCENARIO,withinB_not_dest,SA,RUH,30084,859,2.86,2026-08-31 16:33:58.859 +0300
2026-08-15,SCENARIO,withinB_not_dest,SA,Total,85859,2866,3.34,2026-08-31 16:33:58.859 +0300
2026-08-16,CAUSE_MIX,beyondB,JO,Total,21360,41,0.19,2026-08-31 16:33:58.859 +0300
2026-08-16,CAUSE_MIX,pickup_mismatch,JO,Total,21360,2,0.01,2026-08-31 16:33:58.859 +0300
2026-08-16,CAUSE_MIX,previous_wallet_balance,JO,Total,21360,1054,4.93,2026-08-31 16:33:58.859 +0300
2026-08-16,CAUSE_MIX,surcharge_mismatch,JO,Total,21360,21,0.10,2026-08-31 16:33:58.859 +0300
2026-08-16,CAUSE_MIX,surge_mismatch,JO,Total,21360,14,0.07,2026-08-31 16:33:58.859 +0300
2026-08-16,CAUSE_MIX,waiting_time,JO,Total,21360,9178,42.97,2026-08-31 16:33:58.859 +0300
2026-08-16,CAUSE_MIX,withinA_at_dest,JO,Total,21360,1241,5.81,2026-08-31 16:33:58.859 +0300
2026-08-16,CAUSE_MIX,withinA_not_dest,JO,Total,21360,2573,12.05,2026-08-31 16:33:58.859 +0300
2026-08-16,CAUSE_MIX,withinB_at_dest,JO,Total,21360,5052,23.65,2026-08-31 16:33:58.859 +0300
2026-08-16,CAUSE_MIX,withinB_not_dest,JO,Total,21360,2184,10.22,2026-08-31 16:33:58.859 +0300
2026-08-16,CHANNEL,cumulative_price_shocks_net,JO,AMM,54116,12335,22.79,2026-08-31 16:33:58.859 +0300
2026-08-16,CHANNEL,cumulative_price_shocks_net,JO,IRB,13726,3602,26.24,2026-08-31 16:33:58.859 +0300
2026-08-16,CHANNEL,cumulative_price_shocks_net,JO,Others,2038,534,26.20,2026-08-31 16:33:58.859 +0300
2026-08-16,CHANNEL,cumulative_price_shocks_net,JO,Total,86890,20304,23.37,2026-08-31 16:33:58.859 +0300
2026-08-16,CHANNEL,cumulative_price_shocks_net,JO,ZRQ,17010,3833,22.53,2026-08-31 16:33:58.859 +0300
2026-08-16,CHANNEL,pd_mismatch,JO,AMM,54116,0,0.00,2026-08-31 16:33:58.859 +0300
2026-08-16,CHANNEL,pd_mismatch,JO,IRB,13726,0,0.00,2026-08-31 16:33:58.859 +0300
2026-08-16,CHANNEL,pd_mismatch,JO,Others,2038,0,0.00,2026-08-31 16:33:58.859 +0300
2026-08-16,CHANNEL,pd_mismatch,JO,Total,86890,0,0.00,2026-08-31 16:33:58.859 +0300
2026-08-16,CHANNEL,pd_mismatch,JO,ZRQ,17010,0,0.00,2026-08-31 16:33:58.859 +0300
2026-08-16,CHANNEL,pickup_mismatch,JO,AMM,54116,3,0.01,2026-08-31 16:33:58.859 +0300
2026-08-16,CHANNEL,pickup_mismatch,JO,IRB,13726,1,0.01,2026-08-31 16:33:58.859 +0300
2026-08-16,CHANNEL,pickup_mismatch,JO,Others,2038,0,0.00,2026-08-31 16:33:58.859 +0300
2026-08-16,CHANNEL,pickup_mismatch,JO,Total,86890,4,0.00,2026-08-31 16:33:58.859 +0300
2026-08-16,CHANNEL,pickup_mismatch,JO,ZRQ,17010,0,0.00,2026-08-31 16:33:58.859 +0300
2026-08-16,CHANNEL,residual_fare_increase_net,JO,AMM,54116,6696,12.37,2026-08-31 16:33:58.859 +0300
2026-08-16,CHANNEL,residual_fare_increase_net,JO,IRB,13726,2403,17.51,2026-08-31 16:33:58.859 +0300
2026-08-16,CHANNEL,residual_fare_increase_net,JO,Others,2038,309,15.16,2026-08-31 16:33:58.859 +0300
2026-08-16,CHANNEL,residual_fare_increase_net,JO,Total,86890,11556,13.30,2026-08-31 16:33:58.859 +0300
2026-08-16,CHANNEL,residual_fare_increase_net,JO,ZRQ,17010,2148,12.63,2026-08-31 16:33:58.859 +0300
2026-08-16,CHANNEL,rounding_error,JO,AMM,54116,611,1.13,2026-08-31 16:33:58.859 +0300
2026-08-16,CHANNEL,rounding_error,JO,IRB,13726,161,1.17,2026-08-31 16:33:58.859 +0300
2026-08-16,CHANNEL,rounding_error,JO,Others,2038,24,1.18,2026-08-31 16:33:58.859 +0300
2026-08-16,CHANNEL,rounding_error,JO,Total,86890,973,1.12,2026-08-31 16:33:58.859 +0300
2026-08-16,CHANNEL,rounding_error,JO,ZRQ,17010,177,1.04,2026-08-31 16:33:58.859 +0300
2026-08-16,CHANNEL,spillover_recovery,JO,AMM,54116,894,1.65,2026-08-31 16:33:58.859 +0300
2026-08-16,CHANNEL,spillover_recovery,JO,IRB,13726,154,1.12,2026-08-31 16:33:58.859 +0300
2026-08-16,CHANNEL,spillover_recovery,JO,Others,2038,11,0.54,2026-08-31 16:33:58.859 +0300
2026-08-16,CHANNEL,spillover_recovery,JO,Total,86890,1134,1.31,2026-08-31 16:33:58.859 +0300
2026-08-16,CHANNEL,spillover_recovery,JO,ZRQ,17010,75,0.44,2026-08-31 16:33:58.859 +0300
2026-08-16,CHANNEL,surcharge_mismatch,JO,AMM,54116,14,0.03,2026-08-31 16:33:58.859 +0300
2026-08-16,CHANNEL,surcharge_mismatch,JO,IRB,13726,0,0.00,2026-08-31 16:33:58.859 +0300
2026-08-16,CHANNEL,surcharge_mismatch,JO,Others,2038,2,0.10,2026-08-31 16:33:58.859 +0300
2026-08-16,CHANNEL,surcharge_mismatch,JO,Total,86890,29,0.03,2026-08-31 16:33:58.859 +0300
2026-08-16,CHANNEL,surcharge_mismatch,JO,ZRQ,17010,13,0.08,2026-08-31 16:33:58.859 +0300
2026-08-16,CHANNEL,surge_mismatch,JO,AMM,54116,27,0.05,2026-08-31 16:33:58.859 +0300
2026-08-16,CHANNEL,surge_mismatch,JO,IRB,13726,1,0.01,2026-08-31 16:33:58.859 +0300
2026-08-16,CHANNEL,surge_mismatch,JO,Others,2038,0,0.00,2026-08-31 16:33:58.859 +0300
2026-08-16,CHANNEL,surge_mismatch,JO,Total,86890,33,0.04,2026-08-31 16:33:58.859 +0300
2026-08-16,CHANNEL,surge_mismatch,JO,ZRQ,17010,5,0.03,2026-08-31 16:33:58.859 +0300
2026-08-16,SCENARIO,beyondB,JO,AMM,54116,31,0.06,2026-08-31 16:33:58.859 +0300
2026-08-16,SCENARIO,beyondB,JO,IRB,13726,9,0.07,2026-08-31 16:33:58.859 +0300
2026-08-16,SCENARIO,beyondB,JO,Others,2038,1,0.05,2026-08-31 16:33:58.859 +0300
2026-08-16,SCENARIO,beyondB,JO,Total,86890,46,0.05,2026-08-31 16:33:58.859 +0300
2026-08-16,SCENARIO,beyondB,JO,ZRQ,17010,5,0.03,2026-08-31 16:33:58.859 +0300
2026-08-16,SCENARIO,withinA_at_dest,JO,AMM,54116,5549,10.25,2026-08-31 16:33:58.859 +0300
2026-08-16,SCENARIO,withinA_at_dest,JO,IRB,13726,1145,8.34,2026-08-31 16:33:58.859 +0300
2026-08-16,SCENARIO,withinA_at_dest,JO,Others,2038,219,10.75,2026-08-31 16:33:58.859 +0300
2026-08-16,SCENARIO,withinA_at_dest,JO,Total,86890,8550,9.84,2026-08-31 16:33:58.859 +0300
2026-08-16,SCENARIO,withinA_at_dest,JO,ZRQ,17010,1637,9.62,2026-08-31 16:33:58.859 +0300
2026-08-16,SCENARIO,withinA_not_dest,JO,AMM,54116,1747,3.23,2026-08-31 16:33:58.859 +0300
2026-08-16,SCENARIO,withinA_not_dest,JO,IRB,13726,841,6.13,2026-08-31 16:33:58.859 +0300
2026-08-16,SCENARIO,withinA_not_dest,JO,Others,2038,67,3.29,2026-08-31 16:33:58.859 +0300
2026-08-16,SCENARIO,withinA_not_dest,JO,Total,86890,3202,3.69,2026-08-31 16:33:58.859 +0300
2026-08-16,SCENARIO,withinA_not_dest,JO,ZRQ,17010,547,3.22,2026-08-31 16:33:58.859 +0300
2026-08-16,SCENARIO,withinB_at_dest,JO,AMM,54116,3586,6.63,2026-08-31 16:33:58.859 +0300
2026-08-16,SCENARIO,withinB_at_dest,JO,IRB,13726,981,7.15,2026-08-31 16:33:58.859 +0300
2026-08-16,SCENARIO,withinB_at_dest,JO,Others,2038,159,7.80,2026-08-31 16:33:58.859 +0300
2026-08-16,SCENARIO,withinB_at_dest,JO,Total,86890,5899,6.79,2026-08-31 16:33:58.859 +0300
2026-08-16,SCENARIO,withinB_at_dest,JO,ZRQ,17010,1173,6.90,2026-08-31 16:33:58.859 +0300
2026-08-16,SCENARIO,withinB_not_dest,JO,AMM,54116,1422,2.63,2026-08-31 16:33:58.859 +0300
2026-08-16,SCENARIO,withinB_not_dest,JO,IRB,13726,626,4.56,2026-08-31 16:33:58.859 +0300
2026-08-16,SCENARIO,withinB_not_dest,JO,Others,2038,88,4.32,2026-08-31 16:33:58.859 +0300
2026-08-16,SCENARIO,withinB_not_dest,JO,Total,86890,2607,3.00,2026-08-31 16:33:58.859 +0300
2026-08-16,SCENARIO,withinB_not_dest,JO,ZRQ,17010,471,2.77,2026-08-31 16:33:58.859 +0300
2026-08-16,CAUSE_MIX,beyondB,SA,Total,40867,23,0.06,2026-08-31 16:33:58.859 +0300
2026-08-16,CAUSE_MIX,pd_mismatch,SA,Total,40867,1,0.00,2026-08-31 16:33:58.859 +0300
2026-08-16,CAUSE_MIX,pickup_mismatch,SA,Total,40867,3,0.01,2026-08-31 16:33:58.859 +0300
2026-08-16,CAUSE_MIX,previous_wallet_balance,SA,Total,40867,6917,16.93,2026-08-31 16:33:58.859 +0300
2026-08-16,CAUSE_MIX,surcharge_mismatch,SA,Total,40867,765,1.87,2026-08-31 16:33:58.859 +0300
2026-08-16,CAUSE_MIX,surge_mismatch,SA,Total,40867,33,0.08,2026-08-31 16:33:58.859 +0300
2026-08-16,CAUSE_MIX,waiting_time,SA,Total,40867,20082,49.14,2026-08-31 16:33:58.859 +0300
2026-08-16,CAUSE_MIX,withinA_at_dest,SA,Total,40867,3036,7.43,2026-08-31 16:33:58.859 +0300
2026-08-16,CAUSE_MIX,withinA_not_dest,SA,Total,40867,1691,4.14,2026-08-31 16:33:58.859 +0300
2026-08-16,CAUSE_MIX,withinB_at_dest,SA,Total,40867,6097,14.92,2026-08-31 16:33:58.859 +0300
2026-08-16,CAUSE_MIX,withinB_not_dest,SA,Total,40867,2219,5.43,2026-08-31 16:33:58.859 +0300
2026-08-16,CHANNEL,cumulative_price_shocks_net,SA,DMM,6876,2234,32.49,2026-08-31 16:33:58.859 +0300
2026-08-16,CHANNEL,cumulative_price_shocks_net,SA,JED,29159,10317,35.38,2026-08-31 16:33:58.859 +0300
2026-08-16,CHANNEL,cumulative_price_shocks_net,SA,MAD,10495,3472,33.08,2026-08-31 16:33:58.859 +0300
2026-08-16,CHANNEL,cumulative_price_shocks_net,SA,MEC,5300,2075,39.15,2026-08-31 16:33:58.859 +0300
2026-08-16,CHANNEL,cumulative_price_shocks_net,SA,Others,12102,4392,36.29,2026-08-31 16:33:58.859 +0300
2026-08-16,CHANNEL,cumulative_price_shocks_net,SA,RUH,38611,11273,29.20,2026-08-31 16:33:58.859 +0300
2026-08-16,CHANNEL,cumulative_price_shocks_net,SA,Total,102543,33763,32.93,2026-08-31 16:33:58.859 +0300
2026-08-16,CHANNEL,pd_mismatch,SA,DMM,6876,0,0.00,2026-08-31 16:33:58.859 +0300
2026-08-16,CHANNEL,pd_mismatch,SA,JED,29159,0,0.00,2026-08-31 16:33:58.859 +0300
2026-08-16,CHANNEL,pd_mismatch,SA,MAD,10495,0,0.00,2026-08-31 16:33:58.859 +0300
2026-08-16,CHANNEL,pd_mismatch,SA,MEC,5300,0,0.00,2026-08-31 16:33:58.859 +0300
2026-08-16,CHANNEL,pd_mismatch,SA,Others,12102,1,0.01,2026-08-31 16:33:58.859 +0300
2026-08-16,CHANNEL,pd_mismatch,SA,RUH,38611,0,0.00,2026-08-31 16:33:58.859 +0300
2026-08-16,CHANNEL,pd_mismatch,SA,Total,102543,1,0.00,2026-08-31 16:33:58.859 +0300
2026-08-16,CHANNEL,pickup_mismatch,SA,DMM,6876,1,0.01,2026-08-31 16:33:58.859 +0300
2026-08-16,CHANNEL,pickup_mismatch,SA,JED,29159,0,0.00,2026-08-31 16:33:58.859 +0300
2026-08-16,CHANNEL,pickup_mismatch,SA,MAD,10495,1,0.01,2026-08-31 16:33:58.859 +0300
2026-08-16,CHANNEL,pickup_mismatch,SA,MEC,5300,0,0.00,2026-08-31 16:33:58.859 +0300
2026-08-16,CHANNEL,pickup_mismatch,SA,Others,12102,0,0.00,2026-08-31 16:33:58.859 +0300
2026-08-16,CHANNEL,pickup_mismatch,SA,RUH,38611,4,0.01,2026-08-31 16:33:58.859 +0300
2026-08-16,CHANNEL,pickup_mismatch,SA,Total,102543,6,0.01,2026-08-31 16:33:58.859 +0300
2026-08-16,CHANNEL,residual_fare_increase_net,SA,DMM,6876,1029,14.97,2026-08-31 16:33:58.859 +0300
2026-08-16,CHANNEL,residual_fare_increase_net,SA,JED,29159,4562,15.65,2026-08-31 16:33:58.859 +0300
2026-08-16,CHANNEL,residual_fare_increase_net,SA,MAD,10495,1519,14.47,2026-08-31 16:33:58.859 +0300
2026-08-16,CHANNEL,residual_fare_increase_net,SA,MEC,5300,851,16.06,2026-08-31 16:33:58.859 +0300
2026-08-16,CHANNEL,residual_fare_increase_net,SA,Others,12102,2225,18.39,2026-08-31 16:33:58.859 +0300
2026-08-16,CHANNEL,residual_fare_increase_net,SA,RUH,38611,4376,11.33,2026-08-31 16:33:58.859 +0300
2026-08-16,CHANNEL,residual_fare_increase_net,SA,Total,102543,14562,14.20,2026-08-31 16:33:58.859 +0300
2026-08-16,CHANNEL,rounding_error,SA,DMM,6876,107,1.56,2026-08-31 16:33:58.859 +0300
2026-08-16,CHANNEL,rounding_error,SA,JED,29159,752,2.58,2026-08-31 16:33:58.859 +0300
2026-08-16,CHANNEL,rounding_error,SA,MAD,10495,287,2.73,2026-08-31 16:33:58.859 +0300
2026-08-16,CHANNEL,rounding_error,SA,MEC,5300,92,1.74,2026-08-31 16:33:58.859 +0300
2026-08-16,CHANNEL,rounding_error,SA,Others,12102,214,1.77,2026-08-31 16:33:58.859 +0300
2026-08-16,CHANNEL,rounding_error,SA,RUH,38611,921,2.39,2026-08-31 16:33:58.859 +0300
2026-08-16,CHANNEL,rounding_error,SA,Total,102543,2373,2.31,2026-08-31 16:33:58.859 +0300
2026-08-16,CHANNEL,spillover_recovery,SA,DMM,6876,343,4.99,2026-08-31 16:33:58.859 +0300
2026-08-16,CHANNEL,spillover_recovery,SA,JED,29159,2556,8.77,2026-08-31 16:33:58.859 +0300
2026-08-16,CHANNEL,spillover_recovery,SA,MAD,10495,698,6.65,2026-08-31 16:33:58.859 +0300
2026-08-16,CHANNEL,spillover_recovery,SA,MEC,5300,368,6.94,2026-08-31 16:33:58.859 +0300
2026-08-16,CHANNEL,spillover_recovery,SA,Others,12102,542,4.48,2026-08-31 16:33:58.859 +0300
2026-08-16,CHANNEL,spillover_recovery,SA,RUH,38611,3144,8.14,2026-08-31 16:33:58.859 +0300
2026-08-16,CHANNEL,spillover_recovery,SA,Total,102543,7651,7.46,2026-08-31 16:33:58.859 +0300
2026-08-16,CHANNEL,surcharge_mismatch,SA,DMM,6876,101,1.47,2026-08-31 16:33:58.859 +0300
2026-08-16,CHANNEL,surcharge_mismatch,SA,JED,29159,810,2.78,2026-08-31 16:33:58.859 +0300
2026-08-16,CHANNEL,surcharge_mismatch,SA,MAD,10495,178,1.70,2026-08-31 16:33:58.859 +0300
2026-08-16,CHANNEL,surcharge_mismatch,SA,MEC,5300,51,0.96,2026-08-31 16:33:58.859 +0300
2026-08-16,CHANNEL,surcharge_mismatch,SA,Others,12102,173,1.43,2026-08-31 16:33:58.859 +0300
2026-08-16,CHANNEL,surcharge_mismatch,SA,RUH,38611,575,1.49,2026-08-31 16:33:58.859 +0300
2026-08-16,CHANNEL,surcharge_mismatch,SA,Total,102543,1888,1.84,2026-08-31 16:33:58.859 +0300
2026-08-16,CHANNEL,surge_mismatch,SA,DMM,6876,5,0.07,2026-08-31 16:33:58.859 +0300
2026-08-16,CHANNEL,surge_mismatch,SA,JED,29159,14,0.05,2026-08-31 16:33:58.859 +0300
2026-08-16,CHANNEL,surge_mismatch,SA,MAD,10495,12,0.11,2026-08-31 16:33:58.859 +0300
2026-08-16,CHANNEL,surge_mismatch,SA,MEC,5300,2,0.04,2026-08-31 16:33:58.859 +0300
2026-08-16,CHANNEL,surge_mismatch,SA,Others,12102,0,0.00,2026-08-31 16:33:58.859 +0300
2026-08-16,CHANNEL,surge_mismatch,SA,RUH,38611,37,0.10,2026-08-31 16:33:58.859 +0300
2026-08-16,CHANNEL,surge_mismatch,SA,Total,102543,70,0.07,2026-08-31 16:33:58.859 +0300
2026-08-16,SCENARIO,beyondB,SA,DMM,6876,2,0.03,2026-08-31 16:33:58.859 +0300
2026-08-16,SCENARIO,beyondB,SA,JED,29159,14,0.05,2026-08-31 16:33:58.859 +0300
2026-08-16,SCENARIO,beyondB,SA,MAD,10495,1,0.01,2026-08-31 16:33:58.859 +0300
2026-08-16,SCENARIO,beyondB,SA,MEC,5300,0,0.00,2026-08-31 16:33:58.859 +0300
2026-08-16,SCENARIO,beyondB,SA,Others,12102,6,0.05,2026-08-31 16:33:58.859 +0300
2026-08-16,SCENARIO,beyondB,SA,RUH,38611,13,0.03,2026-08-31 16:33:58.859 +0300
2026-08-16,SCENARIO,beyondB,SA,Total,102543,36,0.04,2026-08-31 16:33:58.859 +0300
2026-08-16,SCENARIO,withinA_at_dest,SA,DMM,6876,1217,17.70,2026-08-31 16:33:58.859 +0300
2026-08-16,SCENARIO,withinA_at_dest,SA,JED,29159,5866,20.12,2026-08-31 16:33:58.859 +0300
2026-08-16,SCENARIO,withinA_at_dest,SA,MAD,10495,1962,18.69,2026-08-31 16:33:58.859 +0300
2026-08-16,SCENARIO,withinA_at_dest,SA,MEC,5300,1209,22.81,2026-08-31 16:33:58.859 +0300
2026-08-16,SCENARIO,withinA_at_dest,SA,Others,12102,2141,17.69,2026-08-31 16:33:58.859 +0300
2026-08-16,SCENARIO,withinA_at_dest,SA,RUH,38611,7208,18.67,2026-08-31 16:33:58.859 +0300
2026-08-16,SCENARIO,withinA_at_dest,SA,Total,102543,19603,19.12,2026-08-31 16:33:58.859 +0300
2026-08-16,SCENARIO,withinA_not_dest,SA,DMM,6876,165,2.40,2026-08-31 16:33:58.859 +0300
2026-07-02,CAUSE_MIX,beyondB,JO,Total,24777,65,0.26,2026-08-31 16:33:58.859 +0300
2026-07-02,CAUSE_MIX,previous_wallet_balance,JO,Total,24777,1247,5.03,2026-08-31 16:33:58.859 +0300
2026-07-02,CAUSE_MIX,surcharge_mismatch,JO,Total,24777,16,0.06,2026-08-31 16:33:58.859 +0300
2026-07-02,CAUSE_MIX,surge_mismatch,JO,Total,24777,5,0.02,2026-08-31 16:33:58.859 +0300
2026-07-02,CAUSE_MIX,waiting_time,JO,Total,24777,10060,40.60,2026-08-31 16:33:58.859 +0300
2026-07-02,CAUSE_MIX,withinA_at_dest,JO,Total,24777,974,3.93,2026-08-31 16:33:58.859 +0300
2026-07-02,CAUSE_MIX,withinA_not_dest,JO,Total,24777,3029,12.23,2026-08-31 16:33:58.859 +0300
2026-07-02,CAUSE_MIX,withinB_at_dest,JO,Total,24777,6714,27.10,2026-08-31 16:33:58.859 +0300
2026-07-02,CAUSE_MIX,withinB_not_dest,JO,Total,24777,2667,10.76,2026-08-31 16:33:58.859 +0300
2026-07-02,CHANNEL,cumulative_price_shocks_net,JO,AMM,56555,13935,24.64,2026-08-31 16:33:58.859 +0300
2026-07-02,CHANNEL,cumulative_price_shocks_net,JO,IRB,15362,4610,30.01,2026-08-31 16:33:58.859 +0300
2026-07-02,CHANNEL,cumulative_price_shocks_net,JO,Others,1804,457,25.33,2026-08-31 16:33:58.859 +0300
2026-07-02,CHANNEL,cumulative_price_shocks_net,JO,Total,93755,23530,25.10,2026-08-31 16:33:58.859 +0300
2026-07-02,CHANNEL,cumulative_price_shocks_net,JO,ZRQ,20034,4528,22.60,2026-08-31 16:33:58.859 +0300
2026-07-02,CHANNEL,pd_mismatch,JO,AMM,56555,0,0.00,2026-08-31 16:33:58.859 +0300
2026-07-02,CHANNEL,pd_mismatch,JO,IRB,15362,0,0.00,2026-08-31 16:33:58.859 +0300
2026-07-02,CHANNEL,pd_mismatch,JO,Others,1804,0,0.00,2026-08-31 16:33:58.859 +0300
2026-07-02,CHANNEL,pd_mismatch,JO,Total,93755,2,0.00,2026-08-31 16:33:58.859 +0300
2026-07-02,CHANNEL,pd_mismatch,JO,ZRQ,20034,2,0.01,2026-08-31 16:33:58.859 +0300
2026-07-02,CHANNEL,pickup_mismatch,JO,AMM,56555,0,0.00,2026-08-31 16:33:58.859 +0300
2026-07-02,CHANNEL,pickup_mismatch,JO,IRB,15362,0,0.00,2026-08-31 16:33:58.859 +0300
2026-07-02,CHANNEL,pickup_mismatch,JO,Others,1804,0,0.00,2026-08-31 16:33:58.859 +0300
2026-07-02,CHANNEL,pickup_mismatch,JO,Total,93755,0,0.00,2026-08-31 16:33:58.859 +0300
2026-07-02,CHANNEL,pickup_mismatch,JO,ZRQ,20034,0,0.00,2026-08-31 16:33:58.859 +0300
2026-07-02,CHANNEL,residual_fare_increase_net,JO,AMM,56555,8490,15.01,2026-08-31 16:33:58.859 +0300
2026-07-02,CHANNEL,residual_fare_increase_net,JO,IRB,15362,3160,20.57,2026-08-31 16:33:58.859 +0300
2026-07-02,CHANNEL,residual_fare_increase_net,JO,Others,1804,288,15.96,2026-08-31 16:33:58.859 +0300
2026-07-02,CHANNEL,residual_fare_increase_net,JO,Total,93755,14626,15.60,2026-08-31 16:33:58.859 +0300
2026-07-02,CHANNEL,residual_fare_increase_net,JO,ZRQ,20034,2688,13.42,2026-08-31 16:33:58.859 +0300
2026-07-02,CHANNEL,rounding_error,JO,AMM,56555,662,1.17,2026-08-31 16:33:58.859 +0300
2026-07-02,CHANNEL,rounding_error,JO,IRB,15362,201,1.31,2026-08-31 16:33:58.859 +0300
2026-07-02,CHANNEL,rounding_error,JO,Others,1804,17,0.94,2026-08-31 16:33:58.859 +0300
2026-07-02,CHANNEL,rounding_error,JO,Total,93755,1126,1.20,2026-08-31 16:33:58.859 +0300
2026-07-02,CHANNEL,rounding_error,JO,ZRQ,20034,246,1.23,2026-08-31 16:33:58.859 +0300
2026-07-02,CHANNEL,spillover_recovery,JO,AMM,56555,1162,2.05,2026-08-31 16:33:58.859 +0300
2026-07-02,CHANNEL,spillover_recovery,JO,IRB,15362,113,0.74,2026-08-31 16:33:58.859 +0300
2026-07-02,CHANNEL,spillover_recovery,JO,Others,1804,4,0.22,2026-08-31 16:33:58.859 +0300
2026-07-02,CHANNEL,spillover_recovery,JO,Total,93755,1332,1.42,2026-08-31 16:33:58.859 +0300
2026-07-02,CHANNEL,spillover_recovery,JO,ZRQ,20034,53,0.26,2026-08-31 16:33:58.859 +0300
2026-07-02,CHANNEL,surcharge_mismatch,JO,AMM,56555,10,0.02,2026-08-31 16:33:58.859 +0300
2026-07-02,CHANNEL,surcharge_mismatch,JO,IRB,15362,0,0.00,2026-08-31 16:33:58.859 +0300
2026-07-02,CHANNEL,surcharge_mismatch,JO,Others,1804,0,0.00,2026-08-31 16:33:58.859 +0300
2026-07-02,CHANNEL,surcharge_mismatch,JO,Total,93755,26,0.03,2026-08-31 16:33:58.859 +0300
2026-07-02,CHANNEL,surcharge_mismatch,JO,ZRQ,20034,16,0.08,2026-08-31 16:33:58.859 +0300
2026-07-02,CHANNEL,surge_mismatch,JO,AMM,56555,4,0.01,2026-08-31 16:33:58.859 +0300
2026-07-02,CHANNEL,surge_mismatch,JO,IRB,15362,0,0.00,2026-08-31 16:33:58.859 +0300
2026-07-02,CHANNEL,surge_mismatch,JO,Others,1804,0,0.00,2026-08-31 16:33:58.859 +0300
2026-07-02,CHANNEL,surge_mismatch,JO,Total,93755,9,0.01,2026-08-31 16:33:58.859 +0300
2026-07-02,CHANNEL,surge_mismatch,JO,ZRQ,20034,5,0.02,2026-08-31 16:33:58.859 +0300
2026-07-02,SCENARIO,beyondB,JO,AMM,56555,47,0.08,2026-08-31 16:33:58.859 +0300
2026-07-02,SCENARIO,beyondB,JO,IRB,15362,12,0.08,2026-08-31 16:33:58.859 +0300
2026-07-02,SCENARIO,beyondB,JO,Others,1804,0,0.00,2026-08-31 16:33:58.859 +0300
2026-07-02,SCENARIO,beyondB,JO,Total,93755,67,0.07,2026-08-31 16:33:58.859 +0300
2026-07-02,SCENARIO,beyondB,JO,ZRQ,20034,8,0.04,2026-08-31 16:33:58.859 +0300
2026-07-02,SCENARIO,withinA_at_dest,JO,AMM,56555,5289,9.35,2026-08-31 16:33:58.859 +0300
2026-07-02,SCENARIO,withinA_at_dest,JO,IRB,15362,1353,8.81,2026-08-31 16:33:58.859 +0300
2026-07-02,SCENARIO,withinA_at_dest,JO,Others,1804,166,9.20,2026-08-31 16:33:58.859 +0300
2026-07-02,SCENARIO,withinA_at_dest,JO,Total,93755,8595,9.17,2026-08-31 16:33:58.859 +0300
2026-07-02,SCENARIO,withinA_at_dest,JO,ZRQ,20034,1787,8.92,2026-08-31 16:33:58.859 +0300
2026-07-02,SCENARIO,withinA_not_dest,JO,AMM,56555,1839,3.25,2026-08-31 16:33:58.859 +0300
2026-07-02,SCENARIO,withinA_not_dest,JO,IRB,15362,1124,7.32,2026-08-31 16:33:58.859 +0300
2026-07-02,SCENARIO,withinA_not_dest,JO,Others,1804,68,3.77,2026-08-31 16:33:58.859 +0300
2026-07-02,SCENARIO,withinA_not_dest,JO,Total,93755,3826,4.08,2026-08-31 16:33:58.859 +0300
2026-07-02,SCENARIO,withinA_not_dest,JO,ZRQ,20034,795,3.97,2026-08-31 16:33:58.859 +0300
2026-07-02,SCENARIO,withinB_at_dest,JO,AMM,56555,5093,9.01,2026-08-31 16:33:58.859 +0300
2026-07-02,SCENARIO,withinB_at_dest,JO,IRB,15362,1213,7.90,2026-08-31 16:33:58.859 +0300
2026-07-02,SCENARIO,withinB_at_dest,JO,Others,1804,142,7.87,2026-08-31 16:33:58.859 +0300
2026-07-02,SCENARIO,withinB_at_dest,JO,Total,93755,7805,8.32,2026-08-31 16:33:58.859 +0300
2026-07-02,SCENARIO,withinB_at_dest,JO,ZRQ,20034,1357,6.77,2026-08-31 16:33:58.859 +0300
2026-07-02,SCENARIO,withinB_not_dest,JO,AMM,56555,1667,2.95,2026-08-31 16:33:58.859 +0300
2026-07-02,SCENARIO,withinB_not_dest,JO,IRB,15362,908,5.91,2026-08-31 16:33:58.859 +0300
2026-07-02,SCENARIO,withinB_not_dest,JO,Others,1804,81,4.49,2026-08-31 16:33:58.859 +0300
2026-07-02,SCENARIO,withinB_not_dest,JO,Total,93755,3237,3.45,2026-08-31 16:33:58.859 +0300
2026-07-02,SCENARIO,withinB_not_dest,JO,ZRQ,20034,581,2.90,2026-08-31 16:33:58.859 +0300
2026-07-02,CAUSE_MIX,beyondB,SA,Total,52642,20,0.04,2026-08-31 16:33:58.859 +0300
2026-07-02,CAUSE_MIX,pd_mismatch,SA,Total,52642,3,0.01,2026-08-31 16:33:58.859 +0300
2026-07-02,CAUSE_MIX,pickup_mismatch,SA,Total,52642,3,0.01,2026-08-31 16:33:58.859 +0300
2026-07-02,CAUSE_MIX,previous_wallet_balance,SA,Total,52642,7403,14.06,2026-08-31 16:33:58.859 +0300
2026-07-02,CAUSE_MIX,surcharge_mismatch,SA,Total,52642,800,1.52,2026-08-31 16:33:58.859 +0300
2026-07-02,CAUSE_MIX,surge_mismatch,SA,Total,52642,80,0.15,2026-08-31 16:33:58.859 +0300
2026-07-02,CAUSE_MIX,waiting_time,SA,Total,52642,24074,45.73,2026-08-31 16:33:58.859 +0300
2026-07-02,CAUSE_MIX,withinA_at_dest,SA,Total,52642,4206,7.99,2026-08-31 16:33:58.859 +0300
2026-07-02,CAUSE_MIX,withinA_not_dest,SA,Total,52642,2206,4.19,2026-08-31 16:33:58.859 +0300
2026-07-02,CAUSE_MIX,withinB_at_dest,SA,Total,52642,10410,19.78,2026-08-31 16:33:58.859 +0300
2026-07-02,CAUSE_MIX,withinB_not_dest,SA,Total,52642,3437,6.53,2026-08-31 16:33:58.859 +0300
2026-07-02,CHANNEL,cumulative_price_shocks_net,SA,DMM,7194,2460,34.20,2026-08-31 16:33:58.859 +0300
2026-07-02,CHANNEL,cumulative_price_shocks_net,SA,JED,35452,13554,38.23,2026-08-31 16:33:58.859 +0300
2026-07-02,CHANNEL,cumulative_price_shocks_net,SA,MAD,11963,4178,34.92,2026-08-31 16:33:58.859 +0300
2026-07-02,CHANNEL,cumulative_price_shocks_net,SA,MEC,5789,2294,39.63,2026-08-31 16:33:58.859 +0300
2026-07-02,CHANNEL,cumulative_price_shocks_net,SA,Others,13146,5074,38.60,2026-08-31 16:33:58.859 +0300
2026-07-02,CHANNEL,cumulative_price_shocks_net,SA,RUH,50853,17528,34.47,2026-08-31 16:33:58.859 +0300
2026-07-02,CHANNEL,cumulative_price_shocks_net,SA,Total,124397,45088,36.25,2026-08-31 16:33:58.859 +0300
2026-07-02,CHANNEL,pd_mismatch,SA,DMM,7194,2,0.03,2026-08-31 16:33:58.859 +0300
2026-07-02,CHANNEL,pd_mismatch,SA,JED,35452,2,0.01,2026-08-31 16:33:58.859 +0300
2026-07-02,CHANNEL,pd_mismatch,SA,MAD,11963,1,0.01,2026-08-31 16:33:58.859 +0300
2026-07-02,CHANNEL,pd_mismatch,SA,MEC,5789,0,0.00,2026-08-31 16:33:58.859 +0300
2026-07-02,CHANNEL,pd_mismatch,SA,Others,13146,3,0.02,2026-08-31 16:33:58.859 +0300
2026-07-02,CHANNEL,pd_mismatch,SA,RUH,50853,4,0.01,2026-08-31 16:33:58.859 +0300
2026-07-02,CHANNEL,pd_mismatch,SA,Total,124397,12,0.01,2026-08-31 16:33:58.859 +0300
2026-07-02,CHANNEL,pickup_mismatch,SA,DMM,7194,0,0.00,2026-08-31 16:33:58.859 +0300
2026-07-02,CHANNEL,pickup_mismatch,SA,JED,35452,5,0.01,2026-08-31 16:33:58.859 +0300
2026-07-02,CHANNEL,pickup_mismatch,SA,MAD,11963,0,0.00,2026-08-31 16:33:58.859 +0300
2026-07-02,CHANNEL,pickup_mismatch,SA,MEC,5789,0,0.00,2026-08-31 16:33:58.859 +0300
2026-07-02,CHANNEL,pickup_mismatch,SA,Others,13146,0,0.00,2026-08-31 16:33:58.859 +0300
2026-07-02,CHANNEL,pickup_mismatch,SA,RUH,50853,1,0.00,2026-08-31 16:33:58.859 +0300
2026-07-02,CHANNEL,pickup_mismatch,SA,Total,124397,6,0.00,2026-08-31 16:33:58.859 +0300
2026-07-02,CHANNEL,residual_fare_increase_net,SA,DMM,7194,1260,17.51,2026-08-31 16:33:58.859 +0300
2026-07-02,CHANNEL,residual_fare_increase_net,SA,JED,35452,6847,19.31,2026-08-31 16:33:58.859 +0300
2026-07-02,CHANNEL,residual_fare_increase_net,SA,MAD,11963,2150,17.97,2026-08-31 16:33:58.859 +0300
2026-07-02,CHANNEL,residual_fare_increase_net,SA,MEC,5789,1099,18.98,2026-08-31 16:33:58.859 +0300
2026-07-02,CHANNEL,residual_fare_increase_net,SA,Others,13146,2843,21.63,2026-08-31 16:33:58.859 +0300
2026-07-02,CHANNEL,residual_fare_increase_net,SA,RUH,50853,9172,18.04,2026-08-31 16:33:58.859 +0300
2026-07-02,CHANNEL,residual_fare_increase_net,SA,Total,124397,23371,18.79,2026-08-31 16:33:58.859 +0300
2026-07-02,CHANNEL,rounding_error,SA,DMM,7194,136,1.89,2026-08-31 16:33:58.859 +0300
2026-07-02,CHANNEL,rounding_error,SA,JED,35452,825,2.33,2026-08-31 16:33:58.859 +0300
2026-07-02,CHANNEL,rounding_error,SA,MAD,11963,353,2.95,2026-08-31 16:33:58.859 +0300
2026-07-02,CHANNEL,rounding_error,SA,MEC,5789,105,1.81,2026-08-31 16:33:58.859 +0300
2026-07-02,CHANNEL,rounding_error,SA,Others,13146,256,1.95,2026-08-31 16:33:58.859 +0300
2026-07-02,CHANNEL,rounding_error,SA,RUH,50853,1148,2.26,2026-08-31 16:33:58.859 +0300
2026-07-02,CHANNEL,rounding_error,SA,Total,124397,2823,2.27,2026-08-31 16:33:58.859 +0300
2026-07-02,CHANNEL,spillover_recovery,SA,DMM,7194,340,4.73,2026-08-31 16:33:58.859 +0300
2026-07-02,CHANNEL,spillover_recovery,SA,JED,35452,2655,7.49,2026-08-31 16:33:58.859 +0300
2026-07-02,CHANNEL,spillover_recovery,SA,MAD,11963,709,5.93,2026-08-31 16:33:58.859 +0300
2026-07-02,CHANNEL,spillover_recovery,SA,MEC,5789,360,6.22,2026-08-31 16:33:58.859 +0300
2026-07-02,CHANNEL,spillover_recovery,SA,Others,13146,527,4.01,2026-08-31 16:33:58.859 +0300
2026-07-02,CHANNEL,spillover_recovery,SA,RUH,50853,3538,6.96,2026-08-31 16:33:58.859 +0300
2026-07-02,CHANNEL,spillover_recovery,SA,Total,124397,8129,6.53,2026-08-31 16:33:58.859 +0300
2026-07-02,CHANNEL,surcharge_mismatch,SA,DMM,7194,108,1.50,2026-08-31 16:33:58.859 +0300
2026-07-02,CHANNEL,surcharge_mismatch,SA,JED,35452,760,2.14,2026-08-31 16:33:58.859 +0300
2026-07-02,CHANNEL,surcharge_mismatch,SA,MAD,11963,185,1.55,2026-08-31 16:33:58.859 +0300
2026-07-02,CHANNEL,surcharge_mismatch,SA,MEC,5789,47,0.81,2026-08-31 16:33:58.859 +0300
2026-07-02,CHANNEL,surcharge_mismatch,SA,Others,13146,185,1.41,2026-08-31 16:33:58.859 +0300
2026-07-02,CHANNEL,surcharge_mismatch,SA,RUH,50853,804,1.58,2026-08-31 16:33:58.859 +0300
2026-07-02,CHANNEL,surcharge_mismatch,SA,Total,124397,2089,1.68,2026-08-31 16:33:58.859 +0300
2026-07-02,CHANNEL,surge_mismatch,SA,DMM,7194,12,0.17,2026-08-31 16:33:58.859 +0300
2026-07-02,CHANNEL,surge_mismatch,SA,JED,35452,74,0.21,2026-08-31 16:33:58.859 +0300
2026-07-02,CHANNEL,surge_mismatch,SA,MAD,11963,31,0.26,2026-08-31 16:33:58.859 +0300
2026-07-02,CHANNEL,surge_mismatch,SA,MEC,5789,8,0.14,2026-08-31 16:33:58.859 +0300
2026-07-02,CHANNEL,surge_mismatch,SA,Others,13146,0,0.00,2026-08-31 16:33:58.859 +0300
2026-07-02,CHANNEL,surge_mismatch,SA,RUH,50853,28,0.06,2026-08-31 16:33:58.859 +0300
2026-07-02,CHANNEL,surge_mismatch,SA,Total,124397,153,0.12,2026-08-31 16:33:58.859 +0300
2026-07-02,SCENARIO,beyondB,SA,DMM,7194,1,0.01,2026-08-31 16:33:58.859 +0300
2026-07-02,SCENARIO,beyondB,SA,JED,35452,8,0.02,2026-08-31 16:33:58.859 +0300
2026-07-02,SCENARIO,beyondB,SA,MAD,11963,3,0.03,2026-08-31 16:33:58.859 +0300
2026-07-02,SCENARIO,beyondB,SA,MEC,5789,3,0.05,2026-08-31 16:33:58.859 +0300
2026-07-02,SCENARIO,beyondB,SA,Others,13146,3,0.02,2026-08-31 16:33:58.859 +0300
2026-07-02,SCENARIO,beyondB,SA,RUH,50853,12,0.02,2026-08-31 16:33:58.859 +0300
2026-07-02,SCENARIO,beyondB,SA,Total,124397,30,0.02,2026-08-31 16:33:58.859 +0300
2026-07-02,SCENARIO,withinA_at_dest,SA,DMM,7194,1244,17.29,2026-08-31 16:33:58.859 +0300
2026-07-02,SCENARIO,withinA_at_dest,SA,JED,35452,7031,19.83,2026-08-31 16:33:58.859 +0300
2026-07-02,SCENARIO,withinA_at_dest,SA,MAD,11963,2119,17.71,2026-08-31 16:33:58.859 +0300
2026-07-02,SCENARIO,withinA_at_dest,SA,MEC,5789,1194,20.63,2026-08-31 16:33:58.859 +0300
2026-07-02,SCENARIO,withinA_at_dest,SA,Others,13146,2259,17.18,2026-08-31 16:33:58.859 +0300
2026-07-02,SCENARIO,withinA_at_dest,SA,RUH,50853,8938,17.58,2026-08-31 16:33:58.859 +0300
2026-07-02,SCENARIO,withinA_at_dest,SA,Total,124397,22785,18.32,2026-08-31 16:33:58.859 +0300
2026-07-02,SCENARIO,withinA_not_dest,SA,DMM,7194,218,3.03,2026-08-31 16:33:58.859 +0300
2026-07-02,SCENARIO,withinA_not_dest,SA,JED,35452,788,2.22,2026-08-31 16:33:58.859 +0300
2026-07-02,SCENARIO,withinA_not_dest,SA,MAD,11963,503,4.20,2026-08-31 16:33:58.859 +0300
2026-07-02,SCENARIO,withinA_not_dest,SA,MEC,5789,186,3.21,2026-08-31 16:33:58.859 +0300
2026-07-02,SCENARIO,withinA_not_dest,SA,Others,13146,485,3.69,2026-08-31 16:33:58.859 +0300
2026-07-02,SCENARIO,withinA_not_dest,SA,RUH,50853,1249,2.46,2026-08-31 16:33:58.859 +0300
2026-07-02,SCENARIO,withinA_not_dest,SA,Total,124397,3429,2.76,2026-08-31 16:33:58.859 +0300
2026-07-02,SCENARIO,withinB_at_dest,SA,DMM,7194,735,10.22,2026-08-31 16:33:58.859 +0300
2026-07-02,SCENARIO,withinB_at_dest,SA,JED,35452,4582,12.92,2026-08-31 16:33:58.859 +0300
2026-07-02,SCENARIO,withinB_at_dest,SA,MAD,11963,1079,9.02,2026-08-31 16:33:58.859 +0300
2026-07-02,SCENARIO,withinB_at_dest,SA,MEC,5789,658,11.37,2026-08-31 16:33:58.859 +0300
2026-07-02,SCENARIO,withinB_at_dest,SA,Others,13146,1503,11.43,2026-08-31 16:33:58.859 +0300
2026-07-17,SCENARIO,withinA_not_dest,SA,RUH,25021,745,2.98,2026-08-31 16:33:58.859 +0300
2026-07-17,SCENARIO,withinA_not_dest,SA,Total,70117,2251,3.21,2026-08-31 16:33:58.859 +0300
2026-07-17,SCENARIO,withinB_at_dest,SA,DMM,3850,471,12.23,2026-08-31 16:33:58.859 +0300
2026-07-17,SCENARIO,withinB_at_dest,SA,JED,20502,2332,11.37,2026-08-31 16:33:58.859 +0300
2026-07-17,SCENARIO,withinB_at_dest,SA,MAD,8158,810,9.93,2026-08-31 16:33:58.859 +0300
2026-07-17,SCENARIO,withinB_at_dest,SA,MEC,4035,472,11.70,2026-08-31 16:33:58.859 +0300
2026-07-17,SCENARIO,withinB_at_dest,SA,Others,8551,891,10.42,2026-08-31 16:33:58.859 +0300
2026-07-17,SCENARIO,withinB_at_dest,SA,RUH,25021,2587,10.34,2026-08-31 16:33:58.859 +0300
2026-07-17,SCENARIO,withinB_at_dest,SA,Total,70117,7563,10.79,2026-08-31 16:33:58.859 +0300
2026-07-17,SCENARIO,withinB_not_dest,SA,DMM,3850,134,3.48,2026-08-31 16:33:58.859 +0300
2026-07-17,SCENARIO,withinB_not_dest,SA,JED,20502,706,3.44,2026-08-31 16:33:58.859 +0300
2026-07-17,SCENARIO,withinB_not_dest,SA,MAD,8158,346,4.24,2026-08-31 16:33:58.859 +0300
2026-07-17,SCENARIO,withinB_not_dest,SA,MEC,4035,182,4.51,2026-08-31 16:33:58.859 +0300
2026-07-17,SCENARIO,withinB_not_dest,SA,Others,8551,527,6.16,2026-08-31 16:33:58.859 +0300
2026-07-17,SCENARIO,withinB_not_dest,SA,RUH,25021,929,3.71,2026-08-31 16:33:58.859 +0300
2026-07-17,SCENARIO,withinB_not_dest,SA,Total,70117,2824,4.03,2026-08-31 16:33:58.859 +0300
2026-07-18,CAUSE_MIX,beyondB,JO,Total,21346,46,0.22,2026-08-31 16:33:58.859 +0300
2026-07-18,CAUSE_MIX,previous_wallet_balance,JO,Total,21346,1166,5.46,2026-08-31 16:33:58.859 +0300
2026-07-18,CAUSE_MIX,surcharge_mismatch,JO,Total,21346,14,0.07,2026-08-31 16:33:58.859 +0300
2026-07-18,CAUSE_MIX,surge_mismatch,JO,Total,21346,4,0.02,2026-08-31 16:33:58.859 +0300
2026-07-18,CAUSE_MIX,waiting_time,JO,Total,21346,8658,40.56,2026-08-31 16:33:58.859 +0300
2026-07-18,CAUSE_MIX,withinA_at_dest,JO,Total,21346,908,4.25,2026-08-31 16:33:58.859 +0300
2026-07-18,CAUSE_MIX,withinA_not_dest,JO,Total,21346,2393,11.21,2026-08-31 16:33:58.859 +0300
2026-07-18,CAUSE_MIX,withinB_at_dest,JO,Total,21346,5854,27.42,2026-08-31 16:33:58.859 +0300
2026-07-18,CAUSE_MIX,withinB_not_dest,JO,Total,21346,2303,10.79,2026-08-31 16:33:58.859 +0300
2026-07-18,CHANNEL,cumulative_price_shocks_net,JO,AMM,49420,12514,25.32,2026-08-31 16:33:58.859 +0300
2026-07-18,CHANNEL,cumulative_price_shocks_net,JO,IRB,11681,3548,30.37,2026-08-31 16:33:58.859 +0300
2026-07-18,CHANNEL,cumulative_price_shocks_net,JO,Others,1647,421,25.56,2026-08-31 16:33:58.859 +0300
2026-07-18,CHANNEL,cumulative_price_shocks_net,JO,Total,79204,20180,25.48,2026-08-31 16:33:58.859 +0300
2026-07-18,CHANNEL,cumulative_price_shocks_net,JO,ZRQ,16456,3697,22.47,2026-08-31 16:33:58.859 +0300
2026-07-18,CHANNEL,pd_mismatch,JO,AMM,49420,1,0.00,2026-08-31 16:33:58.859 +0300
2026-07-18,CHANNEL,pd_mismatch,JO,IRB,11681,0,0.00,2026-08-31 16:33:58.859 +0300
2026-07-18,CHANNEL,pd_mismatch,JO,Others,1647,0,0.00,2026-08-31 16:33:58.859 +0300
2026-07-18,CHANNEL,pd_mismatch,JO,Total,79204,1,0.00,2026-08-31 16:33:58.859 +0300
2026-07-18,CHANNEL,pd_mismatch,JO,ZRQ,16456,0,0.00,2026-08-31 16:33:58.859 +0300
2026-07-18,CHANNEL,pickup_mismatch,JO,AMM,49420,1,0.00,2026-08-31 16:33:58.859 +0300
2026-07-18,CHANNEL,pickup_mismatch,JO,IRB,11681,0,0.00,2026-08-31 16:33:58.859 +0300
2026-07-18,CHANNEL,pickup_mismatch,JO,Others,1647,0,0.00,2026-08-31 16:33:58.859 +0300
2026-07-18,CHANNEL,pickup_mismatch,JO,Total,79204,1,0.00,2026-08-31 16:33:58.859 +0300
2026-07-18,CHANNEL,pickup_mismatch,JO,ZRQ,16456,0,0.00,2026-08-31 16:33:58.859 +0300
2026-07-18,CHANNEL,residual_fare_increase_net,JO,AMM,49420,7591,15.36,2026-08-31 16:33:58.859 +0300
2026-07-18,CHANNEL,residual_fare_increase_net,JO,IRB,11681,2469,21.14,2026-08-31 16:33:58.859 +0300
2026-07-18,CHANNEL,residual_fare_increase_net,JO,Others,1647,255,15.48,2026-08-31 16:33:58.859 +0300
2026-07-18,CHANNEL,residual_fare_increase_net,JO,Total,79204,12451,15.72,2026-08-31 16:33:58.859 +0300
2026-07-18,CHANNEL,residual_fare_increase_net,JO,ZRQ,16456,2136,12.98,2026-08-31 16:33:58.859 +0300
2026-07-18,CHANNEL,rounding_error,JO,AMM,49420,575,1.16,2026-08-31 16:33:58.859 +0300
2026-07-18,CHANNEL,rounding_error,JO,IRB,11681,140,1.20,2026-08-31 16:33:58.859 +0300
2026-07-18,CHANNEL,rounding_error,JO,Others,1647,20,1.21,2026-08-31 16:33:58.859 +0300
2026-07-18,CHANNEL,rounding_error,JO,Total,79204,893,1.13,2026-08-31 16:33:58.859 +0300
2026-07-18,CHANNEL,rounding_error,JO,ZRQ,16456,158,0.96,2026-08-31 16:33:58.859 +0300
2026-07-18,CHANNEL,spillover_recovery,JO,AMM,49420,1023,2.07,2026-08-31 16:33:58.859 +0300
2026-07-18,CHANNEL,spillover_recovery,JO,IRB,11681,138,1.18,2026-08-31 16:33:58.859 +0300
2026-07-18,CHANNEL,spillover_recovery,JO,Others,1647,12,0.73,2026-08-31 16:33:58.859 +0300
2026-07-18,CHANNEL,spillover_recovery,JO,Total,79204,1235,1.56,2026-08-31 16:33:58.859 +0300
2026-07-18,CHANNEL,spillover_recovery,JO,ZRQ,16456,62,0.38,2026-08-31 16:33:58.859 +0300
2026-07-18,CHANNEL,surcharge_mismatch,JO,AMM,49420,12,0.02,2026-08-31 16:33:58.859 +0300
2026-07-18,CHANNEL,surcharge_mismatch,JO,IRB,11681,0,0.00,2026-08-31 16:33:58.859 +0300
2026-07-18,CHANNEL,surcharge_mismatch,JO,Others,1647,1,0.06,2026-08-31 16:33:58.859 +0300
2026-07-18,CHANNEL,surcharge_mismatch,JO,Total,79204,22,0.03,2026-08-31 16:33:58.859 +0300
2026-07-18,CHANNEL,surcharge_mismatch,JO,ZRQ,16456,9,0.05,2026-08-31 16:33:58.859 +0300
2026-07-18,CHANNEL,surge_mismatch,JO,AMM,49420,4,0.01,2026-08-31 16:33:58.859 +0300
2026-07-18,CHANNEL,surge_mismatch,JO,IRB,11681,0,0.00,2026-08-31 16:33:58.859 +0300
2026-07-18,CHANNEL,surge_mismatch,JO,Others,1647,0,0.00,2026-08-31 16:33:58.859 +0300
2026-07-18,CHANNEL,surge_mismatch,JO,Total,79204,4,0.01,2026-08-31 16:33:58.859 +0300
2026-07-18,CHANNEL,surge_mismatch,JO,ZRQ,16456,0,0.00,2026-08-31 16:33:58.859 +0300
2026-07-18,SCENARIO,beyondB,JO,AMM,49420,34,0.07,2026-08-31 16:33:58.859 +0300
2026-07-18,SCENARIO,beyondB,JO,IRB,11681,11,0.09,2026-08-31 16:33:58.859 +0300
2026-07-18,SCENARIO,beyondB,JO,Others,1647,0,0.00,2026-08-31 16:33:58.859 +0300
2026-07-18,SCENARIO,beyondB,JO,Total,79204,54,0.07,2026-08-31 16:33:58.859 +0300
2026-07-18,SCENARIO,beyondB,JO,ZRQ,16456,9,0.05,2026-08-31 16:33:58.859 +0300
2026-07-18,SCENARIO,withinA_at_dest,JO,AMM,49420,4811,9.73,2026-08-31 16:33:58.859 +0300
2026-07-18,SCENARIO,withinA_at_dest,JO,IRB,11681,1027,8.79,2026-08-31 16:33:58.859 +0300
2026-07-18,SCENARIO,withinA_at_dest,JO,Others,1647,161,9.78,2026-08-31 16:33:58.859 +0300
2026-07-18,SCENARIO,withinA_at_dest,JO,Total,79204,7539,9.52,2026-08-31 16:33:58.859 +0300
2026-07-18,SCENARIO,withinA_at_dest,JO,ZRQ,16456,1540,9.36,2026-08-31 16:33:58.859 +0300
2026-07-18,SCENARIO,withinA_not_dest,JO,AMM,49420,1577,3.19,2026-08-31 16:33:58.859 +0300
2026-07-18,SCENARIO,withinA_not_dest,JO,IRB,11681,826,7.07,2026-08-31 16:33:58.859 +0300
2026-07-18,SCENARIO,withinA_not_dest,JO,Others,1647,72,4.37,2026-08-31 16:33:58.859 +0300
2026-07-18,SCENARIO,withinA_not_dest,JO,Total,79204,2998,3.79,2026-08-31 16:33:58.859 +0300
2026-07-18,SCENARIO,withinA_not_dest,JO,ZRQ,16456,523,3.18,2026-08-31 16:33:58.859 +0300
2026-07-18,SCENARIO,withinB_at_dest,JO,AMM,49420,4574,9.26,2026-08-31 16:33:58.859 +0300
2026-07-18,SCENARIO,withinB_at_dest,JO,IRB,11681,980,8.39,2026-08-31 16:33:58.859 +0300
2026-07-18,SCENARIO,withinB_at_dest,JO,Others,1647,117,7.10,2026-08-31 16:33:58.859 +0300
2026-07-18,SCENARIO,withinB_at_dest,JO,Total,79204,6842,8.64,2026-08-31 16:33:58.859 +0300
2026-07-18,SCENARIO,withinB_at_dest,JO,ZRQ,16456,1171,7.12,2026-08-31 16:33:58.859 +0300
2026-07-18,SCENARIO,withinB_not_dest,JO,AMM,49420,1518,3.07,2026-08-31 16:33:58.859 +0300
2026-07-18,SCENARIO,withinB_not_dest,JO,IRB,11681,704,6.03,2026-08-31 16:33:58.859 +0300
2026-07-18,SCENARIO,withinB_not_dest,JO,Others,1647,71,4.31,2026-08-31 16:33:58.859 +0300
2026-07-18,SCENARIO,withinB_not_dest,JO,Total,79204,2747,3.47,2026-08-31 16:33:58.859 +0300
2026-07-18,SCENARIO,withinB_not_dest,JO,ZRQ,16456,454,2.76,2026-08-31 16:33:58.859 +0300
2026-07-18,CAUSE_MIX,beyondB,SA,Total,34439,15,0.04,2026-08-31 16:33:58.859 +0300
2026-07-18,CAUSE_MIX,pickup_mismatch,SA,Total,34439,2,0.01,2026-08-31 16:33:58.859 +0300
2026-07-18,CAUSE_MIX,previous_wallet_balance,SA,Total,34439,5361,15.57,2026-08-31 16:33:58.859 +0300
2026-07-18,CAUSE_MIX,surcharge_mismatch,SA,Total,34439,614,1.78,2026-08-31 16:33:58.859 +0300
2026-07-18,CAUSE_MIX,surge_mismatch,SA,Total,34439,4,0.01,2026-08-31 16:33:58.859 +0300
2026-07-18,CAUSE_MIX,waiting_time,SA,Total,34439,17163,49.84,2026-08-31 16:33:58.859 +0300
2026-07-18,CAUSE_MIX,withinA_at_dest,SA,Total,34439,2274,6.60,2026-08-31 16:33:58.859 +0300
2026-07-18,CAUSE_MIX,withinA_not_dest,SA,Total,34439,1405,4.08,2026-08-31 16:33:58.859 +0300
2026-07-18,CAUSE_MIX,withinB_at_dest,SA,Total,34439,5644,16.39,2026-08-31 16:33:58.859 +0300
2026-07-18,CAUSE_MIX,withinB_not_dest,SA,Total,34439,1957,5.68,2026-08-31 16:33:58.859 +0300
2026-07-18,CHANNEL,cumulative_price_shocks_net,SA,DMM,4507,1531,33.97,2026-08-31 16:33:58.859 +0300
2026-07-18,CHANNEL,cumulative_price_shocks_net,SA,JED,24642,9102,36.94,2026-08-31 16:33:58.859 +0300
2026-07-18,CHANNEL,cumulative_price_shocks_net,SA,MAD,8983,3205,35.68,2026-08-31 16:33:58.859 +0300
2026-07-18,CHANNEL,cumulative_price_shocks_net,SA,MEC,4575,1830,40.00,2026-08-31 16:33:58.859 +0300
2026-07-18,CHANNEL,cumulative_price_shocks_net,SA,Others,9536,3492,36.62,2026-08-31 16:33:58.859 +0300
2026-07-18,CHANNEL,cumulative_price_shocks_net,SA,RUH,29500,9760,33.08,2026-08-31 16:33:58.859 +0300
2026-07-18,CHANNEL,cumulative_price_shocks_net,SA,Total,81743,28920,35.38,2026-08-31 16:33:58.859 +0300
2026-07-18,CHANNEL,pd_mismatch,SA,DMM,4507,0,0.00,2026-08-31 16:33:58.859 +0300
2026-07-18,CHANNEL,pd_mismatch,SA,JED,24642,1,0.00,2026-08-31 16:33:58.859 +0300
2026-07-18,CHANNEL,pd_mismatch,SA,MAD,8983,0,0.00,2026-08-31 16:33:58.859 +0300
2026-07-18,CHANNEL,pd_mismatch,SA,MEC,4575,0,0.00,2026-08-31 16:33:58.859 +0300
2026-07-18,CHANNEL,pd_mismatch,SA,Others,9536,0,0.00,2026-08-31 16:33:58.859 +0300
2026-07-18,CHANNEL,pd_mismatch,SA,RUH,29500,0,0.00,2026-08-31 16:33:58.859 +0300
2026-07-18,CHANNEL,pd_mismatch,SA,Total,81743,1,0.00,2026-08-31 16:33:58.859 +0300
2026-07-18,CHANNEL,pickup_mismatch,SA,DMM,4507,0,0.00,2026-08-31 16:33:58.859 +0300
2026-07-18,CHANNEL,pickup_mismatch,SA,JED,24642,0,0.00,2026-08-31 16:33:58.859 +0300
2026-07-18,CHANNEL,pickup_mismatch,SA,MAD,8983,1,0.01,2026-08-31 16:33:58.859 +0300
2026-07-18,CHANNEL,pickup_mismatch,SA,MEC,4575,0,0.00,2026-08-31 16:33:58.859 +0300
2026-07-18,CHANNEL,pickup_mismatch,SA,Others,9536,1,0.01,2026-08-31 16:33:58.859 +0300
2026-07-18,CHANNEL,pickup_mismatch,SA,RUH,29500,0,0.00,2026-08-31 16:33:58.859 +0300
2026-07-18,CHANNEL,pickup_mismatch,SA,Total,81743,2,0.00,2026-08-31 16:33:58.859 +0300
2026-07-18,CHANNEL,residual_fare_increase_net,SA,DMM,4507,738,16.37,2026-08-31 16:33:58.859 +0300
2026-07-18,CHANNEL,residual_fare_increase_net,SA,JED,24642,3870,15.70,2026-08-31 16:33:58.859 +0300
2026-07-18,CHANNEL,residual_fare_increase_net,SA,MAD,8983,1537,17.11,2026-08-31 16:33:58.859 +0300
2026-07-18,CHANNEL,residual_fare_increase_net,SA,MEC,4575,792,17.31,2026-08-31 16:33:58.859 +0300
2026-07-18,CHANNEL,residual_fare_increase_net,SA,Others,9536,1847,19.37,2026-08-31 16:33:58.859 +0300
2026-07-18,CHANNEL,residual_fare_increase_net,SA,RUH,29500,4665,15.81,2026-08-31 16:33:58.859 +0300
2026-07-18,CHANNEL,residual_fare_increase_net,SA,Total,81743,13449,16.45,2026-08-31 16:33:58.859 +0300
2026-07-18,CHANNEL,rounding_error,SA,DMM,4507,84,1.86,2026-08-31 16:33:58.859 +0300
2026-07-18,CHANNEL,rounding_error,SA,JED,24642,665,2.70,2026-08-31 16:33:58.859 +0300
2026-07-18,CHANNEL,rounding_error,SA,MAD,8983,263,2.93,2026-08-31 16:33:58.859 +0300
2026-07-18,CHANNEL,rounding_error,SA,MEC,4575,71,1.55,2026-08-31 16:33:58.859 +0300
2026-07-18,CHANNEL,rounding_error,SA,Others,9536,165,1.73,2026-08-31 16:33:58.859 +0300
2026-07-18,CHANNEL,rounding_error,SA,RUH,29500,624,2.12,2026-08-31 16:33:58.859 +0300
2026-07-18,CHANNEL,rounding_error,SA,Total,81743,1872,2.29,2026-08-31 16:33:58.859 +0300
2026-07-18,CHANNEL,spillover_recovery,SA,DMM,4507,225,4.99,2026-08-31 16:33:58.859 +0300
2026-07-18,CHANNEL,spillover_recovery,SA,JED,24642,2141,8.69,2026-08-31 16:33:58.859 +0300
2026-07-18,CHANNEL,spillover_recovery,SA,MAD,8983,631,7.02,2026-08-31 16:33:58.859 +0300
2026-07-18,CHANNEL,spillover_recovery,SA,MEC,4575,305,6.67,2026-08-31 16:33:58.859 +0300
2026-07-18,CHANNEL,spillover_recovery,SA,Others,9536,480,5.03,2026-08-31 16:33:58.859 +0300
2026-07-18,CHANNEL,spillover_recovery,SA,RUH,29500,2128,7.21,2026-08-31 16:33:58.859 +0300
2026-07-18,CHANNEL,spillover_recovery,SA,Total,81743,5910,7.23,2026-08-31 16:33:58.859 +0300
2026-07-18,CHANNEL,surcharge_mismatch,SA,DMM,4507,64,1.42,2026-08-31 16:33:58.859 +0300
2026-07-18,CHANNEL,surcharge_mismatch,SA,JED,24642,626,2.54,2026-08-31 16:33:58.859 +0300
2026-07-18,CHANNEL,surcharge_mismatch,SA,MAD,8983,178,1.98,2026-08-31 16:33:58.859 +0300
2026-07-18,CHANNEL,surcharge_mismatch,SA,MEC,4575,56,1.22,2026-08-31 16:33:58.859 +0300
2026-07-18,CHANNEL,surcharge_mismatch,SA,Others,9536,184,1.93,2026-08-31 16:33:58.859 +0300
2026-07-18,CHANNEL,surcharge_mismatch,SA,RUH,29500,429,1.45,2026-08-31 16:33:58.859 +0300
2026-07-18,CHANNEL,surcharge_mismatch,SA,Total,81743,1537,1.88,2026-08-31 16:33:58.859 +0300
2026-07-18,CHANNEL,surge_mismatch,SA,DMM,4507,1,0.02,2026-08-31 16:33:58.859 +0300
2026-07-18,CHANNEL,surge_mismatch,SA,JED,24642,1,0.00,2026-08-31 16:33:58.859 +0300
2026-07-18,CHANNEL,surge_mismatch,SA,MAD,8983,1,0.01,2026-08-31 16:33:58.859 +0300
2026-07-18,CHANNEL,surge_mismatch,SA,MEC,4575,1,0.02,2026-08-31 16:33:58.859 +0300
2026-07-18,CHANNEL,surge_mismatch,SA,Others,9536,0,0.00,2026-08-31 16:33:58.859 +0300
2026-07-18,CHANNEL,surge_mismatch,SA,RUH,29500,3,0.01,2026-08-31 16:33:58.859 +0300
2026-07-18,CHANNEL,surge_mismatch,SA,Total,81743,7,0.01,2026-08-31 16:33:58.859 +0300
2026-07-18,SCENARIO,beyondB,SA,DMM,4507,0,0.00,2026-08-31 16:33:58.859 +0300
2026-07-18,SCENARIO,beyondB,SA,JED,24642,7,0.03,2026-08-31 16:33:58.859 +0300
2026-07-18,SCENARIO,beyondB,SA,MAD,8983,2,0.02,2026-08-31 16:33:58.859 +0300
2026-07-18,SCENARIO,beyondB,SA,MEC,4575,0,0.00,2026-08-31 16:33:58.859 +0300
2026-07-18,SCENARIO,beyondB,SA,Others,9536,8,0.08,2026-08-31 16:33:58.859 +0300
2026-07-18,SCENARIO,beyondB,SA,RUH,29500,13,0.04,2026-08-31 16:33:58.859 +0300
2026-07-18,SCENARIO,beyondB,SA,Total,81743,30,0.04,2026-08-31 16:33:58.859 +0300
2026-07-18,SCENARIO,withinA_at_dest,SA,DMM,4507,820,18.19,2026-08-31 16:33:58.859 +0300
2026-07-18,SCENARIO,withinA_at_dest,SA,JED,24642,5305,21.53,2026-08-31 16:33:58.859 +0300
2026-07-18,SCENARIO,withinA_at_dest,SA,MAD,8983,1699,18.91,2026-08-31 16:33:58.859 +0300
2026-07-18,SCENARIO,withinA_at_dest,SA,MEC,4575,1045,22.84,2026-08-31 16:33:58.859 +0300
2026-08-16,SCENARIO,withinA_not_dest,SA,JED,29159,575,1.97,2026-08-31 16:33:58.859 +0300
2026-08-16,SCENARIO,withinA_not_dest,SA,MAD,10495,400,3.81,2026-08-31 16:33:58.859 +0300
2026-08-16,SCENARIO,withinA_not_dest,SA,MEC,5300,153,2.89,2026-08-31 16:33:58.859 +0300
2026-08-16,SCENARIO,withinA_not_dest,SA,Others,12102,466,3.85,2026-08-31 16:33:58.859 +0300
2026-08-16,SCENARIO,withinA_not_dest,SA,RUH,38611,899,2.33,2026-08-31 16:33:58.859 +0300
2026-08-16,SCENARIO,withinA_not_dest,SA,Total,102543,2658,2.59,2026-08-31 16:33:58.859 +0300
2026-08-16,SCENARIO,withinB_at_dest,SA,DMM,6876,652,9.48,2026-08-31 16:33:58.859 +0300
2026-08-16,SCENARIO,withinB_at_dest,SA,JED,29159,3088,10.59,2026-08-31 16:33:58.859 +0300
2026-08-16,SCENARIO,withinB_at_dest,SA,MAD,10495,761,7.25,2026-08-31 16:33:58.859 +0300
2026-08-16,SCENARIO,withinB_at_dest,SA,MEC,5300,504,9.51,2026-08-31 16:33:58.859 +0300
2026-08-16,SCENARIO,withinB_at_dest,SA,Others,12102,1141,9.43,2026-08-31 16:33:58.859 +0300
2026-08-16,SCENARIO,withinB_at_dest,SA,RUH,38611,2178,5.64,2026-08-31 16:33:58.859 +0300
2026-08-16,SCENARIO,withinB_at_dest,SA,Total,102543,8324,8.12,2026-08-31 16:33:58.859 +0300
2026-08-16,SCENARIO,withinB_not_dest,SA,DMM,6876,198,2.88,2026-08-31 16:33:58.859 +0300
2026-08-16,SCENARIO,withinB_not_dest,SA,JED,29159,774,2.65,2026-08-31 16:33:58.859 +0300
2026-08-16,SCENARIO,withinB_not_dest,SA,MAD,10495,348,3.32,2026-08-31 16:33:58.859 +0300
2026-08-16,SCENARIO,withinB_not_dest,SA,MEC,5300,209,3.94,2026-08-31 16:33:58.859 +0300
2026-08-16,SCENARIO,withinB_not_dest,SA,Others,12102,638,5.27,2026-08-31 16:33:58.859 +0300
2026-08-16,SCENARIO,withinB_not_dest,SA,RUH,38611,975,2.53,2026-08-31 16:33:58.859 +0300
2026-08-16,SCENARIO,withinB_not_dest,SA,Total,102543,3142,3.06,2026-08-31 16:33:58.859 +0300
2026-08-17,CAUSE_MIX,beyondB,JO,Total,21313,40,0.19,2026-08-31 16:33:58.859 +0300
2026-08-17,CAUSE_MIX,pickup_mismatch,JO,Total,21313,3,0.01,2026-08-31 16:33:58.859 +0300
2026-08-17,CAUSE_MIX,previous_wallet_balance,JO,Total,21313,1110,5.21,2026-08-31 16:33:58.859 +0300
2026-08-17,CAUSE_MIX,surcharge_mismatch,JO,Total,21313,8,0.04,2026-08-31 16:33:58.859 +0300
2026-08-17,CAUSE_MIX,surge_mismatch,JO,Total,21313,13,0.06,2026-08-31 16:33:58.859 +0300
2026-08-17,CAUSE_MIX,waiting_time,JO,Total,21313,9764,45.81,2026-08-31 16:33:58.859 +0300
2026-08-17,CAUSE_MIX,withinA_at_dest,JO,Total,21313,1230,5.77,2026-08-31 16:33:58.859 +0300
2026-08-17,CAUSE_MIX,withinA_not_dest,JO,Total,21313,2475,11.61,2026-08-31 16:33:58.859 +0300
2026-08-17,CAUSE_MIX,withinB_at_dest,JO,Total,21313,4624,21.70,2026-08-31 16:33:58.859 +0300
2026-08-17,CAUSE_MIX,withinB_not_dest,JO,Total,21313,2046,9.60,2026-08-31 16:33:58.859 +0300
2026-08-17,CHANNEL,cumulative_price_shocks_net,JO,AMM,55884,12536,22.43,2026-08-31 16:33:58.859 +0300
2026-08-17,CHANNEL,cumulative_price_shocks_net,JO,IRB,13502,3619,26.80,2026-08-31 16:33:58.859 +0300
2026-08-17,CHANNEL,cumulative_price_shocks_net,JO,Others,2051,518,25.26,2026-08-31 16:33:58.859 +0300
2026-08-17,CHANNEL,cumulative_price_shocks_net,JO,Total,88468,20202,22.84,2026-08-31 16:33:58.859 +0300
2026-08-17,CHANNEL,cumulative_price_shocks_net,JO,ZRQ,17031,3529,20.72,2026-08-31 16:33:58.859 +0300
2026-08-17,CHANNEL,pd_mismatch,JO,AMM,55884,0,0.00,2026-08-31 16:33:58.859 +0300
2026-08-17,CHANNEL,pd_mismatch,JO,IRB,13502,0,0.00,2026-08-31 16:33:58.859 +0300
2026-08-17,CHANNEL,pd_mismatch,JO,Others,2051,0,0.00,2026-08-31 16:33:58.859 +0300
2026-08-17,CHANNEL,pd_mismatch,JO,Total,88468,0,0.00,2026-08-31 16:33:58.859 +0300
2026-08-17,CHANNEL,pd_mismatch,JO,ZRQ,17031,0,0.00,2026-08-31 16:33:58.859 +0300
2026-08-17,CHANNEL,pickup_mismatch,JO,AMM,55884,1,0.00,2026-08-31 16:33:58.859 +0300
2026-08-17,CHANNEL,pickup_mismatch,JO,IRB,13502,2,0.01,2026-08-31 16:33:58.859 +0300
2026-08-17,CHANNEL,pickup_mismatch,JO,Others,2051,0,0.00,2026-08-31 16:33:58.859 +0300
2026-08-17,CHANNEL,pickup_mismatch,JO,Total,88468,4,0.00,2026-08-31 16:33:58.859 +0300
2026-08-17,CHANNEL,pickup_mismatch,JO,ZRQ,17031,1,0.01,2026-08-31 16:33:58.859 +0300
2026-08-17,CHANNEL,residual_fare_increase_net,JO,AMM,55884,6401,11.45,2026-08-31 16:33:58.859 +0300
2026-08-17,CHANNEL,residual_fare_increase_net,JO,IRB,13502,2230,16.52,2026-08-31 16:33:58.859 +0300
2026-08-17,CHANNEL,residual_fare_increase_net,JO,Others,2051,311,15.16,2026-08-31 16:33:58.859 +0300
2026-08-17,CHANNEL,residual_fare_increase_net,JO,Total,88468,10773,12.18,2026-08-31 16:33:58.859 +0300
2026-08-17,CHANNEL,residual_fare_increase_net,JO,ZRQ,17031,1831,10.75,2026-08-31 16:33:58.859 +0300
2026-08-17,CHANNEL,rounding_error,JO,AMM,55884,619,1.11,2026-08-31 16:33:58.859 +0300
2026-08-17,CHANNEL,rounding_error,JO,IRB,13502,158,1.17,2026-08-31 16:33:58.859 +0300
2026-08-17,CHANNEL,rounding_error,JO,Others,2051,30,1.46,2026-08-31 16:33:58.859 +0300
2026-08-17,CHANNEL,rounding_error,JO,Total,88468,990,1.12,2026-08-31 16:33:58.859 +0300
2026-08-17,CHANNEL,rounding_error,JO,ZRQ,17031,183,1.07,2026-08-31 16:33:58.859 +0300
2026-08-17,CHANNEL,spillover_recovery,JO,AMM,55884,950,1.70,2026-08-31 16:33:58.859 +0300
2026-08-17,CHANNEL,spillover_recovery,JO,IRB,13502,169,1.25,2026-08-31 16:33:58.859 +0300
2026-08-17,CHANNEL,spillover_recovery,JO,Others,2051,8,0.39,2026-08-31 16:33:58.859 +0300
2026-08-17,CHANNEL,spillover_recovery,JO,Total,88468,1189,1.34,2026-08-31 16:33:58.859 +0300
2026-08-17,CHANNEL,spillover_recovery,JO,ZRQ,17031,62,0.36,2026-08-31 16:33:58.859 +0300
2026-08-17,CHANNEL,surcharge_mismatch,JO,AMM,55884,16,0.03,2026-08-31 16:33:58.859 +0300
2026-08-17,CHANNEL,surcharge_mismatch,JO,IRB,13502,0,0.00,2026-08-31 16:33:58.859 +0300
2026-08-17,CHANNEL,surcharge_mismatch,JO,Others,2051,0,0.00,2026-08-31 16:33:58.859 +0300
2026-08-17,CHANNEL,surcharge_mismatch,JO,Total,88468,20,0.02,2026-08-31 16:33:58.859 +0300
2026-08-17,CHANNEL,surcharge_mismatch,JO,ZRQ,17031,4,0.02,2026-08-31 16:33:58.859 +0300
2026-08-17,CHANNEL,surge_mismatch,JO,AMM,55884,20,0.04,2026-08-31 16:33:58.859 +0300
2026-08-17,CHANNEL,surge_mismatch,JO,IRB,13502,0,0.00,2026-08-31 16:33:58.859 +0300
2026-08-17,CHANNEL,surge_mismatch,JO,Others,2051,0,0.00,2026-08-31 16:33:58.859 +0300
2026-08-17,CHANNEL,surge_mismatch,JO,Total,88468,21,0.02,2026-08-31 16:33:58.859 +0300
2026-08-17,CHANNEL,surge_mismatch,JO,ZRQ,17031,1,0.01,2026-08-31 16:33:58.859 +0300
2026-08-17,SCENARIO,beyondB,JO,AMM,55884,37,0.07,2026-08-31 16:33:58.859 +0300
2026-08-17,SCENARIO,beyondB,JO,IRB,13502,7,0.05,2026-08-31 16:33:58.859 +0300
2026-08-17,SCENARIO,beyondB,JO,Others,2051,0,0.00,2026-08-31 16:33:58.859 +0300
2026-08-17,SCENARIO,beyondB,JO,Total,88468,49,0.06,2026-08-31 16:33:58.859 +0300
2026-08-17,SCENARIO,beyondB,JO,ZRQ,17031,5,0.03,2026-08-31 16:33:58.859 +0300
2026-08-17,SCENARIO,withinA_at_dest,JO,AMM,55884,6052,10.83,2026-08-31 16:33:58.859 +0300
2026-08-17,SCENARIO,withinA_at_dest,JO,IRB,13502,1306,9.67,2026-08-31 16:33:58.859 +0300
2026-08-17,SCENARIO,withinA_at_dest,JO,Others,2051,196,9.56,2026-08-31 16:33:58.859 +0300
2026-08-17,SCENARIO,withinA_at_dest,JO,Total,88468,9203,10.40,2026-08-31 16:33:58.859 +0300
2026-08-17,SCENARIO,withinA_at_dest,JO,ZRQ,17031,1649,9.68,2026-08-31 16:33:58.859 +0300
2026-08-17,SCENARIO,withinA_not_dest,JO,AMM,55884,1682,3.01,2026-08-31 16:33:58.859 +0300
2026-08-17,SCENARIO,withinA_not_dest,JO,IRB,13502,847,6.27,2026-08-31 16:33:58.859 +0300
2026-08-17,SCENARIO,withinA_not_dest,JO,Others,2051,78,3.80,2026-08-31 16:33:58.859 +0300
2026-08-17,SCENARIO,withinA_not_dest,JO,Total,88468,3140,3.55,2026-08-31 16:33:58.859 +0300
2026-08-17,SCENARIO,withinA_not_dest,JO,ZRQ,17031,533,3.13,2026-08-31 16:33:58.859 +0300
2026-08-17,SCENARIO,withinB_at_dest,JO,AMM,55884,3360,6.01,2026-08-31 16:33:58.859 +0300
2026-08-17,SCENARIO,withinB_at_dest,JO,IRB,13502,917,6.79,2026-08-31 16:33:58.859 +0300
2026-08-17,SCENARIO,withinB_at_dest,JO,Others,2051,170,8.29,2026-08-31 16:33:58.859 +0300
2026-08-17,SCENARIO,withinB_at_dest,JO,Total,88468,5395,6.10,2026-08-31 16:33:58.859 +0300
2026-08-17,SCENARIO,withinB_at_dest,JO,ZRQ,17031,948,5.57,2026-08-31 16:33:58.859 +0300
2026-08-17,SCENARIO,withinB_not_dest,JO,AMM,55884,1405,2.51,2026-08-31 16:33:58.859 +0300
2026-08-17,SCENARIO,withinB_not_dest,JO,IRB,13502,542,4.01,2026-08-31 16:33:58.859 +0300
2026-08-17,SCENARIO,withinB_not_dest,JO,Others,2051,74,3.61,2026-08-31 16:33:58.859 +0300
2026-08-17,SCENARIO,withinB_not_dest,JO,Total,88468,2415,2.73,2026-08-31 16:33:58.859 +0300
2026-08-17,SCENARIO,withinB_not_dest,JO,ZRQ,17031,394,2.31,2026-08-31 16:33:58.859 +0300
2026-08-17,CAUSE_MIX,beyondB,SA,Total,40998,22,0.05,2026-08-31 16:33:58.859 +0300
2026-08-17,CAUSE_MIX,previous_wallet_balance,SA,Total,40998,7113,17.35,2026-08-31 16:33:58.859 +0300
2026-08-17,CAUSE_MIX,surcharge_mismatch,SA,Total,40998,780,1.90,2026-08-31 16:33:58.859 +0300
2026-08-17,CAUSE_MIX,surge_mismatch,SA,Total,40998,36,0.09,2026-08-31 16:33:58.859 +0300
2026-08-17,CAUSE_MIX,waiting_time,SA,Total,40998,19985,48.75,2026-08-31 16:33:58.859 +0300
2026-08-17,CAUSE_MIX,withinA_at_dest,SA,Total,40998,3040,7.41,2026-08-31 16:33:58.859 +0300
2026-08-17,CAUSE_MIX,withinA_not_dest,SA,Total,40998,1537,3.75,2026-08-31 16:33:58.859 +0300
2026-08-17,CAUSE_MIX,withinB_at_dest,SA,Total,40998,6284,15.33,2026-08-31 16:33:58.859 +0300
2026-08-17,CAUSE_MIX,withinB_not_dest,SA,Total,40998,2201,5.37,2026-08-31 16:33:58.859 +0300
2026-08-17,CHANNEL,cumulative_price_shocks_net,SA,DMM,6763,2149,31.78,2026-08-31 16:33:58.859 +0300
2026-08-17,CHANNEL,cumulative_price_shocks_net,SA,JED,29267,10422,35.61,2026-08-31 16:33:58.859 +0300
2026-08-17,CHANNEL,cumulative_price_shocks_net,SA,MAD,10216,3391,33.19,2026-08-31 16:33:58.859 +0300
2026-08-17,CHANNEL,cumulative_price_shocks_net,SA,MEC,5259,2023,38.47,2026-08-31 16:33:58.859 +0300
2026-08-17,CHANNEL,cumulative_price_shocks_net,SA,Others,12080,4334,35.88,2026-08-31 16:33:58.859 +0300
2026-08-17,CHANNEL,cumulative_price_shocks_net,SA,RUH,39220,11379,29.01,2026-08-31 16:33:58.859 +0300
2026-08-17,CHANNEL,cumulative_price_shocks_net,SA,Total,102805,33698,32.78,2026-08-31 16:33:58.859 +0300
2026-08-17,CHANNEL,pd_mismatch,SA,DMM,6763,0,0.00,2026-08-31 16:33:58.859 +0300
2026-08-17,CHANNEL,pd_mismatch,SA,JED,29267,0,0.00,2026-08-31 16:33:58.859 +0300
2026-08-17,CHANNEL,pd_mismatch,SA,MAD,10216,0,0.00,2026-08-31 16:33:58.859 +0300
2026-08-17,CHANNEL,pd_mismatch,SA,MEC,5259,0,0.00,2026-08-31 16:33:58.859 +0300
2026-08-17,CHANNEL,pd_mismatch,SA,Others,12080,0,0.00,2026-08-31 16:33:58.859 +0300
2026-08-17,CHANNEL,pd_mismatch,SA,RUH,39220,0,0.00,2026-08-31 16:33:58.859 +0300
2026-08-17,CHANNEL,pd_mismatch,SA,Total,102805,0,0.00,2026-08-31 16:33:58.859 +0300
2026-08-17,CHANNEL,pickup_mismatch,SA,DMM,6763,0,0.00,2026-08-31 16:33:58.859 +0300
2026-08-17,CHANNEL,pickup_mismatch,SA,JED,29267,1,0.00,2026-08-31 16:33:58.859 +0300
2026-08-17,CHANNEL,pickup_mismatch,SA,MAD,10216,0,0.00,2026-08-31 16:33:58.859 +0300
2026-08-17,CHANNEL,pickup_mismatch,SA,MEC,5259,0,0.00,2026-08-31 16:33:58.859 +0300
2026-08-17,CHANNEL,pickup_mismatch,SA,Others,12080,0,0.00,2026-08-31 16:33:58.859 +0300
2026-08-17,CHANNEL,pickup_mismatch,SA,RUH,39220,1,0.00,2026-08-31 16:33:58.859 +0300
2026-08-17,CHANNEL,pickup_mismatch,SA,Total,102805,2,0.00,2026-08-31 16:33:58.859 +0300
2026-08-17,CHANNEL,residual_fare_increase_net,SA,DMM,6763,1015,15.01,2026-08-31 16:33:58.859 +0300
2026-08-17,CHANNEL,residual_fare_increase_net,SA,JED,29267,4698,16.05,2026-08-31 16:33:58.859 +0300
2026-08-17,CHANNEL,residual_fare_increase_net,SA,MAD,10216,1455,14.24,2026-08-31 16:33:58.859 +0300
2026-08-17,CHANNEL,residual_fare_increase_net,SA,MEC,5259,859,16.33,2026-08-31 16:33:58.859 +0300
2026-08-17,CHANNEL,residual_fare_increase_net,SA,Others,12080,2113,17.49,2026-08-31 16:33:58.859 +0300
2026-08-17,CHANNEL,residual_fare_increase_net,SA,RUH,39220,4483,11.43,2026-08-31 16:33:58.859 +0300
2026-08-17,CHANNEL,residual_fare_increase_net,SA,Total,102805,14623,14.22,2026-08-31 16:33:58.859 +0300
2026-08-17,CHANNEL,rounding_error,SA,DMM,6763,124,1.83,2026-08-31 16:33:58.859 +0300
2026-08-17,CHANNEL,rounding_error,SA,JED,29267,753,2.57,2026-08-31 16:33:58.859 +0300
2026-08-17,CHANNEL,rounding_error,SA,MAD,10216,288,2.82,2026-08-31 16:33:58.859 +0300
2026-08-17,CHANNEL,rounding_error,SA,MEC,5259,103,1.96,2026-08-31 16:33:58.859 +0300
2026-08-17,CHANNEL,rounding_error,SA,Others,12080,229,1.90,2026-08-31 16:33:58.859 +0300
2026-08-17,CHANNEL,rounding_error,SA,RUH,39220,958,2.44,2026-08-31 16:33:58.859 +0300
2026-08-17,CHANNEL,rounding_error,SA,Total,102805,2455,2.39,2026-08-31 16:33:58.859 +0300
2026-08-17,CHANNEL,spillover_recovery,SA,DMM,6763,396,5.86,2026-08-31 16:33:58.859 +0300
2026-08-17,CHANNEL,spillover_recovery,SA,JED,29267,2617,8.94,2026-08-31 16:33:58.859 +0300
2026-08-17,CHANNEL,spillover_recovery,SA,MAD,10216,744,7.28,2026-08-31 16:33:58.859 +0300
2026-08-17,CHANNEL,spillover_recovery,SA,MEC,5259,378,7.19,2026-08-31 16:33:58.859 +0300
2026-08-17,CHANNEL,spillover_recovery,SA,Others,12080,541,4.48,2026-08-31 16:33:58.859 +0300
2026-08-17,CHANNEL,spillover_recovery,SA,RUH,39220,3162,8.06,2026-08-31 16:33:58.859 +0300
2026-08-17,CHANNEL,spillover_recovery,SA,Total,102805,7838,7.62,2026-08-31 16:33:58.859 +0300
2026-08-17,CHANNEL,surcharge_mismatch,SA,DMM,6763,112,1.66,2026-08-31 16:33:58.859 +0300
2026-08-17,CHANNEL,surcharge_mismatch,SA,JED,29267,787,2.69,2026-08-31 16:33:58.859 +0300
2026-08-17,CHANNEL,surcharge_mismatch,SA,MAD,10216,161,1.58,2026-08-31 16:33:58.859 +0300
2026-08-17,CHANNEL,surcharge_mismatch,SA,MEC,5259,52,0.99,2026-08-31 16:33:58.859 +0300
2026-08-17,CHANNEL,surcharge_mismatch,SA,Others,12080,151,1.25,2026-08-31 16:33:58.859 +0300
2026-08-17,CHANNEL,surcharge_mismatch,SA,RUH,39220,662,1.69,2026-08-31 16:33:58.859 +0300
2026-08-17,CHANNEL,surcharge_mismatch,SA,Total,102805,1925,1.87,2026-08-31 16:33:58.859 +0300
2026-08-17,CHANNEL,surge_mismatch,SA,DMM,6763,4,0.06,2026-08-31 16:33:58.859 +0300
2026-08-17,CHANNEL,surge_mismatch,SA,JED,29267,11,0.04,2026-08-31 16:33:58.859 +0300
2026-08-17,CHANNEL,surge_mismatch,SA,MAD,10216,11,0.11,2026-08-31 16:33:58.859 +0300
2026-08-17,CHANNEL,surge_mismatch,SA,MEC,5259,6,0.11,2026-08-31 16:33:58.859 +0300
2026-08-17,CHANNEL,surge_mismatch,SA,Others,12080,0,0.00,2026-08-31 16:33:58.859 +0300
2026-08-17,CHANNEL,surge_mismatch,SA,RUH,39220,36,0.09,2026-08-31 16:33:58.859 +0300
2026-08-17,CHANNEL,surge_mismatch,SA,Total,102805,68,0.07,2026-08-31 16:33:58.859 +0300
2026-08-17,SCENARIO,beyondB,SA,DMM,6763,1,0.01,2026-08-31 16:33:58.859 +0300
2026-08-17,SCENARIO,beyondB,SA,JED,29267,7,0.02,2026-08-31 16:33:58.859 +0300
2026-08-17,SCENARIO,beyondB,SA,MAD,10216,2,0.02,2026-08-31 16:33:58.859 +0300
2026-08-17,SCENARIO,beyondB,SA,MEC,5259,2,0.04,2026-08-31 16:33:58.859 +0300
2026-08-17,SCENARIO,beyondB,SA,Others,12080,9,0.07,2026-08-31 16:33:58.859 +0300
2026-08-17,SCENARIO,beyondB,SA,RUH,39220,15,0.04,2026-08-31 16:33:58.859 +0300
2026-08-17,SCENARIO,beyondB,SA,Total,102805,36,0.04,2026-08-31 16:33:58.859 +0300
2026-07-18,SCENARIO,withinA_at_dest,SA,Others,9536,1636,17.16,2026-08-31 16:33:58.859 +0300
2026-07-18,SCENARIO,withinA_at_dest,SA,RUH,29500,5263,17.84,2026-08-31 16:33:58.859 +0300
2026-07-18,SCENARIO,withinA_at_dest,SA,Total,81743,15768,19.29,2026-08-31 16:33:58.859 +0300
2026-07-18,SCENARIO,withinA_not_dest,SA,DMM,4507,113,2.51,2026-08-31 16:33:58.859 +0300
2026-07-18,SCENARIO,withinA_not_dest,SA,JED,24642,618,2.51,2026-08-31 16:33:58.859 +0300
2026-07-18,SCENARIO,withinA_not_dest,SA,MAD,8983,376,4.19,2026-08-31 16:33:58.859 +0300
2026-07-18,SCENARIO,withinA_not_dest,SA,MEC,4575,148,3.23,2026-08-31 16:33:58.859 +0300
2026-07-18,SCENARIO,withinA_not_dest,SA,Others,9536,372,3.90,2026-08-31 16:33:58.859 +0300
2026-07-18,SCENARIO,withinA_not_dest,SA,RUH,29500,745,2.53,2026-08-31 16:33:58.859 +0300
2026-07-18,SCENARIO,withinA_not_dest,SA,Total,81743,2372,2.90,2026-08-31 16:33:58.859 +0300
2026-07-18,SCENARIO,withinB_at_dest,SA,DMM,4507,448,9.94,2026-08-31 16:33:58.859 +0300
2026-07-18,SCENARIO,withinB_at_dest,SA,JED,24642,2446,9.93,2026-08-31 16:33:58.859 +0300
2026-07-18,SCENARIO,withinB_at_dest,SA,MAD,8983,817,9.09,2026-08-31 16:33:58.859 +0300
2026-07-18,SCENARIO,withinB_at_dest,SA,MEC,4575,451,9.86,2026-08-31 16:33:58.859 +0300
2026-07-18,SCENARIO,withinB_at_dest,SA,Others,9536,972,10.19,2026-08-31 16:33:58.859 +0300
2026-07-18,SCENARIO,withinB_at_dest,SA,RUH,29500,2720,9.22,2026-08-31 16:33:58.859 +0300
2026-07-18,SCENARIO,withinB_at_dest,SA,Total,81743,7854,9.61,2026-08-31 16:33:58.859 +0300
2026-07-18,SCENARIO,withinB_not_dest,SA,DMM,4507,150,3.33,2026-08-31 16:33:58.859 +0300
2026-07-18,SCENARIO,withinB_not_dest,SA,JED,24642,726,2.95,2026-08-31 16:33:58.859 +0300
2026-07-18,SCENARIO,withinB_not_dest,SA,MAD,8983,311,3.46,2026-08-31 16:33:58.859 +0300
2026-07-18,SCENARIO,withinB_not_dest,SA,MEC,4575,186,4.07,2026-08-31 16:33:58.859 +0300
2026-07-18,SCENARIO,withinB_not_dest,SA,Others,9536,504,5.29,2026-08-31 16:33:58.859 +0300
2026-07-18,SCENARIO,withinB_not_dest,SA,RUH,29500,1019,3.45,2026-08-31 16:33:58.859 +0300
2026-07-18,SCENARIO,withinB_not_dest,SA,Total,81743,2896,3.54,2026-08-31 16:33:58.859 +0300
2026-07-19,CAUSE_MIX,beyondB,JO,Total,25142,70,0.28,2026-08-31 16:33:58.859 +0300
2026-07-19,CAUSE_MIX,pd_mismatch,JO,Total,25142,2,0.01,2026-08-31 16:33:58.859 +0300
2026-07-19,CAUSE_MIX,pickup_mismatch,JO,Total,25142,3,0.01,2026-08-31 16:33:58.859 +0300
2026-07-19,CAUSE_MIX,previous_wallet_balance,JO,Total,25142,1421,5.65,2026-08-31 16:33:58.859 +0300
2026-07-19,CAUSE_MIX,surcharge_mismatch,JO,Total,25142,20,0.08,2026-08-31 16:33:58.859 +0300
2026-07-19,CAUSE_MIX,surge_mismatch,JO,Total,25142,11,0.04,2026-08-31 16:33:58.859 +0300
2026-07-19,CAUSE_MIX,waiting_time,JO,Total,25142,9233,36.72,2026-08-31 16:33:58.859 +0300
2026-07-19,CAUSE_MIX,withinA_at_dest,JO,Total,25142,1147,4.56,2026-08-31 16:33:58.859 +0300
2026-07-19,CAUSE_MIX,withinA_not_dest,JO,Total,25142,2681,10.66,2026-08-31 16:33:58.859 +0300
2026-07-19,CAUSE_MIX,withinB_at_dest,JO,Total,25142,7887,31.37,2026-08-31 16:33:58.859 +0300
2026-07-19,CAUSE_MIX,withinB_not_dest,JO,Total,25142,2667,10.61,2026-08-31 16:33:58.859 +0300
2026-07-19,CHANNEL,cumulative_price_shocks_net,JO,AMM,56348,14895,26.43,2026-08-31 16:33:58.859 +0300
2026-07-19,CHANNEL,cumulative_price_shocks_net,JO,IRB,15676,4579,29.21,2026-08-31 16:33:58.859 +0300
2026-07-19,CHANNEL,cumulative_price_shocks_net,JO,Others,2115,498,23.55,2026-08-31 16:33:58.859 +0300
2026-07-19,CHANNEL,cumulative_price_shocks_net,JO,Total,91304,23718,25.98,2026-08-31 16:33:58.859 +0300
2026-07-19,CHANNEL,cumulative_price_shocks_net,JO,ZRQ,17165,3746,21.82,2026-08-31 16:33:58.859 +0300
2026-07-19,CHANNEL,pd_mismatch,JO,AMM,56348,3,0.01,2026-08-31 16:33:58.859 +0300
2026-07-19,CHANNEL,pd_mismatch,JO,IRB,15676,1,0.01,2026-08-31 16:33:58.859 +0300
2026-07-19,CHANNEL,pd_mismatch,JO,Others,2115,0,0.00,2026-08-31 16:33:58.859 +0300
2026-07-19,CHANNEL,pd_mismatch,JO,Total,91304,4,0.00,2026-08-31 16:33:58.859 +0300
2026-07-19,CHANNEL,pd_mismatch,JO,ZRQ,17165,0,0.00,2026-08-31 16:33:58.859 +0300
2026-07-19,CHANNEL,pickup_mismatch,JO,AMM,56348,3,0.01,2026-08-31 16:33:58.859 +0300
2026-07-19,CHANNEL,pickup_mismatch,JO,IRB,15676,0,0.00,2026-08-31 16:33:58.859 +0300
2026-07-19,CHANNEL,pickup_mismatch,JO,Others,2115,0,0.00,2026-08-31 16:33:58.859 +0300
2026-07-19,CHANNEL,pickup_mismatch,JO,Total,91304,4,0.00,2026-08-31 16:33:58.859 +0300
2026-07-19,CHANNEL,pickup_mismatch,JO,ZRQ,17165,1,0.01,2026-08-31 16:33:58.859 +0300
2026-07-19,CHANNEL,residual_fare_increase_net,JO,AMM,56348,9694,17.20,2026-08-31 16:33:58.859 +0300
2026-07-19,CHANNEL,residual_fare_increase_net,JO,IRB,15676,3176,20.26,2026-08-31 16:33:58.859 +0300
2026-07-19,CHANNEL,residual_fare_increase_net,JO,Others,2115,291,13.76,2026-08-31 16:33:58.859 +0300
2026-07-19,CHANNEL,residual_fare_increase_net,JO,Total,91304,15370,16.83,2026-08-31 16:33:58.859 +0300
2026-07-19,CHANNEL,residual_fare_increase_net,JO,ZRQ,17165,2209,12.87,2026-08-31 16:33:58.859 +0300
2026-07-19,CHANNEL,rounding_error,JO,AMM,56348,595,1.06,2026-08-31 16:33:58.859 +0300
2026-07-19,CHANNEL,rounding_error,JO,IRB,15676,206,1.31,2026-08-31 16:33:58.859 +0300
2026-07-19,CHANNEL,rounding_error,JO,Others,2115,29,1.37,2026-08-31 16:33:58.859 +0300
2026-07-19,CHANNEL,rounding_error,JO,Total,91304,1023,1.12,2026-08-31 16:33:58.859 +0300
2026-07-19,CHANNEL,rounding_error,JO,ZRQ,17165,193,1.12,2026-08-31 16:33:58.859 +0300
2026-07-19,CHANNEL,spillover_recovery,JO,AMM,56348,1196,2.12,2026-08-31 16:33:58.859 +0300
2026-07-19,CHANNEL,spillover_recovery,JO,IRB,15676,211,1.35,2026-08-31 16:33:58.859 +0300
2026-07-19,CHANNEL,spillover_recovery,JO,Others,2115,14,0.66,2026-08-31 16:33:58.859 +0300
2026-07-19,CHANNEL,spillover_recovery,JO,Total,91304,1506,1.65,2026-08-31 16:33:58.859 +0300
2026-07-19,CHANNEL,spillover_recovery,JO,ZRQ,17165,85,0.50,2026-08-31 16:33:58.859 +0300
2026-07-19,CHANNEL,surcharge_mismatch,JO,AMM,56348,23,0.04,2026-08-31 16:33:58.859 +0300
2026-07-19,CHANNEL,surcharge_mismatch,JO,IRB,15676,0,0.00,2026-08-31 16:33:58.859 +0300
2026-07-19,CHANNEL,surcharge_mismatch,JO,Others,2115,0,0.00,2026-08-31 16:33:58.859 +0300
2026-07-19,CHANNEL,surcharge_mismatch,JO,Total,91304,40,0.04,2026-08-31 16:33:58.859 +0300
2026-07-19,CHANNEL,surcharge_mismatch,JO,ZRQ,17165,17,0.10,2026-08-31 16:33:58.859 +0300
2026-07-19,CHANNEL,surge_mismatch,JO,AMM,56348,12,0.02,2026-08-31 16:33:58.859 +0300
2026-07-19,CHANNEL,surge_mismatch,JO,IRB,15676,0,0.00,2026-08-31 16:33:58.859 +0300
2026-07-19,CHANNEL,surge_mismatch,JO,Others,2115,0,0.00,2026-08-31 16:33:58.859 +0300
2026-07-19,CHANNEL,surge_mismatch,JO,Total,91304,17,0.02,2026-08-31 16:33:58.859 +0300
2026-07-19,CHANNEL,surge_mismatch,JO,ZRQ,17165,5,0.03,2026-08-31 16:33:58.859 +0300
2026-07-19,SCENARIO,beyondB,JO,AMM,56348,50,0.09,2026-08-31 16:33:58.859 +0300
2026-07-19,SCENARIO,beyondB,JO,IRB,15676,15,0.10,2026-08-31 16:33:58.859 +0300
2026-07-19,SCENARIO,beyondB,JO,Others,2115,3,0.14,2026-08-31 16:33:58.859 +0300
2026-07-19,SCENARIO,beyondB,JO,Total,91304,73,0.08,2026-08-31 16:33:58.859 +0300
2026-07-19,SCENARIO,beyondB,JO,ZRQ,17165,5,0.03,2026-08-31 16:33:58.859 +0300
2026-07-19,SCENARIO,withinA_at_dest,JO,AMM,56348,5089,9.03,2026-08-31 16:33:58.859 +0300
2026-07-19,SCENARIO,withinA_at_dest,JO,IRB,15676,1329,8.48,2026-08-31 16:33:58.859 +0300
2026-07-19,SCENARIO,withinA_at_dest,JO,Others,2115,195,9.22,2026-08-31 16:33:58.859 +0300
2026-07-19,SCENARIO,withinA_at_dest,JO,Total,91304,8119,8.89,2026-08-31 16:33:58.859 +0300
2026-07-19,SCENARIO,withinA_at_dest,JO,ZRQ,17165,1506,8.77,2026-08-31 16:33:58.859 +0300
2026-07-19,SCENARIO,withinA_not_dest,JO,AMM,56348,1616,2.87,2026-08-31 16:33:58.859 +0300
2026-07-19,SCENARIO,withinA_not_dest,JO,IRB,15676,1018,6.49,2026-08-31 16:33:58.859 +0300
2026-07-19,SCENARIO,withinA_not_dest,JO,Others,2115,76,3.59,2026-08-31 16:33:58.859 +0300
2026-07-19,SCENARIO,withinA_not_dest,JO,Total,91304,3321,3.64,2026-08-31 16:33:58.859 +0300
2026-07-19,SCENARIO,withinA_not_dest,JO,ZRQ,17165,611,3.56,2026-08-31 16:33:58.859 +0300
2026-07-19,SCENARIO,withinB_at_dest,JO,AMM,56348,6413,11.38,2026-08-31 16:33:58.859 +0300
2026-07-19,SCENARIO,withinB_at_dest,JO,IRB,15676,1339,8.54,2026-08-31 16:33:58.859 +0300
2026-07-19,SCENARIO,withinB_at_dest,JO,Others,2115,156,7.38,2026-08-31 16:33:58.859 +0300
2026-07-19,SCENARIO,withinB_at_dest,JO,Total,91304,9041,9.90,2026-08-31 16:33:58.859 +0300
2026-07-19,SCENARIO,withinB_at_dest,JO,ZRQ,17165,1133,6.60,2026-08-31 16:33:58.859 +0300
2026-07-19,SCENARIO,withinB_not_dest,JO,AMM,56348,1727,3.06,2026-08-31 16:33:58.859 +0300
2026-07-19,SCENARIO,withinB_not_dest,JO,IRB,15676,878,5.60,2026-08-31 16:33:58.859 +0300
2026-07-19,SCENARIO,withinB_not_dest,JO,Others,2115,68,3.22,2026-08-31 16:33:58.859 +0300
2026-07-19,SCENARIO,withinB_not_dest,JO,Total,91304,3164,3.47,2026-08-31 16:33:58.859 +0300
2026-07-19,SCENARIO,withinB_not_dest,JO,ZRQ,17165,491,2.86,2026-08-31 16:33:58.859 +0300
2026-07-19,CAUSE_MIX,beyondB,SA,Total,39303,22,0.06,2026-08-31 16:33:58.859 +0300
2026-07-19,CAUSE_MIX,pickup_mismatch,SA,Total,39303,4,0.01,2026-08-31 16:33:58.859 +0300
2026-07-19,CAUSE_MIX,previous_wallet_balance,SA,Total,39303,6638,16.89,2026-08-31 16:33:58.859 +0300
2026-07-19,CAUSE_MIX,surcharge_mismatch,SA,Total,39303,688,1.75,2026-08-31 16:33:58.859 +0300
2026-07-19,CAUSE_MIX,surge_mismatch,SA,Total,39303,4,0.01,2026-08-31 16:33:58.859 +0300
2026-07-19,CAUSE_MIX,waiting_time,SA,Total,39303,18706,47.59,2026-08-31 16:33:58.859 +0300
2026-07-19,CAUSE_MIX,withinA_at_dest,SA,Total,39303,2691,6.85,2026-08-31 16:33:58.859 +0300
2026-07-19,CAUSE_MIX,withinA_not_dest,SA,Total,39303,1547,3.94,2026-08-31 16:33:58.859 +0300
2026-07-19,CAUSE_MIX,withinB_at_dest,SA,Total,39303,6725,17.11,2026-08-31 16:33:58.859 +0300
2026-07-19,CAUSE_MIX,withinB_not_dest,SA,Total,39303,2278,5.80,2026-08-31 16:33:58.859 +0300
2026-07-19,CHANNEL,cumulative_price_shocks_net,SA,DMM,5700,1851,32.47,2026-08-31 16:33:58.859 +0300
2026-07-19,CHANNEL,cumulative_price_shocks_net,SA,JED,27636,9782,35.40,2026-08-31 16:33:58.859 +0300
2026-07-19,CHANNEL,cumulative_price_shocks_net,SA,MAD,9936,3305,33.26,2026-08-31 16:33:58.859 +0300
2026-07-19,CHANNEL,cumulative_price_shocks_net,SA,MEC,5119,1884,36.80,2026-08-31 16:33:58.859 +0300
2026-07-19,CHANNEL,cumulative_price_shocks_net,SA,Others,11130,3977,35.73,2026-08-31 16:33:58.859 +0300
2026-07-19,CHANNEL,cumulative_price_shocks_net,SA,RUH,36974,11716,31.69,2026-08-31 16:33:58.859 +0300
2026-07-19,CHANNEL,cumulative_price_shocks_net,SA,Total,96495,32515,33.70,2026-08-31 16:33:58.859 +0300
2026-07-19,CHANNEL,pd_mismatch,SA,DMM,5700,1,0.02,2026-08-31 16:33:58.859 +0300
2026-07-19,CHANNEL,pd_mismatch,SA,JED,27636,0,0.00,2026-08-31 16:33:58.859 +0300
2026-07-19,CHANNEL,pd_mismatch,SA,MAD,9936,0,0.00,2026-08-31 16:33:58.859 +0300
2026-07-19,CHANNEL,pd_mismatch,SA,MEC,5119,0,0.00,2026-08-31 16:33:58.859 +0300
2026-07-19,CHANNEL,pd_mismatch,SA,Others,11130,1,0.01,2026-08-31 16:33:58.859 +0300
2026-07-19,CHANNEL,pd_mismatch,SA,RUH,36974,0,0.00,2026-08-31 16:33:58.859 +0300
2026-07-19,CHANNEL,pd_mismatch,SA,Total,96495,2,0.00,2026-08-31 16:33:58.859 +0300
2026-07-19,CHANNEL,pickup_mismatch,SA,DMM,5700,0,0.00,2026-08-31 16:33:58.859 +0300
2026-07-19,CHANNEL,pickup_mismatch,SA,JED,27636,2,0.01,2026-08-31 16:33:58.859 +0300
2026-07-19,CHANNEL,pickup_mismatch,SA,MAD,9936,1,0.01,2026-08-31 16:33:58.859 +0300
2026-07-19,CHANNEL,pickup_mismatch,SA,MEC,5119,0,0.00,2026-08-31 16:33:58.859 +0300
2026-07-19,CHANNEL,pickup_mismatch,SA,Others,11130,1,0.01,2026-08-31 16:33:58.859 +0300
2026-07-19,CHANNEL,pickup_mismatch,SA,RUH,36974,0,0.00,2026-08-31 16:33:58.859 +0300
2026-07-19,CHANNEL,pickup_mismatch,SA,Total,96495,4,0.00,2026-08-31 16:33:58.859 +0300
2026-07-19,CHANNEL,residual_fare_increase_net,SA,DMM,5700,897,15.74,2026-08-31 16:33:58.859 +0300
2026-07-19,CHANNEL,residual_fare_increase_net,SA,JED,27636,4351,15.74,2026-08-31 16:33:58.859 +0300
2026-07-19,CHANNEL,residual_fare_increase_net,SA,MAD,9936,1575,15.85,2026-08-31 16:33:58.859 +0300
2026-07-19,CHANNEL,residual_fare_increase_net,SA,MEC,5119,800,15.63,2026-08-31 16:33:58.859 +0300
2026-07-19,CHANNEL,residual_fare_increase_net,SA,Others,11130,2033,18.27,2026-08-31 16:33:58.859 +0300
2026-07-19,CHANNEL,residual_fare_increase_net,SA,RUH,36974,5571,15.07,2026-08-31 16:33:58.859 +0300
2026-07-19,CHANNEL,residual_fare_increase_net,SA,Total,96495,15227,15.78,2026-08-31 16:33:58.859 +0300
2026-07-19,CHANNEL,rounding_error,SA,DMM,5700,95,1.67,2026-08-31 16:33:58.859 +0300
2026-07-19,CHANNEL,rounding_error,SA,JED,27636,664,2.40,2026-08-31 16:33:58.859 +0300
2026-07-19,CHANNEL,rounding_error,SA,MAD,9936,291,2.93,2026-08-31 16:33:58.859 +0300
2026-07-19,CHANNEL,rounding_error,SA,MEC,5119,93,1.82,2026-08-31 16:33:58.859 +0300
2026-07-19,CHANNEL,rounding_error,SA,Others,11130,212,1.90,2026-08-31 16:33:58.859 +0300
2026-07-19,CHANNEL,rounding_error,SA,RUH,36974,866,2.34,2026-08-31 16:33:58.859 +0300
2026-07-19,CHANNEL,rounding_error,SA,Total,96495,2221,2.30,2026-08-31 16:33:58.859 +0300
2026-07-19,CHANNEL,spillover_recovery,SA,DMM,5700,314,5.51,2026-08-31 16:33:58.859 +0300
2026-07-19,CHANNEL,spillover_recovery,SA,JED,27636,2514,9.10,2026-08-31 16:33:58.859 +0300
2026-07-19,CHANNEL,spillover_recovery,SA,MAD,9936,656,6.60,2026-08-31 16:33:58.859 +0300
2026-07-19,CHANNEL,spillover_recovery,SA,MEC,5119,349,6.82,2026-08-31 16:33:58.859 +0300
2026-07-19,CHANNEL,spillover_recovery,SA,Others,11130,526,4.73,2026-08-31 16:33:58.859 +0300
2026-07-19,CHANNEL,spillover_recovery,SA,RUH,36974,2895,7.83,2026-08-31 16:33:58.859 +0300
2026-07-19,CHANNEL,spillover_recovery,SA,Total,96495,7254,7.52,2026-08-31 16:33:58.859 +0300
2026-07-19,CHANNEL,surcharge_mismatch,SA,DMM,5700,77,1.35,2026-08-31 16:33:58.859 +0300
2026-07-19,CHANNEL,surcharge_mismatch,SA,JED,27636,625,2.26,2026-08-31 16:33:58.859 +0300
2026-07-19,CHANNEL,surcharge_mismatch,SA,MAD,9936,161,1.62,2026-08-31 16:33:58.859 +0300
2026-07-19,CHANNEL,surcharge_mismatch,SA,MEC,5119,52,1.02,2026-08-31 16:33:58.859 +0300
2026-07-19,CHANNEL,surcharge_mismatch,SA,Others,11130,185,1.66,2026-08-31 16:33:58.859 +0300
2026-07-19,CHANNEL,surcharge_mismatch,SA,RUH,36974,559,1.51,2026-08-31 16:33:58.859 +0300
2026-07-19,CHANNEL,surcharge_mismatch,SA,Total,96495,1659,1.72,2026-08-31 16:33:58.859 +0300
2026-07-19,CHANNEL,surge_mismatch,SA,DMM,5700,1,0.02,2026-08-31 16:33:58.859 +0300
2026-07-19,CHANNEL,surge_mismatch,SA,JED,27636,1,0.00,2026-08-31 16:33:58.859 +0300
2026-07-19,CHANNEL,surge_mismatch,SA,MAD,9936,2,0.02,2026-08-31 16:33:58.859 +0300
2026-07-19,CHANNEL,surge_mismatch,SA,MEC,5119,1,0.02,2026-08-31 16:33:58.859 +0300
2026-07-19,CHANNEL,surge_mismatch,SA,Others,11130,0,0.00,2026-08-31 16:33:58.859 +0300
2026-07-19,CHANNEL,surge_mismatch,SA,RUH,36974,3,0.01,2026-08-31 16:33:58.859 +0300
2026-07-19,CHANNEL,surge_mismatch,SA,Total,96495,8,0.01,2026-08-31 16:33:58.859 +0300
2026-07-19,SCENARIO,beyondB,SA,DMM,5700,1,0.02,2026-08-31 16:33:58.859 +0300
2026-07-19,SCENARIO,beyondB,SA,JED,27636,11,0.04,2026-08-31 16:33:58.859 +0300
2026-07-19,SCENARIO,beyondB,SA,MAD,9936,1,0.01,2026-08-31 16:33:58.859 +0300
2026-07-19,SCENARIO,beyondB,SA,MEC,5119,1,0.02,2026-08-31 16:33:58.859 +0300
2026-07-19,SCENARIO,beyondB,SA,Others,11130,3,0.03,2026-08-31 16:33:58.859 +0300
2026-07-19,SCENARIO,beyondB,SA,RUH,36974,13,0.04,2026-08-31 16:33:58.859 +0300
2026-07-19,SCENARIO,beyondB,SA,Total,96495,30,0.03,2026-08-31 16:33:58.859 +0300
2026-07-19,SCENARIO,withinA_at_dest,SA,DMM,5700,976,17.12,2026-08-31 16:33:58.859 +0300
2026-07-19,SCENARIO,withinA_at_dest,SA,JED,27636,5577,20.18,2026-08-31 16:33:58.859 +0300
2026-07-19,SCENARIO,withinA_at_dest,SA,MAD,9936,1776,17.87,2026-08-31 16:33:58.859 +0300
2026-07-19,SCENARIO,withinA_at_dest,SA,MEC,5119,1078,21.06,2026-08-31 16:33:58.859 +0300
2026-07-19,SCENARIO,withinA_at_dest,SA,Others,11130,1929,17.33,2026-08-31 16:33:58.859 +0300
2026-07-19,SCENARIO,withinA_at_dest,SA,RUH,36974,6439,17.41,2026-08-31 16:33:58.859 +0300
2026-07-19,SCENARIO,withinA_at_dest,SA,Total,96495,17775,18.42,2026-08-31 16:33:58.859 +0300
2026-07-19,SCENARIO,withinA_not_dest,SA,DMM,5700,151,2.65,2026-08-31 16:33:58.859 +0300
2026-07-19,SCENARIO,withinA_not_dest,SA,JED,27636,559,2.02,2026-08-31 16:33:58.859 +0300
2026-07-19,SCENARIO,withinA_not_dest,SA,MAD,9936,372,3.74,2026-08-31 16:33:58.859 +0300
2026-07-19,SCENARIO,withinA_not_dest,SA,MEC,5119,147,2.87,2026-08-31 16:33:58.859 +0300
2026-07-19,SCENARIO,withinA_not_dest,SA,Others,11130,398,3.58,2026-08-31 16:33:58.859 +0300
2026-07-19,SCENARIO,withinA_not_dest,SA,RUH,36974,828,2.24,2026-08-31 16:33:58.859 +0300
2026-07-19,SCENARIO,withinA_not_dest,SA,Total,96495,2455,2.54,2026-08-31 16:33:58.859 +0300
2026-07-19,SCENARIO,withinB_at_dest,SA,DMM,5700,539,9.46,2026-08-31 16:33:58.859 +0300
2026-07-19,SCENARIO,withinB_at_dest,SA,JED,27636,2839,10.27,2026-08-31 16:33:58.859 +0300
2026-07-19,SCENARIO,withinB_at_dest,SA,MAD,9936,841,8.46,2026-08-31 16:33:58.859 +0300
2026-07-19,SCENARIO,withinB_at_dest,SA,MEC,5119,476,9.30,2026-08-31 16:33:58.859 +0300
2026-07-19,SCENARIO,withinB_at_dest,SA,Others,11130,1028,9.24,2026-08-31 16:33:58.859 +0300
2026-07-19,SCENARIO,withinB_at_dest,SA,RUH,36974,3318,8.97,2026-08-31 16:33:58.859 +0300
2026-07-19,SCENARIO,withinB_at_dest,SA,Total,96495,9041,9.37,2026-08-31 16:33:58.859 +0300
2026-07-19,SCENARIO,withinB_not_dest,SA,DMM,5700,184,3.23,2026-08-31 16:33:58.859 +0300
2026-07-19,SCENARIO,withinB_not_dest,SA,JED,27636,796,2.88,2026-08-31 16:33:58.859 +0300
2026-07-19,SCENARIO,withinB_not_dest,SA,MAD,9936,315,3.17,2026-08-31 16:33:58.859 +0300
2026-07-19,SCENARIO,withinB_not_dest,SA,MEC,5119,182,3.56,2026-08-31 16:33:58.859 +0300
2026-07-19,SCENARIO,withinB_not_dest,SA,Others,11130,619,5.56,2026-08-31 16:33:58.859 +0300
2026-07-19,SCENARIO,withinB_not_dest,SA,RUH,36974,1118,3.02,2026-08-31 16:33:58.859 +0300
2026-07-19,SCENARIO,withinB_not_dest,SA,Total,96495,3214,3.33,2026-08-31 16:33:58.859 +0300
2026-07-20,CAUSE_MIX,beyondB,JO,Total,24253,62,0.26,2026-08-31 16:33:58.859 +0300
2026-07-20,CAUSE_MIX,pickup_mismatch,JO,Total,24253,1,0.00,2026-08-31 16:33:58.859 +0300
2026-07-20,CAUSE_MIX,previous_wallet_balance,JO,Total,24253,1433,5.91,2026-08-31 16:33:58.859 +0300
2026-07-20,CAUSE_MIX,surcharge_mismatch,JO,Total,24253,9,0.04,2026-08-31 16:33:58.859 +0300
2026-07-20,CAUSE_MIX,surge_mismatch,JO,Total,24253,5,0.02,2026-08-31 16:33:58.859 +0300
2026-07-20,CAUSE_MIX,waiting_time,JO,Total,24253,9486,39.11,2026-08-31 16:33:58.859 +0300
2026-07-20,CAUSE_MIX,withinA_at_dest,JO,Total,24253,1214,5.01,2026-08-31 16:33:58.859 +0300
2026-07-20,CAUSE_MIX,withinA_not_dest,JO,Total,24253,2585,10.66,2026-08-31 16:33:58.859 +0300
2026-07-20,CAUSE_MIX,withinB_at_dest,JO,Total,24253,7076,29.18,2026-08-31 16:33:58.859 +0300
2026-07-20,CAUSE_MIX,withinB_not_dest,JO,Total,24253,2382,9.82,2026-08-31 16:33:58.859 +0300
2026-07-20,CHANNEL,cumulative_price_shocks_net,JO,AMM,57244,14591,25.49,2026-08-31 16:33:58.859 +0300
2026-07-20,CHANNEL,cumulative_price_shocks_net,JO,IRB,14506,4132,28.48,2026-08-31 16:33:58.859 +0300
2026-07-20,CHANNEL,cumulative_price_shocks_net,JO,Others,1960,480,24.49,2026-08-31 16:33:58.859 +0300
2026-07-20,CHANNEL,cumulative_price_shocks_net,JO,Total,90461,22820,25.23,2026-08-31 16:33:58.859 +0300
2026-07-20,CHANNEL,cumulative_price_shocks_net,JO,ZRQ,16751,3617,21.59,2026-08-31 16:33:58.859 +0300
2026-07-20,CHANNEL,pd_mismatch,JO,AMM,57244,0,0.00,2026-08-31 16:33:58.859 +0300
2026-07-20,CHANNEL,pd_mismatch,JO,IRB,14506,0,0.00,2026-08-31 16:33:58.859 +0300
2026-07-20,CHANNEL,pd_mismatch,JO,Others,1960,0,0.00,2026-08-31 16:33:58.859 +0300
2026-07-20,CHANNEL,pd_mismatch,JO,Total,90461,0,0.00,2026-08-31 16:33:58.859 +0300
2026-07-20,CHANNEL,pd_mismatch,JO,ZRQ,16751,0,0.00,2026-08-31 16:33:58.859 +0300
2026-07-20,CHANNEL,pickup_mismatch,JO,AMM,57244,1,0.00,2026-08-31 16:33:58.859 +0300
2026-07-20,CHANNEL,pickup_mismatch,JO,IRB,14506,1,0.01,2026-08-31 16:33:58.859 +0300
2026-07-20,CHANNEL,pickup_mismatch,JO,Others,1960,0,0.00,2026-08-31 16:33:58.859 +0300
2026-07-20,CHANNEL,pickup_mismatch,JO,Total,90461,2,0.00,2026-08-31 16:33:58.859 +0300
2026-07-20,CHANNEL,pickup_mismatch,JO,ZRQ,16751,0,0.00,2026-08-31 16:33:58.859 +0300
2026-07-20,CHANNEL,residual_fare_increase_net,JO,AMM,57244,9076,15.85,2026-08-31 16:33:58.859 +0300
2026-07-20,CHANNEL,residual_fare_increase_net,JO,IRB,14506,2751,18.96,2026-08-31 16:33:58.859 +0300
2026-07-20,CHANNEL,residual_fare_increase_net,JO,Others,1960,274,13.98,2026-08-31 16:33:58.859 +0300
2026-07-20,CHANNEL,residual_fare_increase_net,JO,Total,90461,14111,15.60,2026-08-31 16:33:58.859 +0300
2026-07-20,CHANNEL,residual_fare_increase_net,JO,ZRQ,16751,2010,12.00,2026-08-31 16:33:58.859 +0300
2026-07-20,CHANNEL,rounding_error,JO,AMM,57244,561,0.98,2026-08-31 16:33:58.859 +0300
2026-07-20,CHANNEL,rounding_error,JO,IRB,14506,180,1.24,2026-08-31 16:33:58.859 +0300
2026-07-20,CHANNEL,rounding_error,JO,Others,1960,23,1.17,2026-08-31 16:33:58.859 +0300
2026-07-20,CHANNEL,rounding_error,JO,Total,90461,951,1.05,2026-08-31 16:33:58.859 +0300
2026-07-20,CHANNEL,rounding_error,JO,ZRQ,16751,187,1.12,2026-08-31 16:33:58.859 +0300
2026-07-20,CHANNEL,spillover_recovery,JO,AMM,57244,1227,2.14,2026-08-31 16:33:58.859 +0300
2026-07-20,CHANNEL,spillover_recovery,JO,IRB,14506,203,1.40,2026-08-31 16:33:58.859 +0300
2026-07-20,CHANNEL,spillover_recovery,JO,Others,1960,10,0.51,2026-08-31 16:33:58.859 +0300
2026-07-20,CHANNEL,spillover_recovery,JO,Total,90461,1501,1.66,2026-08-31 16:33:58.859 +0300
2026-07-20,CHANNEL,spillover_recovery,JO,ZRQ,16751,61,0.36,2026-08-31 16:33:58.859 +0300
2026-07-20,CHANNEL,surcharge_mismatch,JO,AMM,57244,11,0.02,2026-08-31 16:33:58.859 +0300
2026-07-20,CHANNEL,surcharge_mismatch,JO,IRB,14506,0,0.00,2026-08-31 16:33:58.859 +0300
2026-07-20,CHANNEL,surcharge_mismatch,JO,Others,1960,1,0.05,2026-08-31 16:33:58.859 +0300
2026-07-20,CHANNEL,surcharge_mismatch,JO,Total,90461,23,0.03,2026-08-31 16:33:58.859 +0300
2026-07-20,CHANNEL,surcharge_mismatch,JO,ZRQ,16751,11,0.07,2026-08-31 16:33:58.859 +0300
2026-07-20,CHANNEL,surge_mismatch,JO,AMM,57244,10,0.02,2026-08-31 16:33:58.859 +0300
2026-07-20,CHANNEL,surge_mismatch,JO,IRB,14506,0,0.00,2026-08-31 16:33:58.859 +0300
2026-07-20,CHANNEL,surge_mismatch,JO,Others,1960,0,0.00,2026-08-31 16:33:58.859 +0300
2026-07-20,CHANNEL,surge_mismatch,JO,Total,90461,11,0.01,2026-08-31 16:33:58.859 +0300
2026-07-20,CHANNEL,surge_mismatch,JO,ZRQ,16751,1,0.01,2026-08-31 16:33:58.859 +0300
2026-07-20,SCENARIO,beyondB,JO,AMM,57244,44,0.08,2026-08-31 16:33:58.859 +0300
2026-07-20,SCENARIO,beyondB,JO,IRB,14506,10,0.07,2026-08-31 16:33:58.859 +0300
2026-07-20,SCENARIO,beyondB,JO,Others,1960,4,0.20,2026-08-31 16:33:58.859 +0300
2026-07-20,SCENARIO,beyondB,JO,Total,90461,66,0.07,2026-08-31 16:33:58.859 +0300
2026-07-20,SCENARIO,beyondB,JO,ZRQ,16751,8,0.05,2026-08-31 16:33:58.859 +0300
2026-07-20,SCENARIO,withinA_at_dest,JO,AMM,57244,5418,9.46,2026-08-31 16:33:58.859 +0300
2026-07-20,SCENARIO,withinA_at_dest,JO,IRB,14506,1314,9.06,2026-08-31 16:33:58.859 +0300
2026-07-20,SCENARIO,withinA_at_dest,JO,Others,1960,197,10.05,2026-08-31 16:33:58.859 +0300
2026-07-20,SCENARIO,withinA_at_dest,JO,Total,90461,8501,9.40,2026-08-31 16:33:58.859 +0300
2026-07-20,SCENARIO,withinA_at_dest,JO,ZRQ,16751,1572,9.38,2026-08-31 16:33:58.859 +0300
2026-07-20,SCENARIO,withinA_not_dest,JO,AMM,57244,1588,2.77,2026-08-31 16:33:58.859 +0300
2026-07-20,SCENARIO,withinA_not_dest,JO,IRB,14506,1002,6.91,2026-08-31 16:33:58.859 +0300
2026-07-20,SCENARIO,withinA_not_dest,JO,Others,1960,69,3.52,2026-08-31 16:33:58.859 +0300
2026-07-20,SCENARIO,withinA_not_dest,JO,Total,90461,3209,3.55,2026-08-31 16:33:58.859 +0300
2026-07-20,SCENARIO,withinA_not_dest,JO,ZRQ,16751,550,3.28,2026-08-31 16:33:58.859 +0300
2026-07-20,SCENARIO,withinB_at_dest,JO,AMM,57244,5966,10.42,2026-08-31 16:33:58.859 +0300
2026-07-20,SCENARIO,withinB_at_dest,JO,IRB,14506,1064,7.33,2026-08-31 16:33:58.859 +0300
2026-07-20,SCENARIO,withinB_at_dest,JO,Others,1960,134,6.84,2026-08-31 16:33:58.859 +0300
2026-07-20,SCENARIO,withinB_at_dest,JO,Total,90461,8205,9.07,2026-08-31 16:33:58.859 +0300
2026-07-20,SCENARIO,withinB_at_dest,JO,ZRQ,16751,1041,6.21,2026-08-31 16:33:58.859 +0300
2026-07-20,SCENARIO,withinB_not_dest,JO,AMM,57244,1575,2.75,2026-08-31 16:33:58.859 +0300
2026-07-20,SCENARIO,withinB_not_dest,JO,IRB,14506,742,5.12,2026-08-31 16:33:58.859 +0300
2026-07-20,SCENARIO,withinB_not_dest,JO,Others,1960,76,3.88,2026-08-31 16:33:58.859 +0300
2026-07-20,SCENARIO,withinB_not_dest,JO,Total,90461,2839,3.14,2026-08-31 16:33:58.859 +0300
2026-07-20,SCENARIO,withinB_not_dest,JO,ZRQ,16751,446,2.66,2026-08-31 16:33:58.859 +0300
2026-07-20,CAUSE_MIX,beyondB,SA,Total,38024,22,0.06,2026-08-31 16:33:58.859 +0300
2026-07-20,CAUSE_MIX,pickup_mismatch,SA,Total,38024,5,0.01,2026-08-31 16:33:58.859 +0300
2026-07-20,CAUSE_MIX,previous_wallet_balance,SA,Total,38024,6489,17.07,2026-08-31 16:33:58.859 +0300
2026-07-20,CAUSE_MIX,surcharge_mismatch,SA,Total,38024,617,1.62,2026-08-31 16:33:58.859 +0300
2026-07-20,CAUSE_MIX,surge_mismatch,SA,Total,38024,4,0.01,2026-08-31 16:33:58.859 +0300
2026-07-20,CAUSE_MIX,waiting_time,SA,Total,38024,18193,47.85,2026-08-31 16:33:58.859 +0300
2026-07-20,CAUSE_MIX,withinA_at_dest,SA,Total,38024,2595,6.82,2026-08-31 16:33:58.859 +0300
2026-07-20,CAUSE_MIX,withinA_not_dest,SA,Total,38024,1525,4.01,2026-08-31 16:33:58.859 +0300
2026-07-20,CAUSE_MIX,withinB_at_dest,SA,Total,38024,6500,17.09,2026-08-31 16:33:58.859 +0300
2026-07-20,CAUSE_MIX,withinB_not_dest,SA,Total,38024,2074,5.45,2026-08-31 16:33:58.859 +0300
2026-07-20,CHANNEL,cumulative_price_shocks_net,SA,DMM,5628,1804,32.05,2026-08-31 16:33:58.859 +0300
2026-07-20,CHANNEL,cumulative_price_shocks_net,SA,JED,26535,9345,35.22,2026-08-31 16:33:58.859 +0300
2026-07-20,CHANNEL,cumulative_price_shocks_net,SA,MAD,9528,3149,33.05,2026-08-31 16:33:58.859 +0300
2026-07-20,CHANNEL,cumulative_price_shocks_net,SA,MEC,4827,1890,39.15,2026-08-31 16:33:58.859 +0300
2026-07-20,CHANNEL,cumulative_price_shocks_net,SA,Others,10297,3778,36.69,2026-08-31 16:33:58.859 +0300
2026-07-20,CHANNEL,cumulative_price_shocks_net,SA,RUH,36212,11422,31.54,2026-08-31 16:33:58.859 +0300
2026-07-20,CHANNEL,cumulative_price_shocks_net,SA,Total,93027,31388,33.74,2026-08-31 16:33:58.859 +0300
2026-07-20,CHANNEL,pd_mismatch,SA,DMM,5628,0,0.00,2026-08-31 16:33:58.859 +0300
2026-07-20,CHANNEL,pd_mismatch,SA,JED,26535,0,0.00,2026-08-31 16:33:58.859 +0300
2026-07-20,CHANNEL,pd_mismatch,SA,MAD,9528,0,0.00,2026-08-31 16:33:58.859 +0300
2026-07-20,CHANNEL,pd_mismatch,SA,MEC,4827,0,0.00,2026-08-31 16:33:58.859 +0300
2026-07-20,CHANNEL,pd_mismatch,SA,Others,10297,0,0.00,2026-08-31 16:33:58.859 +0300
2026-07-20,CHANNEL,pd_mismatch,SA,RUH,36212,1,0.00,2026-08-31 16:33:58.859 +0300
2026-07-20,CHANNEL,pd_mismatch,SA,Total,93027,1,0.00,2026-08-31 16:33:58.859 +0300
2026-07-20,CHANNEL,pickup_mismatch,SA,DMM,5628,0,0.00,2026-08-31 16:33:58.859 +0300
2026-07-20,CHANNEL,pickup_mismatch,SA,JED,26535,1,0.00,2026-08-31 16:33:58.859 +0300
2026-07-20,CHANNEL,pickup_mismatch,SA,MAD,9528,0,0.00,2026-08-31 16:33:58.859 +0300
2026-07-20,CHANNEL,pickup_mismatch,SA,MEC,4827,0,0.00,2026-08-31 16:33:58.859 +0300
2026-07-20,CHANNEL,pickup_mismatch,SA,Others,10297,2,0.02,2026-08-31 16:33:58.859 +0300
2026-07-20,CHANNEL,pickup_mismatch,SA,RUH,36212,3,0.01,2026-08-31 16:33:58.859 +0300
2026-07-20,CHANNEL,pickup_mismatch,SA,Total,93027,6,0.01,2026-08-31 16:33:58.859 +0300
2026-07-20,CHANNEL,residual_fare_increase_net,SA,DMM,5628,826,14.68,2026-08-31 16:33:58.859 +0300
2026-07-20,CHANNEL,residual_fare_increase_net,SA,JED,26535,4187,15.78,2026-08-31 16:33:58.859 +0300
2026-07-20,CHANNEL,residual_fare_increase_net,SA,MAD,9528,1552,16.29,2026-08-31 16:33:58.859 +0300
2026-07-20,CHANNEL,residual_fare_increase_net,SA,MEC,4827,777,16.10,2026-08-31 16:33:58.859 +0300
2026-07-20,CHANNEL,residual_fare_increase_net,SA,Others,10297,1953,18.97,2026-08-31 16:33:58.859 +0300
2026-07-20,CHANNEL,residual_fare_increase_net,SA,RUH,36212,5377,14.85,2026-08-31 16:33:58.859 +0300
2026-07-20,CHANNEL,residual_fare_increase_net,SA,Total,93027,14672,15.77,2026-08-31 16:33:58.859 +0300
2026-07-20,CHANNEL,rounding_error,SA,DMM,5628,76,1.35,2026-08-31 16:33:58.859 +0300
2026-07-20,CHANNEL,rounding_error,SA,JED,26535,652,2.46,2026-08-31 16:33:58.859 +0300
2026-07-20,CHANNEL,rounding_error,SA,MAD,9528,290,3.04,2026-08-31 16:33:58.859 +0300
2026-07-20,CHANNEL,rounding_error,SA,MEC,4827,85,1.76,2026-08-31 16:33:58.859 +0300
2026-07-20,CHANNEL,rounding_error,SA,Others,10297,190,1.85,2026-08-31 16:33:58.859 +0300
2026-07-20,CHANNEL,rounding_error,SA,RUH,36212,858,2.37,2026-08-31 16:33:58.859 +0300
2026-07-20,CHANNEL,rounding_error,SA,Total,93027,2151,2.31,2026-08-31 16:33:58.859 +0300
2026-07-20,CHANNEL,spillover_recovery,SA,DMM,5628,293,5.21,2026-08-31 16:33:58.859 +0300
2026-07-20,CHANNEL,spillover_recovery,SA,JED,26535,2414,9.10,2026-08-31 16:33:58.859 +0300
2026-07-20,CHANNEL,spillover_recovery,SA,MAD,9528,653,6.85,2026-08-31 16:33:58.859 +0300
2026-07-20,CHANNEL,spillover_recovery,SA,MEC,4827,320,6.63,2026-08-31 16:33:58.859 +0300
2026-07-20,CHANNEL,spillover_recovery,SA,Others,10297,495,4.81,2026-08-31 16:33:58.859 +0300
2026-07-20,CHANNEL,spillover_recovery,SA,RUH,36212,2905,8.02,2026-08-31 16:33:58.859 +0300
2026-07-20,CHANNEL,spillover_recovery,SA,Total,93027,7080,7.61,2026-08-31 16:33:58.859 +0300
2026-07-20,CHANNEL,surcharge_mismatch,SA,DMM,5628,61,1.08,2026-08-31 16:33:58.859 +0300
2026-07-20,CHANNEL,surcharge_mismatch,SA,JED,26535,585,2.20,2026-08-31 16:33:58.859 +0300
2026-07-20,CHANNEL,surcharge_mismatch,SA,MAD,9528,179,1.88,2026-08-31 16:33:58.859 +0300
2026-07-20,CHANNEL,surcharge_mismatch,SA,MEC,4827,50,1.04,2026-08-31 16:33:58.859 +0300
2026-07-02,SCENARIO,withinB_at_dest,SA,RUH,50853,5508,10.83,2026-08-31 16:33:58.859 +0300
2026-07-02,SCENARIO,withinB_at_dest,SA,Total,124397,14065,11.31,2026-08-31 16:33:58.859 +0300
2026-07-02,SCENARIO,withinB_not_dest,SA,DMM,7194,262,3.64,2026-08-31 16:33:58.859 +0300
2026-07-02,SCENARIO,withinB_not_dest,SA,JED,35452,1145,3.23,2026-08-31 16:33:58.859 +0300
2026-07-02,SCENARIO,withinB_not_dest,SA,MAD,11963,474,3.96,2026-08-31 16:33:58.859 +0300
2026-07-02,SCENARIO,withinB_not_dest,SA,MEC,5789,253,4.37,2026-08-31 16:33:58.859 +0300
2026-07-02,SCENARIO,withinB_not_dest,SA,Others,13146,824,6.27,2026-08-31 16:33:58.859 +0300
2026-07-02,SCENARIO,withinB_not_dest,SA,RUH,50853,1821,3.58,2026-08-31 16:33:58.859 +0300
2026-07-02,SCENARIO,withinB_not_dest,SA,Total,124397,4779,3.84,2026-08-31 16:33:58.859 +0300
2026-07-03,CAUSE_MIX,beyondB,JO,Total,13545,31,0.23,2026-08-31 16:33:58.859 +0300
2026-07-03,CAUSE_MIX,previous_wallet_balance,JO,Total,13545,640,4.72,2026-08-31 16:33:58.859 +0300
2026-07-03,CAUSE_MIX,surcharge_mismatch,JO,Total,13545,9,0.07,2026-08-31 16:33:58.859 +0300
2026-07-03,CAUSE_MIX,surge_mismatch,JO,Total,13545,1,0.01,2026-08-31 16:33:58.859 +0300
2026-07-03,CAUSE_MIX,waiting_time,JO,Total,13545,5616,41.46,2026-08-31 16:33:58.859 +0300
2026-07-03,CAUSE_MIX,withinA_at_dest,JO,Total,13545,627,4.63,2026-08-31 16:33:58.859 +0300
2026-07-03,CAUSE_MIX,withinA_not_dest,JO,Total,13545,2102,15.52,2026-08-31 16:33:58.859 +0300
2026-07-03,CAUSE_MIX,withinB_at_dest,JO,Total,13545,3054,22.55,2026-08-31 16:33:58.859 +0300
2026-07-03,CAUSE_MIX,withinB_not_dest,JO,Total,13545,1465,10.82,2026-08-31 16:33:58.859 +0300
2026-07-03,CHANNEL,cumulative_price_shocks_net,JO,AMM,31284,7506,23.99,2026-08-31 16:33:58.859 +0300
2026-07-03,CHANNEL,cumulative_price_shocks_net,JO,IRB,7938,2341,29.49,2026-08-31 16:33:58.859 +0300
2026-07-03,CHANNEL,cumulative_price_shocks_net,JO,Others,897,240,26.76,2026-08-31 16:33:58.859 +0300
2026-07-03,CHANNEL,cumulative_price_shocks_net,JO,Total,52416,12905,24.62,2026-08-31 16:33:58.859 +0300
2026-07-03,CHANNEL,cumulative_price_shocks_net,JO,ZRQ,12297,2818,22.92,2026-08-31 16:33:58.859 +0300
2026-07-03,CHANNEL,pd_mismatch,JO,AMM,31284,1,0.00,2026-08-31 16:33:58.859 +0300
2026-07-03,CHANNEL,pd_mismatch,JO,IRB,7938,0,0.00,2026-08-31 16:33:58.859 +0300
2026-07-03,CHANNEL,pd_mismatch,JO,Others,897,0,0.00,2026-08-31 16:33:58.859 +0300
2026-07-03,CHANNEL,pd_mismatch,JO,Total,52416,1,0.00,2026-08-31 16:33:58.859 +0300
2026-07-03,CHANNEL,pd_mismatch,JO,ZRQ,12297,0,0.00,2026-08-31 16:33:58.859 +0300
2026-07-03,CHANNEL,pickup_mismatch,JO,AMM,31284,0,0.00,2026-08-31 16:33:58.859 +0300
2026-07-03,CHANNEL,pickup_mismatch,JO,IRB,7938,0,0.00,2026-08-31 16:33:58.859 +0300
2026-07-03,CHANNEL,pickup_mismatch,JO,Others,897,0,0.00,2026-08-31 16:33:58.859 +0300
2026-07-03,CHANNEL,pickup_mismatch,JO,Total,52416,0,0.00,2026-08-31 16:33:58.859 +0300
2026-07-03,CHANNEL,pickup_mismatch,JO,ZRQ,12297,0,0.00,2026-08-31 16:33:58.859 +0300
2026-07-03,CHANNEL,residual_fare_increase_net,JO,AMM,31284,4320,13.81,2026-08-31 16:33:58.859 +0300
2026-07-03,CHANNEL,residual_fare_increase_net,JO,IRB,7938,1662,20.94,2026-08-31 16:33:58.859 +0300
2026-07-03,CHANNEL,residual_fare_increase_net,JO,Others,897,148,16.50,2026-08-31 16:33:58.859 +0300
2026-07-03,CHANNEL,residual_fare_increase_net,JO,Total,52416,7768,14.82,2026-08-31 16:33:58.859 +0300
2026-07-03,CHANNEL,residual_fare_increase_net,JO,ZRQ,12297,1638,13.32,2026-08-31 16:33:58.859 +0300
2026-07-03,CHANNEL,rounding_error,JO,AMM,31284,351,1.12,2026-08-31 16:33:58.859 +0300
2026-07-03,CHANNEL,rounding_error,JO,IRB,7938,82,1.03,2026-08-31 16:33:58.859 +0300
2026-07-03,CHANNEL,rounding_error,JO,Others,897,9,1.00,2026-08-31 16:33:58.859 +0300
2026-07-03,CHANNEL,rounding_error,JO,Total,52416,584,1.11,2026-08-31 16:33:58.859 +0300
2026-07-03,CHANNEL,rounding_error,JO,ZRQ,12297,142,1.15,2026-08-31 16:33:58.859 +0300
2026-07-03,CHANNEL,spillover_recovery,JO,AMM,31284,571,1.83,2026-08-31 16:33:58.859 +0300
2026-07-03,CHANNEL,spillover_recovery,JO,IRB,7938,65,0.82,2026-08-31 16:33:58.859 +0300
2026-07-03,CHANNEL,spillover_recovery,JO,Others,897,3,0.33,2026-08-31 16:33:58.859 +0300
2026-07-03,CHANNEL,spillover_recovery,JO,Total,52416,682,1.30,2026-08-31 16:33:58.859 +0300
2026-07-03,CHANNEL,spillover_recovery,JO,ZRQ,12297,43,0.35,2026-08-31 16:33:58.859 +0300
2026-07-03,CHANNEL,surcharge_mismatch,JO,AMM,31284,10,0.03,2026-08-31 16:33:58.859 +0300
2026-07-03,CHANNEL,surcharge_mismatch,JO,IRB,7938,0,0.00,2026-08-31 16:33:58.859 +0300
2026-07-03,CHANNEL,surcharge_mismatch,JO,Others,897,0,0.00,2026-08-31 16:33:58.859 +0300
2026-07-03,CHANNEL,surcharge_mismatch,JO,Total,52416,19,0.04,2026-08-31 16:33:58.859 +0300
2026-07-03,CHANNEL,surcharge_mismatch,JO,ZRQ,12297,9,0.07,2026-08-31 16:33:58.859 +0300
2026-07-03,CHANNEL,surge_mismatch,JO,AMM,31284,2,0.01,2026-08-31 16:33:58.859 +0300
2026-07-03,CHANNEL,surge_mismatch,JO,IRB,7938,0,0.00,2026-08-31 16:33:58.859 +0300
2026-07-03,CHANNEL,surge_mismatch,JO,Others,897,0,0.00,2026-08-31 16:33:58.859 +0300
2026-07-03,CHANNEL,surge_mismatch,JO,Total,52416,4,0.01,2026-08-31 16:33:58.859 +0300
2026-07-03,CHANNEL,surge_mismatch,JO,ZRQ,12297,2,0.02,2026-08-31 16:33:58.859 +0300
2026-07-03,SCENARIO,beyondB,JO,AMM,31284,20,0.06,2026-08-31 16:33:58.859 +0300
2026-07-03,SCENARIO,beyondB,JO,IRB,7938,5,0.06,2026-08-31 16:33:58.859 +0300
2026-07-03,SCENARIO,beyondB,JO,Others,897,1,0.11,2026-08-31 16:33:58.859 +0300
2026-07-03,SCENARIO,beyondB,JO,Total,52416,33,0.06,2026-08-31 16:33:58.859 +0300
2026-07-03,SCENARIO,beyondB,JO,ZRQ,12297,7,0.06,2026-08-31 16:33:58.859 +0300
2026-07-03,SCENARIO,withinA_at_dest,JO,AMM,31284,3099,9.91,2026-08-31 16:33:58.859 +0300
2026-07-03,SCENARIO,withinA_at_dest,JO,IRB,7938,627,7.90,2026-08-31 16:33:58.859 +0300
2026-07-03,SCENARIO,withinA_at_dest,JO,Others,897,87,9.70,2026-08-31 16:33:58.859 +0300
2026-07-03,SCENARIO,withinA_at_dest,JO,Total,52416,4963,9.47,2026-08-31 16:33:58.859 +0300
2026-07-03,SCENARIO,withinA_at_dest,JO,ZRQ,12297,1150,9.35,2026-08-31 16:33:58.859 +0300
2026-07-03,SCENARIO,withinA_not_dest,JO,AMM,31284,1241,3.97,2026-08-31 16:33:58.859 +0300
2026-07-03,SCENARIO,withinA_not_dest,JO,IRB,7938,730,9.20,2026-08-31 16:33:58.859 +0300
2026-07-03,SCENARIO,withinA_not_dest,JO,Others,897,46,5.13,2026-08-31 16:33:58.859 +0300
2026-07-03,SCENARIO,withinA_not_dest,JO,Total,52416,2580,4.92,2026-08-31 16:33:58.859 +0300
2026-07-03,SCENARIO,withinA_not_dest,JO,ZRQ,12297,563,4.58,2026-08-31 16:33:58.859 +0300
2026-07-03,SCENARIO,withinB_at_dest,JO,AMM,31284,2179,6.97,2026-08-31 16:33:58.859 +0300
2026-07-03,SCENARIO,withinB_at_dest,JO,IRB,7938,555,6.99,2026-08-31 16:33:58.859 +0300
2026-07-03,SCENARIO,withinB_at_dest,JO,Others,897,58,6.47,2026-08-31 16:33:58.859 +0300
2026-07-03,SCENARIO,withinB_at_dest,JO,Total,52416,3557,6.79,2026-08-31 16:33:58.859 +0300
2026-07-03,SCENARIO,withinB_at_dest,JO,ZRQ,12297,765,6.22,2026-08-31 16:33:58.859 +0300
2026-07-03,SCENARIO,withinB_not_dest,JO,AMM,31284,967,3.09,2026-08-31 16:33:58.859 +0300
2026-07-03,SCENARIO,withinB_not_dest,JO,IRB,7938,424,5.34,2026-08-31 16:33:58.859 +0300
2026-07-03,SCENARIO,withinB_not_dest,JO,Others,897,48,5.35,2026-08-31 16:33:58.859 +0300
2026-07-03,SCENARIO,withinB_not_dest,JO,Total,52416,1772,3.38,2026-08-31 16:33:58.859 +0300
2026-07-03,SCENARIO,withinB_not_dest,JO,ZRQ,12297,333,2.71,2026-08-31 16:33:58.859 +0300
2026-07-03,CAUSE_MIX,beyondB,SA,Total,37832,18,0.05,2026-08-31 16:33:58.859 +0300
2026-07-03,CAUSE_MIX,pd_mismatch,SA,Total,37832,2,0.01,2026-08-31 16:33:58.859 +0300
2026-07-03,CAUSE_MIX,pickup_mismatch,SA,Total,37832,3,0.01,2026-08-31 16:33:58.859 +0300
2026-07-03,CAUSE_MIX,previous_wallet_balance,SA,Total,37832,4753,12.56,2026-08-31 16:33:58.859 +0300
2026-07-03,CAUSE_MIX,surcharge_mismatch,SA,Total,37832,687,1.82,2026-08-31 16:33:58.859 +0300
2026-07-03,CAUSE_MIX,surge_mismatch,SA,Total,37832,43,0.11,2026-08-31 16:33:58.859 +0300
2026-07-03,CAUSE_MIX,waiting_time,SA,Total,37832,18061,47.74,2026-08-31 16:33:58.859 +0300
2026-07-03,CAUSE_MIX,withinA_at_dest,SA,Total,37832,2963,7.83,2026-08-31 16:33:58.859 +0300
2026-07-03,CAUSE_MIX,withinA_not_dest,SA,Total,37832,1704,4.50,2026-08-31 16:33:58.859 +0300
2026-07-03,CAUSE_MIX,withinB_at_dest,SA,Total,37832,7057,18.65,2026-08-31 16:33:58.859 +0300
2026-07-03,CAUSE_MIX,withinB_not_dest,SA,Total,37832,2541,6.72,2026-08-31 16:33:58.859 +0300
2026-07-03,CHANNEL,cumulative_price_shocks_net,SA,DMM,4614,1781,38.60,2026-08-31 16:33:58.859 +0300
2026-07-03,CHANNEL,cumulative_price_shocks_net,SA,JED,24252,9710,40.04,2026-08-31 16:33:58.859 +0300
2026-07-03,CHANNEL,cumulative_price_shocks_net,SA,MAD,9377,3495,37.27,2026-08-31 16:33:58.859 +0300
2026-07-03,CHANNEL,cumulative_price_shocks_net,SA,MEC,4427,1836,41.47,2026-08-31 16:33:58.859 +0300
2026-07-03,CHANNEL,cumulative_price_shocks_net,SA,Others,9993,4053,40.56,2026-08-31 16:33:58.859 +0300
2026-07-03,CHANNEL,cumulative_price_shocks_net,SA,RUH,33070,12068,36.49,2026-08-31 16:33:58.859 +0300
2026-07-03,CHANNEL,cumulative_price_shocks_net,SA,Total,85733,32943,38.43,2026-08-31 16:33:58.859 +0300
2026-07-03,CHANNEL,pd_mismatch,SA,DMM,4614,0,0.00,2026-08-31 16:33:58.859 +0300
2026-07-03,CHANNEL,pd_mismatch,SA,JED,24252,1,0.00,2026-08-31 16:33:58.859 +0300
2026-07-03,CHANNEL,pd_mismatch,SA,MAD,9377,0,0.00,2026-08-31 16:33:58.859 +0300
2026-07-03,CHANNEL,pd_mismatch,SA,MEC,4427,0,0.00,2026-08-31 16:33:58.859 +0300
2026-07-03,CHANNEL,pd_mismatch,SA,Others,9993,3,0.03,2026-08-31 16:33:58.859 +0300
2026-07-03,CHANNEL,pd_mismatch,SA,RUH,33070,7,0.02,2026-08-31 16:33:58.859 +0300
2026-07-03,CHANNEL,pd_mismatch,SA,Total,85733,11,0.01,2026-08-31 16:33:58.859 +0300
2026-07-03,CHANNEL,pickup_mismatch,SA,DMM,4614,0,0.00,2026-08-31 16:33:58.859 +0300
2026-07-03,CHANNEL,pickup_mismatch,SA,JED,24252,1,0.00,2026-08-31 16:33:58.859 +0300
2026-07-03,CHANNEL,pickup_mismatch,SA,MAD,9377,0,0.00,2026-08-31 16:33:58.859 +0300
2026-07-03,CHANNEL,pickup_mismatch,SA,MEC,4427,0,0.00,2026-08-31 16:33:58.859 +0300
2026-07-03,CHANNEL,pickup_mismatch,SA,Others,9993,1,0.01,2026-08-31 16:33:58.859 +0300
2026-07-03,CHANNEL,pickup_mismatch,SA,RUH,33070,2,0.01,2026-08-31 16:33:58.859 +0300
2026-07-03,CHANNEL,pickup_mismatch,SA,Total,85733,4,0.00,2026-08-31 16:33:58.859 +0300
2026-07-03,CHANNEL,residual_fare_increase_net,SA,DMM,4614,995,21.56,2026-08-31 16:33:58.859 +0300
2026-07-03,CHANNEL,residual_fare_increase_net,SA,JED,24252,4620,19.05,2026-08-31 16:33:58.859 +0300
2026-07-03,CHANNEL,residual_fare_increase_net,SA,MAD,9377,1773,18.91,2026-08-31 16:33:58.859 +0300
2026-07-03,CHANNEL,residual_fare_increase_net,SA,MEC,4427,893,20.17,2026-08-31 16:33:58.859 +0300
2026-07-03,CHANNEL,residual_fare_increase_net,SA,Others,9993,2271,22.73,2026-08-31 16:33:58.859 +0300
2026-07-03,CHANNEL,residual_fare_increase_net,SA,RUH,33070,6300,19.05,2026-08-31 16:33:58.859 +0300
2026-07-03,CHANNEL,residual_fare_increase_net,SA,Total,85733,16852,19.66,2026-08-31 16:33:58.859 +0300
2026-07-03,CHANNEL,rounding_error,SA,DMM,4614,73,1.58,2026-08-31 16:33:58.859 +0300
2026-07-03,CHANNEL,rounding_error,SA,JED,24252,595,2.45,2026-08-31 16:33:58.859 +0300
2026-07-03,CHANNEL,rounding_error,SA,MAD,9377,288,3.07,2026-08-31 16:33:58.859 +0300
2026-07-03,CHANNEL,rounding_error,SA,MEC,4427,76,1.72,2026-08-31 16:33:58.859 +0300
2026-07-03,CHANNEL,rounding_error,SA,Others,9993,182,1.82,2026-08-31 16:33:58.859 +0300
2026-07-03,CHANNEL,rounding_error,SA,RUH,33070,813,2.46,2026-08-31 16:33:58.859 +0300
2026-07-03,CHANNEL,rounding_error,SA,Total,85733,2027,2.36,2026-08-31 16:33:58.859 +0300
2026-07-03,CHANNEL,spillover_recovery,SA,DMM,4614,200,4.33,2026-08-31 16:33:58.859 +0300
2026-07-03,CHANNEL,spillover_recovery,SA,JED,24252,1698,7.00,2026-08-31 16:33:58.859 +0300
2026-07-03,CHANNEL,spillover_recovery,SA,MAD,9377,566,6.04,2026-08-31 16:33:58.859 +0300
2026-07-03,CHANNEL,spillover_recovery,SA,MEC,4427,260,5.87,2026-08-31 16:33:58.859 +0300
2026-07-03,CHANNEL,spillover_recovery,SA,Others,9993,392,3.92,2026-08-31 16:33:58.859 +0300
2026-07-03,CHANNEL,spillover_recovery,SA,RUH,33070,2129,6.44,2026-08-31 16:33:58.859 +0300
2026-07-03,CHANNEL,spillover_recovery,SA,Total,85733,5245,6.12,2026-08-31 16:33:58.859 +0300
2026-07-03,CHANNEL,surcharge_mismatch,SA,DMM,4614,94,2.04,2026-08-31 16:33:58.859 +0300
2026-07-03,CHANNEL,surcharge_mismatch,SA,JED,24252,617,2.54,2026-08-31 16:33:58.859 +0300
2026-07-03,CHANNEL,surcharge_mismatch,SA,MAD,9377,194,2.07,2026-08-31 16:33:58.859 +0300
2026-07-03,CHANNEL,surcharge_mismatch,SA,MEC,4427,53,1.20,2026-08-31 16:33:58.859 +0300
2026-07-03,CHANNEL,surcharge_mismatch,SA,Others,9993,150,1.50,2026-08-31 16:33:58.859 +0300
2026-07-03,CHANNEL,surcharge_mismatch,SA,RUH,33070,575,1.74,2026-08-31 16:33:58.859 +0300
2026-07-03,CHANNEL,surcharge_mismatch,SA,Total,85733,1683,1.96,2026-08-31 16:33:58.859 +0300
2026-07-03,CHANNEL,surge_mismatch,SA,DMM,4614,4,0.09,2026-08-31 16:33:58.859 +0300
2026-07-03,CHANNEL,surge_mismatch,SA,JED,24252,28,0.12,2026-08-31 16:33:58.859 +0300
2026-07-03,CHANNEL,surge_mismatch,SA,MAD,9377,13,0.14,2026-08-31 16:33:58.859 +0300
2026-07-03,CHANNEL,surge_mismatch,SA,MEC,4427,3,0.07,2026-08-31 16:33:58.859 +0300
2026-07-03,CHANNEL,surge_mismatch,SA,Others,9993,0,0.00,2026-08-31 16:33:58.859 +0300
2026-07-03,CHANNEL,surge_mismatch,SA,RUH,33070,17,0.05,2026-08-31 16:33:58.859 +0300
2026-07-03,CHANNEL,surge_mismatch,SA,Total,85733,65,0.08,2026-08-31 16:33:58.859 +0300
2026-07-03,SCENARIO,beyondB,SA,DMM,4614,0,0.00,2026-08-31 16:33:58.859 +0300
2026-07-03,SCENARIO,beyondB,SA,JED,24252,7,0.03,2026-08-31 16:33:58.859 +0300
2026-07-03,SCENARIO,beyondB,SA,MAD,9377,1,0.01,2026-08-31 16:33:58.859 +0300
2026-07-03,SCENARIO,beyondB,SA,MEC,4427,2,0.05,2026-08-31 16:33:58.859 +0300
2026-07-03,SCENARIO,beyondB,SA,Others,9993,3,0.03,2026-08-31 16:33:58.859 +0300
2026-07-03,SCENARIO,beyondB,SA,RUH,33070,13,0.04,2026-08-31 16:33:58.859 +0300
2026-07-03,SCENARIO,beyondB,SA,Total,85733,26,0.03,2026-08-31 16:33:58.859 +0300
2026-07-03,SCENARIO,withinA_at_dest,SA,DMM,4614,810,17.56,2026-08-31 16:33:58.859 +0300
2026-07-03,SCENARIO,withinA_at_dest,SA,JED,24252,5225,21.54,2026-08-31 16:33:58.859 +0300
2026-07-03,SCENARIO,withinA_at_dest,SA,MAD,9377,1763,18.80,2026-08-31 16:33:58.859 +0300
2026-07-03,SCENARIO,withinA_at_dest,SA,MEC,4427,954,21.55,2026-08-31 16:33:58.859 +0300
2026-07-03,SCENARIO,withinA_at_dest,SA,Others,9993,1782,17.83,2026-08-31 16:33:58.859 +0300
2026-07-03,SCENARIO,withinA_at_dest,SA,RUH,33070,6017,18.19,2026-08-31 16:33:58.859 +0300
2026-07-03,SCENARIO,withinA_at_dest,SA,Total,85733,16551,19.31,2026-08-31 16:33:58.859 +0300
2026-07-03,SCENARIO,withinA_not_dest,SA,DMM,4614,175,3.79,2026-08-31 16:33:58.859 +0300
2026-07-03,SCENARIO,withinA_not_dest,SA,JED,24252,670,2.76,2026-08-31 16:33:58.859 +0300
2026-07-03,SCENARIO,withinA_not_dest,SA,MAD,9377,454,4.84,2026-08-31 16:33:58.859 +0300
2026-08-17,SCENARIO,withinA_at_dest,SA,DMM,6763,1161,17.17,2026-08-31 16:33:58.859 +0300
2026-08-17,SCENARIO,withinA_at_dest,SA,JED,29267,5867,20.05,2026-08-31 16:33:58.859 +0300
2026-08-17,SCENARIO,withinA_at_dest,SA,MAD,10216,1939,18.98,2026-08-31 16:33:58.859 +0300
2026-08-17,SCENARIO,withinA_at_dest,SA,MEC,5259,1161,22.08,2026-08-31 16:33:58.859 +0300
2026-08-17,SCENARIO,withinA_at_dest,SA,Others,12080,2226,18.43,2026-08-31 16:33:58.859 +0300
2026-08-17,SCENARIO,withinA_at_dest,SA,RUH,39220,7236,18.45,2026-08-31 16:33:58.859 +0300
2026-08-17,SCENARIO,withinA_at_dest,SA,Total,102805,19590,19.06,2026-08-31 16:33:58.859 +0300
2026-08-17,SCENARIO,withinA_not_dest,SA,DMM,6763,152,2.25,2026-08-31 16:33:58.859 +0300
2026-08-17,SCENARIO,withinA_not_dest,SA,JED,29267,563,1.92,2026-08-31 16:33:58.859 +0300
2026-08-17,SCENARIO,withinA_not_dest,SA,MAD,10216,350,3.43,2026-08-31 16:33:58.859 +0300
2026-08-17,SCENARIO,withinA_not_dest,SA,MEC,5259,151,2.87,2026-08-31 16:33:58.859 +0300
2026-08-17,SCENARIO,withinA_not_dest,SA,Others,12080,358,2.96,2026-08-31 16:33:58.859 +0300
2026-08-17,SCENARIO,withinA_not_dest,SA,RUH,39220,907,2.31,2026-08-31 16:33:58.859 +0300
2026-08-17,SCENARIO,withinA_not_dest,SA,Total,102805,2481,2.41,2026-08-31 16:33:58.859 +0300
2026-08-17,SCENARIO,withinB_at_dest,SA,DMM,6763,658,9.73,2026-08-31 16:33:58.859 +0300
2026-08-17,SCENARIO,withinB_at_dest,SA,JED,29267,3195,10.92,2026-08-31 16:33:58.859 +0300
2026-08-17,SCENARIO,withinB_at_dest,SA,MAD,10216,764,7.48,2026-08-31 16:33:58.859 +0300
2026-08-17,SCENARIO,withinB_at_dest,SA,MEC,5259,540,10.27,2026-08-31 16:33:58.859 +0300
2026-08-17,SCENARIO,withinB_at_dest,SA,Others,12080,1111,9.20,2026-08-31 16:33:58.859 +0300
2026-08-17,SCENARIO,withinB_at_dest,SA,RUH,39220,2204,5.62,2026-08-31 16:33:58.859 +0300
2026-08-17,SCENARIO,withinB_at_dest,SA,Total,102805,8472,8.24,2026-08-31 16:33:58.859 +0300
2026-08-17,SCENARIO,withinB_not_dest,SA,DMM,6763,177,2.62,2026-08-31 16:33:58.859 +0300
2026-08-17,SCENARIO,withinB_not_dest,SA,JED,29267,790,2.70,2026-08-31 16:33:58.859 +0300
2026-08-17,SCENARIO,withinB_not_dest,SA,MAD,10216,336,3.29,2026-08-31 16:33:58.859 +0300
2026-08-17,SCENARIO,withinB_not_dest,SA,MEC,5259,169,3.21,2026-08-31 16:33:58.859 +0300
2026-08-17,SCENARIO,withinB_not_dest,SA,Others,12080,630,5.22,2026-08-31 16:33:58.859 +0300
2026-08-17,SCENARIO,withinB_not_dest,SA,RUH,39220,1017,2.59,2026-08-31 16:33:58.859 +0300
2026-08-17,SCENARIO,withinB_not_dest,SA,Total,102805,3119,3.03,2026-08-31 16:33:58.859 +0300
2026-08-18,CAUSE_MIX,beyondB,JO,Total,21002,34,0.16,2026-08-31 16:33:58.859 +0300
2026-08-18,CAUSE_MIX,pickup_mismatch,JO,Total,21002,1,0.00,2026-08-31 16:33:58.859 +0300
2026-08-18,CAUSE_MIX,previous_wallet_balance,JO,Total,21002,1138,5.42,2026-08-31 16:33:58.859 +0300
2026-08-18,CAUSE_MIX,surcharge_mismatch,JO,Total,21002,13,0.06,2026-08-31 16:33:58.859 +0300
2026-08-18,CAUSE_MIX,surge_mismatch,JO,Total,21002,14,0.07,2026-08-31 16:33:58.859 +0300
2026-08-18,CAUSE_MIX,waiting_time,JO,Total,21002,9516,45.31,2026-08-31 16:33:58.859 +0300
2026-08-18,CAUSE_MIX,withinA_at_dest,JO,Total,21002,1148,5.47,2026-08-31 16:33:58.859 +0300
2026-08-18,CAUSE_MIX,withinA_not_dest,JO,Total,21002,2577,12.27,2026-08-31 16:33:58.859 +0300
2026-08-18,CAUSE_MIX,withinB_at_dest,JO,Total,21002,4456,21.22,2026-08-31 16:33:58.859 +0300
2026-08-18,CAUSE_MIX,withinB_not_dest,JO,Total,21002,2105,10.02,2026-08-31 16:33:58.859 +0300
2026-08-18,CHANNEL,cumulative_price_shocks_net,JO,AMM,55786,11850,21.24,2026-08-31 16:33:58.859 +0300
2026-08-18,CHANNEL,cumulative_price_shocks_net,JO,IRB,14261,3818,26.77,2026-08-31 16:33:58.859 +0300
2026-08-18,CHANNEL,cumulative_price_shocks_net,JO,Others,2098,548,26.12,2026-08-31 16:33:58.859 +0300
2026-08-18,CHANNEL,cumulative_price_shocks_net,JO,Total,88996,19863,22.32,2026-08-31 16:33:58.859 +0300
2026-08-18,CHANNEL,cumulative_price_shocks_net,JO,ZRQ,16851,3647,21.64,2026-08-31 16:33:58.859 +0300
2026-08-18,CHANNEL,pd_mismatch,JO,AMM,55786,0,0.00,2026-08-31 16:33:58.859 +0300
2026-08-18,CHANNEL,pd_mismatch,JO,IRB,14261,0,0.00,2026-08-31 16:33:58.859 +0300
2026-08-18,CHANNEL,pd_mismatch,JO,Others,2098,0,0.00,2026-08-31 16:33:58.859 +0300
2026-08-18,CHANNEL,pd_mismatch,JO,Total,88996,0,0.00,2026-08-31 16:33:58.859 +0300
2026-08-18,CHANNEL,pd_mismatch,JO,ZRQ,16851,0,0.00,2026-08-31 16:33:58.859 +0300
2026-08-18,CHANNEL,pickup_mismatch,JO,AMM,55786,1,0.00,2026-08-31 16:33:58.859 +0300
2026-08-18,CHANNEL,pickup_mismatch,JO,IRB,14261,0,0.00,2026-08-31 16:33:58.859 +0300
2026-08-18,CHANNEL,pickup_mismatch,JO,Others,2098,0,0.00,2026-08-31 16:33:58.859 +0300
2026-08-18,CHANNEL,pickup_mismatch,JO,Total,88996,1,0.00,2026-08-31 16:33:58.859 +0300
2026-08-18,CHANNEL,pickup_mismatch,JO,ZRQ,16851,0,0.00,2026-08-31 16:33:58.859 +0300
2026-08-18,CHANNEL,residual_fare_increase_net,JO,AMM,55786,6033,10.81,2026-08-31 16:33:58.859 +0300
2026-08-18,CHANNEL,residual_fare_increase_net,JO,IRB,14261,2470,17.32,2026-08-31 16:33:58.859 +0300
2026-08-18,CHANNEL,residual_fare_increase_net,JO,Others,2098,312,14.87,2026-08-31 16:33:58.859 +0300
2026-08-18,CHANNEL,residual_fare_increase_net,JO,Total,88996,10820,12.16,2026-08-31 16:33:58.859 +0300
2026-08-18,CHANNEL,residual_fare_increase_net,JO,ZRQ,16851,2005,11.90,2026-08-31 16:33:58.859 +0300
2026-08-18,CHANNEL,rounding_error,JO,AMM,55786,611,1.10,2026-08-31 16:33:58.859 +0300
2026-08-18,CHANNEL,rounding_error,JO,IRB,14261,161,1.13,2026-08-31 16:33:58.859 +0300
2026-08-18,CHANNEL,rounding_error,JO,Others,2098,26,1.24,2026-08-31 16:33:58.859 +0300
2026-08-18,CHANNEL,rounding_error,JO,Total,88996,971,1.09,2026-08-31 16:33:58.859 +0300
2026-08-18,CHANNEL,rounding_error,JO,ZRQ,16851,173,1.03,2026-08-31 16:33:58.859 +0300
2026-08-18,CHANNEL,spillover_recovery,JO,AMM,55786,976,1.75,2026-08-31 16:33:58.859 +0300
2026-08-18,CHANNEL,spillover_recovery,JO,IRB,14261,172,1.21,2026-08-31 16:33:58.859 +0300
2026-08-18,CHANNEL,spillover_recovery,JO,Others,2098,16,0.76,2026-08-31 16:33:58.859 +0300
2026-08-18,CHANNEL,spillover_recovery,JO,Total,88996,1219,1.37,2026-08-31 16:33:58.859 +0300
2026-08-18,CHANNEL,spillover_recovery,JO,ZRQ,16851,55,0.33,2026-08-31 16:33:58.859 +0300
2026-08-18,CHANNEL,surcharge_mismatch,JO,AMM,55786,23,0.04,2026-08-31 16:33:58.859 +0300
2026-08-18,CHANNEL,surcharge_mismatch,JO,IRB,14261,0,0.00,2026-08-31 16:33:58.859 +0300
2026-08-18,CHANNEL,surcharge_mismatch,JO,Others,2098,1,0.05,2026-08-31 16:33:58.859 +0300
2026-08-18,CHANNEL,surcharge_mismatch,JO,Total,88996,31,0.03,2026-08-31 16:33:58.859 +0300
2026-08-18,CHANNEL,surcharge_mismatch,JO,ZRQ,16851,7,0.04,2026-08-31 16:33:58.859 +0300
2026-08-18,CHANNEL,surge_mismatch,JO,AMM,55786,22,0.04,2026-08-31 16:33:58.859 +0300
2026-08-18,CHANNEL,surge_mismatch,JO,IRB,14261,0,0.00,2026-08-31 16:33:58.859 +0300
2026-08-18,CHANNEL,surge_mismatch,JO,Others,2098,0,0.00,2026-08-31 16:33:58.859 +0300
2026-08-18,CHANNEL,surge_mismatch,JO,Total,88996,23,0.03,2026-08-31 16:33:58.859 +0300
2026-08-18,CHANNEL,surge_mismatch,JO,ZRQ,16851,1,0.01,2026-08-31 16:33:58.859 +0300
2026-08-18,SCENARIO,beyondB,JO,AMM,55786,22,0.04,2026-08-31 16:33:58.859 +0300
2026-08-18,SCENARIO,beyondB,JO,IRB,14261,6,0.04,2026-08-31 16:33:58.859 +0300
2026-08-18,SCENARIO,beyondB,JO,Others,2098,1,0.05,2026-08-31 16:33:58.859 +0300
2026-08-18,SCENARIO,beyondB,JO,Total,88996,37,0.04,2026-08-31 16:33:58.859 +0300
2026-08-18,SCENARIO,beyondB,JO,ZRQ,16851,8,0.05,2026-08-31 16:33:58.859 +0300
2026-08-18,SCENARIO,withinA_at_dest,JO,AMM,55786,5749,10.31,2026-08-31 16:33:58.859 +0300
2026-08-18,SCENARIO,withinA_at_dest,JO,IRB,14261,1280,8.98,2026-08-31 16:33:58.859 +0300
2026-08-18,SCENARIO,withinA_at_dest,JO,Others,2098,230,10.96,2026-08-31 16:33:58.859 +0300
2026-08-18,SCENARIO,withinA_at_dest,JO,Total,88996,8855,9.95,2026-08-31 16:33:58.859 +0300
2026-08-18,SCENARIO,withinA_at_dest,JO,ZRQ,16851,1596,9.47,2026-08-31 16:33:58.859 +0300
2026-08-18,SCENARIO,withinA_not_dest,JO,AMM,55786,1594,2.86,2026-08-31 16:33:58.859 +0300
2026-08-18,SCENARIO,withinA_not_dest,JO,IRB,14261,967,6.78,2026-08-31 16:33:58.859 +0300
2026-08-18,SCENARIO,withinA_not_dest,JO,Others,2098,78,3.72,2026-08-31 16:33:58.859 +0300
2026-08-18,SCENARIO,withinA_not_dest,JO,Total,88996,3231,3.63,2026-08-31 16:33:58.859 +0300
2026-08-18,SCENARIO,withinA_not_dest,JO,ZRQ,16851,592,3.51,2026-08-31 16:33:58.859 +0300
2026-08-18,SCENARIO,withinB_at_dest,JO,AMM,55786,3054,5.47,2026-08-31 16:33:58.859 +0300
2026-08-18,SCENARIO,withinB_at_dest,JO,IRB,14261,941,6.60,2026-08-31 16:33:58.859 +0300
2026-08-18,SCENARIO,withinB_at_dest,JO,Others,2098,174,8.29,2026-08-31 16:33:58.859 +0300
2026-08-18,SCENARIO,withinB_at_dest,JO,Total,88996,5189,5.83,2026-08-31 16:33:58.859 +0300
2026-08-18,SCENARIO,withinB_at_dest,JO,ZRQ,16851,1020,6.05,2026-08-31 16:33:58.859 +0300
2026-08-18,SCENARIO,withinB_not_dest,JO,AMM,55786,1431,2.57,2026-08-31 16:33:58.859 +0300
2026-08-18,SCENARIO,withinB_not_dest,JO,IRB,14261,624,4.38,2026-08-31 16:33:58.859 +0300
2026-08-18,SCENARIO,withinB_not_dest,JO,Others,2098,65,3.10,2026-08-31 16:33:58.859 +0300
2026-08-18,SCENARIO,withinB_not_dest,JO,Total,88996,2551,2.87,2026-08-31 16:33:58.859 +0300
2026-08-18,SCENARIO,withinB_not_dest,JO,ZRQ,16851,431,2.56,2026-08-31 16:33:58.859 +0300
2026-08-18,CAUSE_MIX,beyondB,SA,Total,41043,18,0.04,2026-08-31 16:33:58.859 +0300
2026-08-18,CAUSE_MIX,pickup_mismatch,SA,Total,41043,2,0.00,2026-08-31 16:33:58.859 +0300
2026-08-18,CAUSE_MIX,previous_wallet_balance,SA,Total,41043,7232,17.62,2026-08-31 16:33:58.859 +0300
2026-08-18,CAUSE_MIX,surcharge_mismatch,SA,Total,41043,760,1.85,2026-08-31 16:33:58.859 +0300
2026-08-18,CAUSE_MIX,surge_mismatch,SA,Total,41043,38,0.09,2026-08-31 16:33:58.859 +0300
2026-08-18,CAUSE_MIX,waiting_time,SA,Total,41043,20009,48.75,2026-08-31 16:33:58.859 +0300
2026-08-18,CAUSE_MIX,withinA_at_dest,SA,Total,41043,2937,7.16,2026-08-31 16:33:58.859 +0300
2026-08-18,CAUSE_MIX,withinA_not_dest,SA,Total,41043,1497,3.65,2026-08-31 16:33:58.859 +0300
2026-08-18,CAUSE_MIX,withinB_at_dest,SA,Total,41043,6361,15.50,2026-08-31 16:33:58.859 +0300
2026-08-18,CAUSE_MIX,withinB_not_dest,SA,Total,41043,2189,5.33,2026-08-31 16:33:58.859 +0300
2026-08-18,CHANNEL,cumulative_price_shocks_net,SA,DMM,7130,2292,32.15,2026-08-31 16:33:58.859 +0300
2026-08-18,CHANNEL,cumulative_price_shocks_net,SA,JED,29138,10275,35.26,2026-08-31 16:33:58.859 +0300
2026-08-18,CHANNEL,cumulative_price_shocks_net,SA,MAD,10135,3244,32.01,2026-08-31 16:33:58.859 +0300
2026-08-18,CHANNEL,cumulative_price_shocks_net,SA,MEC,5242,2012,38.38,2026-08-31 16:33:58.859 +0300
2026-08-18,CHANNEL,cumulative_price_shocks_net,SA,Others,12214,4342,35.55,2026-08-31 16:33:58.859 +0300
2026-08-18,CHANNEL,cumulative_price_shocks_net,SA,RUH,39495,11444,28.98,2026-08-31 16:33:58.859 +0300
2026-08-18,CHANNEL,cumulative_price_shocks_net,SA,Total,103354,33609,32.52,2026-08-31 16:33:58.859 +0300
2026-08-18,CHANNEL,pd_mismatch,SA,DMM,7130,0,0.00,2026-08-31 16:33:58.859 +0300
2026-08-18,CHANNEL,pd_mismatch,SA,JED,29138,0,0.00,2026-08-31 16:33:58.859 +0300
2026-08-18,CHANNEL,pd_mismatch,SA,MAD,10135,0,0.00,2026-08-31 16:33:58.859 +0300
2026-08-18,CHANNEL,pd_mismatch,SA,MEC,5242,0,0.00,2026-08-31 16:33:58.859 +0300
2026-08-18,CHANNEL,pd_mismatch,SA,Others,12214,1,0.01,2026-08-31 16:33:58.859 +0300
2026-08-18,CHANNEL,pd_mismatch,SA,RUH,39495,0,0.00,2026-08-31 16:33:58.859 +0300
2026-08-18,CHANNEL,pd_mismatch,SA,Total,103354,1,0.00,2026-08-31 16:33:58.859 +0300
2026-08-18,CHANNEL,pickup_mismatch,SA,DMM,7130,0,0.00,2026-08-31 16:33:58.859 +0300
2026-08-18,CHANNEL,pickup_mismatch,SA,JED,29138,1,0.00,2026-08-31 16:33:58.859 +0300
2026-08-18,CHANNEL,pickup_mismatch,SA,MAD,10135,1,0.01,2026-08-31 16:33:58.859 +0300
2026-08-18,CHANNEL,pickup_mismatch,SA,MEC,5242,0,0.00,2026-08-31 16:33:58.859 +0300
2026-08-18,CHANNEL,pickup_mismatch,SA,Others,12214,2,0.02,2026-08-31 16:33:58.859 +0300
2026-08-18,CHANNEL,pickup_mismatch,SA,RUH,39495,1,0.00,2026-08-31 16:33:58.859 +0300
2026-08-18,CHANNEL,pickup_mismatch,SA,Total,103354,5,0.00,2026-08-31 16:33:58.859 +0300
2026-08-18,CHANNEL,residual_fare_increase_net,SA,DMM,7130,1095,15.36,2026-08-31 16:33:58.859 +0300
2026-08-18,CHANNEL,residual_fare_increase_net,SA,JED,29138,4673,16.04,2026-08-31 16:33:58.859 +0300
2026-08-18,CHANNEL,residual_fare_increase_net,SA,MAD,10135,1461,14.42,2026-08-31 16:33:58.859 +0300
2026-08-18,CHANNEL,residual_fare_increase_net,SA,MEC,5242,849,16.20,2026-08-31 16:33:58.859 +0300
2026-08-18,CHANNEL,residual_fare_increase_net,SA,Others,12214,2101,17.20,2026-08-31 16:33:58.859 +0300
2026-08-18,CHANNEL,residual_fare_increase_net,SA,RUH,39495,4454,11.28,2026-08-31 16:33:58.859 +0300
2026-08-18,CHANNEL,residual_fare_increase_net,SA,Total,103354,14633,14.16,2026-08-31 16:33:58.859 +0300
2026-08-18,CHANNEL,rounding_error,SA,DMM,7130,106,1.49,2026-08-31 16:33:58.859 +0300
2026-08-18,CHANNEL,rounding_error,SA,JED,29138,811,2.78,2026-08-31 16:33:58.859 +0300
2026-08-18,CHANNEL,rounding_error,SA,MAD,10135,238,2.35,2026-08-31 16:33:58.859 +0300
2026-08-18,CHANNEL,rounding_error,SA,MEC,5242,89,1.70,2026-08-31 16:33:58.859 +0300
2026-08-18,CHANNEL,rounding_error,SA,Others,12214,237,1.94,2026-08-31 16:33:58.859 +0300
2026-08-18,CHANNEL,rounding_error,SA,RUH,39495,943,2.39,2026-08-31 16:33:58.859 +0300
2026-08-18,CHANNEL,rounding_error,SA,Total,103354,2424,2.35,2026-08-31 16:33:58.859 +0300
2026-08-18,CHANNEL,spillover_recovery,SA,DMM,7130,422,5.92,2026-08-31 16:33:58.859 +0300
2026-08-18,CHANNEL,spillover_recovery,SA,JED,29138,2674,9.18,2026-08-31 16:33:58.859 +0300
2026-08-18,CHANNEL,spillover_recovery,SA,MAD,10135,691,6.82,2026-08-31 16:33:58.859 +0300
2026-08-18,CHANNEL,spillover_recovery,SA,MEC,5242,380,7.25,2026-08-31 16:33:58.859 +0300
2026-08-18,CHANNEL,spillover_recovery,SA,Others,12214,580,4.75,2026-08-31 16:33:58.859 +0300
2026-08-18,CHANNEL,spillover_recovery,SA,RUH,39495,3239,8.20,2026-08-31 16:33:58.859 +0300
2026-08-18,CHANNEL,spillover_recovery,SA,Total,103354,7986,7.73,2026-08-31 16:33:58.859 +0300
2026-08-18,CHANNEL,surcharge_mismatch,SA,DMM,7130,104,1.46,2026-08-31 16:33:58.859 +0300
2026-08-18,CHANNEL,surcharge_mismatch,SA,JED,29138,828,2.84,2026-08-31 16:33:58.859 +0300
2026-08-18,CHANNEL,surcharge_mismatch,SA,MAD,10135,149,1.47,2026-08-31 16:33:58.859 +0300
2026-08-18,CHANNEL,surcharge_mismatch,SA,MEC,5242,46,0.88,2026-08-31 16:33:58.859 +0300
2026-08-18,CHANNEL,surcharge_mismatch,SA,Others,12214,152,1.24,2026-08-31 16:33:58.859 +0300
2026-08-18,CHANNEL,surcharge_mismatch,SA,RUH,39495,609,1.54,2026-08-31 16:33:58.859 +0300
2026-08-18,CHANNEL,surcharge_mismatch,SA,Total,103354,1888,1.83,2026-08-31 16:33:58.859 +0300
2026-08-18,CHANNEL,surge_mismatch,SA,DMM,7130,5,0.07,2026-08-31 16:33:58.859 +0300
2026-08-18,CHANNEL,surge_mismatch,SA,JED,29138,15,0.05,2026-08-31 16:33:58.859 +0300
2026-08-18,CHANNEL,surge_mismatch,SA,MAD,10135,12,0.12,2026-08-31 16:33:58.859 +0300
2026-08-18,CHANNEL,surge_mismatch,SA,MEC,5242,6,0.11,2026-08-31 16:33:58.859 +0300
2026-07-20,CHANNEL,surcharge_mismatch,SA,Others,10297,148,1.44,2026-08-31 16:33:58.859 +0300
2026-07-20,CHANNEL,surcharge_mismatch,SA,RUH,36212,547,1.51,2026-08-31 16:33:58.859 +0300
2026-07-20,CHANNEL,surcharge_mismatch,SA,Total,93027,1570,1.69,2026-08-31 16:33:58.859 +0300
2026-07-20,CHANNEL,surge_mismatch,SA,DMM,5628,0,0.00,2026-08-31 16:33:58.859 +0300
2026-07-20,CHANNEL,surge_mismatch,SA,JED,26535,1,0.00,2026-08-31 16:33:58.859 +0300
2026-07-20,CHANNEL,surge_mismatch,SA,MAD,9528,1,0.01,2026-08-31 16:33:58.859 +0300
2026-07-20,CHANNEL,surge_mismatch,SA,MEC,4827,2,0.04,2026-08-31 16:33:58.859 +0300
2026-07-20,CHANNEL,surge_mismatch,SA,Others,10297,0,0.00,2026-08-31 16:33:58.859 +0300
2026-07-20,CHANNEL,surge_mismatch,SA,RUH,36212,3,0.01,2026-08-31 16:33:58.859 +0300
2026-07-20,CHANNEL,surge_mismatch,SA,Total,93027,7,0.01,2026-08-31 16:33:58.859 +0300
2026-07-20,SCENARIO,beyondB,SA,DMM,5628,2,0.04,2026-08-31 16:33:58.859 +0300
2026-07-20,SCENARIO,beyondB,SA,JED,26535,2,0.01,2026-08-31 16:33:58.859 +0300
2026-07-20,SCENARIO,beyondB,SA,MAD,9528,1,0.01,2026-08-31 16:33:58.859 +0300
2026-07-20,SCENARIO,beyondB,SA,MEC,4827,1,0.02,2026-08-31 16:33:58.859 +0300
2026-07-20,SCENARIO,beyondB,SA,Others,10297,8,0.08,2026-08-31 16:33:58.859 +0300
2026-07-20,SCENARIO,beyondB,SA,RUH,36212,15,0.04,2026-08-31 16:33:58.859 +0300
2026-07-20,SCENARIO,beyondB,SA,Total,93027,29,0.03,2026-08-31 16:33:58.859 +0300
2026-07-20,SCENARIO,withinA_at_dest,SA,DMM,5628,1016,18.05,2026-08-31 16:33:58.859 +0300
2026-07-20,SCENARIO,withinA_at_dest,SA,JED,26535,5291,19.94,2026-08-31 16:33:58.859 +0300
2026-07-20,SCENARIO,withinA_at_dest,SA,MAD,9528,1647,17.29,2026-08-31 16:33:58.859 +0300
2026-07-20,SCENARIO,withinA_at_dest,SA,MEC,4827,1109,22.97,2026-08-31 16:33:58.859 +0300
2026-07-20,SCENARIO,withinA_at_dest,SA,Others,10297,1836,17.83,2026-08-31 16:33:58.859 +0300
2026-07-20,SCENARIO,withinA_at_dest,SA,RUH,36212,6328,17.47,2026-08-31 16:33:58.859 +0300
2026-07-20,SCENARIO,withinA_at_dest,SA,Total,93027,17227,18.52,2026-08-31 16:33:58.859 +0300
2026-07-20,SCENARIO,withinA_not_dest,SA,DMM,5628,143,2.54,2026-08-31 16:33:58.859 +0300
2026-07-20,SCENARIO,withinA_not_dest,SA,JED,26535,535,2.02,2026-08-31 16:33:58.859 +0300
2026-07-20,SCENARIO,withinA_not_dest,SA,MAD,9528,393,4.12,2026-08-31 16:33:58.859 +0300
2026-07-20,SCENARIO,withinA_not_dest,SA,MEC,4827,139,2.88,2026-08-31 16:33:58.859 +0300
2026-07-20,SCENARIO,withinA_not_dest,SA,Others,10297,372,3.61,2026-08-31 16:33:58.859 +0300
2026-07-20,SCENARIO,withinA_not_dest,SA,RUH,36212,834,2.30,2026-08-31 16:33:58.859 +0300
2026-07-20,SCENARIO,withinA_not_dest,SA,Total,93027,2416,2.60,2026-08-31 16:33:58.859 +0300
2026-07-20,SCENARIO,withinB_at_dest,SA,DMM,5628,505,8.97,2026-08-31 16:33:58.859 +0300
2026-07-20,SCENARIO,withinB_at_dest,SA,JED,26535,2751,10.37,2026-08-31 16:33:58.859 +0300
2026-07-20,SCENARIO,withinB_at_dest,SA,MAD,9528,821,8.62,2026-08-31 16:33:58.859 +0300
2026-07-20,SCENARIO,withinB_at_dest,SA,MEC,4827,448,9.28,2026-08-31 16:33:58.859 +0300
2026-07-20,SCENARIO,withinB_at_dest,SA,Others,10297,989,9.60,2026-08-31 16:33:58.859 +0300
2026-07-20,SCENARIO,withinB_at_dest,SA,RUH,36212,3234,8.93,2026-08-31 16:33:58.859 +0300
2026-07-20,SCENARIO,withinB_at_dest,SA,Total,93027,8748,9.40,2026-08-31 16:33:58.859 +0300
2026-07-20,SCENARIO,withinB_not_dest,SA,DMM,5628,138,2.45,2026-08-31 16:33:58.859 +0300
2026-07-20,SCENARIO,withinB_not_dest,SA,JED,26535,766,2.89,2026-08-31 16:33:58.859 +0300
2026-07-20,SCENARIO,withinB_not_dest,SA,MAD,9528,287,3.01,2026-08-31 16:33:58.859 +0300
2026-07-20,SCENARIO,withinB_not_dest,SA,MEC,4827,193,4.00,2026-08-31 16:33:58.859 +0300
2026-07-20,SCENARIO,withinB_not_dest,SA,Others,10297,573,5.56,2026-08-31 16:33:58.859 +0300
2026-07-20,SCENARIO,withinB_not_dest,SA,RUH,36212,1011,2.79,2026-08-31 16:33:58.859 +0300
2026-07-20,SCENARIO,withinB_not_dest,SA,Total,93027,2968,3.19,2026-08-31 16:33:58.859 +0300
2026-07-21,CAUSE_MIX,beyondB,JO,Total,24852,43,0.17,2026-08-31 16:33:58.859 +0300
2026-07-21,CAUSE_MIX,pickup_mismatch,JO,Total,24852,1,0.00,2026-08-31 16:33:58.859 +0300
2026-07-21,CAUSE_MIX,previous_wallet_balance,JO,Total,24852,1415,5.69,2026-08-31 16:33:58.859 +0300
2026-07-21,CAUSE_MIX,surcharge_mismatch,JO,Total,24852,8,0.03,2026-08-31 16:33:58.859 +0300
2026-07-21,CAUSE_MIX,surge_mismatch,JO,Total,24852,8,0.03,2026-08-31 16:33:58.859 +0300
2026-07-21,CAUSE_MIX,waiting_time,JO,Total,24852,9913,39.89,2026-08-31 16:33:58.859 +0300
2026-07-21,CAUSE_MIX,withinA_at_dest,JO,Total,24852,1067,4.29,2026-08-31 16:33:58.859 +0300
2026-07-21,CAUSE_MIX,withinA_not_dest,JO,Total,24852,2446,9.84,2026-08-31 16:33:58.859 +0300
2026-07-21,CAUSE_MIX,withinB_at_dest,JO,Total,24852,7479,30.09,2026-08-31 16:33:58.859 +0300
2026-07-21,CAUSE_MIX,withinB_not_dest,JO,Total,24852,2472,9.95,2026-08-31 16:33:58.859 +0300
2026-07-21,CHANNEL,cumulative_price_shocks_net,JO,AMM,56756,14912,26.27,2026-08-31 16:33:58.859 +0300
2026-07-21,CHANNEL,cumulative_price_shocks_net,JO,IRB,14504,4265,29.41,2026-08-31 16:33:58.859 +0300
2026-07-21,CHANNEL,cumulative_price_shocks_net,JO,Others,2023,507,25.06,2026-08-31 16:33:58.859 +0300
2026-07-21,CHANNEL,cumulative_price_shocks_net,JO,Total,90303,23437,25.95,2026-08-31 16:33:58.859 +0300
2026-07-21,CHANNEL,cumulative_price_shocks_net,JO,ZRQ,17020,3753,22.05,2026-08-31 16:33:58.859 +0300
2026-07-21,CHANNEL,pd_mismatch,JO,AMM,56756,0,0.00,2026-08-31 16:33:58.859 +0300
2026-07-21,CHANNEL,pd_mismatch,JO,IRB,14504,0,0.00,2026-08-31 16:33:58.859 +0300
2026-07-21,CHANNEL,pd_mismatch,JO,Others,2023,0,0.00,2026-08-31 16:33:58.859 +0300
2026-07-21,CHANNEL,pd_mismatch,JO,Total,90303,0,0.00,2026-08-31 16:33:58.859 +0300
2026-07-21,CHANNEL,pd_mismatch,JO,ZRQ,17020,0,0.00,2026-08-31 16:33:58.859 +0300
2026-07-21,CHANNEL,pickup_mismatch,JO,AMM,56756,0,0.00,2026-08-31 16:33:58.859 +0300
2026-07-21,CHANNEL,pickup_mismatch,JO,IRB,14504,0,0.00,2026-08-31 16:33:58.859 +0300
2026-07-21,CHANNEL,pickup_mismatch,JO,Others,2023,1,0.05,2026-08-31 16:33:58.859 +0300
2026-07-21,CHANNEL,pickup_mismatch,JO,Total,90303,1,0.00,2026-08-31 16:33:58.859 +0300
2026-07-21,CHANNEL,pickup_mismatch,JO,ZRQ,17020,0,0.00,2026-08-31 16:33:58.859 +0300
2026-07-21,CHANNEL,residual_fare_increase_net,JO,AMM,56756,9341,16.46,2026-08-31 16:33:58.859 +0300
2026-07-21,CHANNEL,residual_fare_increase_net,JO,IRB,14504,2900,19.99,2026-08-31 16:33:58.859 +0300
2026-07-21,CHANNEL,residual_fare_increase_net,JO,Others,2023,324,16.02,2026-08-31 16:33:58.859 +0300
2026-07-21,CHANNEL,residual_fare_increase_net,JO,Total,90303,14660,16.23,2026-08-31 16:33:58.859 +0300
2026-07-21,CHANNEL,residual_fare_increase_net,JO,ZRQ,17020,2095,12.31,2026-08-31 16:33:58.859 +0300
2026-07-21,CHANNEL,rounding_error,JO,AMM,56756,621,1.09,2026-08-31 16:33:58.859 +0300
2026-07-21,CHANNEL,rounding_error,JO,IRB,14504,168,1.16,2026-08-31 16:33:58.859 +0300
2026-07-21,CHANNEL,rounding_error,JO,Others,2023,24,1.19,2026-08-31 16:33:58.859 +0300
2026-07-21,CHANNEL,rounding_error,JO,Total,90303,1015,1.12,2026-08-31 16:33:58.859 +0300
2026-07-21,CHANNEL,rounding_error,JO,ZRQ,17020,202,1.19,2026-08-31 16:33:58.859 +0300
2026-07-21,CHANNEL,spillover_recovery,JO,AMM,56756,1267,2.23,2026-08-31 16:33:58.859 +0300
2026-07-21,CHANNEL,spillover_recovery,JO,IRB,14504,170,1.17,2026-08-31 16:33:58.859 +0300
2026-07-21,CHANNEL,spillover_recovery,JO,Others,2023,7,0.35,2026-08-31 16:33:58.859 +0300
2026-07-21,CHANNEL,spillover_recovery,JO,Total,90303,1501,1.66,2026-08-31 16:33:58.859 +0300
2026-07-21,CHANNEL,spillover_recovery,JO,ZRQ,17020,57,0.33,2026-08-31 16:33:58.859 +0300
2026-07-21,CHANNEL,surcharge_mismatch,JO,AMM,56756,11,0.02,2026-08-31 16:33:58.859 +0300
2026-07-21,CHANNEL,surcharge_mismatch,JO,IRB,14504,0,0.00,2026-08-31 16:33:58.859 +0300
2026-07-21,CHANNEL,surcharge_mismatch,JO,Others,2023,1,0.05,2026-08-31 16:33:58.859 +0300
2026-07-21,CHANNEL,surcharge_mismatch,JO,Total,90303,18,0.02,2026-08-31 16:33:58.859 +0300
2026-07-21,CHANNEL,surcharge_mismatch,JO,ZRQ,17020,6,0.04,2026-08-31 16:33:58.859 +0300
2026-07-21,CHANNEL,surge_mismatch,JO,AMM,56756,14,0.02,2026-08-31 16:33:58.859 +0300
2026-07-21,CHANNEL,surge_mismatch,JO,IRB,14504,0,0.00,2026-08-31 16:33:58.859 +0300
2026-07-21,CHANNEL,surge_mismatch,JO,Others,2023,0,0.00,2026-08-31 16:33:58.859 +0300
2026-07-21,CHANNEL,surge_mismatch,JO,Total,90303,14,0.02,2026-08-31 16:33:58.859 +0300
2026-07-21,CHANNEL,surge_mismatch,JO,ZRQ,17020,0,0.00,2026-08-31 16:33:58.859 +0300
2026-07-21,SCENARIO,beyondB,JO,AMM,56756,31,0.05,2026-08-31 16:33:58.859 +0300
2026-07-21,SCENARIO,beyondB,JO,IRB,14504,10,0.07,2026-08-31 16:33:58.859 +0300
2026-07-21,SCENARIO,beyondB,JO,Others,2023,1,0.05,2026-08-31 16:33:58.859 +0300
2026-07-21,SCENARIO,beyondB,JO,Total,90303,45,0.05,2026-08-31 16:33:58.859 +0300
2026-07-21,SCENARIO,beyondB,JO,ZRQ,17020,3,0.02,2026-08-31 16:33:58.859 +0300
2026-07-21,SCENARIO,withinA_at_dest,JO,AMM,56756,5455,9.61,2026-08-31 16:33:58.859 +0300
2026-07-21,SCENARIO,withinA_at_dest,JO,IRB,14504,1304,8.99,2026-08-31 16:33:58.859 +0300
2026-07-21,SCENARIO,withinA_at_dest,JO,Others,2023,181,8.95,2026-08-31 16:33:58.859 +0300
2026-07-21,SCENARIO,withinA_at_dest,JO,Total,90303,8567,9.49,2026-08-31 16:33:58.859 +0300
2026-07-21,SCENARIO,withinA_at_dest,JO,ZRQ,17020,1627,9.56,2026-08-31 16:33:58.859 +0300
2026-07-21,SCENARIO,withinA_not_dest,JO,AMM,56756,1537,2.71,2026-08-31 16:33:58.859 +0300
2026-07-21,SCENARIO,withinA_not_dest,JO,IRB,14504,957,6.60,2026-08-31 16:33:58.859 +0300
2026-07-21,SCENARIO,withinA_not_dest,JO,Others,2023,84,4.15,2026-08-31 16:33:58.859 +0300
2026-07-21,SCENARIO,withinA_not_dest,JO,Total,90303,3137,3.47,2026-08-31 16:33:58.859 +0300
2026-07-21,SCENARIO,withinA_not_dest,JO,ZRQ,17020,559,3.28,2026-08-31 16:33:58.859 +0300
2026-07-21,SCENARIO,withinB_at_dest,JO,AMM,56756,6205,10.93,2026-08-31 16:33:58.859 +0300
2026-07-21,SCENARIO,withinB_at_dest,JO,IRB,14504,1209,8.34,2026-08-31 16:33:58.859 +0300
2026-07-21,SCENARIO,withinB_at_dest,JO,Others,2023,154,7.61,2026-08-31 16:33:58.859 +0300
2026-07-21,SCENARIO,withinB_at_dest,JO,Total,90303,8696,9.63,2026-08-31 16:33:58.859 +0300
2026-07-21,SCENARIO,withinB_at_dest,JO,ZRQ,17020,1128,6.63,2026-08-31 16:33:58.859 +0300
2026-07-21,SCENARIO,withinB_not_dest,JO,AMM,56756,1684,2.97,2026-08-31 16:33:58.859 +0300
2026-07-21,SCENARIO,withinB_not_dest,JO,IRB,14504,785,5.41,2026-08-31 16:33:58.859 +0300
2026-07-21,SCENARIO,withinB_not_dest,JO,Others,2023,87,4.30,2026-08-31 16:33:58.859 +0300
2026-07-21,SCENARIO,withinB_not_dest,JO,Total,90303,2992,3.31,2026-08-31 16:33:58.859 +0300
2026-07-21,SCENARIO,withinB_not_dest,JO,ZRQ,17020,436,2.56,2026-08-31 16:33:58.859 +0300
2026-07-21,CAUSE_MIX,beyondB,SA,Total,37238,12,0.03,2026-08-31 16:33:58.859 +0300
2026-07-21,CAUSE_MIX,pickup_mismatch,SA,Total,37238,4,0.01,2026-08-31 16:33:58.859 +0300
2026-07-21,CAUSE_MIX,previous_wallet_balance,SA,Total,37238,6602,17.73,2026-08-31 16:33:58.859 +0300
2026-07-21,CAUSE_MIX,surcharge_mismatch,SA,Total,37238,614,1.65,2026-08-31 16:33:58.859 +0300
2026-07-21,CAUSE_MIX,surge_mismatch,SA,Total,37238,4,0.01,2026-08-31 16:33:58.859 +0300
2026-07-21,CAUSE_MIX,waiting_time,SA,Total,37238,18023,48.40,2026-08-31 16:33:58.859 +0300
2026-07-21,CAUSE_MIX,withinA_at_dest,SA,Total,37238,2388,6.41,2026-08-31 16:33:58.859 +0300
2026-07-21,CAUSE_MIX,withinA_not_dest,SA,Total,37238,1407,3.78,2026-08-31 16:33:58.859 +0300
2026-07-21,CAUSE_MIX,withinB_at_dest,SA,Total,37238,6169,16.57,2026-08-31 16:33:58.859 +0300
2026-07-21,CAUSE_MIX,withinB_not_dest,SA,Total,37238,2015,5.41,2026-08-31 16:33:58.859 +0300
2026-07-21,CHANNEL,cumulative_price_shocks_net,SA,DMM,5444,1742,32.00,2026-08-31 16:33:58.859 +0300
2026-07-21,CHANNEL,cumulative_price_shocks_net,SA,JED,25667,8981,34.99,2026-08-31 16:33:58.859 +0300
2026-07-21,CHANNEL,cumulative_price_shocks_net,SA,MAD,9306,3077,33.06,2026-08-31 16:33:58.859 +0300
2026-07-21,CHANNEL,cumulative_price_shocks_net,SA,MEC,5167,1959,37.91,2026-08-31 16:33:58.859 +0300
2026-07-21,CHANNEL,cumulative_price_shocks_net,SA,Others,10453,3722,35.61,2026-08-31 16:33:58.859 +0300
2026-07-21,CHANNEL,cumulative_price_shocks_net,SA,RUH,34841,10993,31.55,2026-08-31 16:33:58.859 +0300
2026-07-21,CHANNEL,cumulative_price_shocks_net,SA,Total,90878,30474,33.53,2026-08-31 16:33:58.859 +0300
2026-07-21,CHANNEL,pd_mismatch,SA,DMM,5444,0,0.00,2026-08-31 16:33:58.859 +0300
2026-07-21,CHANNEL,pd_mismatch,SA,JED,25667,0,0.00,2026-08-31 16:33:58.859 +0300
2026-07-21,CHANNEL,pd_mismatch,SA,MAD,9306,0,0.00,2026-08-31 16:33:58.859 +0300
2026-07-21,CHANNEL,pd_mismatch,SA,MEC,5167,0,0.00,2026-08-31 16:33:58.859 +0300
2026-07-21,CHANNEL,pd_mismatch,SA,Others,10453,0,0.00,2026-08-31 16:33:58.859 +0300
2026-07-21,CHANNEL,pd_mismatch,SA,RUH,34841,1,0.00,2026-08-31 16:33:58.859 +0300
2026-07-21,CHANNEL,pd_mismatch,SA,Total,90878,1,0.00,2026-08-31 16:33:58.859 +0300
2026-07-21,CHANNEL,pickup_mismatch,SA,DMM,5444,0,0.00,2026-08-31 16:33:58.859 +0300
2026-07-21,CHANNEL,pickup_mismatch,SA,JED,25667,2,0.01,2026-08-31 16:33:58.859 +0300
2026-07-21,CHANNEL,pickup_mismatch,SA,MAD,9306,1,0.01,2026-08-31 16:33:58.859 +0300
2026-07-21,CHANNEL,pickup_mismatch,SA,MEC,5167,1,0.02,2026-08-31 16:33:58.859 +0300
2026-07-21,CHANNEL,pickup_mismatch,SA,Others,10453,2,0.02,2026-08-31 16:33:58.859 +0300
2026-07-21,CHANNEL,pickup_mismatch,SA,RUH,34841,2,0.01,2026-08-31 16:33:58.859 +0300
2026-07-21,CHANNEL,pickup_mismatch,SA,Total,90878,8,0.01,2026-08-31 16:33:58.859 +0300
2026-07-21,CHANNEL,residual_fare_increase_net,SA,DMM,5444,782,14.36,2026-08-31 16:33:58.859 +0300
2026-07-21,CHANNEL,residual_fare_increase_net,SA,JED,25667,3987,15.53,2026-08-31 16:33:58.859 +0300
2026-07-21,CHANNEL,residual_fare_increase_net,SA,MAD,9306,1453,15.61,2026-08-31 16:33:58.859 +0300
2026-07-21,CHANNEL,residual_fare_increase_net,SA,MEC,5167,829,16.04,2026-08-31 16:33:58.859 +0300
2026-07-21,CHANNEL,residual_fare_increase_net,SA,Others,10453,1947,18.63,2026-08-31 16:33:58.859 +0300
2026-07-21,CHANNEL,residual_fare_increase_net,SA,RUH,34841,5125,14.71,2026-08-31 16:33:58.859 +0300
2026-07-21,CHANNEL,residual_fare_increase_net,SA,Total,90878,14123,15.54,2026-08-31 16:33:58.859 +0300
2026-07-21,CHANNEL,rounding_error,SA,DMM,5444,88,1.62,2026-08-31 16:33:58.859 +0300
2026-07-21,CHANNEL,rounding_error,SA,JED,25667,644,2.51,2026-08-31 16:33:58.859 +0300
2026-07-21,CHANNEL,rounding_error,SA,MAD,9306,221,2.37,2026-08-31 16:33:58.859 +0300
2026-07-21,CHANNEL,rounding_error,SA,MEC,5167,86,1.66,2026-08-31 16:33:58.859 +0300
2026-07-21,CHANNEL,rounding_error,SA,Others,10453,195,1.87,2026-08-31 16:33:58.859 +0300
2026-07-21,CHANNEL,rounding_error,SA,RUH,34841,846,2.43,2026-08-31 16:33:58.859 +0300
2026-07-21,CHANNEL,rounding_error,SA,Total,90878,2080,2.29,2026-08-31 16:33:58.859 +0300
2026-07-21,CHANNEL,spillover_recovery,SA,DMM,5444,315,5.79,2026-08-31 16:33:58.859 +0300
2026-07-21,CHANNEL,spillover_recovery,SA,JED,25667,2369,9.23,2026-08-31 16:33:58.859 +0300
2026-07-21,CHANNEL,spillover_recovery,SA,MAD,9306,668,7.18,2026-08-31 16:33:58.859 +0300
2026-07-03,SCENARIO,withinA_not_dest,SA,MEC,4427,159,3.59,2026-08-31 16:33:58.859 +0300
2026-07-03,SCENARIO,withinA_not_dest,SA,Others,9993,383,3.83,2026-08-31 16:33:58.859 +0300
2026-07-03,SCENARIO,withinA_not_dest,SA,RUH,33070,1012,3.06,2026-08-31 16:33:58.859 +0300
2026-07-03,SCENARIO,withinA_not_dest,SA,Total,85733,2853,3.33,2026-08-31 16:33:58.859 +0300
2026-07-03,SCENARIO,withinB_at_dest,SA,DMM,4614,590,12.79,2026-08-31 16:33:58.859 +0300
2026-07-03,SCENARIO,withinB_at_dest,SA,JED,24252,2931,12.09,2026-08-31 16:33:58.859 +0300
2026-07-03,SCENARIO,withinB_at_dest,SA,MAD,9377,895,9.54,2026-08-31 16:33:58.859 +0300
2026-07-03,SCENARIO,withinB_at_dest,SA,MEC,4427,498,11.25,2026-08-31 16:33:58.859 +0300
2026-07-03,SCENARIO,withinB_at_dest,SA,Others,9993,1209,12.10,2026-08-31 16:33:58.859 +0300
2026-07-03,SCENARIO,withinB_at_dest,SA,RUH,33070,3633,10.99,2026-08-31 16:33:58.859 +0300
2026-07-03,SCENARIO,withinB_at_dest,SA,Total,85733,9756,11.38,2026-08-31 16:33:58.859 +0300
2026-07-03,SCENARIO,withinB_not_dest,SA,DMM,4614,206,4.46,2026-08-31 16:33:58.859 +0300
2026-07-03,SCENARIO,withinB_not_dest,SA,JED,24252,877,3.62,2026-08-31 16:33:58.859 +0300
2026-07-03,SCENARIO,withinB_not_dest,SA,MAD,9377,382,4.07,2026-08-31 16:33:58.859 +0300
2026-07-03,SCENARIO,withinB_not_dest,SA,MEC,4427,223,5.04,2026-08-31 16:33:58.859 +0300
2026-07-03,SCENARIO,withinB_not_dest,SA,Others,9993,676,6.76,2026-08-31 16:33:58.859 +0300
2026-07-03,SCENARIO,withinB_not_dest,SA,RUH,33070,1393,4.21,2026-08-31 16:33:58.859 +0300
2026-07-03,SCENARIO,withinB_not_dest,SA,Total,85733,3757,4.38,2026-08-31 16:33:58.859 +0300
2026-07-04,CAUSE_MIX,beyondB,JO,Total,19353,47,0.24,2026-08-31 16:33:58.859 +0300
2026-07-04,CAUSE_MIX,pd_mismatch,JO,Total,19353,1,0.01,2026-08-31 16:33:58.859 +0300
2026-07-04,CAUSE_MIX,pickup_mismatch,JO,Total,19353,1,0.01,2026-08-31 16:33:58.859 +0300
2026-07-04,CAUSE_MIX,previous_wallet_balance,JO,Total,19353,950,4.91,2026-08-31 16:33:58.859 +0300
2026-07-04,CAUSE_MIX,surcharge_mismatch,JO,Total,19353,12,0.06,2026-08-31 16:33:58.859 +0300
2026-07-04,CAUSE_MIX,surge_mismatch,JO,Total,19353,4,0.02,2026-08-31 16:33:58.859 +0300
2026-07-04,CAUSE_MIX,waiting_time,JO,Total,19353,8102,41.86,2026-08-31 16:33:58.859 +0300
2026-07-04,CAUSE_MIX,withinA_at_dest,JO,Total,19353,804,4.15,2026-08-31 16:33:58.859 +0300
2026-07-04,CAUSE_MIX,withinA_not_dest,JO,Total,19353,2530,13.07,2026-08-31 16:33:58.859 +0300
2026-07-04,CAUSE_MIX,withinB_at_dest,JO,Total,19353,4805,24.83,2026-08-31 16:33:58.859 +0300
2026-07-04,CAUSE_MIX,withinB_not_dest,JO,Total,19353,2097,10.84,2026-08-31 16:33:58.859 +0300
2026-07-04,CHANNEL,cumulative_price_shocks_net,JO,AMM,45634,10788,23.64,2026-08-31 16:33:58.859 +0300
2026-07-04,CHANNEL,cumulative_price_shocks_net,JO,IRB,12098,3570,29.51,2026-08-31 16:33:58.859 +0300
2026-07-04,CHANNEL,cumulative_price_shocks_net,JO,Others,1436,351,24.44,2026-08-31 16:33:58.859 +0300
2026-07-04,CHANNEL,cumulative_price_shocks_net,JO,Total,75875,18403,24.25,2026-08-31 16:33:58.859 +0300
2026-07-04,CHANNEL,cumulative_price_shocks_net,JO,ZRQ,16707,3694,22.11,2026-08-31 16:33:58.859 +0300
2026-07-04,CHANNEL,pd_mismatch,JO,AMM,45634,2,0.00,2026-08-31 16:33:58.859 +0300
2026-07-04,CHANNEL,pd_mismatch,JO,IRB,12098,1,0.01,2026-08-31 16:33:58.859 +0300
2026-07-04,CHANNEL,pd_mismatch,JO,Others,1436,0,0.00,2026-08-31 16:33:58.859 +0300
2026-07-04,CHANNEL,pd_mismatch,JO,Total,75875,4,0.01,2026-08-31 16:33:58.859 +0300
2026-07-04,CHANNEL,pd_mismatch,JO,ZRQ,16707,1,0.01,2026-08-31 16:33:58.859 +0300
2026-07-04,CHANNEL,pickup_mismatch,JO,AMM,45634,0,0.00,2026-08-31 16:33:58.859 +0300
2026-07-04,CHANNEL,pickup_mismatch,JO,IRB,12098,1,0.01,2026-08-31 16:33:58.859 +0300
2026-07-04,CHANNEL,pickup_mismatch,JO,Others,1436,0,0.00,2026-08-31 16:33:58.859 +0300
2026-07-04,CHANNEL,pickup_mismatch,JO,Total,75875,1,0.00,2026-08-31 16:33:58.859 +0300
2026-07-04,CHANNEL,pickup_mismatch,JO,ZRQ,16707,0,0.00,2026-08-31 16:33:58.859 +0300
2026-07-04,CHANNEL,residual_fare_increase_net,JO,AMM,45634,6359,13.93,2026-08-31 16:33:58.859 +0300
2026-07-04,CHANNEL,residual_fare_increase_net,JO,IRB,12098,2433,20.11,2026-08-31 16:33:58.859 +0300
2026-07-04,CHANNEL,residual_fare_increase_net,JO,Others,1436,219,15.25,2026-08-31 16:33:58.859 +0300
2026-07-04,CHANNEL,residual_fare_increase_net,JO,Total,75875,11073,14.59,2026-08-31 16:33:58.859 +0300
2026-07-04,CHANNEL,residual_fare_increase_net,JO,ZRQ,16707,2062,12.34,2026-08-31 16:33:58.859 +0300
2026-07-04,CHANNEL,rounding_error,JO,AMM,45634,505,1.11,2026-08-31 16:33:58.859 +0300
2026-07-04,CHANNEL,rounding_error,JO,IRB,12098,140,1.16,2026-08-31 16:33:58.859 +0300
2026-07-04,CHANNEL,rounding_error,JO,Others,1436,17,1.18,2026-08-31 16:33:58.859 +0300
2026-07-04,CHANNEL,rounding_error,JO,Total,75875,858,1.13,2026-08-31 16:33:58.859 +0300
2026-07-04,CHANNEL,rounding_error,JO,ZRQ,16707,196,1.17,2026-08-31 16:33:58.859 +0300
2026-07-04,CHANNEL,spillover_recovery,JO,AMM,45634,820,1.80,2026-08-31 16:33:58.859 +0300
2026-07-04,CHANNEL,spillover_recovery,JO,IRB,12098,110,0.91,2026-08-31 16:33:58.859 +0300
2026-07-04,CHANNEL,spillover_recovery,JO,Others,1436,7,0.49,2026-08-31 16:33:58.859 +0300
2026-07-04,CHANNEL,spillover_recovery,JO,Total,75875,1000,1.32,2026-08-31 16:33:58.859 +0300
2026-07-04,CHANNEL,spillover_recovery,JO,ZRQ,16707,63,0.38,2026-08-31 16:33:58.859 +0300
2026-07-04,CHANNEL,surcharge_mismatch,JO,AMM,45634,11,0.02,2026-08-31 16:33:58.859 +0300
2026-07-04,CHANNEL,surcharge_mismatch,JO,IRB,12098,0,0.00,2026-08-31 16:33:58.859 +0300
2026-07-04,CHANNEL,surcharge_mismatch,JO,Others,1436,0,0.00,2026-08-31 16:33:58.859 +0300
2026-07-04,CHANNEL,surcharge_mismatch,JO,Total,75875,21,0.03,2026-08-31 16:33:58.859 +0300
2026-07-04,CHANNEL,surcharge_mismatch,JO,ZRQ,16707,10,0.06,2026-08-31 16:33:58.859 +0300
2026-07-04,CHANNEL,surge_mismatch,JO,AMM,45634,5,0.01,2026-08-31 16:33:58.859 +0300
2026-07-04,CHANNEL,surge_mismatch,JO,IRB,12098,0,0.00,2026-08-31 16:33:58.859 +0300
2026-07-04,CHANNEL,surge_mismatch,JO,Others,1436,0,0.00,2026-08-31 16:33:58.859 +0300
2026-07-04,CHANNEL,surge_mismatch,JO,Total,75875,6,0.01,2026-08-31 16:33:58.859 +0300
2026-07-04,CHANNEL,surge_mismatch,JO,ZRQ,16707,1,0.01,2026-08-31 16:33:58.859 +0300
2026-07-04,SCENARIO,beyondB,JO,AMM,45634,32,0.07,2026-08-31 16:33:58.859 +0300
2026-07-04,SCENARIO,beyondB,JO,IRB,12098,11,0.09,2026-08-31 16:33:58.859 +0300
2026-07-04,SCENARIO,beyondB,JO,Others,1436,1,0.07,2026-08-31 16:33:58.859 +0300
2026-07-04,SCENARIO,beyondB,JO,Total,75875,51,0.07,2026-08-31 16:33:58.859 +0300
2026-07-04,SCENARIO,beyondB,JO,ZRQ,16707,7,0.04,2026-08-31 16:33:58.859 +0300
2026-07-04,SCENARIO,withinA_at_dest,JO,AMM,45634,4328,9.48,2026-08-31 16:33:58.859 +0300
2026-07-04,SCENARIO,withinA_at_dest,JO,IRB,12098,1072,8.86,2026-08-31 16:33:58.859 +0300
2026-07-04,SCENARIO,withinA_at_dest,JO,Others,1436,129,8.98,2026-08-31 16:33:58.859 +0300
2026-07-04,SCENARIO,withinA_at_dest,JO,Total,75875,7119,9.38,2026-08-31 16:33:58.859 +0300
2026-07-04,SCENARIO,withinA_at_dest,JO,ZRQ,16707,1590,9.52,2026-08-31 16:33:58.859 +0300
2026-07-04,SCENARIO,withinA_not_dest,JO,AMM,45634,1489,3.26,2026-08-31 16:33:58.859 +0300
2026-07-04,SCENARIO,withinA_not_dest,JO,IRB,12098,984,8.13,2026-08-31 16:33:58.859 +0300
2026-07-04,SCENARIO,withinA_not_dest,JO,Others,1436,55,3.83,2026-08-31 16:33:58.859 +0300
2026-07-04,SCENARIO,withinA_not_dest,JO,Total,75875,3176,4.19,2026-08-31 16:33:58.859 +0300
2026-07-04,SCENARIO,withinA_not_dest,JO,ZRQ,16707,648,3.88,2026-08-31 16:33:58.859 +0300
2026-07-04,SCENARIO,withinB_at_dest,JO,AMM,45634,3589,7.86,2026-08-31 16:33:58.859 +0300
2026-07-04,SCENARIO,withinB_at_dest,JO,IRB,12098,860,7.11,2026-08-31 16:33:58.859 +0300
2026-07-04,SCENARIO,withinB_at_dest,JO,Others,1436,103,7.17,2026-08-31 16:33:58.859 +0300
2026-07-04,SCENARIO,withinB_at_dest,JO,Total,75875,5580,7.35,2026-08-31 16:33:58.859 +0300
2026-07-04,SCENARIO,withinB_at_dest,JO,ZRQ,16707,1028,6.15,2026-08-31 16:33:58.859 +0300
2026-07-04,SCENARIO,withinB_not_dest,JO,AMM,45634,1350,2.96,2026-08-31 16:33:58.859 +0300
2026-07-04,SCENARIO,withinB_not_dest,JO,IRB,12098,643,5.31,2026-08-31 16:33:58.859 +0300
2026-07-04,SCENARIO,withinB_not_dest,JO,Others,1436,63,4.39,2026-08-31 16:33:58.859 +0300
2026-07-04,SCENARIO,withinB_not_dest,JO,Total,75875,2477,3.26,2026-08-31 16:33:58.859 +0300
2026-07-04,SCENARIO,withinB_not_dest,JO,ZRQ,16707,421,2.52,2026-08-31 16:33:58.859 +0300
2026-07-04,CAUSE_MIX,beyondB,SA,Total,42225,24,0.06,2026-08-31 16:33:58.859 +0300
2026-07-04,CAUSE_MIX,pd_mismatch,SA,Total,42225,4,0.01,2026-08-31 16:33:58.859 +0300
2026-07-04,CAUSE_MIX,pickup_mismatch,SA,Total,42225,3,0.01,2026-08-31 16:33:58.859 +0300
2026-07-04,CAUSE_MIX,previous_wallet_balance,SA,Total,42225,5866,13.89,2026-08-31 16:33:58.859 +0300
2026-07-04,CAUSE_MIX,surcharge_mismatch,SA,Total,42225,660,1.56,2026-08-31 16:33:58.859 +0300
2026-07-04,CAUSE_MIX,surge_mismatch,SA,Total,42225,34,0.08,2026-08-31 16:33:58.859 +0300
2026-07-04,CAUSE_MIX,waiting_time,SA,Total,42225,20062,47.51,2026-08-31 16:33:58.859 +0300
2026-07-04,CAUSE_MIX,withinA_at_dest,SA,Total,42225,3206,7.59,2026-08-31 16:33:58.859 +0300
2026-07-04,CAUSE_MIX,withinA_not_dest,SA,Total,42225,1822,4.31,2026-08-31 16:33:58.859 +0300
2026-07-04,CAUSE_MIX,withinB_at_dest,SA,Total,42225,7859,18.61,2026-08-31 16:33:58.859 +0300
2026-07-04,CAUSE_MIX,withinB_not_dest,SA,Total,42225,2685,6.36,2026-08-31 16:33:58.859 +0300
2026-07-04,CHANNEL,cumulative_price_shocks_net,SA,DMM,5439,1924,35.37,2026-08-31 16:33:58.859 +0300
2026-07-04,CHANNEL,cumulative_price_shocks_net,SA,JED,28659,10925,38.12,2026-08-31 16:33:58.859 +0300
2026-07-04,CHANNEL,cumulative_price_shocks_net,SA,MAD,10669,3820,35.80,2026-08-31 16:33:58.859 +0300
2026-07-04,CHANNEL,cumulative_price_shocks_net,SA,MEC,5203,2126,40.86,2026-08-31 16:33:58.859 +0300
2026-07-04,CHANNEL,cumulative_price_shocks_net,SA,Others,11464,4529,39.51,2026-08-31 16:33:58.859 +0300
2026-07-04,CHANNEL,cumulative_price_shocks_net,SA,RUH,37464,12894,34.42,2026-08-31 16:33:58.859 +0300
2026-07-04,CHANNEL,cumulative_price_shocks_net,SA,Total,98898,36218,36.62,2026-08-31 16:33:58.859 +0300
2026-07-04,CHANNEL,pd_mismatch,SA,DMM,5439,2,0.04,2026-08-31 16:33:58.859 +0300
2026-07-04,CHANNEL,pd_mismatch,SA,JED,28659,1,0.00,2026-08-31 16:33:58.859 +0300
2026-07-04,CHANNEL,pd_mismatch,SA,MAD,10669,0,0.00,2026-08-31 16:33:58.859 +0300
2026-07-04,CHANNEL,pd_mismatch,SA,MEC,5203,1,0.02,2026-08-31 16:33:58.859 +0300
2026-07-04,CHANNEL,pd_mismatch,SA,Others,11464,2,0.02,2026-08-31 16:33:58.859 +0300
2026-07-04,CHANNEL,pd_mismatch,SA,RUH,37464,8,0.02,2026-08-31 16:33:58.859 +0300
2026-07-04,CHANNEL,pd_mismatch,SA,Total,98898,14,0.01,2026-08-31 16:33:58.859 +0300
2026-07-04,CHANNEL,pickup_mismatch,SA,DMM,5439,0,0.00,2026-08-31 16:33:58.859 +0300
2026-07-04,CHANNEL,pickup_mismatch,SA,JED,28659,1,0.00,2026-08-31 16:33:58.859 +0300
2026-07-04,CHANNEL,pickup_mismatch,SA,MAD,10669,0,0.00,2026-08-31 16:33:58.859 +0300
2026-07-04,CHANNEL,pickup_mismatch,SA,MEC,5203,0,0.00,2026-08-31 16:33:58.859 +0300
2026-07-04,CHANNEL,pickup_mismatch,SA,Others,11464,2,0.02,2026-08-31 16:33:58.859 +0300
2026-07-04,CHANNEL,pickup_mismatch,SA,RUH,37464,1,0.00,2026-08-31 16:33:58.859 +0300
2026-07-04,CHANNEL,pickup_mismatch,SA,Total,98898,4,0.00,2026-08-31 16:33:58.859 +0300
2026-07-04,CHANNEL,residual_fare_increase_net,SA,DMM,5439,958,17.61,2026-08-31 16:33:58.859 +0300
2026-07-04,CHANNEL,residual_fare_increase_net,SA,JED,28659,5229,18.25,2026-08-31 16:33:58.859 +0300
2026-07-04,CHANNEL,residual_fare_increase_net,SA,MAD,10669,1899,17.80,2026-08-31 16:33:58.859 +0300
2026-07-04,CHANNEL,residual_fare_increase_net,SA,MEC,5203,971,18.66,2026-08-31 16:33:58.859 +0300
2026-07-04,CHANNEL,residual_fare_increase_net,SA,Others,11464,2505,21.85,2026-08-31 16:33:58.859 +0300
2026-07-04,CHANNEL,residual_fare_increase_net,SA,RUH,37464,6571,17.54,2026-08-31 16:33:58.859 +0300
2026-07-04,CHANNEL,residual_fare_increase_net,SA,Total,98898,18133,18.34,2026-08-31 16:33:58.859 +0300
2026-07-04,CHANNEL,rounding_error,SA,DMM,5439,124,2.28,2026-08-31 16:33:58.859 +0300
2026-07-04,CHANNEL,rounding_error,SA,JED,28659,719,2.51,2026-08-31 16:33:58.859 +0300
2026-07-04,CHANNEL,rounding_error,SA,MAD,10669,305,2.86,2026-08-31 16:33:58.859 +0300
2026-07-04,CHANNEL,rounding_error,SA,MEC,5203,114,2.19,2026-08-31 16:33:58.859 +0300
2026-07-04,CHANNEL,rounding_error,SA,Others,11464,194,1.69,2026-08-31 16:33:58.859 +0300
2026-07-04,CHANNEL,rounding_error,SA,RUH,37464,868,2.32,2026-08-31 16:33:58.859 +0300
2026-07-04,CHANNEL,rounding_error,SA,Total,98898,2324,2.35,2026-08-31 16:33:58.859 +0300
2026-07-04,CHANNEL,spillover_recovery,SA,DMM,5439,272,5.00,2026-08-31 16:33:58.859 +0300
2026-07-04,CHANNEL,spillover_recovery,SA,JED,28659,2205,7.69,2026-08-31 16:33:58.859 +0300
2026-07-04,CHANNEL,spillover_recovery,SA,MAD,10669,644,6.04,2026-08-31 16:33:58.859 +0300
2026-07-04,CHANNEL,spillover_recovery,SA,MEC,5203,309,5.94,2026-08-31 16:33:58.859 +0300
2026-07-04,CHANNEL,spillover_recovery,SA,Others,11464,516,4.50,2026-08-31 16:33:58.859 +0300
2026-07-04,CHANNEL,spillover_recovery,SA,RUH,37464,2476,6.61,2026-08-31 16:33:58.859 +0300
2026-07-04,CHANNEL,spillover_recovery,SA,Total,98898,6422,6.49,2026-08-31 16:33:58.859 +0300
2026-07-04,CHANNEL,surcharge_mismatch,SA,DMM,5439,75,1.38,2026-08-31 16:33:58.859 +0300
2026-07-04,CHANNEL,surcharge_mismatch,SA,JED,28659,704,2.46,2026-08-31 16:33:58.859 +0300
2026-07-04,CHANNEL,surcharge_mismatch,SA,MAD,10669,139,1.30,2026-08-31 16:33:58.859 +0300
2026-07-04,CHANNEL,surcharge_mismatch,SA,MEC,5203,48,0.92,2026-08-31 16:33:58.859 +0300
2026-07-04,CHANNEL,surcharge_mismatch,SA,Others,11464,173,1.51,2026-08-31 16:33:58.859 +0300
2026-07-04,CHANNEL,surcharge_mismatch,SA,RUH,37464,545,1.45,2026-08-31 16:33:58.859 +0300
2026-07-04,CHANNEL,surcharge_mismatch,SA,Total,98898,1684,1.70,2026-08-31 16:33:58.859 +0300
2026-07-04,CHANNEL,surge_mismatch,SA,DMM,5439,3,0.06,2026-08-31 16:33:58.859 +0300
2026-07-04,CHANNEL,surge_mismatch,SA,JED,28659,19,0.07,2026-08-31 16:33:58.859 +0300
2026-07-04,CHANNEL,surge_mismatch,SA,MAD,10669,13,0.12,2026-08-31 16:33:58.859 +0300
2026-07-04,CHANNEL,surge_mismatch,SA,MEC,5203,2,0.04,2026-08-31 16:33:58.859 +0300
2026-07-04,CHANNEL,surge_mismatch,SA,Others,11464,0,0.00,2026-08-31 16:33:58.859 +0300
2026-07-04,CHANNEL,surge_mismatch,SA,RUH,37464,16,0.04,2026-08-31 16:33:58.859 +0300
2026-07-04,CHANNEL,surge_mismatch,SA,Total,98898,53,0.05,2026-08-31 16:33:58.859 +0300
2026-07-04,SCENARIO,beyondB,SA,DMM,5439,2,0.04,2026-08-31 16:33:58.859 +0300
2026-07-04,SCENARIO,beyondB,SA,JED,28659,6,0.02,2026-08-31 16:33:58.859 +0300
2026-07-04,SCENARIO,beyondB,SA,MAD,10669,1,0.01,2026-08-31 16:33:58.859 +0300
2026-07-04,SCENARIO,beyondB,SA,MEC,5203,2,0.04,2026-08-31 16:33:58.859 +0300
2026-07-04,SCENARIO,beyondB,SA,Others,11464,7,0.06,2026-08-31 16:33:58.859 +0300
2026-08-18,CHANNEL,surge_mismatch,SA,Others,12214,0,0.00,2026-08-31 16:33:58.859 +0300
2026-08-18,CHANNEL,surge_mismatch,SA,RUH,39495,36,0.09,2026-08-31 16:33:58.859 +0300
2026-08-18,CHANNEL,surge_mismatch,SA,Total,103354,74,0.07,2026-08-31 16:33:58.859 +0300
2026-08-18,SCENARIO,beyondB,SA,DMM,7130,0,0.00,2026-08-31 16:33:58.859 +0300
2026-08-18,SCENARIO,beyondB,SA,JED,29138,12,0.04,2026-08-31 16:33:58.859 +0300
2026-08-18,SCENARIO,beyondB,SA,MAD,10135,1,0.01,2026-08-31 16:33:58.859 +0300
2026-08-18,SCENARIO,beyondB,SA,MEC,5242,2,0.04,2026-08-31 16:33:58.859 +0300
2026-08-18,SCENARIO,beyondB,SA,Others,12214,5,0.04,2026-08-31 16:33:58.859 +0300
2026-08-18,SCENARIO,beyondB,SA,RUH,39495,10,0.03,2026-08-31 16:33:58.859 +0300
2026-08-18,SCENARIO,beyondB,SA,Total,103354,30,0.03,2026-08-31 16:33:58.859 +0300
2026-08-18,SCENARIO,withinA_at_dest,SA,DMM,7130,1218,17.08,2026-08-31 16:33:58.859 +0300
2026-08-18,SCENARIO,withinA_at_dest,SA,JED,29138,5731,19.67,2026-08-31 16:33:58.859 +0300
2026-08-18,SCENARIO,withinA_at_dest,SA,MAD,10135,1779,17.55,2026-08-31 16:33:58.859 +0300
2026-08-18,SCENARIO,withinA_at_dest,SA,MEC,5242,1147,21.88,2026-08-31 16:33:58.859 +0300
2026-08-18,SCENARIO,withinA_at_dest,SA,Others,12214,2223,18.20,2026-08-31 16:33:58.859 +0300
2026-08-18,SCENARIO,withinA_at_dest,SA,RUH,39495,7362,18.64,2026-08-31 16:33:58.859 +0300
2026-08-18,SCENARIO,withinA_at_dest,SA,Total,103354,19460,18.83,2026-08-31 16:33:58.859 +0300
2026-08-18,SCENARIO,withinA_not_dest,SA,DMM,7130,167,2.34,2026-08-31 16:33:58.859 +0300
2026-08-18,SCENARIO,withinA_not_dest,SA,JED,29138,555,1.90,2026-08-31 16:33:58.859 +0300
2026-08-18,SCENARIO,withinA_not_dest,SA,MAD,10135,362,3.57,2026-08-31 16:33:58.859 +0300
2026-08-18,SCENARIO,withinA_not_dest,SA,MEC,5242,155,2.96,2026-08-31 16:33:58.859 +0300
2026-08-18,SCENARIO,withinA_not_dest,SA,Others,12214,388,3.18,2026-08-31 16:33:58.859 +0300
2026-08-18,SCENARIO,withinA_not_dest,SA,RUH,39495,862,2.18,2026-08-31 16:33:58.859 +0300
2026-08-18,SCENARIO,withinA_not_dest,SA,Total,103354,2489,2.41,2026-08-31 16:33:58.859 +0300
2026-08-18,SCENARIO,withinB_at_dest,SA,DMM,7130,714,10.01,2026-08-31 16:33:58.859 +0300
2026-08-18,SCENARIO,withinB_at_dest,SA,JED,29138,3199,10.98,2026-08-31 16:33:58.859 +0300
2026-08-18,SCENARIO,withinB_at_dest,SA,MAD,10135,780,7.70,2026-08-31 16:33:58.859 +0300
2026-08-18,SCENARIO,withinB_at_dest,SA,MEC,5242,496,9.46,2026-08-31 16:33:58.859 +0300
2026-08-18,SCENARIO,withinB_at_dest,SA,Others,12214,1095,8.97,2026-08-31 16:33:58.859 +0300
2026-08-18,SCENARIO,withinB_at_dest,SA,RUH,39495,2261,5.72,2026-08-31 16:33:58.859 +0300
2026-08-18,SCENARIO,withinB_at_dest,SA,Total,103354,8545,8.27,2026-08-31 16:33:58.859 +0300
2026-08-18,SCENARIO,withinB_not_dest,SA,DMM,7130,193,2.71,2026-08-31 16:33:58.859 +0300
2026-08-18,SCENARIO,withinB_not_dest,SA,JED,29138,778,2.67,2026-08-31 16:33:58.859 +0300
2026-08-18,SCENARIO,withinB_not_dest,SA,MAD,10135,322,3.18,2026-08-31 16:33:58.859 +0300
2026-08-18,SCENARIO,withinB_not_dest,SA,MEC,5242,212,4.04,2026-08-31 16:33:58.859 +0300
2026-08-18,SCENARIO,withinB_not_dest,SA,Others,12214,631,5.17,2026-08-31 16:33:58.859 +0300
2026-08-18,SCENARIO,withinB_not_dest,SA,RUH,39495,949,2.40,2026-08-31 16:33:58.859 +0300
2026-08-18,SCENARIO,withinB_not_dest,SA,Total,103354,3085,2.98,2026-08-31 16:33:58.859 +0300
2026-08-19,CAUSE_MIX,beyondB,JO,Total,21094,57,0.27,2026-08-31 16:33:58.859 +0300
2026-08-19,CAUSE_MIX,pickup_mismatch,JO,Total,21094,2,0.01,2026-08-31 16:33:58.859 +0300
2026-08-19,CAUSE_MIX,previous_wallet_balance,JO,Total,21094,1143,5.42,2026-08-31 16:33:58.859 +0300
2026-08-19,CAUSE_MIX,surcharge_mismatch,JO,Total,21094,14,0.07,2026-08-31 16:33:58.859 +0300
2026-08-19,CAUSE_MIX,surge_mismatch,JO,Total,21094,11,0.05,2026-08-31 16:33:58.859 +0300
2026-08-19,CAUSE_MIX,waiting_time,JO,Total,21094,9492,45.00,2026-08-31 16:33:58.859 +0300
2026-08-19,CAUSE_MIX,withinA_at_dest,JO,Total,21094,1045,4.95,2026-08-31 16:33:58.859 +0300
2026-08-19,CAUSE_MIX,withinA_not_dest,JO,Total,21094,2551,12.09,2026-08-31 16:33:58.859 +0300
2026-08-19,CAUSE_MIX,withinB_at_dest,JO,Total,21094,4581,21.72,2026-08-31 16:33:58.859 +0300
2026-08-19,CAUSE_MIX,withinB_not_dest,JO,Total,21094,2198,10.42,2026-08-31 16:33:58.859 +0300
2026-08-19,CHANNEL,cumulative_price_shocks_net,JO,AMM,55636,11913,21.41,2026-08-31 16:33:58.859 +0300
2026-08-19,CHANNEL,cumulative_price_shocks_net,JO,IRB,14148,3856,27.25,2026-08-31 16:33:58.859 +0300
2026-08-19,CHANNEL,cumulative_price_shocks_net,JO,Others,1987,491,24.71,2026-08-31 16:33:58.859 +0300
2026-08-19,CHANNEL,cumulative_price_shocks_net,JO,Total,88810,19951,22.46,2026-08-31 16:33:58.859 +0300
2026-08-19,CHANNEL,cumulative_price_shocks_net,JO,ZRQ,17039,3691,21.66,2026-08-31 16:33:58.859 +0300
2026-08-19,CHANNEL,pd_mismatch,JO,AMM,55636,0,0.00,2026-08-31 16:33:58.859 +0300
2026-08-19,CHANNEL,pd_mismatch,JO,IRB,14148,0,0.00,2026-08-31 16:33:58.859 +0300
2026-08-19,CHANNEL,pd_mismatch,JO,Others,1987,0,0.00,2026-08-31 16:33:58.859 +0300
2026-08-19,CHANNEL,pd_mismatch,JO,Total,88810,0,0.00,2026-08-31 16:33:58.859 +0300
2026-08-19,CHANNEL,pd_mismatch,JO,ZRQ,17039,0,0.00,2026-08-31 16:33:58.859 +0300
2026-08-19,CHANNEL,pickup_mismatch,JO,AMM,55636,2,0.00,2026-08-31 16:33:58.859 +0300
2026-08-19,CHANNEL,pickup_mismatch,JO,IRB,14148,0,0.00,2026-08-31 16:33:58.859 +0300
2026-08-19,CHANNEL,pickup_mismatch,JO,Others,1987,0,0.00,2026-08-31 16:33:58.859 +0300
2026-08-19,CHANNEL,pickup_mismatch,JO,Total,88810,2,0.00,2026-08-31 16:33:58.859 +0300
2026-08-19,CHANNEL,pickup_mismatch,JO,ZRQ,17039,0,0.00,2026-08-31 16:33:58.859 +0300
2026-08-19,CHANNEL,residual_fare_increase_net,JO,AMM,55636,6118,11.00,2026-08-31 16:33:58.859 +0300
2026-08-19,CHANNEL,residual_fare_increase_net,JO,IRB,14148,2560,18.09,2026-08-31 16:33:58.859 +0300
2026-08-19,CHANNEL,residual_fare_increase_net,JO,Others,1987,265,13.34,2026-08-31 16:33:58.859 +0300
2026-08-19,CHANNEL,residual_fare_increase_net,JO,Total,88810,11013,12.40,2026-08-31 16:33:58.859 +0300
2026-08-19,CHANNEL,residual_fare_increase_net,JO,ZRQ,17039,2070,12.15,2026-08-31 16:33:58.859 +0300
2026-08-19,CHANNEL,rounding_error,JO,AMM,55636,641,1.15,2026-08-31 16:33:58.859 +0300
2026-08-19,CHANNEL,rounding_error,JO,IRB,14148,171,1.21,2026-08-31 16:33:58.859 +0300
2026-08-19,CHANNEL,rounding_error,JO,Others,1987,25,1.26,2026-08-31 16:33:58.859 +0300
2026-08-19,CHANNEL,rounding_error,JO,Total,88810,1024,1.15,2026-08-31 16:33:58.859 +0300
2026-08-19,CHANNEL,rounding_error,JO,ZRQ,17039,187,1.10,2026-08-31 16:33:58.859 +0300
2026-08-19,CHANNEL,spillover_recovery,JO,AMM,55636,963,1.73,2026-08-31 16:33:58.859 +0300
2026-08-19,CHANNEL,spillover_recovery,JO,IRB,14148,176,1.24,2026-08-31 16:33:58.859 +0300
2026-08-19,CHANNEL,spillover_recovery,JO,Others,1987,12,0.60,2026-08-31 16:33:58.859 +0300
2026-08-19,CHANNEL,spillover_recovery,JO,Total,88810,1214,1.37,2026-08-31 16:33:58.859 +0300
2026-08-19,CHANNEL,spillover_recovery,JO,ZRQ,17039,63,0.37,2026-08-31 16:33:58.859 +0300
2026-08-19,CHANNEL,surcharge_mismatch,JO,AMM,55636,14,0.03,2026-08-31 16:33:58.859 +0300
2026-08-19,CHANNEL,surcharge_mismatch,JO,IRB,14148,0,0.00,2026-08-31 16:33:58.859 +0300
2026-08-19,CHANNEL,surcharge_mismatch,JO,Others,1987,1,0.05,2026-08-31 16:33:58.859 +0300
2026-08-19,CHANNEL,surcharge_mismatch,JO,Total,88810,25,0.03,2026-08-31 16:33:58.859 +0300
2026-08-19,CHANNEL,surcharge_mismatch,JO,ZRQ,17039,10,0.06,2026-08-31 16:33:58.859 +0300
2026-08-19,CHANNEL,surge_mismatch,JO,AMM,55636,16,0.03,2026-08-31 16:33:58.859 +0300
2026-08-19,CHANNEL,surge_mismatch,JO,IRB,14148,0,0.00,2026-08-31 16:33:58.859 +0300
2026-08-19,CHANNEL,surge_mismatch,JO,Others,1987,0,0.00,2026-08-31 16:33:58.859 +0300
2026-08-19,CHANNEL,surge_mismatch,JO,Total,88810,18,0.02,2026-08-31 16:33:58.859 +0300
2026-08-19,CHANNEL,surge_mismatch,JO,ZRQ,17039,2,0.01,2026-08-31 16:33:58.859 +0300
2026-08-19,SCENARIO,beyondB,JO,AMM,55636,47,0.08,2026-08-31 16:33:58.859 +0300
2026-08-19,SCENARIO,beyondB,JO,IRB,14148,4,0.03,2026-08-31 16:33:58.859 +0300
2026-08-19,SCENARIO,beyondB,JO,Others,1987,3,0.15,2026-08-31 16:33:58.859 +0300
2026-08-19,SCENARIO,beyondB,JO,Total,88810,62,0.07,2026-08-31 16:33:58.859 +0300
2026-08-19,SCENARIO,beyondB,JO,ZRQ,17039,8,0.05,2026-08-31 16:33:58.859 +0300
2026-08-19,SCENARIO,withinA_at_dest,JO,AMM,55636,5696,10.24,2026-08-31 16:33:58.859 +0300
2026-08-19,SCENARIO,withinA_at_dest,JO,IRB,14148,1243,8.79,2026-08-31 16:33:58.859 +0300
2026-08-19,SCENARIO,withinA_at_dest,JO,Others,1987,216,10.87,2026-08-31 16:33:58.859 +0300
2026-08-19,SCENARIO,withinA_at_dest,JO,Total,88810,8742,9.84,2026-08-31 16:33:58.859 +0300
2026-08-19,SCENARIO,withinA_at_dest,JO,ZRQ,17039,1587,9.31,2026-08-31 16:33:58.859 +0300
2026-08-19,SCENARIO,withinA_not_dest,JO,AMM,55636,1635,2.94,2026-08-31 16:33:58.859 +0300
2026-08-19,SCENARIO,withinA_not_dest,JO,IRB,14148,932,6.59,2026-08-31 16:33:58.859 +0300
2026-08-19,SCENARIO,withinA_not_dest,JO,Others,1987,62,3.12,2026-08-31 16:33:58.859 +0300
2026-08-19,SCENARIO,withinA_not_dest,JO,Total,88810,3182,3.58,2026-08-31 16:33:58.859 +0300
2026-08-19,SCENARIO,withinA_not_dest,JO,ZRQ,17039,553,3.25,2026-08-31 16:33:58.859 +0300
2026-08-19,SCENARIO,withinB_at_dest,JO,AMM,55636,3131,5.63,2026-08-31 16:33:58.859 +0300
2026-08-19,SCENARIO,withinB_at_dest,JO,IRB,14148,976,6.90,2026-08-31 16:33:58.859 +0300
2026-08-19,SCENARIO,withinB_at_dest,JO,Others,1987,145,7.30,2026-08-31 16:33:58.859 +0300
2026-08-19,SCENARIO,withinB_at_dest,JO,Total,88810,5350,6.02,2026-08-31 16:33:58.859 +0300
2026-08-19,SCENARIO,withinB_at_dest,JO,ZRQ,17039,1098,6.44,2026-08-31 16:33:58.859 +0300
2026-08-19,SCENARIO,withinB_not_dest,JO,AMM,55636,1404,2.52,2026-08-31 16:33:58.859 +0300
2026-08-19,SCENARIO,withinB_not_dest,JO,IRB,14148,701,4.95,2026-08-31 16:33:58.859 +0300
2026-08-19,SCENARIO,withinB_not_dest,JO,Others,1987,65,3.27,2026-08-31 16:33:58.859 +0300
2026-08-19,SCENARIO,withinB_not_dest,JO,Total,88810,2615,2.94,2026-08-31 16:33:58.859 +0300
2026-08-19,SCENARIO,withinB_not_dest,JO,ZRQ,17039,445,2.61,2026-08-31 16:33:58.859 +0300
2026-08-19,CAUSE_MIX,beyondB,SA,Total,40745,16,0.04,2026-08-31 16:33:58.859 +0300
2026-08-19,CAUSE_MIX,pickup_mismatch,SA,Total,40745,1,0.00,2026-08-31 16:33:58.859 +0300
2026-08-19,CAUSE_MIX,previous_wallet_balance,SA,Total,40745,7160,17.57,2026-08-31 16:33:58.859 +0300
2026-08-19,CAUSE_MIX,surcharge_mismatch,SA,Total,40745,722,1.77,2026-08-31 16:33:58.859 +0300
2026-08-19,CAUSE_MIX,surge_mismatch,SA,Total,40745,30,0.07,2026-08-31 16:33:58.859 +0300
2026-08-19,CAUSE_MIX,waiting_time,SA,Total,40745,19733,48.43,2026-08-31 16:33:58.859 +0300
2026-08-19,CAUSE_MIX,withinA_at_dest,SA,Total,40745,3026,7.43,2026-08-31 16:33:58.859 +0300
2026-08-19,CAUSE_MIX,withinA_not_dest,SA,Total,40745,1532,3.76,2026-08-31 16:33:58.859 +0300
2026-08-19,CAUSE_MIX,withinB_at_dest,SA,Total,40745,6265,15.38,2026-08-31 16:33:58.859 +0300
2026-08-19,CAUSE_MIX,withinB_not_dest,SA,Total,40745,2260,5.55,2026-08-31 16:33:58.859 +0300
2026-08-19,CHANNEL,cumulative_price_shocks_net,SA,DMM,6955,2181,31.36,2026-08-31 16:33:58.859 +0300
2026-08-19,CHANNEL,cumulative_price_shocks_net,SA,JED,28830,10015,34.74,2026-08-31 16:33:58.859 +0300
2026-08-19,CHANNEL,cumulative_price_shocks_net,SA,MAD,10185,3340,32.79,2026-08-31 16:33:58.859 +0300
2026-08-19,CHANNEL,cumulative_price_shocks_net,SA,MEC,5209,2007,38.53,2026-08-31 16:33:58.859 +0300
2026-08-19,CHANNEL,cumulative_price_shocks_net,SA,Others,12255,4274,34.88,2026-08-31 16:33:58.859 +0300
2026-08-19,CHANNEL,cumulative_price_shocks_net,SA,RUH,39925,11582,29.01,2026-08-31 16:33:58.859 +0300
2026-08-19,CHANNEL,cumulative_price_shocks_net,SA,Total,103359,33399,32.31,2026-08-31 16:33:58.859 +0300
2026-08-19,CHANNEL,pd_mismatch,SA,DMM,6955,0,0.00,2026-08-31 16:33:58.859 +0300
2026-08-19,CHANNEL,pd_mismatch,SA,JED,28830,0,0.00,2026-08-31 16:33:58.859 +0300
2026-08-19,CHANNEL,pd_mismatch,SA,MAD,10185,0,0.00,2026-08-31 16:33:58.859 +0300
2026-08-19,CHANNEL,pd_mismatch,SA,MEC,5209,0,0.00,2026-08-31 16:33:58.859 +0300
2026-08-19,CHANNEL,pd_mismatch,SA,Others,12255,0,0.00,2026-08-31 16:33:58.859 +0300
2026-08-19,CHANNEL,pd_mismatch,SA,RUH,39925,0,0.00,2026-08-31 16:33:58.859 +0300
2026-08-19,CHANNEL,pd_mismatch,SA,Total,103359,0,0.00,2026-08-31 16:33:58.859 +0300
2026-08-19,CHANNEL,pickup_mismatch,SA,DMM,6955,1,0.01,2026-08-31 16:33:58.859 +0300
2026-08-19,CHANNEL,pickup_mismatch,SA,JED,28830,0,0.00,2026-08-31 16:33:58.859 +0300
2026-08-19,CHANNEL,pickup_mismatch,SA,MAD,10185,0,0.00,2026-08-31 16:33:58.859 +0300
2026-08-19,CHANNEL,pickup_mismatch,SA,MEC,5209,1,0.02,2026-08-31 16:33:58.859 +0300
2026-08-19,CHANNEL,pickup_mismatch,SA,Others,12255,0,0.00,2026-08-31 16:33:58.859 +0300
2026-08-19,CHANNEL,pickup_mismatch,SA,RUH,39925,0,0.00,2026-08-31 16:33:58.859 +0300
2026-08-19,CHANNEL,pickup_mismatch,SA,Total,103359,2,0.00,2026-08-31 16:33:58.859 +0300
2026-08-19,CHANNEL,residual_fare_increase_net,SA,DMM,6955,1022,14.69,2026-08-31 16:33:58.859 +0300
2026-08-19,CHANNEL,residual_fare_increase_net,SA,JED,28830,4494,15.59,2026-08-31 16:33:58.859 +0300
2026-08-19,CHANNEL,residual_fare_increase_net,SA,MAD,10185,1448,14.22,2026-08-31 16:33:58.859 +0300
2026-08-19,CHANNEL,residual_fare_increase_net,SA,MEC,5209,856,16.43,2026-08-31 16:33:58.859 +0300
2026-08-19,CHANNEL,residual_fare_increase_net,SA,Others,12255,2120,17.30,2026-08-31 16:33:58.859 +0300
2026-08-19,CHANNEL,residual_fare_increase_net,SA,RUH,39925,4642,11.63,2026-08-31 16:33:58.859 +0300
2026-08-19,CHANNEL,residual_fare_increase_net,SA,Total,103359,14582,14.11,2026-08-31 16:33:58.859 +0300
2026-08-19,CHANNEL,rounding_error,SA,DMM,6955,101,1.45,2026-08-31 16:33:58.859 +0300
2026-08-19,CHANNEL,rounding_error,SA,JED,28830,746,2.59,2026-08-31 16:33:58.859 +0300
2026-08-19,CHANNEL,rounding_error,SA,MAD,10185,262,2.57,2026-08-31 16:33:58.859 +0300
2026-08-19,CHANNEL,rounding_error,SA,MEC,5209,108,2.07,2026-08-31 16:33:58.859 +0300
2026-08-19,CHANNEL,rounding_error,SA,Others,12255,207,1.69,2026-08-31 16:33:58.859 +0300
2026-08-19,CHANNEL,rounding_error,SA,RUH,39925,1011,2.53,2026-08-31 16:33:58.859 +0300
2026-08-19,CHANNEL,rounding_error,SA,Total,103359,2435,2.36,2026-08-31 16:33:58.859 +0300
2026-08-19,CHANNEL,spillover_recovery,SA,DMM,6955,371,5.33,2026-08-31 16:33:58.859 +0300
2026-08-19,CHANNEL,spillover_recovery,SA,JED,28830,2545,8.83,2026-08-31 16:33:58.859 +0300
2026-08-19,CHANNEL,spillover_recovery,SA,MAD,10185,716,7.03,2026-08-31 16:33:58.859 +0300
2026-08-19,CHANNEL,spillover_recovery,SA,MEC,5209,414,7.95,2026-08-31 16:33:58.859 +0300
2026-08-19,CHANNEL,spillover_recovery,SA,Others,12255,625,5.10,2026-08-31 16:33:58.859 +0300
2026-08-19,CHANNEL,spillover_recovery,SA,RUH,39925,3214,8.05,2026-08-31 16:33:58.859 +0300
2026-08-19,CHANNEL,spillover_recovery,SA,Total,103359,7885,7.63,2026-08-31 16:33:58.859 +0300
2026-08-19,CHANNEL,surcharge_mismatch,SA,DMM,6955,103,1.48,2026-08-31 16:33:58.859 +0300
2026-07-21,CHANNEL,spillover_recovery,SA,MEC,5167,389,7.53,2026-08-31 16:33:58.859 +0300
2026-07-21,CHANNEL,spillover_recovery,SA,Others,10453,546,5.22,2026-08-31 16:33:58.859 +0300
2026-07-21,CHANNEL,spillover_recovery,SA,RUH,34841,2952,8.47,2026-08-31 16:33:58.859 +0300
2026-07-21,CHANNEL,spillover_recovery,SA,Total,90878,7239,7.97,2026-08-31 16:33:58.859 +0300
2026-07-21,CHANNEL,surcharge_mismatch,SA,DMM,5444,76,1.40,2026-08-31 16:33:58.859 +0300
2026-07-21,CHANNEL,surcharge_mismatch,SA,JED,25667,635,2.47,2026-08-31 16:33:58.859 +0300
2026-07-21,CHANNEL,surcharge_mismatch,SA,MAD,9306,157,1.69,2026-08-31 16:33:58.859 +0300
2026-07-21,CHANNEL,surcharge_mismatch,SA,MEC,5167,59,1.14,2026-08-31 16:33:58.859 +0300
2026-07-21,CHANNEL,surcharge_mismatch,SA,Others,10453,148,1.42,2026-08-31 16:33:58.859 +0300
2026-07-21,CHANNEL,surcharge_mismatch,SA,RUH,34841,508,1.46,2026-08-31 16:33:58.859 +0300
2026-07-21,CHANNEL,surcharge_mismatch,SA,Total,90878,1583,1.74,2026-08-31 16:33:58.859 +0300
2026-07-21,CHANNEL,surge_mismatch,SA,DMM,5444,0,0.00,2026-08-31 16:33:58.859 +0300
2026-07-21,CHANNEL,surge_mismatch,SA,JED,25667,1,0.00,2026-08-31 16:33:58.859 +0300
2026-07-21,CHANNEL,surge_mismatch,SA,MAD,9306,1,0.01,2026-08-31 16:33:58.859 +0300
2026-07-21,CHANNEL,surge_mismatch,SA,MEC,5167,1,0.02,2026-08-31 16:33:58.859 +0300
2026-07-21,CHANNEL,surge_mismatch,SA,Others,10453,0,0.00,2026-08-31 16:33:58.859 +0300
2026-07-21,CHANNEL,surge_mismatch,SA,RUH,34841,3,0.01,2026-08-31 16:33:58.859 +0300
2026-07-21,CHANNEL,surge_mismatch,SA,Total,90878,6,0.01,2026-08-31 16:33:58.859 +0300
2026-07-21,SCENARIO,beyondB,SA,DMM,5444,3,0.06,2026-08-31 16:33:58.859 +0300
2026-07-21,SCENARIO,beyondB,SA,JED,25667,3,0.01,2026-08-31 16:33:58.859 +0300
2026-07-21,SCENARIO,beyondB,SA,MAD,9306,2,0.02,2026-08-31 16:33:58.859 +0300
2026-07-21,SCENARIO,beyondB,SA,MEC,5167,1,0.02,2026-08-31 16:33:58.859 +0300
2026-07-21,SCENARIO,beyondB,SA,Others,10453,4,0.04,2026-08-31 16:33:58.859 +0300
2026-07-21,SCENARIO,beyondB,SA,RUH,34841,8,0.02,2026-08-31 16:33:58.859 +0300
2026-07-21,SCENARIO,beyondB,SA,Total,90878,21,0.02,2026-08-31 16:33:58.859 +0300
2026-07-21,SCENARIO,withinA_at_dest,SA,DMM,5444,989,18.17,2026-08-31 16:33:58.859 +0300
2026-07-21,SCENARIO,withinA_at_dest,SA,JED,25667,5146,20.05,2026-08-31 16:33:58.859 +0300
2026-07-21,SCENARIO,withinA_at_dest,SA,MAD,9306,1665,17.89,2026-08-31 16:33:58.859 +0300
2026-07-21,SCENARIO,withinA_at_dest,SA,MEC,5167,1139,22.04,2026-08-31 16:33:58.859 +0300
2026-07-21,SCENARIO,withinA_at_dest,SA,Others,10453,1757,16.81,2026-08-31 16:33:58.859 +0300
2026-07-21,SCENARIO,withinA_at_dest,SA,RUH,34841,6173,17.72,2026-08-31 16:33:58.859 +0300
2026-07-21,SCENARIO,withinA_at_dest,SA,Total,90878,16869,18.56,2026-08-31 16:33:58.859 +0300
2026-07-21,SCENARIO,withinA_not_dest,SA,DMM,5444,129,2.37,2026-08-31 16:33:58.859 +0300
2026-07-21,SCENARIO,withinA_not_dest,SA,JED,25667,488,1.90,2026-08-31 16:33:58.859 +0300
2026-07-21,SCENARIO,withinA_not_dest,SA,MAD,9306,356,3.83,2026-08-31 16:33:58.859 +0300
2026-07-21,SCENARIO,withinA_not_dest,SA,MEC,5167,157,3.04,2026-08-31 16:33:58.859 +0300
2026-07-21,SCENARIO,withinA_not_dest,SA,Others,10453,367,3.51,2026-08-31 16:33:58.859 +0300
2026-07-21,SCENARIO,withinA_not_dest,SA,RUH,34841,753,2.16,2026-08-31 16:33:58.859 +0300
2026-07-21,SCENARIO,withinA_not_dest,SA,Total,90878,2250,2.48,2026-08-31 16:33:58.859 +0300
2026-07-21,SCENARIO,withinB_at_dest,SA,DMM,5444,473,8.69,2026-08-31 16:33:58.859 +0300
2026-07-21,SCENARIO,withinB_at_dest,SA,JED,25667,2602,10.14,2026-08-31 16:33:58.859 +0300
2026-07-21,SCENARIO,withinB_at_dest,SA,MAD,9306,766,8.23,2026-08-31 16:33:58.859 +0300
2026-07-21,SCENARIO,withinB_at_dest,SA,MEC,5167,488,9.44,2026-08-31 16:33:58.859 +0300
2026-07-21,SCENARIO,withinB_at_dest,SA,Others,10453,1015,9.71,2026-08-31 16:33:58.859 +0300
2026-07-21,SCENARIO,withinB_at_dest,SA,RUH,34841,3089,8.87,2026-08-31 16:33:58.859 +0300
2026-07-21,SCENARIO,withinB_at_dest,SA,Total,90878,8433,9.28,2026-08-31 16:33:58.859 +0300
2026-07-21,SCENARIO,withinB_not_dest,SA,DMM,5444,148,2.72,2026-08-31 16:33:58.859 +0300
2026-07-21,SCENARIO,withinB_not_dest,SA,JED,25667,742,2.89,2026-08-31 16:33:58.859 +0300
2026-07-21,SCENARIO,withinB_not_dest,SA,MAD,9306,288,3.09,2026-08-31 16:33:58.859 +0300
2026-07-21,SCENARIO,withinB_not_dest,SA,MEC,5167,174,3.37,2026-08-31 16:33:58.859 +0300
2026-07-21,SCENARIO,withinB_not_dest,SA,Others,10453,579,5.54,2026-08-31 16:33:58.859 +0300
2026-07-21,SCENARIO,withinB_not_dest,SA,RUH,34841,970,2.78,2026-08-31 16:33:58.859 +0300
2026-07-21,SCENARIO,withinB_not_dest,SA,Total,90878,2901,3.19,2026-08-31 16:33:58.859 +0300
2026-07-22,CAUSE_MIX,beyondB,JO,Total,24353,55,0.23,2026-08-31 16:33:58.859 +0300
2026-07-22,CAUSE_MIX,pickup_mismatch,JO,Total,24353,2,0.01,2026-08-31 16:33:58.859 +0300
2026-07-22,CAUSE_MIX,previous_wallet_balance,JO,Total,24353,1415,5.81,2026-08-31 16:33:58.859 +0300
2026-07-22,CAUSE_MIX,surcharge_mismatch,JO,Total,24353,15,0.06,2026-08-31 16:33:58.859 +0300
2026-07-22,CAUSE_MIX,surge_mismatch,JO,Total,24353,5,0.02,2026-08-31 16:33:58.859 +0300
2026-07-22,CAUSE_MIX,waiting_time,JO,Total,24353,9815,40.30,2026-08-31 16:33:58.859 +0300
2026-07-22,CAUSE_MIX,withinA_at_dest,JO,Total,24353,1113,4.57,2026-08-31 16:33:58.859 +0300
2026-07-22,CAUSE_MIX,withinA_not_dest,JO,Total,24353,2555,10.49,2026-08-31 16:33:58.859 +0300
2026-07-22,CAUSE_MIX,withinB_at_dest,JO,Total,24353,6979,28.66,2026-08-31 16:33:58.859 +0300
2026-07-22,CAUSE_MIX,withinB_not_dest,JO,Total,24353,2399,9.85,2026-08-31 16:33:58.859 +0300
2026-07-22,CHANNEL,cumulative_price_shocks_net,JO,AMM,57722,14443,25.02,2026-08-31 16:33:58.859 +0300
2026-07-22,CHANNEL,cumulative_price_shocks_net,JO,IRB,13746,4085,29.72,2026-08-31 16:33:58.859 +0300
2026-07-22,CHANNEL,cumulative_price_shocks_net,JO,Others,2045,519,25.38,2026-08-31 16:33:58.859 +0300
2026-07-22,CHANNEL,cumulative_price_shocks_net,JO,Total,90953,22938,25.22,2026-08-31 16:33:58.859 +0300
2026-07-22,CHANNEL,cumulative_price_shocks_net,JO,ZRQ,17440,3891,22.31,2026-08-31 16:33:58.859 +0300
2026-07-22,CHANNEL,pd_mismatch,JO,AMM,57722,1,0.00,2026-08-31 16:33:58.859 +0300
2026-07-22,CHANNEL,pd_mismatch,JO,IRB,13746,0,0.00,2026-08-31 16:33:58.859 +0300
2026-07-22,CHANNEL,pd_mismatch,JO,Others,2045,0,0.00,2026-08-31 16:33:58.859 +0300
2026-07-22,CHANNEL,pd_mismatch,JO,Total,90953,1,0.00,2026-08-31 16:33:58.859 +0300
2026-07-22,CHANNEL,pd_mismatch,JO,ZRQ,17440,0,0.00,2026-08-31 16:33:58.859 +0300
2026-07-22,CHANNEL,pickup_mismatch,JO,AMM,57722,1,0.00,2026-08-31 16:33:58.859 +0300
2026-07-22,CHANNEL,pickup_mismatch,JO,IRB,13746,1,0.01,2026-08-31 16:33:58.859 +0300
2026-07-22,CHANNEL,pickup_mismatch,JO,Others,2045,0,0.00,2026-08-31 16:33:58.859 +0300
2026-07-22,CHANNEL,pickup_mismatch,JO,Total,90953,2,0.00,2026-08-31 16:33:58.859 +0300
2026-07-22,CHANNEL,pickup_mismatch,JO,ZRQ,17440,0,0.00,2026-08-31 16:33:58.859 +0300
2026-07-22,CHANNEL,residual_fare_increase_net,JO,AMM,57722,8693,15.06,2026-08-31 16:33:58.859 +0300
2026-07-22,CHANNEL,residual_fare_increase_net,JO,IRB,13746,2787,20.27,2026-08-31 16:33:58.859 +0300
2026-07-22,CHANNEL,residual_fare_increase_net,JO,Others,2045,302,14.77,2026-08-31 16:33:58.859 +0300
2026-07-22,CHANNEL,residual_fare_increase_net,JO,Total,90953,13974,15.36,2026-08-31 16:33:58.859 +0300
2026-07-22,CHANNEL,residual_fare_increase_net,JO,ZRQ,17440,2192,12.57,2026-08-31 16:33:58.859 +0300
2026-07-22,CHANNEL,rounding_error,JO,AMM,57722,639,1.11,2026-08-31 16:33:58.859 +0300
2026-07-22,CHANNEL,rounding_error,JO,IRB,13746,167,1.21,2026-08-31 16:33:58.859 +0300
2026-07-22,CHANNEL,rounding_error,JO,Others,2045,26,1.27,2026-08-31 16:33:58.859 +0300
2026-07-22,CHANNEL,rounding_error,JO,Total,90953,1043,1.15,2026-08-31 16:33:58.859 +0300
2026-07-22,CHANNEL,rounding_error,JO,ZRQ,17440,211,1.21,2026-08-31 16:33:58.859 +0300
2026-07-22,CHANNEL,spillover_recovery,JO,AMM,57722,1226,2.12,2026-08-31 16:33:58.859 +0300
2026-07-22,CHANNEL,spillover_recovery,JO,IRB,13746,178,1.29,2026-08-31 16:33:58.859 +0300
2026-07-22,CHANNEL,spillover_recovery,JO,Others,2045,12,0.59,2026-08-31 16:33:58.859 +0300
2026-07-22,CHANNEL,spillover_recovery,JO,Total,90953,1487,1.63,2026-08-31 16:33:58.859 +0300
2026-07-22,CHANNEL,spillover_recovery,JO,ZRQ,17440,71,0.41,2026-08-31 16:33:58.859 +0300
2026-07-22,CHANNEL,surcharge_mismatch,JO,AMM,57722,12,0.02,2026-08-31 16:33:58.859 +0300
2026-07-22,CHANNEL,surcharge_mismatch,JO,IRB,13746,0,0.00,2026-08-31 16:33:58.859 +0300
2026-07-22,CHANNEL,surcharge_mismatch,JO,Others,2045,0,0.00,2026-08-31 16:33:58.859 +0300
2026-07-22,CHANNEL,surcharge_mismatch,JO,Total,90953,23,0.03,2026-08-31 16:33:58.859 +0300
2026-07-22,CHANNEL,surcharge_mismatch,JO,ZRQ,17440,11,0.06,2026-08-31 16:33:58.859 +0300
2026-07-22,CHANNEL,surge_mismatch,JO,AMM,57722,8,0.01,2026-08-31 16:33:58.859 +0300
2026-07-22,CHANNEL,surge_mismatch,JO,IRB,13746,0,0.00,2026-08-31 16:33:58.859 +0300
2026-07-22,CHANNEL,surge_mismatch,JO,Others,2045,0,0.00,2026-08-31 16:33:58.859 +0300
2026-07-22,CHANNEL,surge_mismatch,JO,Total,90953,9,0.01,2026-08-31 16:33:58.859 +0300
2026-07-22,CHANNEL,surge_mismatch,JO,ZRQ,17440,1,0.01,2026-08-31 16:33:58.859 +0300
2026-07-22,SCENARIO,beyondB,JO,AMM,57722,45,0.08,2026-08-31 16:33:58.859 +0300
2026-07-22,SCENARIO,beyondB,JO,IRB,13746,10,0.07,2026-08-31 16:33:58.859 +0300
2026-07-22,SCENARIO,beyondB,JO,Others,2045,0,0.00,2026-08-31 16:33:58.859 +0300
2026-07-22,SCENARIO,beyondB,JO,Total,90953,64,0.07,2026-08-31 16:33:58.859 +0300
2026-07-22,SCENARIO,beyondB,JO,ZRQ,17440,9,0.05,2026-08-31 16:33:58.859 +0300
2026-07-22,SCENARIO,withinA_at_dest,JO,AMM,57722,5666,9.82,2026-08-31 16:33:58.859 +0300
2026-07-22,SCENARIO,withinA_at_dest,JO,IRB,13746,1224,8.90,2026-08-31 16:33:58.859 +0300
2026-07-22,SCENARIO,withinA_at_dest,JO,Others,2045,205,10.02,2026-08-31 16:33:58.859 +0300
2026-07-22,SCENARIO,withinA_at_dest,JO,Total,90953,8741,9.61,2026-08-31 16:33:58.859 +0300
2026-07-22,SCENARIO,withinA_at_dest,JO,ZRQ,17440,1646,9.44,2026-08-31 16:33:58.859 +0300
2026-07-22,SCENARIO,withinA_not_dest,JO,AMM,57722,1623,2.81,2026-08-31 16:33:58.859 +0300
2026-07-22,SCENARIO,withinA_not_dest,JO,IRB,13746,891,6.48,2026-08-31 16:33:58.859 +0300
2026-07-22,SCENARIO,withinA_not_dest,JO,Others,2045,80,3.91,2026-08-31 16:33:58.859 +0300
2026-07-22,SCENARIO,withinA_not_dest,JO,Total,90953,3200,3.52,2026-08-31 16:33:58.859 +0300
2026-07-22,SCENARIO,withinA_not_dest,JO,ZRQ,17440,606,3.47,2026-08-31 16:33:58.859 +0300
2026-07-22,SCENARIO,withinB_at_dest,JO,AMM,57722,5519,9.56,2026-08-31 16:33:58.859 +0300
2026-07-22,SCENARIO,withinB_at_dest,JO,IRB,13746,1214,8.83,2026-08-31 16:33:58.859 +0300
2026-07-22,SCENARIO,withinB_at_dest,JO,Others,2045,144,7.04,2026-08-31 16:33:58.859 +0300
2026-07-22,SCENARIO,withinB_at_dest,JO,Total,90953,8051,8.85,2026-08-31 16:33:58.859 +0300
2026-07-22,SCENARIO,withinB_at_dest,JO,ZRQ,17440,1174,6.73,2026-08-31 16:33:58.859 +0300
2026-07-22,SCENARIO,withinB_not_dest,JO,AMM,57722,1590,2.75,2026-08-31 16:33:58.859 +0300
2026-07-22,SCENARIO,withinB_not_dest,JO,IRB,13746,746,5.43,2026-08-31 16:33:58.859 +0300
2026-07-22,SCENARIO,withinB_not_dest,JO,Others,2045,90,4.40,2026-08-31 16:33:58.859 +0300
2026-07-22,SCENARIO,withinB_not_dest,JO,Total,90953,2882,3.17,2026-08-31 16:33:58.859 +0300
2026-07-22,SCENARIO,withinB_not_dest,JO,ZRQ,17440,456,2.61,2026-08-31 16:33:58.859 +0300
2026-07-22,CAUSE_MIX,beyondB,SA,Total,37073,24,0.06,2026-08-31 16:33:58.859 +0300
2026-07-22,CAUSE_MIX,pickup_mismatch,SA,Total,37073,7,0.02,2026-08-31 16:33:58.859 +0300
2026-07-22,CAUSE_MIX,previous_wallet_balance,SA,Total,37073,6667,17.98,2026-08-31 16:33:58.859 +0300
2026-07-22,CAUSE_MIX,surcharge_mismatch,SA,Total,37073,673,1.82,2026-08-31 16:33:58.859 +0300
2026-07-22,CAUSE_MIX,surge_mismatch,SA,Total,37073,3,0.01,2026-08-31 16:33:58.859 +0300
2026-07-22,CAUSE_MIX,waiting_time,SA,Total,37073,18005,48.57,2026-08-31 16:33:58.859 +0300
2026-07-22,CAUSE_MIX,withinA_at_dest,SA,Total,37073,2412,6.51,2026-08-31 16:33:58.859 +0300
2026-07-22,CAUSE_MIX,withinA_not_dest,SA,Total,37073,1431,3.86,2026-08-31 16:33:58.859 +0300
2026-07-22,CAUSE_MIX,withinB_at_dest,SA,Total,37073,5836,15.74,2026-08-31 16:33:58.859 +0300
2026-07-22,CAUSE_MIX,withinB_not_dest,SA,Total,37073,2015,5.44,2026-08-31 16:33:58.859 +0300
2026-07-22,CHANNEL,cumulative_price_shocks_net,SA,DMM,5233,1727,33.00,2026-08-31 16:33:58.859 +0300
2026-07-22,CHANNEL,cumulative_price_shocks_net,SA,JED,25967,9188,35.38,2026-08-31 16:33:58.859 +0300
2026-07-22,CHANNEL,cumulative_price_shocks_net,SA,MAD,8931,2940,32.92,2026-08-31 16:33:58.859 +0300
2026-07-22,CHANNEL,cumulative_price_shocks_net,SA,MEC,5140,1934,37.63,2026-08-31 16:33:58.859 +0300
2026-07-22,CHANNEL,cumulative_price_shocks_net,SA,Others,10447,3784,36.22,2026-08-31 16:33:58.859 +0300
2026-07-22,CHANNEL,cumulative_price_shocks_net,SA,RUH,35014,10652,30.42,2026-08-31 16:33:58.859 +0300
2026-07-22,CHANNEL,cumulative_price_shocks_net,SA,Total,90732,30225,33.31,2026-08-31 16:33:58.859 +0300
2026-07-22,CHANNEL,pd_mismatch,SA,DMM,5233,0,0.00,2026-08-31 16:33:58.859 +0300
2026-07-22,CHANNEL,pd_mismatch,SA,JED,25967,1,0.00,2026-08-31 16:33:58.859 +0300
2026-07-22,CHANNEL,pd_mismatch,SA,MAD,8931,0,0.00,2026-08-31 16:33:58.859 +0300
2026-07-22,CHANNEL,pd_mismatch,SA,MEC,5140,0,0.00,2026-08-31 16:33:58.859 +0300
2026-07-22,CHANNEL,pd_mismatch,SA,Others,10447,1,0.01,2026-08-31 16:33:58.859 +0300
2026-07-22,CHANNEL,pd_mismatch,SA,RUH,35014,0,0.00,2026-08-31 16:33:58.859 +0300
2026-07-22,CHANNEL,pd_mismatch,SA,Total,90732,2,0.00,2026-08-31 16:33:58.859 +0300
2026-07-22,CHANNEL,pickup_mismatch,SA,DMM,5233,0,0.00,2026-08-31 16:33:58.859 +0300
2026-07-22,CHANNEL,pickup_mismatch,SA,JED,25967,3,0.01,2026-08-31 16:33:58.859 +0300
2026-07-22,CHANNEL,pickup_mismatch,SA,MAD,8931,1,0.01,2026-08-31 16:33:58.859 +0300
2026-07-22,CHANNEL,pickup_mismatch,SA,MEC,5140,0,0.00,2026-08-31 16:33:58.859 +0300
2026-07-22,CHANNEL,pickup_mismatch,SA,Others,10447,0,0.00,2026-08-31 16:33:58.859 +0300
2026-07-22,CHANNEL,pickup_mismatch,SA,RUH,35014,3,0.01,2026-08-31 16:33:58.859 +0300
2026-07-22,CHANNEL,pickup_mismatch,SA,Total,90732,7,0.01,2026-08-31 16:33:58.859 +0300
2026-07-22,CHANNEL,residual_fare_increase_net,SA,DMM,5233,830,15.86,2026-08-31 16:33:58.859 +0300
2026-07-22,CHANNEL,residual_fare_increase_net,SA,JED,25967,4138,15.94,2026-08-31 16:33:58.859 +0300
2026-07-22,CHANNEL,residual_fare_increase_net,SA,MAD,8931,1442,16.15,2026-08-31 16:33:58.859 +0300
2026-07-22,CHANNEL,residual_fare_increase_net,SA,MEC,5140,776,15.10,2026-08-31 16:33:58.859 +0300
2026-07-22,CHANNEL,residual_fare_increase_net,SA,Others,10447,1877,17.97,2026-08-31 16:33:58.859 +0300
2026-07-22,CHANNEL,residual_fare_increase_net,SA,RUH,35014,4603,13.15,2026-08-31 16:33:58.859 +0300
2026-07-22,CHANNEL,residual_fare_increase_net,SA,Total,90732,13666,15.06,2026-08-31 16:33:58.859 +0300
2026-07-04,SCENARIO,beyondB,SA,RUH,37464,15,0.04,2026-08-31 16:33:58.859 +0300
2026-07-04,SCENARIO,beyondB,SA,Total,98898,33,0.03,2026-08-31 16:33:58.859 +0300
2026-07-04,SCENARIO,withinA_at_dest,SA,DMM,5439,986,18.13,2026-08-31 16:33:58.859 +0300
2026-07-04,SCENARIO,withinA_at_dest,SA,JED,28659,5867,20.47,2026-08-31 16:33:58.859 +0300
2026-07-04,SCENARIO,withinA_at_dest,SA,MAD,10669,2003,18.77,2026-08-31 16:33:58.859 +0300
2026-07-04,SCENARIO,withinA_at_dest,SA,MEC,5203,1152,22.14,2026-08-31 16:33:58.859 +0300
2026-07-04,SCENARIO,withinA_at_dest,SA,Others,11464,2045,17.84,2026-08-31 16:33:58.859 +0300
2026-07-04,SCENARIO,withinA_at_dest,SA,RUH,37464,6614,17.65,2026-08-31 16:33:58.859 +0300
2026-07-04,SCENARIO,withinA_at_dest,SA,Total,98898,18667,18.88,2026-08-31 16:33:58.859 +0300
2026-07-04,SCENARIO,withinA_not_dest,SA,DMM,5439,185,3.40,2026-08-31 16:33:58.859 +0300
2026-07-04,SCENARIO,withinA_not_dest,SA,JED,28659,672,2.34,2026-08-31 16:33:58.859 +0300
2026-07-04,SCENARIO,withinA_not_dest,SA,MAD,10669,426,3.99,2026-08-31 16:33:58.859 +0300
2026-07-04,SCENARIO,withinA_not_dest,SA,MEC,5203,181,3.48,2026-08-31 16:33:58.859 +0300
2026-07-04,SCENARIO,withinA_not_dest,SA,Others,11464,426,3.72,2026-08-31 16:33:58.859 +0300
2026-07-04,SCENARIO,withinA_not_dest,SA,RUH,37464,1057,2.82,2026-08-31 16:33:58.859 +0300
2026-07-04,SCENARIO,withinA_not_dest,SA,Total,98898,2947,2.98,2026-08-31 16:33:58.859 +0300
2026-07-04,SCENARIO,withinB_at_dest,SA,DMM,5439,558,10.26,2026-08-31 16:33:58.859 +0300
2026-07-04,SCENARIO,withinB_at_dest,SA,JED,28659,3473,12.12,2026-08-31 16:33:58.859 +0300
2026-07-04,SCENARIO,withinB_at_dest,SA,MAD,10669,998,9.35,2026-08-31 16:33:58.859 +0300
2026-07-04,SCENARIO,withinB_at_dest,SA,MEC,5203,553,10.63,2026-08-31 16:33:58.859 +0300
2026-07-04,SCENARIO,withinB_at_dest,SA,Others,11464,1341,11.70,2026-08-31 16:33:58.859 +0300
2026-07-04,SCENARIO,withinB_at_dest,SA,RUH,37464,3783,10.10,2026-08-31 16:33:58.859 +0300
2026-07-04,SCENARIO,withinB_at_dest,SA,Total,98898,10706,10.83,2026-08-31 16:33:58.859 +0300
2026-07-04,SCENARIO,withinB_not_dest,SA,DMM,5439,193,3.55,2026-08-31 16:33:58.859 +0300
2026-07-04,SCENARIO,withinB_not_dest,SA,JED,28659,907,3.16,2026-08-31 16:33:58.859 +0300
2026-07-04,SCENARIO,withinB_not_dest,SA,MAD,10669,392,3.67,2026-08-31 16:33:58.859 +0300
2026-07-04,SCENARIO,withinB_not_dest,SA,MEC,5203,238,4.57,2026-08-31 16:33:58.859 +0300
2026-07-04,SCENARIO,withinB_not_dest,SA,Others,11464,710,6.19,2026-08-31 16:33:58.859 +0300
2026-07-04,SCENARIO,withinB_not_dest,SA,RUH,37464,1425,3.80,2026-08-31 16:33:58.859 +0300
2026-07-04,SCENARIO,withinB_not_dest,SA,Total,98898,3865,3.91,2026-08-31 16:33:58.859 +0300
2026-07-05,CAUSE_MIX,beyondB,JO,Total,21769,54,0.25,2026-08-31 16:33:58.859 +0300
2026-07-05,CAUSE_MIX,pd_mismatch,JO,Total,21769,1,0.00,2026-08-31 16:33:58.859 +0300
2026-07-05,CAUSE_MIX,previous_wallet_balance,JO,Total,21769,1192,5.48,2026-08-31 16:33:58.859 +0300
2026-07-05,CAUSE_MIX,surcharge_mismatch,JO,Total,21769,14,0.06,2026-08-31 16:33:58.859 +0300
2026-07-05,CAUSE_MIX,surge_mismatch,JO,Total,21769,6,0.03,2026-08-31 16:33:58.859 +0300
2026-07-05,CAUSE_MIX,waiting_time,JO,Total,21769,8875,40.77,2026-08-31 16:33:58.859 +0300
2026-07-05,CAUSE_MIX,withinA_at_dest,JO,Total,21769,924,4.24,2026-08-31 16:33:58.859 +0300
2026-07-05,CAUSE_MIX,withinA_not_dest,JO,Total,21769,2739,12.58,2026-08-31 16:33:58.859 +0300
2026-07-05,CAUSE_MIX,withinB_at_dest,JO,Total,21769,5748,26.40,2026-08-31 16:33:58.859 +0300
2026-07-05,CAUSE_MIX,withinB_not_dest,JO,Total,21769,2216,10.18,2026-08-31 16:33:58.859 +0300
2026-07-05,CHANNEL,cumulative_price_shocks_net,JO,AMM,50130,12614,25.16,2026-08-31 16:33:58.859 +0300
2026-07-05,CHANNEL,cumulative_price_shocks_net,JO,IRB,13686,3851,28.14,2026-08-31 16:33:58.859 +0300
2026-07-05,CHANNEL,cumulative_price_shocks_net,JO,Others,1570,382,24.33,2026-08-31 16:33:58.859 +0300
2026-07-05,CHANNEL,cumulative_price_shocks_net,JO,Total,82618,20577,24.91,2026-08-31 16:33:58.859 +0300
2026-07-05,CHANNEL,cumulative_price_shocks_net,JO,ZRQ,17232,3730,21.65,2026-08-31 16:33:58.859 +0300
2026-07-05,CHANNEL,pd_mismatch,JO,AMM,50130,0,0.00,2026-08-31 16:33:58.859 +0300
2026-07-05,CHANNEL,pd_mismatch,JO,IRB,13686,0,0.00,2026-08-31 16:33:58.859 +0300
2026-07-05,CHANNEL,pd_mismatch,JO,Others,1570,0,0.00,2026-08-31 16:33:58.859 +0300
2026-07-05,CHANNEL,pd_mismatch,JO,Total,82618,1,0.00,2026-08-31 16:33:58.859 +0300
2026-07-05,CHANNEL,pd_mismatch,JO,ZRQ,17232,1,0.01,2026-08-31 16:33:58.859 +0300
2026-07-05,CHANNEL,pickup_mismatch,JO,AMM,50130,0,0.00,2026-08-31 16:33:58.859 +0300
2026-07-05,CHANNEL,pickup_mismatch,JO,IRB,13686,0,0.00,2026-08-31 16:33:58.859 +0300
2026-07-05,CHANNEL,pickup_mismatch,JO,Others,1570,0,0.00,2026-08-31 16:33:58.859 +0300
2026-07-05,CHANNEL,pickup_mismatch,JO,Total,82618,0,0.00,2026-08-31 16:33:58.859 +0300
2026-07-05,CHANNEL,pickup_mismatch,JO,ZRQ,17232,0,0.00,2026-08-31 16:33:58.859 +0300
2026-07-05,CHANNEL,residual_fare_increase_net,JO,AMM,50130,7711,15.38,2026-08-31 16:33:58.859 +0300
2026-07-05,CHANNEL,residual_fare_increase_net,JO,IRB,13686,2585,18.89,2026-08-31 16:33:58.859 +0300
2026-07-05,CHANNEL,residual_fare_increase_net,JO,Others,1570,233,14.84,2026-08-31 16:33:58.859 +0300
2026-07-05,CHANNEL,residual_fare_increase_net,JO,Total,82618,12605,15.26,2026-08-31 16:33:58.859 +0300
2026-07-05,CHANNEL,residual_fare_increase_net,JO,ZRQ,17232,2076,12.05,2026-08-31 16:33:58.859 +0300
2026-07-05,CHANNEL,rounding_error,JO,AMM,50130,565,1.13,2026-08-31 16:33:58.859 +0300
2026-07-05,CHANNEL,rounding_error,JO,IRB,13686,196,1.43,2026-08-31 16:33:58.859 +0300
2026-07-05,CHANNEL,rounding_error,JO,Others,1570,20,1.27,2026-08-31 16:33:58.859 +0300
2026-07-05,CHANNEL,rounding_error,JO,Total,82618,973,1.18,2026-08-31 16:33:58.859 +0300
2026-07-05,CHANNEL,rounding_error,JO,ZRQ,17232,192,1.11,2026-08-31 16:33:58.859 +0300
2026-07-05,CHANNEL,spillover_recovery,JO,AMM,50130,1045,2.08,2026-08-31 16:33:58.859 +0300
2026-07-05,CHANNEL,spillover_recovery,JO,IRB,13686,157,1.15,2026-08-31 16:33:58.859 +0300
2026-07-05,CHANNEL,spillover_recovery,JO,Others,1570,7,0.45,2026-08-31 16:33:58.859 +0300
2026-07-05,CHANNEL,spillover_recovery,JO,Total,82618,1272,1.54,2026-08-31 16:33:58.859 +0300
2026-07-05,CHANNEL,spillover_recovery,JO,ZRQ,17232,63,0.37,2026-08-31 16:33:58.859 +0300
2026-07-05,CHANNEL,surcharge_mismatch,JO,AMM,50130,20,0.04,2026-08-31 16:33:58.859 +0300
2026-07-05,CHANNEL,surcharge_mismatch,JO,IRB,13686,0,0.00,2026-08-31 16:33:58.859 +0300
2026-07-05,CHANNEL,surcharge_mismatch,JO,Others,1570,0,0.00,2026-08-31 16:33:58.859 +0300
2026-07-05,CHANNEL,surcharge_mismatch,JO,Total,82618,33,0.04,2026-08-31 16:33:58.859 +0300
2026-07-05,CHANNEL,surcharge_mismatch,JO,ZRQ,17232,13,0.08,2026-08-31 16:33:58.859 +0300
2026-07-05,CHANNEL,surge_mismatch,JO,AMM,50130,7,0.01,2026-08-31 16:33:58.859 +0300
2026-07-05,CHANNEL,surge_mismatch,JO,IRB,13686,0,0.00,2026-08-31 16:33:58.859 +0300
2026-07-05,CHANNEL,surge_mismatch,JO,Others,1570,0,0.00,2026-08-31 16:33:58.859 +0300
2026-07-05,CHANNEL,surge_mismatch,JO,Total,82618,7,0.01,2026-08-31 16:33:58.859 +0300
2026-07-05,CHANNEL,surge_mismatch,JO,ZRQ,17232,0,0.00,2026-08-31 16:33:58.859 +0300
2026-07-05,SCENARIO,beyondB,JO,AMM,50130,40,0.08,2026-08-31 16:33:58.859 +0300
2026-07-05,SCENARIO,beyondB,JO,IRB,13686,8,0.06,2026-08-31 16:33:58.859 +0300
2026-07-05,SCENARIO,beyondB,JO,Others,1570,1,0.06,2026-08-31 16:33:58.859 +0300
2026-07-05,SCENARIO,beyondB,JO,Total,82618,56,0.07,2026-08-31 16:33:58.859 +0300
2026-07-05,SCENARIO,beyondB,JO,ZRQ,17232,7,0.04,2026-08-31 16:33:58.859 +0300
2026-07-05,SCENARIO,withinA_at_dest,JO,AMM,50130,4806,9.59,2026-08-31 16:33:58.859 +0300
2026-07-05,SCENARIO,withinA_at_dest,JO,IRB,13686,1174,8.58,2026-08-31 16:33:58.859 +0300
2026-07-05,SCENARIO,withinA_at_dest,JO,Others,1570,144,9.17,2026-08-31 16:33:58.859 +0300
2026-07-05,SCENARIO,withinA_at_dest,JO,Total,82618,7738,9.37,2026-08-31 16:33:58.859 +0300
2026-07-05,SCENARIO,withinA_at_dest,JO,ZRQ,17232,1614,9.37,2026-08-31 16:33:58.859 +0300
2026-07-05,SCENARIO,withinA_not_dest,JO,AMM,50130,1543,3.08,2026-08-31 16:33:58.859 +0300
2026-07-05,SCENARIO,withinA_not_dest,JO,IRB,13686,1139,8.32,2026-08-31 16:33:58.859 +0300
2026-07-05,SCENARIO,withinA_not_dest,JO,Others,1570,68,4.33,2026-08-31 16:33:58.859 +0300
2026-07-05,SCENARIO,withinA_not_dest,JO,Total,82618,3416,4.13,2026-08-31 16:33:58.859 +0300
2026-07-05,SCENARIO,withinA_not_dest,JO,ZRQ,17232,666,3.86,2026-08-31 16:33:58.859 +0300
2026-07-05,SCENARIO,withinB_at_dest,JO,AMM,50130,4773,9.52,2026-08-31 16:33:58.859 +0300
2026-07-05,SCENARIO,withinB_at_dest,JO,IRB,13686,851,6.22,2026-08-31 16:33:58.859 +0300
2026-07-05,SCENARIO,withinB_at_dest,JO,Others,1570,95,6.05,2026-08-31 16:33:58.859 +0300
2026-07-05,SCENARIO,withinB_at_dest,JO,Total,82618,6685,8.09,2026-08-31 16:33:58.859 +0300
2026-07-05,SCENARIO,withinB_at_dest,JO,ZRQ,17232,966,5.61,2026-08-31 16:33:58.859 +0300
2026-07-05,SCENARIO,withinB_not_dest,JO,AMM,50130,1452,2.90,2026-08-31 16:33:58.859 +0300
2026-07-05,SCENARIO,withinB_not_dest,JO,IRB,13686,679,4.96,2026-08-31 16:33:58.859 +0300
2026-07-05,SCENARIO,withinB_not_dest,JO,Others,1570,74,4.71,2026-08-31 16:33:58.859 +0300
2026-07-05,SCENARIO,withinB_not_dest,JO,Total,82618,2682,3.25,2026-08-31 16:33:58.859 +0300
2026-07-05,SCENARIO,withinB_not_dest,JO,ZRQ,17232,477,2.77,2026-08-31 16:33:58.859 +0300
2026-07-05,CAUSE_MIX,beyondB,SA,Total,46834,19,0.04,2026-08-31 16:33:58.859 +0300
2026-07-05,CAUSE_MIX,pd_mismatch,SA,Total,46834,2,0.00,2026-08-31 16:33:58.859 +0300
2026-07-05,CAUSE_MIX,pickup_mismatch,SA,Total,46834,11,0.02,2026-08-31 16:33:58.859 +0300
2026-07-05,CAUSE_MIX,previous_wallet_balance,SA,Total,46834,6904,14.74,2026-08-31 16:33:58.859 +0300
2026-07-05,CAUSE_MIX,surcharge_mismatch,SA,Total,46834,780,1.67,2026-08-31 16:33:58.859 +0300
2026-07-05,CAUSE_MIX,surge_mismatch,SA,Total,46834,29,0.06,2026-08-31 16:33:58.859 +0300
2026-07-05,CAUSE_MIX,waiting_time,SA,Total,46834,21856,46.67,2026-08-31 16:33:58.859 +0300
2026-07-05,CAUSE_MIX,withinA_at_dest,SA,Total,46834,3641,7.77,2026-08-31 16:33:58.859 +0300
2026-07-05,CAUSE_MIX,withinA_not_dest,SA,Total,46834,1936,4.13,2026-08-31 16:33:58.859 +0300
2026-07-05,CAUSE_MIX,withinB_at_dest,SA,Total,46834,8849,18.89,2026-08-31 16:33:58.859 +0300
2026-07-05,CAUSE_MIX,withinB_not_dest,SA,Total,46834,2807,5.99,2026-08-31 16:33:58.859 +0300
2026-07-05,CHANNEL,cumulative_price_shocks_net,SA,DMM,6453,2132,33.04,2026-08-31 16:33:58.859 +0300
2026-07-05,CHANNEL,cumulative_price_shocks_net,SA,JED,32142,11883,36.97,2026-08-31 16:33:58.859 +0300
2026-07-05,CHANNEL,cumulative_price_shocks_net,SA,MAD,11284,3780,33.50,2026-08-31 16:33:58.859 +0300
2026-07-05,CHANNEL,cumulative_price_shocks_net,SA,MEC,5744,2266,39.45,2026-08-31 16:33:58.859 +0300
2026-07-05,CHANNEL,cumulative_price_shocks_net,SA,Others,12503,4791,38.32,2026-08-31 16:33:58.859 +0300
2026-07-05,CHANNEL,cumulative_price_shocks_net,SA,RUH,44676,14917,33.39,2026-08-31 16:33:58.859 +0300
2026-07-05,CHANNEL,cumulative_price_shocks_net,SA,Total,112802,39769,35.26,2026-08-31 16:33:58.859 +0300
2026-07-05,CHANNEL,pd_mismatch,SA,DMM,6453,0,0.00,2026-08-31 16:33:58.859 +0300
2026-07-05,CHANNEL,pd_mismatch,SA,JED,32142,1,0.00,2026-08-31 16:33:58.859 +0300
2026-07-05,CHANNEL,pd_mismatch,SA,MAD,11284,1,0.01,2026-08-31 16:33:58.859 +0300
2026-07-05,CHANNEL,pd_mismatch,SA,MEC,5744,0,0.00,2026-08-31 16:33:58.859 +0300
2026-07-05,CHANNEL,pd_mismatch,SA,Others,12503,2,0.02,2026-08-31 16:33:58.859 +0300
2026-07-05,CHANNEL,pd_mismatch,SA,RUH,44676,0,0.00,2026-08-31 16:33:58.859 +0300
2026-07-05,CHANNEL,pd_mismatch,SA,Total,112802,4,0.00,2026-08-31 16:33:58.859 +0300
2026-07-05,CHANNEL,pickup_mismatch,SA,DMM,6453,1,0.02,2026-08-31 16:33:58.859 +0300
2026-07-05,CHANNEL,pickup_mismatch,SA,JED,32142,3,0.01,2026-08-31 16:33:58.859 +0300
2026-07-05,CHANNEL,pickup_mismatch,SA,MAD,11284,1,0.01,2026-08-31 16:33:58.859 +0300
2026-07-05,CHANNEL,pickup_mismatch,SA,MEC,5744,0,0.00,2026-08-31 16:33:58.859 +0300
2026-07-05,CHANNEL,pickup_mismatch,SA,Others,12503,8,0.06,2026-08-31 16:33:58.859 +0300
2026-07-05,CHANNEL,pickup_mismatch,SA,RUH,44676,2,0.00,2026-08-31 16:33:58.859 +0300
2026-07-05,CHANNEL,pickup_mismatch,SA,Total,112802,15,0.01,2026-08-31 16:33:58.859 +0300
2026-07-05,CHANNEL,residual_fare_increase_net,SA,DMM,6453,1053,16.32,2026-08-31 16:33:58.859 +0300
2026-07-05,CHANNEL,residual_fare_increase_net,SA,JED,32142,5780,17.98,2026-08-31 16:33:58.859 +0300
2026-07-05,CHANNEL,residual_fare_increase_net,SA,MAD,11284,1907,16.90,2026-08-31 16:33:58.859 +0300
2026-07-05,CHANNEL,residual_fare_increase_net,SA,MEC,5744,979,17.04,2026-08-31 16:33:58.859 +0300
2026-07-05,CHANNEL,residual_fare_increase_net,SA,Others,12503,2483,19.86,2026-08-31 16:33:58.859 +0300
2026-07-05,CHANNEL,residual_fare_increase_net,SA,RUH,44676,7424,16.62,2026-08-31 16:33:58.859 +0300
2026-07-05,CHANNEL,residual_fare_increase_net,SA,Total,112802,19626,17.40,2026-08-31 16:33:58.859 +0300
2026-07-05,CHANNEL,rounding_error,SA,DMM,6453,115,1.78,2026-08-31 16:33:58.859 +0300
2026-07-05,CHANNEL,rounding_error,SA,JED,32142,853,2.65,2026-08-31 16:33:58.859 +0300
2026-07-05,CHANNEL,rounding_error,SA,MAD,11284,306,2.71,2026-08-31 16:33:58.859 +0300
2026-07-05,CHANNEL,rounding_error,SA,MEC,5744,122,2.12,2026-08-31 16:33:58.859 +0300
2026-07-05,CHANNEL,rounding_error,SA,Others,12503,258,2.06,2026-08-31 16:33:58.859 +0300
2026-07-05,CHANNEL,rounding_error,SA,RUH,44676,985,2.20,2026-08-31 16:33:58.859 +0300
2026-07-05,CHANNEL,rounding_error,SA,Total,112802,2639,2.34,2026-08-31 16:33:58.859 +0300
2026-07-05,CHANNEL,spillover_recovery,SA,DMM,6453,284,4.40,2026-08-31 16:33:58.859 +0300
2026-07-05,CHANNEL,spillover_recovery,SA,JED,32142,2477,7.71,2026-08-31 16:33:58.859 +0300
2026-07-05,CHANNEL,spillover_recovery,SA,MAD,11284,699,6.19,2026-08-31 16:33:58.859 +0300
2026-07-05,CHANNEL,spillover_recovery,SA,MEC,5744,351,6.11,2026-08-31 16:33:58.859 +0300
2026-07-05,CHANNEL,spillover_recovery,SA,Others,12503,610,4.88,2026-08-31 16:33:58.859 +0300
2026-07-05,CHANNEL,spillover_recovery,SA,RUH,44676,3155,7.06,2026-08-31 16:33:58.859 +0300
2026-07-05,CHANNEL,spillover_recovery,SA,Total,112802,7576,6.72,2026-08-31 16:33:58.859 +0300
2026-07-05,CHANNEL,surcharge_mismatch,SA,DMM,6453,91,1.41,2026-08-31 16:33:58.859 +0300
2026-07-05,CHANNEL,surcharge_mismatch,SA,JED,32142,760,2.36,2026-08-31 16:33:58.859 +0300
2026-07-05,CHANNEL,surcharge_mismatch,SA,MAD,11284,128,1.13,2026-08-31 16:33:58.859 +0300
2026-07-05,CHANNEL,surcharge_mismatch,SA,MEC,5744,55,0.96,2026-08-31 16:33:58.859 +0300
2026-07-05,CHANNEL,surcharge_mismatch,SA,Others,12503,209,1.67,2026-08-31 16:33:58.859 +0300
2026-07-05,CHANNEL,surcharge_mismatch,SA,RUH,44676,685,1.53,2026-08-31 16:33:58.859 +0300
2026-07-05,CHANNEL,surcharge_mismatch,SA,Total,112802,1928,1.71,2026-08-31 16:33:58.859 +0300
2026-07-05,CHANNEL,surge_mismatch,SA,DMM,6453,4,0.06,2026-08-31 16:33:58.859 +0300
2026-07-05,CHANNEL,surge_mismatch,SA,JED,32142,17,0.05,2026-08-31 16:33:58.859 +0300
2026-07-22,CHANNEL,rounding_error,SA,DMM,5233,71,1.36,2026-08-31 16:33:58.859 +0300
2026-07-22,CHANNEL,rounding_error,SA,JED,25967,628,2.42,2026-08-31 16:33:58.859 +0300
2026-07-22,CHANNEL,rounding_error,SA,MAD,8931,244,2.73,2026-08-31 16:33:58.859 +0300
2026-07-22,CHANNEL,rounding_error,SA,MEC,5140,106,2.06,2026-08-31 16:33:58.859 +0300
2026-07-22,CHANNEL,rounding_error,SA,Others,10447,213,2.04,2026-08-31 16:33:58.859 +0300
2026-07-22,CHANNEL,rounding_error,SA,RUH,35014,870,2.48,2026-08-31 16:33:58.859 +0300
2026-07-22,CHANNEL,rounding_error,SA,Total,90732,2132,2.35,2026-08-31 16:33:58.859 +0300
2026-07-22,CHANNEL,spillover_recovery,SA,DMM,5233,292,5.58,2026-08-31 16:33:58.859 +0300
2026-07-22,CHANNEL,spillover_recovery,SA,JED,25967,2479,9.55,2026-08-31 16:33:58.859 +0300
2026-07-22,CHANNEL,spillover_recovery,SA,MAD,8931,670,7.50,2026-08-31 16:33:58.859 +0300
2026-07-22,CHANNEL,spillover_recovery,SA,MEC,5140,364,7.08,2026-08-31 16:33:58.859 +0300
2026-07-22,CHANNEL,spillover_recovery,SA,Others,10447,569,5.45,2026-08-31 16:33:58.859 +0300
2026-07-22,CHANNEL,spillover_recovery,SA,RUH,35014,2996,8.56,2026-08-31 16:33:58.859 +0300
2026-07-22,CHANNEL,spillover_recovery,SA,Total,90732,7370,8.12,2026-08-31 16:33:58.859 +0300
2026-07-22,CHANNEL,surcharge_mismatch,SA,DMM,5233,94,1.80,2026-08-31 16:33:58.859 +0300
2026-07-22,CHANNEL,surcharge_mismatch,SA,JED,25967,603,2.32,2026-08-31 16:33:58.859 +0300
2026-07-22,CHANNEL,surcharge_mismatch,SA,MAD,8931,138,1.55,2026-08-31 16:33:58.859 +0300
2026-07-22,CHANNEL,surcharge_mismatch,SA,MEC,5140,57,1.11,2026-08-31 16:33:58.859 +0300
2026-07-22,CHANNEL,surcharge_mismatch,SA,Others,10447,158,1.51,2026-08-31 16:33:58.859 +0300
2026-07-22,CHANNEL,surcharge_mismatch,SA,RUH,35014,516,1.47,2026-08-31 16:33:58.859 +0300
2026-07-22,CHANNEL,surcharge_mismatch,SA,Total,90732,1566,1.73,2026-08-31 16:33:58.859 +0300
2026-07-22,CHANNEL,surge_mismatch,SA,DMM,5233,1,0.02,2026-08-31 16:33:58.859 +0300
2026-07-22,CHANNEL,surge_mismatch,SA,JED,25967,0,0.00,2026-08-31 16:33:58.859 +0300
2026-07-22,CHANNEL,surge_mismatch,SA,MAD,8931,1,0.01,2026-08-31 16:33:58.859 +0300
2026-07-22,CHANNEL,surge_mismatch,SA,MEC,5140,1,0.02,2026-08-31 16:33:58.859 +0300
2026-07-22,CHANNEL,surge_mismatch,SA,Others,10447,0,0.00,2026-08-31 16:33:58.859 +0300
2026-07-22,CHANNEL,surge_mismatch,SA,RUH,35014,1,0.00,2026-08-31 16:33:58.859 +0300
2026-07-22,CHANNEL,surge_mismatch,SA,Total,90732,4,0.00,2026-08-31 16:33:58.859 +0300
2026-07-22,SCENARIO,beyondB,SA,DMM,5233,0,0.00,2026-08-31 16:33:58.859 +0300
2026-07-22,SCENARIO,beyondB,SA,JED,25967,6,0.02,2026-08-31 16:33:58.859 +0300
2026-07-22,SCENARIO,beyondB,SA,MAD,8931,1,0.01,2026-08-31 16:33:58.859 +0300
2026-07-22,SCENARIO,beyondB,SA,MEC,5140,2,0.04,2026-08-31 16:33:58.859 +0300
2026-07-22,SCENARIO,beyondB,SA,Others,10447,11,0.11,2026-08-31 16:33:58.859 +0300
2026-07-22,SCENARIO,beyondB,SA,RUH,35014,11,0.03,2026-08-31 16:33:58.859 +0300
2026-07-22,SCENARIO,beyondB,SA,Total,90732,31,0.03,2026-08-31 16:33:58.859 +0300
2026-07-22,SCENARIO,withinA_at_dest,SA,DMM,5233,928,17.73,2026-08-31 16:33:58.859 +0300
2026-07-22,SCENARIO,withinA_at_dest,SA,JED,25967,5170,19.91,2026-08-31 16:33:58.859 +0300
2026-07-22,SCENARIO,withinA_at_dest,SA,MAD,8931,1526,17.09,2026-08-31 16:33:58.859 +0300
2026-07-22,SCENARIO,withinA_at_dest,SA,MEC,5140,1141,22.20,2026-08-31 16:33:58.859 +0300
2026-07-22,SCENARIO,withinA_at_dest,SA,Others,10447,1931,18.48,2026-08-31 16:33:58.859 +0300
2026-07-22,SCENARIO,withinA_at_dest,SA,RUH,35014,6334,18.09,2026-08-31 16:33:58.859 +0300
2026-07-22,SCENARIO,withinA_at_dest,SA,Total,90732,17030,18.77,2026-08-31 16:33:58.859 +0300
2026-07-22,SCENARIO,withinA_not_dest,SA,DMM,5233,143,2.73,2026-08-31 16:33:58.859 +0300
2026-07-22,SCENARIO,withinA_not_dest,SA,JED,25967,528,2.03,2026-08-31 16:33:58.859 +0300
2026-07-22,SCENARIO,withinA_not_dest,SA,MAD,8931,331,3.71,2026-08-31 16:33:58.859 +0300
2026-07-22,SCENARIO,withinA_not_dest,SA,MEC,5140,158,3.07,2026-08-31 16:33:58.859 +0300
2026-07-22,SCENARIO,withinA_not_dest,SA,Others,10447,384,3.68,2026-08-31 16:33:58.859 +0300
2026-07-22,SCENARIO,withinA_not_dest,SA,RUH,35014,781,2.23,2026-08-31 16:33:58.859 +0300
2026-07-22,SCENARIO,withinA_not_dest,SA,Total,90732,2325,2.56,2026-08-31 16:33:58.859 +0300
2026-07-22,SCENARIO,withinB_at_dest,SA,DMM,5233,496,9.48,2026-08-31 16:33:58.859 +0300
2026-07-22,SCENARIO,withinB_at_dest,SA,JED,25967,2720,10.47,2026-08-31 16:33:58.859 +0300
2026-07-22,SCENARIO,withinB_at_dest,SA,MAD,8931,778,8.71,2026-08-31 16:33:58.859 +0300
2026-07-22,SCENARIO,withinB_at_dest,SA,MEC,5140,435,8.46,2026-08-31 16:33:58.859 +0300
2026-07-22,SCENARIO,withinB_at_dest,SA,Others,10447,923,8.84,2026-08-31 16:33:58.859 +0300
2026-07-22,SCENARIO,withinB_at_dest,SA,RUH,35014,2583,7.38,2026-08-31 16:33:58.859 +0300
2026-07-22,SCENARIO,withinB_at_dest,SA,Total,90732,7935,8.75,2026-08-31 16:33:58.859 +0300
2026-07-22,SCENARIO,withinB_not_dest,SA,DMM,5233,160,3.06,2026-08-31 16:33:58.859 +0300
2026-07-22,SCENARIO,withinB_not_dest,SA,JED,25967,764,2.94,2026-08-31 16:33:58.859 +0300
2026-07-22,SCENARIO,withinB_not_dest,SA,MAD,8931,304,3.40,2026-08-31 16:33:58.859 +0300
2026-07-22,SCENARIO,withinB_not_dest,SA,MEC,5140,198,3.85,2026-08-31 16:33:58.859 +0300
2026-07-22,SCENARIO,withinB_not_dest,SA,Others,10447,535,5.12,2026-08-31 16:33:58.859 +0300
2026-07-22,SCENARIO,withinB_not_dest,SA,RUH,35014,943,2.69,2026-08-31 16:33:58.859 +0300
2026-07-22,SCENARIO,withinB_not_dest,SA,Total,90732,2904,3.20,2026-08-31 16:33:58.859 +0300
2026-07-23,CAUSE_MIX,beyondB,JO,Total,25400,68,0.27,2026-08-31 16:33:58.859 +0300
2026-07-23,CAUSE_MIX,previous_wallet_balance,JO,Total,25400,1270,5.00,2026-08-31 16:33:58.859 +0300
2026-07-23,CAUSE_MIX,surcharge_mismatch,JO,Total,25400,16,0.06,2026-08-31 16:33:58.859 +0300
2026-07-23,CAUSE_MIX,surge_mismatch,JO,Total,25400,8,0.03,2026-08-31 16:33:58.859 +0300
2026-07-23,CAUSE_MIX,waiting_time,JO,Total,25400,10552,41.54,2026-08-31 16:33:58.859 +0300
2026-07-23,CAUSE_MIX,withinA_at_dest,JO,Total,25400,1253,4.93,2026-08-31 16:33:58.859 +0300
2026-07-23,CAUSE_MIX,withinA_not_dest,JO,Total,25400,2901,11.42,2026-08-31 16:33:58.859 +0300
2026-07-23,CAUSE_MIX,withinB_at_dest,JO,Total,25400,6567,25.85,2026-08-31 16:33:58.859 +0300
2026-07-23,CAUSE_MIX,withinB_not_dest,JO,Total,25400,2765,10.89,2026-08-31 16:33:58.859 +0300
2026-07-23,CHANNEL,cumulative_price_shocks_net,JO,AMM,60729,14156,23.31,2026-08-31 16:33:58.859 +0300
2026-07-23,CHANNEL,cumulative_price_shocks_net,JO,IRB,15024,4928,32.80,2026-08-31 16:33:58.859 +0300
2026-07-23,CHANNEL,cumulative_price_shocks_net,JO,Others,2155,543,25.20,2026-08-31 16:33:58.859 +0300
2026-07-23,CHANNEL,cumulative_price_shocks_net,JO,Total,96786,24130,24.93,2026-08-31 16:33:58.859 +0300
2026-07-23,CHANNEL,cumulative_price_shocks_net,JO,ZRQ,18878,4503,23.85,2026-08-31 16:33:58.859 +0300
2026-07-23,CHANNEL,pd_mismatch,JO,AMM,60729,0,0.00,2026-08-31 16:33:58.859 +0300
2026-07-23,CHANNEL,pd_mismatch,JO,IRB,15024,0,0.00,2026-08-31 16:33:58.859 +0300
2026-07-23,CHANNEL,pd_mismatch,JO,Others,2155,0,0.00,2026-08-31 16:33:58.859 +0300
2026-07-23,CHANNEL,pd_mismatch,JO,Total,96786,0,0.00,2026-08-31 16:33:58.859 +0300
2026-07-23,CHANNEL,pd_mismatch,JO,ZRQ,18878,0,0.00,2026-08-31 16:33:58.859 +0300
2026-07-23,CHANNEL,pickup_mismatch,JO,AMM,60729,2,0.00,2026-08-31 16:33:58.859 +0300
2026-07-23,CHANNEL,pickup_mismatch,JO,IRB,15024,0,0.00,2026-08-31 16:33:58.859 +0300
2026-07-23,CHANNEL,pickup_mismatch,JO,Others,2155,0,0.00,2026-08-31 16:33:58.859 +0300
2026-07-23,CHANNEL,pickup_mismatch,JO,Total,96786,2,0.00,2026-08-31 16:33:58.859 +0300
2026-07-23,CHANNEL,pickup_mismatch,JO,ZRQ,18878,0,0.00,2026-08-31 16:33:58.859 +0300
2026-07-23,CHANNEL,residual_fare_increase_net,JO,AMM,60729,7728,12.73,2026-08-31 16:33:58.859 +0300
2026-07-23,CHANNEL,residual_fare_increase_net,JO,IRB,15024,3559,23.69,2026-08-31 16:33:58.859 +0300
2026-07-23,CHANNEL,residual_fare_increase_net,JO,Others,2155,344,15.96,2026-08-31 16:33:58.859 +0300
2026-07-23,CHANNEL,residual_fare_increase_net,JO,Total,96786,14384,14.86,2026-08-31 16:33:58.859 +0300
2026-07-23,CHANNEL,residual_fare_increase_net,JO,ZRQ,18878,2753,14.58,2026-08-31 16:33:58.859 +0300
2026-07-23,CHANNEL,rounding_error,JO,AMM,60729,698,1.15,2026-08-31 16:33:58.859 +0300
2026-07-23,CHANNEL,rounding_error,JO,IRB,15024,158,1.05,2026-08-31 16:33:58.859 +0300
2026-07-23,CHANNEL,rounding_error,JO,Others,2155,32,1.48,2026-08-31 16:33:58.859 +0300
2026-07-23,CHANNEL,rounding_error,JO,Total,96786,1076,1.11,2026-08-31 16:33:58.859 +0300
2026-07-23,CHANNEL,rounding_error,JO,ZRQ,18878,188,1.00,2026-08-31 16:33:58.859 +0300
2026-07-23,CHANNEL,spillover_recovery,JO,AMM,60729,1077,1.77,2026-08-31 16:33:58.859 +0300
2026-07-23,CHANNEL,spillover_recovery,JO,IRB,15024,190,1.26,2026-08-31 16:33:58.859 +0300
2026-07-23,CHANNEL,spillover_recovery,JO,Others,2155,7,0.32,2026-08-31 16:33:58.859 +0300
2026-07-23,CHANNEL,spillover_recovery,JO,Total,96786,1346,1.39,2026-08-31 16:33:58.859 +0300
2026-07-23,CHANNEL,spillover_recovery,JO,ZRQ,18878,72,0.38,2026-08-31 16:33:58.859 +0300
2026-07-23,CHANNEL,surcharge_mismatch,JO,AMM,60729,22,0.04,2026-08-31 16:33:58.859 +0300
2026-07-23,CHANNEL,surcharge_mismatch,JO,IRB,15024,0,0.00,2026-08-31 16:33:58.859 +0300
2026-07-23,CHANNEL,surcharge_mismatch,JO,Others,2155,0,0.00,2026-08-31 16:33:58.859 +0300
2026-07-23,CHANNEL,surcharge_mismatch,JO,Total,96786,31,0.03,2026-08-31 16:33:58.859 +0300
2026-07-23,CHANNEL,surcharge_mismatch,JO,ZRQ,18878,9,0.05,2026-08-31 16:33:58.859 +0300
2026-07-23,CHANNEL,surge_mismatch,JO,AMM,60729,9,0.01,2026-08-31 16:33:58.859 +0300
2026-07-23,CHANNEL,surge_mismatch,JO,IRB,15024,1,0.01,2026-08-31 16:33:58.859 +0300
2026-07-23,CHANNEL,surge_mismatch,JO,Others,2155,0,0.00,2026-08-31 16:33:58.859 +0300
2026-07-23,CHANNEL,surge_mismatch,JO,Total,96786,15,0.02,2026-08-31 16:33:58.859 +0300
2026-07-23,CHANNEL,surge_mismatch,JO,ZRQ,18878,5,0.03,2026-08-31 16:33:58.859 +0300
2026-07-23,SCENARIO,beyondB,JO,AMM,60729,48,0.08,2026-08-31 16:33:58.859 +0300
2026-07-23,SCENARIO,beyondB,JO,IRB,15024,14,0.09,2026-08-31 16:33:58.859 +0300
2026-07-23,SCENARIO,beyondB,JO,Others,2155,0,0.00,2026-08-31 16:33:58.859 +0300
2026-07-23,SCENARIO,beyondB,JO,Total,96786,71,0.07,2026-08-31 16:33:58.859 +0300
2026-07-23,SCENARIO,beyondB,JO,ZRQ,18878,9,0.05,2026-08-31 16:33:58.859 +0300
2026-07-23,SCENARIO,withinA_at_dest,JO,AMM,60729,6293,10.36,2026-08-31 16:33:58.859 +0300
2026-07-23,SCENARIO,withinA_at_dest,JO,IRB,15024,1277,8.50,2026-08-31 16:33:58.859 +0300
2026-07-23,SCENARIO,withinA_at_dest,JO,Others,2155,191,8.86,2026-08-31 16:33:58.859 +0300
2026-07-23,SCENARIO,withinA_at_dest,JO,Total,96786,9470,9.78,2026-08-31 16:33:58.859 +0300
2026-07-23,SCENARIO,withinA_at_dest,JO,ZRQ,18878,1709,9.05,2026-08-31 16:33:58.859 +0300
2026-07-23,SCENARIO,withinA_not_dest,JO,AMM,60729,1868,3.08,2026-08-31 16:33:58.859 +0300
2026-07-23,SCENARIO,withinA_not_dest,JO,IRB,15024,1073,7.14,2026-08-31 16:33:58.859 +0300
2026-07-23,SCENARIO,withinA_not_dest,JO,Others,2155,86,3.99,2026-08-31 16:33:58.859 +0300
2026-07-23,SCENARIO,withinA_not_dest,JO,Total,96786,3655,3.78,2026-08-31 16:33:58.859 +0300
2026-07-23,SCENARIO,withinA_not_dest,JO,ZRQ,18878,628,3.33,2026-08-31 16:33:58.859 +0300
2026-07-23,SCENARIO,withinB_at_dest,JO,AMM,60729,4231,6.97,2026-08-31 16:33:58.859 +0300
2026-07-23,SCENARIO,withinB_at_dest,JO,IRB,15024,1649,10.98,2026-08-31 16:33:58.859 +0300
2026-07-23,SCENARIO,withinB_at_dest,JO,Others,2155,187,8.68,2026-08-31 16:33:58.859 +0300
2026-07-23,SCENARIO,withinB_at_dest,JO,Total,96786,7635,7.89,2026-08-31 16:33:58.859 +0300
2026-07-23,SCENARIO,withinB_at_dest,JO,ZRQ,18878,1568,8.31,2026-08-31 16:33:58.859 +0300
2026-07-23,SCENARIO,withinB_not_dest,JO,AMM,60729,1716,2.83,2026-08-31 16:33:58.859 +0300
2026-07-23,SCENARIO,withinB_not_dest,JO,IRB,15024,915,6.09,2026-08-31 16:33:58.859 +0300
2026-07-23,SCENARIO,withinB_not_dest,JO,Others,2155,79,3.67,2026-08-31 16:33:58.859 +0300
2026-07-23,SCENARIO,withinB_not_dest,JO,Total,96786,3299,3.41,2026-08-31 16:33:58.859 +0300
2026-07-23,SCENARIO,withinB_not_dest,JO,ZRQ,18878,589,3.12,2026-08-31 16:33:58.859 +0300
2026-07-23,CAUSE_MIX,beyondB,SA,Total,38649,15,0.04,2026-08-31 16:33:58.859 +0300
2026-07-23,CAUSE_MIX,pd_mismatch,SA,Total,38649,1,0.00,2026-08-31 16:33:58.859 +0300
2026-07-23,CAUSE_MIX,pickup_mismatch,SA,Total,38649,2,0.01,2026-08-31 16:33:58.859 +0300
2026-07-23,CAUSE_MIX,previous_wallet_balance,SA,Total,38649,6708,17.36,2026-08-31 16:33:58.859 +0300
2026-07-23,CAUSE_MIX,surcharge_mismatch,SA,Total,38649,750,1.94,2026-08-31 16:33:58.859 +0300
2026-07-23,CAUSE_MIX,surge_mismatch,SA,Total,38649,2,0.01,2026-08-31 16:33:58.859 +0300
2026-07-23,CAUSE_MIX,waiting_time,SA,Total,38649,19045,49.28,2026-08-31 16:33:58.859 +0300
2026-07-23,CAUSE_MIX,withinA_at_dest,SA,Total,38649,2552,6.60,2026-08-31 16:33:58.859 +0300
2026-07-23,CAUSE_MIX,withinA_not_dest,SA,Total,38649,1573,4.07,2026-08-31 16:33:58.859 +0300
2026-07-23,CAUSE_MIX,withinB_at_dest,SA,Total,38649,5894,15.25,2026-08-31 16:33:58.859 +0300
2026-07-23,CAUSE_MIX,withinB_not_dest,SA,Total,38649,2107,5.45,2026-08-31 16:33:58.859 +0300
2026-07-23,CHANNEL,cumulative_price_shocks_net,SA,DMM,5705,1882,32.99,2026-08-31 16:33:58.859 +0300
2026-07-23,CHANNEL,cumulative_price_shocks_net,SA,JED,26891,9841,36.60,2026-08-31 16:33:58.859 +0300
2026-07-23,CHANNEL,cumulative_price_shocks_net,SA,MAD,9738,3392,34.83,2026-08-31 16:33:58.859 +0300
2026-07-23,CHANNEL,cumulative_price_shocks_net,SA,MEC,5270,2040,38.71,2026-08-31 16:33:58.859 +0300
2026-07-23,CHANNEL,cumulative_price_shocks_net,SA,Others,10719,3983,37.16,2026-08-31 16:33:58.859 +0300
2026-07-23,CHANNEL,cumulative_price_shocks_net,SA,RUH,36125,10615,29.38,2026-08-31 16:33:58.859 +0300
2026-07-23,CHANNEL,cumulative_price_shocks_net,SA,Total,94448,31753,33.62,2026-08-31 16:33:58.859 +0300
2026-07-23,CHANNEL,pd_mismatch,SA,DMM,5705,0,0.00,2026-08-31 16:33:58.859 +0300
2026-07-23,CHANNEL,pd_mismatch,SA,JED,26891,0,0.00,2026-08-31 16:33:58.859 +0300
2026-07-23,CHANNEL,pd_mismatch,SA,MAD,9738,0,0.00,2026-08-31 16:33:58.859 +0300
2026-07-23,CHANNEL,pd_mismatch,SA,MEC,5270,0,0.00,2026-08-31 16:33:58.859 +0300
2026-07-23,CHANNEL,pd_mismatch,SA,Others,10719,4,0.04,2026-08-31 16:33:58.859 +0300
2026-07-23,CHANNEL,pd_mismatch,SA,RUH,36125,0,0.00,2026-08-31 16:33:58.859 +0300
2026-07-23,CHANNEL,pd_mismatch,SA,Total,94448,4,0.00,2026-08-31 16:33:58.859 +0300
2026-07-23,CHANNEL,pickup_mismatch,SA,DMM,5705,0,0.00,2026-08-31 16:33:58.859 +0300
2026-07-23,CHANNEL,pickup_mismatch,SA,JED,26891,1,0.00,2026-08-31 16:33:58.859 +0300
2026-07-23,CHANNEL,pickup_mismatch,SA,MAD,9738,0,0.00,2026-08-31 16:33:58.859 +0300
2026-07-23,CHANNEL,pickup_mismatch,SA,MEC,5270,1,0.02,2026-08-31 16:33:58.859 +0300
2026-07-23,CHANNEL,pickup_mismatch,SA,Others,10719,0,0.00,2026-08-31 16:33:58.859 +0300
2026-07-23,CHANNEL,pickup_mismatch,SA,RUH,36125,1,0.00,2026-08-31 16:33:58.859 +0300
2026-08-19,CHANNEL,surcharge_mismatch,SA,JED,28830,776,2.69,2026-08-31 16:33:58.859 +0300
2026-08-19,CHANNEL,surcharge_mismatch,SA,MAD,10185,174,1.71,2026-08-31 16:33:58.859 +0300
2026-08-19,CHANNEL,surcharge_mismatch,SA,MEC,5209,57,1.09,2026-08-31 16:33:58.859 +0300
2026-08-19,CHANNEL,surcharge_mismatch,SA,Others,12255,153,1.25,2026-08-31 16:33:58.859 +0300
2026-08-19,CHANNEL,surcharge_mismatch,SA,RUH,39925,655,1.64,2026-08-31 16:33:58.859 +0300
2026-08-19,CHANNEL,surcharge_mismatch,SA,Total,103359,1918,1.86,2026-08-31 16:33:58.859 +0300
2026-08-19,CHANNEL,surge_mismatch,SA,DMM,6955,5,0.07,2026-08-31 16:33:58.859 +0300
2026-08-19,CHANNEL,surge_mismatch,SA,JED,28830,9,0.03,2026-08-31 16:33:58.859 +0300
2026-08-19,CHANNEL,surge_mismatch,SA,MAD,10185,5,0.05,2026-08-31 16:33:58.859 +0300
2026-08-19,CHANNEL,surge_mismatch,SA,MEC,5209,3,0.06,2026-08-31 16:33:58.859 +0300
2026-08-19,CHANNEL,surge_mismatch,SA,Others,12255,0,0.00,2026-08-31 16:33:58.859 +0300
2026-08-19,CHANNEL,surge_mismatch,SA,RUH,39925,41,0.10,2026-08-31 16:33:58.859 +0300
2026-08-19,CHANNEL,surge_mismatch,SA,Total,103359,63,0.06,2026-08-31 16:33:58.859 +0300
2026-08-19,SCENARIO,beyondB,SA,DMM,6955,1,0.01,2026-08-31 16:33:58.859 +0300
2026-08-19,SCENARIO,beyondB,SA,JED,28830,4,0.01,2026-08-31 16:33:58.859 +0300
2026-08-19,SCENARIO,beyondB,SA,MAD,10185,5,0.05,2026-08-31 16:33:58.859 +0300
2026-08-19,SCENARIO,beyondB,SA,MEC,5209,3,0.06,2026-08-31 16:33:58.859 +0300
2026-08-19,SCENARIO,beyondB,SA,Others,12255,10,0.08,2026-08-31 16:33:58.859 +0300
2026-08-19,SCENARIO,beyondB,SA,RUH,39925,8,0.02,2026-08-31 16:33:58.859 +0300
2026-08-19,SCENARIO,beyondB,SA,Total,103359,31,0.03,2026-08-31 16:33:58.859 +0300
2026-08-19,SCENARIO,withinA_at_dest,SA,DMM,6955,1177,16.92,2026-08-31 16:33:58.859 +0300
2026-08-19,SCENARIO,withinA_at_dest,SA,JED,28830,5671,19.67,2026-08-31 16:33:58.859 +0300
2026-08-19,SCENARIO,withinA_at_dest,SA,MAD,10185,1888,18.54,2026-08-31 16:33:58.859 +0300
2026-08-19,SCENARIO,withinA_at_dest,SA,MEC,5209,1131,21.71,2026-08-31 16:33:58.859 +0300
2026-08-19,SCENARIO,withinA_at_dest,SA,Others,12255,2145,17.50,2026-08-31 16:33:58.859 +0300
2026-08-19,SCENARIO,withinA_at_dest,SA,RUH,39925,7244,18.14,2026-08-31 16:33:58.859 +0300
2026-08-19,SCENARIO,withinA_at_dest,SA,Total,103359,19256,18.63,2026-08-31 16:33:58.859 +0300
2026-08-19,SCENARIO,withinA_not_dest,SA,DMM,6955,147,2.11,2026-08-31 16:33:58.859 +0300
2026-08-19,SCENARIO,withinA_not_dest,SA,JED,28830,527,1.83,2026-08-31 16:33:58.859 +0300
2026-08-19,SCENARIO,withinA_not_dest,SA,MAD,10185,368,3.61,2026-08-31 16:33:58.859 +0300
2026-08-19,SCENARIO,withinA_not_dest,SA,MEC,5209,140,2.69,2026-08-31 16:33:58.859 +0300
2026-08-19,SCENARIO,withinA_not_dest,SA,Others,12255,405,3.30,2026-08-31 16:33:58.859 +0300
2026-08-19,SCENARIO,withinA_not_dest,SA,RUH,39925,895,2.24,2026-08-31 16:33:58.859 +0300
2026-08-19,SCENARIO,withinA_not_dest,SA,Total,103359,2482,2.40,2026-08-31 16:33:58.859 +0300
2026-08-19,SCENARIO,withinB_at_dest,SA,DMM,6955,687,9.88,2026-08-31 16:33:58.859 +0300
2026-08-19,SCENARIO,withinB_at_dest,SA,JED,28830,3064,10.63,2026-08-31 16:33:58.859 +0300
2026-08-19,SCENARIO,withinB_at_dest,SA,MAD,10185,717,7.04,2026-08-31 16:33:58.859 +0300
2026-08-19,SCENARIO,withinB_at_dest,SA,MEC,5209,527,10.12,2026-08-31 16:33:58.859 +0300
2026-08-19,SCENARIO,withinB_at_dest,SA,Others,12255,1075,8.77,2026-08-31 16:33:58.859 +0300
2026-08-19,SCENARIO,withinB_at_dest,SA,RUH,39925,2393,5.99,2026-08-31 16:33:58.859 +0300
2026-08-19,SCENARIO,withinB_at_dest,SA,Total,103359,8463,8.19,2026-08-31 16:33:58.859 +0300
2026-08-19,SCENARIO,withinB_not_dest,SA,DMM,6955,169,2.43,2026-08-31 16:33:58.859 +0300
2026-08-19,SCENARIO,withinB_not_dest,SA,JED,28830,749,2.60,2026-08-31 16:33:58.859 +0300
2026-08-19,SCENARIO,withinB_not_dest,SA,MAD,10185,362,3.55,2026-08-31 16:33:58.859 +0300
2026-08-19,SCENARIO,withinB_not_dest,SA,MEC,5209,206,3.95,2026-08-31 16:33:58.859 +0300
2026-08-19,SCENARIO,withinB_not_dest,SA,Others,12255,639,5.21,2026-08-31 16:33:58.859 +0300
2026-08-19,SCENARIO,withinB_not_dest,SA,RUH,39925,1042,2.61,2026-08-31 16:33:58.859 +0300
2026-08-19,SCENARIO,withinB_not_dest,SA,Total,103359,3167,3.06,2026-08-31 16:33:58.859 +0300
2026-08-20,CAUSE_MIX,beyondB,JO,Total,23784,51,0.21,2026-08-31 16:33:58.859 +0300
2026-08-20,CAUSE_MIX,previous_wallet_balance,JO,Total,23784,1070,4.50,2026-08-31 16:33:58.859 +0300
2026-08-20,CAUSE_MIX,surcharge_mismatch,JO,Total,23784,16,0.07,2026-08-31 16:33:58.859 +0300
2026-08-20,CAUSE_MIX,surge_mismatch,JO,Total,23784,14,0.06,2026-08-31 16:33:58.859 +0300
2026-08-20,CAUSE_MIX,waiting_time,JO,Total,23784,10433,43.87,2026-08-31 16:33:58.859 +0300
2026-08-20,CAUSE_MIX,withinA_at_dest,JO,Total,23784,1266,5.32,2026-08-31 16:33:58.859 +0300
2026-08-20,CAUSE_MIX,withinA_not_dest,JO,Total,23784,2974,12.50,2026-08-31 16:33:58.859 +0300
2026-08-20,CAUSE_MIX,withinB_at_dest,JO,Total,23784,5461,22.96,2026-08-31 16:33:58.859 +0300
2026-08-20,CAUSE_MIX,withinB_not_dest,JO,Total,23784,2499,10.51,2026-08-31 16:33:58.859 +0300
2026-08-20,CHANNEL,cumulative_price_shocks_net,JO,AMM,58703,13173,22.44,2026-08-31 16:33:58.859 +0300
2026-08-20,CHANNEL,cumulative_price_shocks_net,JO,IRB,16092,4755,29.55,2026-08-31 16:33:58.859 +0300
2026-08-20,CHANNEL,cumulative_price_shocks_net,JO,Others,2199,596,27.10,2026-08-31 16:33:58.859 +0300
2026-08-20,CHANNEL,cumulative_price_shocks_net,JO,Total,94552,22712,24.02,2026-08-31 16:33:58.859 +0300
2026-08-20,CHANNEL,cumulative_price_shocks_net,JO,ZRQ,17558,4188,23.85,2026-08-31 16:33:58.859 +0300
2026-08-20,CHANNEL,pd_mismatch,JO,AMM,58703,0,0.00,2026-08-31 16:33:58.859 +0300
2026-08-20,CHANNEL,pd_mismatch,JO,IRB,16092,0,0.00,2026-08-31 16:33:58.859 +0300
2026-08-20,CHANNEL,pd_mismatch,JO,Others,2199,0,0.00,2026-08-31 16:33:58.859 +0300
2026-08-20,CHANNEL,pd_mismatch,JO,Total,94552,0,0.00,2026-08-31 16:33:58.859 +0300
2026-08-20,CHANNEL,pd_mismatch,JO,ZRQ,17558,0,0.00,2026-08-31 16:33:58.859 +0300
2026-08-20,CHANNEL,pickup_mismatch,JO,AMM,58703,0,0.00,2026-08-31 16:33:58.859 +0300
2026-08-20,CHANNEL,pickup_mismatch,JO,IRB,16092,0,0.00,2026-08-31 16:33:58.859 +0300
2026-08-20,CHANNEL,pickup_mismatch,JO,Others,2199,0,0.00,2026-08-31 16:33:58.859 +0300
2026-08-20,CHANNEL,pickup_mismatch,JO,Total,94552,0,0.00,2026-08-31 16:33:58.859 +0300
2026-08-20,CHANNEL,pickup_mismatch,JO,ZRQ,17558,0,0.00,2026-08-31 16:33:58.859 +0300
2026-08-20,CHANNEL,residual_fare_increase_net,JO,AMM,58703,6669,11.36,2026-08-31 16:33:58.859 +0300
2026-08-20,CHANNEL,residual_fare_increase_net,JO,IRB,16092,3377,20.99,2026-08-31 16:33:58.859 +0300
2026-08-20,CHANNEL,residual_fare_increase_net,JO,Others,2199,375,17.05,2026-08-31 16:33:58.859 +0300
2026-08-20,CHANNEL,residual_fare_increase_net,JO,Total,94552,12880,13.62,2026-08-31 16:33:58.859 +0300
2026-08-20,CHANNEL,residual_fare_increase_net,JO,ZRQ,17558,2459,14.01,2026-08-31 16:33:58.859 +0300
2026-08-20,CHANNEL,rounding_error,JO,AMM,58703,718,1.22,2026-08-31 16:33:58.859 +0300
2026-08-20,CHANNEL,rounding_error,JO,IRB,16092,163,1.01,2026-08-31 16:33:58.859 +0300
2026-08-20,CHANNEL,rounding_error,JO,Others,2199,37,1.68,2026-08-31 16:33:58.859 +0300
2026-08-20,CHANNEL,rounding_error,JO,Total,94552,1103,1.17,2026-08-31 16:33:58.859 +0300
2026-08-20,CHANNEL,rounding_error,JO,ZRQ,17558,185,1.05,2026-08-31 16:33:58.859 +0300
2026-08-20,CHANNEL,spillover_recovery,JO,AMM,58703,924,1.57,2026-08-31 16:33:58.859 +0300
2026-08-20,CHANNEL,spillover_recovery,JO,IRB,16092,167,1.04,2026-08-31 16:33:58.859 +0300
2026-08-20,CHANNEL,spillover_recovery,JO,Others,2199,9,0.41,2026-08-31 16:33:58.859 +0300
2026-08-20,CHANNEL,spillover_recovery,JO,Total,94552,1164,1.23,2026-08-31 16:33:58.859 +0300
2026-08-20,CHANNEL,spillover_recovery,JO,ZRQ,17558,64,0.36,2026-08-31 16:33:58.859 +0300
2026-08-20,CHANNEL,surcharge_mismatch,JO,AMM,58703,21,0.04,2026-08-31 16:33:58.859 +0300
2026-08-20,CHANNEL,surcharge_mismatch,JO,IRB,16092,0,0.00,2026-08-31 16:33:58.859 +0300
2026-08-20,CHANNEL,surcharge_mismatch,JO,Others,2199,2,0.09,2026-08-31 16:33:58.859 +0300
2026-08-20,CHANNEL,surcharge_mismatch,JO,Total,94552,33,0.03,2026-08-31 16:33:58.859 +0300
2026-08-20,CHANNEL,surcharge_mismatch,JO,ZRQ,17558,10,0.06,2026-08-31 16:33:58.859 +0300
2026-08-20,CHANNEL,surge_mismatch,JO,AMM,58703,14,0.02,2026-08-31 16:33:58.859 +0300
2026-08-20,CHANNEL,surge_mismatch,JO,IRB,16092,1,0.01,2026-08-31 16:33:58.859 +0300
2026-08-20,CHANNEL,surge_mismatch,JO,Others,2199,0,0.00,2026-08-31 16:33:58.859 +0300
2026-08-20,CHANNEL,surge_mismatch,JO,Total,94552,18,0.02,2026-08-31 16:33:58.859 +0300
2026-08-20,CHANNEL,surge_mismatch,JO,ZRQ,17558,3,0.02,2026-08-31 16:33:58.859 +0300
2026-08-20,SCENARIO,beyondB,JO,AMM,58703,35,0.06,2026-08-31 16:33:58.859 +0300
2026-08-20,SCENARIO,beyondB,JO,IRB,16092,11,0.07,2026-08-31 16:33:58.859 +0300
2026-08-20,SCENARIO,beyondB,JO,Others,2199,2,0.09,2026-08-31 16:33:58.859 +0300
2026-08-20,SCENARIO,beyondB,JO,Total,94552,55,0.06,2026-08-31 16:33:58.859 +0300
2026-08-20,SCENARIO,beyondB,JO,ZRQ,17558,7,0.04,2026-08-31 16:33:58.859 +0300
2026-08-20,SCENARIO,withinA_at_dest,JO,AMM,58703,6389,10.88,2026-08-31 16:33:58.859 +0300
2026-08-20,SCENARIO,withinA_at_dest,JO,IRB,16092,1300,8.08,2026-08-31 16:33:58.859 +0300
2026-08-20,SCENARIO,withinA_at_dest,JO,Others,2199,211,9.60,2026-08-31 16:33:58.859 +0300
2026-08-20,SCENARIO,withinA_at_dest,JO,Total,94552,9589,10.14,2026-08-31 16:33:58.859 +0300
2026-08-20,SCENARIO,withinA_at_dest,JO,ZRQ,17558,1689,9.62,2026-08-31 16:33:58.859 +0300
2026-08-20,SCENARIO,withinA_not_dest,JO,AMM,58703,1915,3.26,2026-08-31 16:33:58.859 +0300
2026-08-20,SCENARIO,withinA_not_dest,JO,IRB,16092,1110,6.90,2026-08-31 16:33:58.859 +0300
2026-08-20,SCENARIO,withinA_not_dest,JO,Others,2199,81,3.68,2026-08-31 16:33:58.859 +0300
2026-08-20,SCENARIO,withinA_not_dest,JO,Total,94552,3683,3.90,2026-08-31 16:33:58.859 +0300
2026-08-20,SCENARIO,withinA_not_dest,JO,ZRQ,17558,577,3.29,2026-08-31 16:33:58.859 +0300
2026-08-20,SCENARIO,withinB_at_dest,JO,AMM,58703,3338,5.69,2026-08-31 16:33:58.859 +0300
2026-08-20,SCENARIO,withinB_at_dest,JO,IRB,16092,1435,8.92,2026-08-31 16:33:58.859 +0300
2026-08-20,SCENARIO,withinB_at_dest,JO,Others,2199,201,9.14,2026-08-31 16:33:58.859 +0300
2026-08-20,SCENARIO,withinB_at_dest,JO,Total,94552,6425,6.80,2026-08-31 16:33:58.859 +0300
2026-08-20,SCENARIO,withinB_at_dest,JO,ZRQ,17558,1451,8.26,2026-08-31 16:33:58.859 +0300
2026-08-20,SCENARIO,withinB_not_dest,JO,AMM,58703,1496,2.55,2026-08-31 16:33:58.859 +0300
2026-08-20,SCENARIO,withinB_not_dest,JO,IRB,16092,899,5.59,2026-08-31 16:33:58.859 +0300
2026-08-20,SCENARIO,withinB_not_dest,JO,Others,2199,101,4.59,2026-08-31 16:33:58.859 +0300
2026-08-20,SCENARIO,withinB_not_dest,JO,Total,94552,2960,3.13,2026-08-31 16:33:58.859 +0300
2026-08-20,SCENARIO,withinB_not_dest,JO,ZRQ,17558,464,2.64,2026-08-31 16:33:58.859 +0300
2026-08-20,CAUSE_MIX,beyondB,SA,Total,44465,27,0.06,2026-08-31 16:33:58.859 +0300
2026-08-20,CAUSE_MIX,pickup_mismatch,SA,Total,44465,2,0.00,2026-08-31 16:33:58.859 +0300
2026-08-20,CAUSE_MIX,previous_wallet_balance,SA,Total,44465,7479,16.82,2026-08-31 16:33:58.859 +0300
2026-08-20,CAUSE_MIX,surcharge_mismatch,SA,Total,44465,834,1.88,2026-08-31 16:33:58.859 +0300
2026-08-20,CAUSE_MIX,surge_mismatch,SA,Total,44465,44,0.10,2026-08-31 16:33:58.859 +0300
2026-08-20,CAUSE_MIX,waiting_time,SA,Total,44465,21549,48.46,2026-08-31 16:33:58.859 +0300
2026-08-20,CAUSE_MIX,withinA_at_dest,SA,Total,44465,3350,7.53,2026-08-31 16:33:58.859 +0300
2026-08-20,CAUSE_MIX,withinA_not_dest,SA,Total,44465,1725,3.88,2026-08-31 16:33:58.859 +0300
2026-08-20,CAUSE_MIX,withinB_at_dest,SA,Total,44465,6949,15.63,2026-08-31 16:33:58.859 +0300
2026-08-20,CAUSE_MIX,withinB_not_dest,SA,Total,44465,2506,5.64,2026-08-31 16:33:58.859 +0300
2026-08-20,CHANNEL,cumulative_price_shocks_net,SA,DMM,7547,2504,33.18,2026-08-31 16:33:58.859 +0300
2026-08-20,CHANNEL,cumulative_price_shocks_net,SA,JED,30868,11233,36.39,2026-08-31 16:33:58.859 +0300
2026-08-20,CHANNEL,cumulative_price_shocks_net,SA,MAD,10473,3437,32.82,2026-08-31 16:33:58.859 +0300
2026-08-20,CHANNEL,cumulative_price_shocks_net,SA,MEC,5345,2072,38.77,2026-08-31 16:33:58.859 +0300
2026-08-20,CHANNEL,cumulative_price_shocks_net,SA,Others,12515,4656,37.20,2026-08-31 16:33:58.859 +0300
2026-08-20,CHANNEL,cumulative_price_shocks_net,SA,RUH,42486,12894,30.35,2026-08-31 16:33:58.859 +0300
2026-08-20,CHANNEL,cumulative_price_shocks_net,SA,Total,109234,36796,33.69,2026-08-31 16:33:58.859 +0300
2026-08-20,CHANNEL,pd_mismatch,SA,DMM,7547,0,0.00,2026-08-31 16:33:58.859 +0300
2026-08-20,CHANNEL,pd_mismatch,SA,JED,30868,0,0.00,2026-08-31 16:33:58.859 +0300
2026-08-20,CHANNEL,pd_mismatch,SA,MAD,10473,0,0.00,2026-08-31 16:33:58.859 +0300
2026-08-20,CHANNEL,pd_mismatch,SA,MEC,5345,0,0.00,2026-08-31 16:33:58.859 +0300
2026-08-20,CHANNEL,pd_mismatch,SA,Others,12515,0,0.00,2026-08-31 16:33:58.859 +0300
2026-08-20,CHANNEL,pd_mismatch,SA,RUH,42486,0,0.00,2026-08-31 16:33:58.859 +0300
2026-08-20,CHANNEL,pd_mismatch,SA,Total,109234,0,0.00,2026-08-31 16:33:58.859 +0300
2026-08-20,CHANNEL,pickup_mismatch,SA,DMM,7547,0,0.00,2026-08-31 16:33:58.859 +0300
2026-08-20,CHANNEL,pickup_mismatch,SA,JED,30868,0,0.00,2026-08-31 16:33:58.859 +0300
2026-08-20,CHANNEL,pickup_mismatch,SA,MAD,10473,1,0.01,2026-08-31 16:33:58.859 +0300
2026-08-20,CHANNEL,pickup_mismatch,SA,MEC,5345,0,0.00,2026-08-31 16:33:58.859 +0300
2026-08-20,CHANNEL,pickup_mismatch,SA,Others,12515,2,0.02,2026-08-31 16:33:58.859 +0300
2026-08-20,CHANNEL,pickup_mismatch,SA,RUH,42486,1,0.00,2026-08-31 16:33:58.859 +0300
2026-08-20,CHANNEL,pickup_mismatch,SA,Total,109234,4,0.00,2026-08-31 16:33:58.859 +0300
2026-08-20,CHANNEL,residual_fare_increase_net,SA,DMM,7547,1208,16.01,2026-08-31 16:33:58.859 +0300
2026-08-20,CHANNEL,residual_fare_increase_net,SA,JED,30868,5073,16.43,2026-08-31 16:33:58.859 +0300
2026-08-20,CHANNEL,residual_fare_increase_net,SA,MAD,10473,1633,15.59,2026-08-31 16:33:58.859 +0300
2026-08-20,CHANNEL,residual_fare_increase_net,SA,MEC,5345,903,16.89,2026-08-31 16:33:58.859 +0300
2026-08-20,CHANNEL,residual_fare_increase_net,SA,Others,12515,2370,18.94,2026-08-31 16:33:58.859 +0300
2026-08-20,CHANNEL,residual_fare_increase_net,SA,RUH,42486,5398,12.71,2026-08-31 16:33:58.859 +0300
2026-08-20,CHANNEL,residual_fare_increase_net,SA,Total,109234,16585,15.18,2026-08-31 16:33:58.859 +0300
2026-08-20,CHANNEL,rounding_error,SA,DMM,7547,105,1.39,2026-08-31 16:33:58.859 +0300
2026-08-20,CHANNEL,rounding_error,SA,JED,30868,838,2.71,2026-08-31 16:33:58.859 +0300
2026-08-20,CHANNEL,rounding_error,SA,MAD,10473,276,2.64,2026-08-31 16:33:58.859 +0300
2026-08-20,CHANNEL,rounding_error,SA,MEC,5345,78,1.46,2026-08-31 16:33:58.859 +0300
2026-08-20,CHANNEL,rounding_error,SA,Others,12515,252,2.01,2026-08-31 16:33:58.859 +0300
2026-08-20,CHANNEL,rounding_error,SA,RUH,42486,1087,2.56,2026-08-31 16:33:58.859 +0300
2026-08-20,CHANNEL,rounding_error,SA,Total,109234,2636,2.41,2026-08-31 16:33:58.859 +0300
2026-08-20,CHANNEL,spillover_recovery,SA,DMM,7547,387,5.13,2026-08-31 16:33:58.859 +0300
2026-07-05,CHANNEL,surge_mismatch,SA,MAD,11284,12,0.11,2026-08-31 16:33:58.859 +0300
2026-07-05,CHANNEL,surge_mismatch,SA,MEC,5744,1,0.02,2026-08-31 16:33:58.859 +0300
2026-07-05,CHANNEL,surge_mismatch,SA,Others,12503,0,0.00,2026-08-31 16:33:58.859 +0300
2026-07-05,CHANNEL,surge_mismatch,SA,RUH,44676,17,0.04,2026-08-31 16:33:58.859 +0300
2026-07-05,CHANNEL,surge_mismatch,SA,Total,112802,51,0.05,2026-08-31 16:33:58.859 +0300
2026-07-05,SCENARIO,beyondB,SA,DMM,6453,0,0.00,2026-08-31 16:33:58.859 +0300
2026-07-05,SCENARIO,beyondB,SA,JED,32142,3,0.01,2026-08-31 16:33:58.859 +0300
2026-07-05,SCENARIO,beyondB,SA,MAD,11284,4,0.04,2026-08-31 16:33:58.859 +0300
2026-07-05,SCENARIO,beyondB,SA,MEC,5744,5,0.09,2026-08-31 16:33:58.859 +0300
2026-07-05,SCENARIO,beyondB,SA,Others,12503,6,0.05,2026-08-31 16:33:58.859 +0300
2026-07-05,SCENARIO,beyondB,SA,RUH,44676,14,0.03,2026-08-31 16:33:58.859 +0300
2026-07-05,SCENARIO,beyondB,SA,Total,112802,32,0.03,2026-08-31 16:33:58.859 +0300
2026-07-05,SCENARIO,withinA_at_dest,SA,DMM,6453,1125,17.43,2026-08-31 16:33:58.859 +0300
2026-07-05,SCENARIO,withinA_at_dest,SA,JED,32142,6342,19.73,2026-08-31 16:33:58.859 +0300
2026-07-05,SCENARIO,withinA_at_dest,SA,MAD,11284,1940,17.19,2026-08-31 16:33:58.859 +0300
2026-07-05,SCENARIO,withinA_at_dest,SA,MEC,5744,1286,22.39,2026-08-31 16:33:58.859 +0300
2026-07-05,SCENARIO,withinA_at_dest,SA,Others,12503,2319,18.55,2026-08-31 16:33:58.859 +0300
2026-07-05,SCENARIO,withinA_at_dest,SA,RUH,44676,7928,17.75,2026-08-31 16:33:58.859 +0300
2026-07-05,SCENARIO,withinA_at_dest,SA,Total,112802,20940,18.56,2026-08-31 16:33:58.859 +0300
2026-07-05,SCENARIO,withinA_not_dest,SA,DMM,6453,180,2.79,2026-08-31 16:33:58.859 +0300
2026-07-05,SCENARIO,withinA_not_dest,SA,JED,32142,680,2.12,2026-08-31 16:33:58.859 +0300
2026-07-05,SCENARIO,withinA_not_dest,SA,MAD,11284,450,3.99,2026-08-31 16:33:58.859 +0300
2026-07-05,SCENARIO,withinA_not_dest,SA,MEC,5744,182,3.17,2026-08-31 16:33:58.859 +0300
2026-07-05,SCENARIO,withinA_not_dest,SA,Others,12503,438,3.50,2026-08-31 16:33:58.859 +0300
2026-07-05,SCENARIO,withinA_not_dest,SA,RUH,44676,1103,2.47,2026-08-31 16:33:58.859 +0300
2026-07-05,SCENARIO,withinA_not_dest,SA,Total,112802,3033,2.69,2026-08-31 16:33:58.859 +0300
2026-07-05,SCENARIO,withinB_at_dest,SA,DMM,6453,615,9.53,2026-08-31 16:33:58.859 +0300
2026-07-05,SCENARIO,withinB_at_dest,SA,JED,32142,3862,12.02,2026-08-31 16:33:58.859 +0300
2026-07-05,SCENARIO,withinB_at_dest,SA,MAD,11284,975,8.64,2026-08-31 16:33:58.859 +0300
2026-07-05,SCENARIO,withinB_at_dest,SA,MEC,5744,596,10.38,2026-08-31 16:33:58.859 +0300
2026-07-05,SCENARIO,withinB_at_dest,SA,Others,12503,1289,10.31,2026-08-31 16:33:58.859 +0300
2026-07-05,SCENARIO,withinB_at_dest,SA,RUH,44676,4451,9.96,2026-08-31 16:33:58.859 +0300
2026-07-05,SCENARIO,withinB_at_dest,SA,Total,112802,11788,10.45,2026-08-31 16:33:58.859 +0300
2026-07-05,SCENARIO,withinB_not_dest,SA,DMM,6453,212,3.29,2026-08-31 16:33:58.859 +0300
2026-07-05,SCENARIO,withinB_not_dest,SA,JED,32142,996,3.10,2026-08-31 16:33:58.859 +0300
2026-07-05,SCENARIO,withinB_not_dest,SA,MAD,11284,411,3.64,2026-08-31 16:33:58.859 +0300
2026-07-05,SCENARIO,withinB_not_dest,SA,MEC,5744,197,3.43,2026-08-31 16:33:58.859 +0300
2026-07-05,SCENARIO,withinB_not_dest,SA,Others,12503,739,5.91,2026-08-31 16:33:58.859 +0300
2026-07-05,SCENARIO,withinB_not_dest,SA,RUH,44676,1421,3.18,2026-08-31 16:33:58.859 +0300
2026-07-05,SCENARIO,withinB_not_dest,SA,Total,112802,3976,3.52,2026-08-31 16:33:58.859 +0300
2026-07-06,CAUSE_MIX,beyondB,JO,Total,21948,59,0.27,2026-08-31 16:33:58.859 +0300
2026-07-06,CAUSE_MIX,pd_mismatch,JO,Total,21948,1,0.00,2026-08-31 16:33:58.859 +0300
2026-07-06,CAUSE_MIX,pickup_mismatch,JO,Total,21948,1,0.00,2026-08-31 16:33:58.859 +0300
2026-07-06,CAUSE_MIX,previous_wallet_balance,JO,Total,21948,1267,5.77,2026-08-31 16:33:58.859 +0300
2026-07-06,CAUSE_MIX,surcharge_mismatch,JO,Total,21948,14,0.06,2026-08-31 16:33:58.859 +0300
2026-07-06,CAUSE_MIX,surge_mismatch,JO,Total,21948,6,0.03,2026-08-31 16:33:58.859 +0300
2026-07-06,CAUSE_MIX,waiting_time,JO,Total,21948,8729,39.77,2026-08-31 16:33:58.859 +0300
2026-07-06,CAUSE_MIX,withinA_at_dest,JO,Total,21948,903,4.11,2026-08-31 16:33:58.859 +0300
2026-07-06,CAUSE_MIX,withinA_not_dest,JO,Total,21948,2606,11.87,2026-08-31 16:33:58.859 +0300
2026-07-06,CAUSE_MIX,withinB_at_dest,JO,Total,21948,6086,27.73,2026-08-31 16:33:58.859 +0300
2026-07-06,CAUSE_MIX,withinB_not_dest,JO,Total,21948,2276,10.37,2026-08-31 16:33:58.859 +0300
2026-07-06,CHANNEL,cumulative_price_shocks_net,JO,AMM,50984,12899,25.30,2026-08-31 16:33:58.859 +0300
2026-07-06,CHANNEL,cumulative_price_shocks_net,JO,IRB,13208,3724,28.20,2026-08-31 16:33:58.859 +0300
2026-07-06,CHANNEL,cumulative_price_shocks_net,JO,Others,1643,401,24.41,2026-08-31 16:33:58.859 +0300
2026-07-06,CHANNEL,cumulative_price_shocks_net,JO,Total,82952,20681,24.93,2026-08-31 16:33:58.859 +0300
2026-07-06,CHANNEL,cumulative_price_shocks_net,JO,ZRQ,17117,3657,21.36,2026-08-31 16:33:58.859 +0300
2026-07-06,CHANNEL,pd_mismatch,JO,AMM,50984,1,0.00,2026-08-31 16:33:58.859 +0300
2026-07-06,CHANNEL,pd_mismatch,JO,IRB,13208,0,0.00,2026-08-31 16:33:58.859 +0300
2026-07-06,CHANNEL,pd_mismatch,JO,Others,1643,0,0.00,2026-08-31 16:33:58.859 +0300
2026-07-06,CHANNEL,pd_mismatch,JO,Total,82952,1,0.00,2026-08-31 16:33:58.859 +0300
2026-07-06,CHANNEL,pd_mismatch,JO,ZRQ,17117,0,0.00,2026-08-31 16:33:58.859 +0300
2026-07-06,CHANNEL,pickup_mismatch,JO,AMM,50984,1,0.00,2026-08-31 16:33:58.859 +0300
2026-07-06,CHANNEL,pickup_mismatch,JO,IRB,13208,0,0.00,2026-08-31 16:33:58.859 +0300
2026-07-06,CHANNEL,pickup_mismatch,JO,Others,1643,0,0.00,2026-08-31 16:33:58.859 +0300
2026-07-06,CHANNEL,pickup_mismatch,JO,Total,82952,1,0.00,2026-08-31 16:33:58.859 +0300
2026-07-06,CHANNEL,pickup_mismatch,JO,ZRQ,17117,0,0.00,2026-08-31 16:33:58.859 +0300
2026-07-06,CHANNEL,residual_fare_increase_net,JO,AMM,50984,8129,15.94,2026-08-31 16:33:58.859 +0300
2026-07-06,CHANNEL,residual_fare_increase_net,JO,IRB,13208,2505,18.97,2026-08-31 16:33:58.859 +0300
2026-07-06,CHANNEL,residual_fare_increase_net,JO,Others,1643,236,14.36,2026-08-31 16:33:58.859 +0300
2026-07-06,CHANNEL,residual_fare_increase_net,JO,Total,82952,12940,15.60,2026-08-31 16:33:58.859 +0300
2026-07-06,CHANNEL,residual_fare_increase_net,JO,ZRQ,17117,2070,12.09,2026-08-31 16:33:58.859 +0300
2026-07-06,CHANNEL,rounding_error,JO,AMM,50984,571,1.12,2026-08-31 16:33:58.859 +0300
2026-07-06,CHANNEL,rounding_error,JO,IRB,13208,174,1.32,2026-08-31 16:33:58.859 +0300
2026-07-06,CHANNEL,rounding_error,JO,Others,1643,21,1.28,2026-08-31 16:33:58.859 +0300
2026-07-06,CHANNEL,rounding_error,JO,Total,82952,975,1.18,2026-08-31 16:33:58.859 +0300
2026-07-06,CHANNEL,rounding_error,JO,ZRQ,17117,209,1.22,2026-08-31 16:33:58.859 +0300
2026-07-06,CHANNEL,spillover_recovery,JO,AMM,50984,1130,2.22,2026-08-31 16:33:58.859 +0300
2026-07-06,CHANNEL,spillover_recovery,JO,IRB,13208,147,1.11,2026-08-31 16:33:58.859 +0300
2026-07-06,CHANNEL,spillover_recovery,JO,Others,1643,9,0.55,2026-08-31 16:33:58.859 +0300
2026-07-06,CHANNEL,spillover_recovery,JO,Total,82952,1344,1.62,2026-08-31 16:33:58.859 +0300
2026-07-06,CHANNEL,spillover_recovery,JO,ZRQ,17117,58,0.34,2026-08-31 16:33:58.859 +0300
2026-07-06,CHANNEL,surcharge_mismatch,JO,AMM,50984,13,0.03,2026-08-31 16:33:58.859 +0300
2026-07-06,CHANNEL,surcharge_mismatch,JO,IRB,13208,0,0.00,2026-08-31 16:33:58.859 +0300
2026-07-06,CHANNEL,surcharge_mismatch,JO,Others,1643,1,0.06,2026-08-31 16:33:58.859 +0300
2026-07-06,CHANNEL,surcharge_mismatch,JO,Total,82952,24,0.03,2026-08-31 16:33:58.859 +0300
2026-07-06,CHANNEL,surcharge_mismatch,JO,ZRQ,17117,10,0.06,2026-08-31 16:33:58.859 +0300
2026-07-06,CHANNEL,surge_mismatch,JO,AMM,50984,6,0.01,2026-08-31 16:33:58.859 +0300
2026-07-06,CHANNEL,surge_mismatch,JO,IRB,13208,0,0.00,2026-08-31 16:33:58.859 +0300
2026-07-06,CHANNEL,surge_mismatch,JO,Others,1643,0,0.00,2026-08-31 16:33:58.859 +0300
2026-07-06,CHANNEL,surge_mismatch,JO,Total,82952,8,0.01,2026-08-31 16:33:58.859 +0300
2026-07-06,CHANNEL,surge_mismatch,JO,ZRQ,17117,2,0.01,2026-08-31 16:33:58.859 +0300
2026-07-06,SCENARIO,beyondB,JO,AMM,50984,45,0.09,2026-08-31 16:33:58.859 +0300
2026-07-06,SCENARIO,beyondB,JO,IRB,13208,14,0.11,2026-08-31 16:33:58.859 +0300
2026-07-06,SCENARIO,beyondB,JO,Others,1643,2,0.12,2026-08-31 16:33:58.859 +0300
2026-07-06,SCENARIO,beyondB,JO,Total,82952,66,0.08,2026-08-31 16:33:58.859 +0300
2026-07-06,SCENARIO,beyondB,JO,ZRQ,17117,5,0.03,2026-08-31 16:33:58.859 +0300
2026-07-06,SCENARIO,withinA_at_dest,JO,AMM,50984,4709,9.24,2026-08-31 16:33:58.859 +0300
2026-07-06,SCENARIO,withinA_at_dest,JO,IRB,13208,1156,8.75,2026-08-31 16:33:58.859 +0300
2026-07-06,SCENARIO,withinA_at_dest,JO,Others,1643,157,9.56,2026-08-31 16:33:58.859 +0300
2026-07-06,SCENARIO,withinA_at_dest,JO,Total,82952,7591,9.15,2026-08-31 16:33:58.859 +0300
2026-07-06,SCENARIO,withinA_at_dest,JO,ZRQ,17117,1569,9.17,2026-08-31 16:33:58.859 +0300
2026-07-06,SCENARIO,withinA_not_dest,JO,AMM,50984,1500,2.94,2026-08-31 16:33:58.859 +0300
2026-07-06,SCENARIO,withinA_not_dest,JO,IRB,13208,1040,7.87,2026-08-31 16:33:58.859 +0300
2026-07-06,SCENARIO,withinA_not_dest,JO,Others,1643,61,3.71,2026-08-31 16:33:58.859 +0300
2026-07-06,SCENARIO,withinA_not_dest,JO,Total,82952,3256,3.93,2026-08-31 16:33:58.859 +0300
2026-07-06,SCENARIO,withinA_not_dest,JO,ZRQ,17117,655,3.83,2026-08-31 16:33:58.859 +0300
2026-07-06,SCENARIO,withinB_at_dest,JO,AMM,50984,5090,9.98,2026-08-31 16:33:58.859 +0300
2026-07-06,SCENARIO,withinB_at_dest,JO,IRB,13208,814,6.16,2026-08-31 16:33:58.859 +0300
2026-07-06,SCENARIO,withinB_at_dest,JO,Others,1643,121,7.36,2026-08-31 16:33:58.859 +0300
2026-07-06,SCENARIO,withinB_at_dest,JO,Total,82952,7023,8.47,2026-08-31 16:33:58.859 +0300
2026-07-06,SCENARIO,withinB_at_dest,JO,ZRQ,17117,998,5.83,2026-08-31 16:33:58.859 +0300
2026-07-06,SCENARIO,withinB_not_dest,JO,AMM,50984,1555,3.05,2026-08-31 16:33:58.859 +0300
2026-07-06,SCENARIO,withinB_not_dest,JO,IRB,13208,700,5.30,2026-08-31 16:33:58.859 +0300
2026-07-06,SCENARIO,withinB_not_dest,JO,Others,1643,60,3.65,2026-08-31 16:33:58.859 +0300
2026-07-06,SCENARIO,withinB_not_dest,JO,Total,82952,2745,3.31,2026-08-31 16:33:58.859 +0300
2026-07-06,SCENARIO,withinB_not_dest,JO,ZRQ,17117,430,2.51,2026-08-31 16:33:58.859 +0300
2026-07-06,CAUSE_MIX,beyondB,SA,Total,46003,22,0.05,2026-08-31 16:33:58.859 +0300
2026-07-06,CAUSE_MIX,pd_mismatch,SA,Total,46003,1,0.00,2026-08-31 16:33:58.859 +0300
2026-07-06,CAUSE_MIX,pickup_mismatch,SA,Total,46003,9,0.02,2026-08-31 16:33:58.859 +0300
2026-07-06,CAUSE_MIX,previous_wallet_balance,SA,Total,46003,7184,15.62,2026-08-31 16:33:58.859 +0300
2026-07-06,CAUSE_MIX,surcharge_mismatch,SA,Total,46003,761,1.65,2026-08-31 16:33:58.859 +0300
2026-07-06,CAUSE_MIX,surge_mismatch,SA,Total,46003,18,0.04,2026-08-31 16:33:58.859 +0300
2026-07-06,CAUSE_MIX,waiting_time,SA,Total,46003,21336,46.38,2026-08-31 16:33:58.859 +0300
2026-07-06,CAUSE_MIX,withinA_at_dest,SA,Total,46003,3550,7.72,2026-08-31 16:33:58.859 +0300
2026-07-06,CAUSE_MIX,withinA_not_dest,SA,Total,46003,1892,4.11,2026-08-31 16:33:58.859 +0300
2026-07-06,CAUSE_MIX,withinB_at_dest,SA,Total,46003,8500,18.48,2026-08-31 16:33:58.859 +0300
2026-07-06,CAUSE_MIX,withinB_not_dest,SA,Total,46003,2730,5.93,2026-08-31 16:33:58.859 +0300
2026-07-06,CHANNEL,cumulative_price_shocks_net,SA,DMM,6512,2188,33.60,2026-08-31 16:33:58.859 +0300
2026-07-06,CHANNEL,cumulative_price_shocks_net,SA,JED,32000,11410,35.66,2026-08-31 16:33:58.859 +0300
2026-07-06,CHANNEL,cumulative_price_shocks_net,SA,MAD,10918,3716,34.04,2026-08-31 16:33:58.859 +0300
2026-07-06,CHANNEL,cumulative_price_shocks_net,SA,MEC,5576,2171,38.93,2026-08-31 16:33:58.859 +0300
2026-07-06,CHANNEL,cumulative_price_shocks_net,SA,Others,12244,4530,37.00,2026-08-31 16:33:58.859 +0300
2026-07-06,CHANNEL,cumulative_price_shocks_net,SA,RUH,44509,14617,32.84,2026-08-31 16:33:58.859 +0300
2026-07-06,CHANNEL,cumulative_price_shocks_net,SA,Total,111759,38632,34.57,2026-08-31 16:33:58.859 +0300
2026-07-06,CHANNEL,pd_mismatch,SA,DMM,6512,0,0.00,2026-08-31 16:33:58.859 +0300
2026-07-06,CHANNEL,pd_mismatch,SA,JED,32000,0,0.00,2026-08-31 16:33:58.859 +0300
2026-07-06,CHANNEL,pd_mismatch,SA,MAD,10918,0,0.00,2026-08-31 16:33:58.859 +0300
2026-07-06,CHANNEL,pd_mismatch,SA,MEC,5576,1,0.02,2026-08-31 16:33:58.859 +0300
2026-07-06,CHANNEL,pd_mismatch,SA,Others,12244,4,0.03,2026-08-31 16:33:58.859 +0300
2026-07-06,CHANNEL,pd_mismatch,SA,RUH,44509,3,0.01,2026-08-31 16:33:58.859 +0300
2026-07-06,CHANNEL,pd_mismatch,SA,Total,111759,8,0.01,2026-08-31 16:33:58.859 +0300
2026-07-06,CHANNEL,pickup_mismatch,SA,DMM,6512,0,0.00,2026-08-31 16:33:58.859 +0300
2026-07-06,CHANNEL,pickup_mismatch,SA,JED,32000,1,0.00,2026-08-31 16:33:58.859 +0300
2026-07-06,CHANNEL,pickup_mismatch,SA,MAD,10918,1,0.01,2026-08-31 16:33:58.859 +0300
2026-07-06,CHANNEL,pickup_mismatch,SA,MEC,5576,0,0.00,2026-08-31 16:33:58.859 +0300
2026-07-06,CHANNEL,pickup_mismatch,SA,Others,12244,2,0.02,2026-08-31 16:33:58.859 +0300
2026-07-06,CHANNEL,pickup_mismatch,SA,RUH,44509,6,0.01,2026-08-31 16:33:58.859 +0300
2026-07-06,CHANNEL,pickup_mismatch,SA,Total,111759,10,0.01,2026-08-31 16:33:58.859 +0300
2026-07-06,CHANNEL,residual_fare_increase_net,SA,DMM,6512,1097,16.85,2026-08-31 16:33:58.859 +0300
2026-07-06,CHANNEL,residual_fare_increase_net,SA,JED,32000,5370,16.78,2026-08-31 16:33:58.859 +0300
2026-07-06,CHANNEL,residual_fare_increase_net,SA,MAD,10918,1863,17.06,2026-08-31 16:33:58.859 +0300
2026-07-06,CHANNEL,residual_fare_increase_net,SA,MEC,5576,972,17.43,2026-08-31 16:33:58.859 +0300
2026-07-06,CHANNEL,residual_fare_increase_net,SA,Others,12244,2361,19.28,2026-08-31 16:33:58.859 +0300
2026-07-06,CHANNEL,residual_fare_increase_net,SA,RUH,44509,7352,16.52,2026-08-31 16:33:58.859 +0300
2026-07-06,CHANNEL,residual_fare_increase_net,SA,Total,111759,19015,17.01,2026-08-31 16:33:58.859 +0300
2026-07-06,CHANNEL,rounding_error,SA,DMM,6512,115,1.77,2026-08-31 16:33:58.859 +0300
2026-07-06,CHANNEL,rounding_error,SA,JED,32000,873,2.73,2026-08-31 16:33:58.859 +0300
2026-07-06,CHANNEL,rounding_error,SA,MAD,10918,327,3.00,2026-08-31 16:33:58.859 +0300
2026-07-06,CHANNEL,rounding_error,SA,MEC,5576,123,2.21,2026-08-31 16:33:58.859 +0300
2026-07-06,CHANNEL,rounding_error,SA,Others,12244,261,2.13,2026-08-31 16:33:58.859 +0300
2026-07-06,CHANNEL,rounding_error,SA,RUH,44509,1031,2.32,2026-08-31 16:33:58.859 +0300
2026-07-06,CHANNEL,rounding_error,SA,Total,111759,2730,2.44,2026-08-31 16:33:58.859 +0300
2026-07-06,CHANNEL,spillover_recovery,SA,DMM,6512,328,5.04,2026-08-31 16:33:58.859 +0300
2026-07-06,CHANNEL,spillover_recovery,SA,JED,32000,2677,8.37,2026-08-31 16:33:58.859 +0300
2026-07-06,CHANNEL,spillover_recovery,SA,MAD,10918,687,6.29,2026-08-31 16:33:58.859 +0300
2026-07-06,CHANNEL,spillover_recovery,SA,MEC,5576,348,6.24,2026-08-31 16:33:58.859 +0300
2026-07-06,CHANNEL,spillover_recovery,SA,Others,12244,565,4.61,2026-08-31 16:33:58.859 +0300
2026-08-20,CHANNEL,spillover_recovery,SA,JED,30868,2726,8.83,2026-08-31 16:33:58.859 +0300
2026-08-20,CHANNEL,spillover_recovery,SA,MAD,10473,716,6.84,2026-08-31 16:33:58.859 +0300
2026-08-20,CHANNEL,spillover_recovery,SA,MEC,5345,388,7.26,2026-08-31 16:33:58.859 +0300
2026-08-20,CHANNEL,spillover_recovery,SA,Others,12515,587,4.69,2026-08-31 16:33:58.859 +0300
2026-08-20,CHANNEL,spillover_recovery,SA,RUH,42486,3437,8.09,2026-08-31 16:33:58.859 +0300
2026-08-20,CHANNEL,spillover_recovery,SA,Total,109234,8241,7.54,2026-08-31 16:33:58.859 +0300
2026-08-20,CHANNEL,surcharge_mismatch,SA,DMM,7547,140,1.86,2026-08-31 16:33:58.859 +0300
2026-08-20,CHANNEL,surcharge_mismatch,SA,JED,30868,812,2.63,2026-08-31 16:33:58.859 +0300
2026-08-20,CHANNEL,surcharge_mismatch,SA,MAD,10473,149,1.42,2026-08-31 16:33:58.859 +0300
2026-08-20,CHANNEL,surcharge_mismatch,SA,MEC,5345,47,0.88,2026-08-31 16:33:58.859 +0300
2026-08-20,CHANNEL,surcharge_mismatch,SA,Others,12515,169,1.35,2026-08-31 16:33:58.859 +0300
2026-08-20,CHANNEL,surcharge_mismatch,SA,RUH,42486,737,1.73,2026-08-31 16:33:58.859 +0300
2026-08-20,CHANNEL,surcharge_mismatch,SA,Total,109234,2054,1.88,2026-08-31 16:33:58.859 +0300
2026-08-20,CHANNEL,surge_mismatch,SA,DMM,7547,8,0.11,2026-08-31 16:33:58.859 +0300
2026-08-20,CHANNEL,surge_mismatch,SA,JED,30868,9,0.03,2026-08-31 16:33:58.859 +0300
2026-08-20,CHANNEL,surge_mismatch,SA,MAD,10473,13,0.12,2026-08-31 16:33:58.859 +0300
2026-08-20,CHANNEL,surge_mismatch,SA,MEC,5345,3,0.06,2026-08-31 16:33:58.859 +0300
2026-08-20,CHANNEL,surge_mismatch,SA,Others,12515,0,0.00,2026-08-31 16:33:58.859 +0300
2026-08-20,CHANNEL,surge_mismatch,SA,RUH,42486,38,0.09,2026-08-31 16:33:58.859 +0300
2026-08-20,CHANNEL,surge_mismatch,SA,Total,109234,71,0.06,2026-08-31 16:33:58.859 +0300
2026-08-20,SCENARIO,beyondB,SA,DMM,7547,2,0.03,2026-08-31 16:33:58.859 +0300
2026-08-20,SCENARIO,beyondB,SA,JED,30868,6,0.02,2026-08-31 16:33:58.859 +0300
2026-08-20,SCENARIO,beyondB,SA,MAD,10473,4,0.04,2026-08-31 16:33:58.859 +0300
2026-08-20,SCENARIO,beyondB,SA,MEC,5345,1,0.02,2026-08-31 16:33:58.859 +0300
2026-08-20,SCENARIO,beyondB,SA,Others,12515,5,0.04,2026-08-31 16:33:58.859 +0300
2026-08-20,SCENARIO,beyondB,SA,RUH,42486,21,0.05,2026-08-31 16:33:58.859 +0300
2026-08-20,SCENARIO,beyondB,SA,Total,109234,39,0.04,2026-08-31 16:33:58.859 +0300
2026-08-20,SCENARIO,withinA_at_dest,SA,DMM,7547,1326,17.57,2026-08-31 16:33:58.859 +0300
2026-08-20,SCENARIO,withinA_at_dest,SA,JED,30868,6339,20.54,2026-08-31 16:33:58.859 +0300
2026-08-20,SCENARIO,withinA_at_dest,SA,MAD,10473,1831,17.48,2026-08-31 16:33:58.859 +0300
2026-08-20,SCENARIO,withinA_at_dest,SA,MEC,5345,1166,21.81,2026-08-31 16:33:58.859 +0300
2026-08-20,SCENARIO,withinA_at_dest,SA,Others,12515,2287,18.27,2026-08-31 16:33:58.859 +0300
2026-08-20,SCENARIO,withinA_at_dest,SA,RUH,42486,7920,18.64,2026-08-31 16:33:58.859 +0300
2026-08-20,SCENARIO,withinA_at_dest,SA,Total,109234,20869,19.10,2026-08-31 16:33:58.859 +0300
2026-08-20,SCENARIO,withinA_not_dest,SA,DMM,7547,152,2.01,2026-08-31 16:33:58.859 +0300
2026-08-20,SCENARIO,withinA_not_dest,SA,JED,30868,665,2.15,2026-08-31 16:33:58.859 +0300
2026-08-20,SCENARIO,withinA_not_dest,SA,MAD,10473,340,3.25,2026-08-31 16:33:58.859 +0300
2026-08-20,SCENARIO,withinA_not_dest,SA,MEC,5345,158,2.96,2026-08-31 16:33:58.859 +0300
2026-08-20,SCENARIO,withinA_not_dest,SA,Others,12515,489,3.91,2026-08-31 16:33:58.859 +0300
2026-08-20,SCENARIO,withinA_not_dest,SA,RUH,42486,999,2.35,2026-08-31 16:33:58.859 +0300
2026-08-20,SCENARIO,withinA_not_dest,SA,Total,109234,2803,2.57,2026-08-31 16:33:58.859 +0300
2026-08-20,SCENARIO,withinB_at_dest,SA,DMM,7547,793,10.51,2026-08-31 16:33:58.859 +0300
2026-08-20,SCENARIO,withinB_at_dest,SA,JED,30868,3334,10.80,2026-08-31 16:33:58.859 +0300
2026-08-20,SCENARIO,withinB_at_dest,SA,MAD,10473,883,8.43,2026-08-31 16:33:58.859 +0300
2026-08-20,SCENARIO,withinB_at_dest,SA,MEC,5345,542,10.14,2026-08-31 16:33:58.859 +0300
2026-08-20,SCENARIO,withinB_at_dest,SA,Others,12515,1209,9.66,2026-08-31 16:33:58.859 +0300
2026-08-20,SCENARIO,withinB_at_dest,SA,RUH,42486,2735,6.44,2026-08-31 16:33:58.859 +0300
2026-08-20,SCENARIO,withinB_at_dest,SA,Total,109234,9496,8.69,2026-08-31 16:33:58.859 +0300
2026-08-20,SCENARIO,withinB_not_dest,SA,DMM,7547,231,3.06,2026-08-31 16:33:58.859 +0300
2026-08-20,SCENARIO,withinB_not_dest,SA,JED,30868,889,2.88,2026-08-31 16:33:58.859 +0300
2026-08-20,SCENARIO,withinB_not_dest,SA,MAD,10473,379,3.62,2026-08-31 16:33:58.859 +0300
2026-08-20,SCENARIO,withinB_not_dest,SA,MEC,5345,205,3.84,2026-08-31 16:33:58.859 +0300
2026-08-20,SCENARIO,withinB_not_dest,SA,Others,12515,666,5.32,2026-08-31 16:33:58.859 +0300
2026-08-20,SCENARIO,withinB_not_dest,SA,RUH,42486,1219,2.87,2026-08-31 16:33:58.859 +0300
2026-08-20,SCENARIO,withinB_not_dest,SA,Total,109234,3589,3.29,2026-08-31 16:33:58.859 +0300
2026-08-21,CAUSE_MIX,beyondB,JO,Total,14409,42,0.29,2026-08-31 16:33:58.859 +0300
2026-08-21,CAUSE_MIX,previous_wallet_balance,JO,Total,14409,660,4.58,2026-08-31 16:33:58.859 +0300
2026-08-21,CAUSE_MIX,surcharge_mismatch,JO,Total,14409,15,0.10,2026-08-31 16:33:58.859 +0300
2026-08-21,CAUSE_MIX,surge_mismatch,JO,Total,14409,7,0.05,2026-08-31 16:33:58.859 +0300
2026-08-21,CAUSE_MIX,waiting_time,JO,Total,14409,6115,42.44,2026-08-31 16:33:58.859 +0300
2026-08-21,CAUSE_MIX,withinA_at_dest,JO,Total,14409,839,5.82,2026-08-31 16:33:58.859 +0300
2026-08-21,CAUSE_MIX,withinA_not_dest,JO,Total,14409,2323,16.12,2026-08-31 16:33:58.859 +0300
2026-08-21,CAUSE_MIX,withinB_at_dest,JO,Total,14409,2725,18.91,2026-08-31 16:33:58.859 +0300
2026-08-21,CAUSE_MIX,withinB_not_dest,JO,Total,14409,1683,11.68,2026-08-31 16:33:58.859 +0300
2026-08-21,CHANNEL,cumulative_price_shocks_net,JO,AMM,35449,7941,22.40,2026-08-31 16:33:58.859 +0300
2026-08-21,CHANNEL,cumulative_price_shocks_net,JO,IRB,8801,2590,29.43,2026-08-31 16:33:58.859 +0300
2026-08-21,CHANNEL,cumulative_price_shocks_net,JO,Others,1282,372,29.02,2026-08-31 16:33:58.859 +0300
2026-08-21,CHANNEL,cumulative_price_shocks_net,JO,Total,57634,13749,23.86,2026-08-31 16:33:58.859 +0300
2026-08-21,CHANNEL,cumulative_price_shocks_net,JO,ZRQ,12102,2846,23.52,2026-08-31 16:33:58.859 +0300
2026-08-21,CHANNEL,pd_mismatch,JO,AMM,35449,0,0.00,2026-08-31 16:33:58.859 +0300
2026-08-21,CHANNEL,pd_mismatch,JO,IRB,8801,0,0.00,2026-08-31 16:33:58.859 +0300
2026-08-21,CHANNEL,pd_mismatch,JO,Others,1282,0,0.00,2026-08-31 16:33:58.859 +0300
2026-08-21,CHANNEL,pd_mismatch,JO,Total,57634,0,0.00,2026-08-31 16:33:58.859 +0300
2026-08-21,CHANNEL,pd_mismatch,JO,ZRQ,12102,0,0.00,2026-08-31 16:33:58.859 +0300
2026-08-21,CHANNEL,pickup_mismatch,JO,AMM,35449,0,0.00,2026-08-31 16:33:58.859 +0300
2026-08-21,CHANNEL,pickup_mismatch,JO,IRB,8801,0,0.00,2026-08-31 16:33:58.859 +0300
2026-08-21,CHANNEL,pickup_mismatch,JO,Others,1282,0,0.00,2026-08-31 16:33:58.859 +0300
2026-08-21,CHANNEL,pickup_mismatch,JO,Total,57634,0,0.00,2026-08-31 16:33:58.859 +0300
2026-08-21,CHANNEL,pickup_mismatch,JO,ZRQ,12102,0,0.00,2026-08-31 16:33:58.859 +0300
2026-08-21,CHANNEL,residual_fare_increase_net,JO,AMM,35449,4030,11.37,2026-08-31 16:33:58.859 +0300
2026-08-21,CHANNEL,residual_fare_increase_net,JO,IRB,8801,1896,21.54,2026-08-31 16:33:58.859 +0300
2026-08-21,CHANNEL,residual_fare_increase_net,JO,Others,1282,230,17.94,2026-08-31 16:33:58.859 +0300
2026-08-21,CHANNEL,residual_fare_increase_net,JO,Total,57634,7883,13.68,2026-08-31 16:33:58.859 +0300
2026-08-21,CHANNEL,residual_fare_increase_net,JO,ZRQ,12102,1727,14.27,2026-08-31 16:33:58.859 +0300
2026-08-21,CHANNEL,rounding_error,JO,AMM,35449,370,1.04,2026-08-31 16:33:58.859 +0300
2026-08-21,CHANNEL,rounding_error,JO,IRB,8801,107,1.22,2026-08-31 16:33:58.859 +0300
2026-08-21,CHANNEL,rounding_error,JO,Others,1282,16,1.25,2026-08-31 16:33:58.859 +0300
2026-08-21,CHANNEL,rounding_error,JO,Total,57634,602,1.04,2026-08-31 16:33:58.859 +0300
2026-08-21,CHANNEL,rounding_error,JO,ZRQ,12102,109,0.90,2026-08-31 16:33:58.859 +0300
2026-08-21,CHANNEL,spillover_recovery,JO,AMM,35449,587,1.66,2026-08-31 16:33:58.859 +0300
2026-08-21,CHANNEL,spillover_recovery,JO,IRB,8801,84,0.95,2026-08-31 16:33:58.859 +0300
2026-08-21,CHANNEL,spillover_recovery,JO,Others,1282,3,0.23,2026-08-31 16:33:58.859 +0300
2026-08-21,CHANNEL,spillover_recovery,JO,Total,57634,714,1.24,2026-08-31 16:33:58.859 +0300
2026-08-21,CHANNEL,spillover_recovery,JO,ZRQ,12102,40,0.33,2026-08-31 16:33:58.859 +0300
2026-08-21,CHANNEL,surcharge_mismatch,JO,AMM,35449,13,0.04,2026-08-31 16:33:58.859 +0300
2026-08-21,CHANNEL,surcharge_mismatch,JO,IRB,8801,0,0.00,2026-08-31 16:33:58.859 +0300
2026-08-21,CHANNEL,surcharge_mismatch,JO,Others,1282,0,0.00,2026-08-31 16:33:58.859 +0300
2026-08-21,CHANNEL,surcharge_mismatch,JO,Total,57634,19,0.03,2026-08-31 16:33:58.859 +0300
2026-08-21,CHANNEL,surcharge_mismatch,JO,ZRQ,12102,6,0.05,2026-08-31 16:33:58.859 +0300
2026-08-21,CHANNEL,surge_mismatch,JO,AMM,35449,8,0.02,2026-08-31 16:33:58.859 +0300
2026-08-21,CHANNEL,surge_mismatch,JO,IRB,8801,0,0.00,2026-08-31 16:33:58.859 +0300
2026-08-21,CHANNEL,surge_mismatch,JO,Others,1282,0,0.00,2026-08-31 16:33:58.859 +0300
2026-08-21,CHANNEL,surge_mismatch,JO,Total,57634,13,0.02,2026-08-31 16:33:58.859 +0300
2026-08-21,CHANNEL,surge_mismatch,JO,ZRQ,12102,5,0.04,2026-08-31 16:33:58.859 +0300
2026-08-21,SCENARIO,beyondB,JO,AMM,35449,23,0.06,2026-08-31 16:33:58.859 +0300
2026-08-21,SCENARIO,beyondB,JO,IRB,8801,11,0.12,2026-08-31 16:33:58.859 +0300
2026-08-21,SCENARIO,beyondB,JO,Others,1282,2,0.16,2026-08-31 16:33:58.859 +0300
2026-08-21,SCENARIO,beyondB,JO,Total,57634,45,0.08,2026-08-31 16:33:58.859 +0300
2026-08-21,SCENARIO,beyondB,JO,ZRQ,12102,9,0.07,2026-08-31 16:33:58.859 +0300
2026-08-21,SCENARIO,withinA_at_dest,JO,AMM,35449,3817,10.77,2026-08-31 16:33:58.859 +0300
2026-08-21,SCENARIO,withinA_at_dest,JO,IRB,8801,655,7.44,2026-08-31 16:33:58.859 +0300
2026-08-21,SCENARIO,withinA_at_dest,JO,Others,1282,137,10.69,2026-08-31 16:33:58.859 +0300
2026-08-21,SCENARIO,withinA_at_dest,JO,Total,57634,5709,9.91,2026-08-31 16:33:58.859 +0300
2026-08-21,SCENARIO,withinA_at_dest,JO,ZRQ,12102,1100,9.09,2026-08-31 16:33:58.859 +0300
2026-08-21,SCENARIO,withinA_not_dest,JO,AMM,35449,1558,4.40,2026-08-31 16:33:58.859 +0300
2026-08-21,SCENARIO,withinA_not_dest,JO,IRB,8801,752,8.54,2026-08-31 16:33:58.859 +0300
2026-08-21,SCENARIO,withinA_not_dest,JO,Others,1282,61,4.76,2026-08-31 16:33:58.859 +0300
2026-08-21,SCENARIO,withinA_not_dest,JO,Total,57634,2835,4.92,2026-08-31 16:33:58.859 +0300
2026-08-21,SCENARIO,withinA_not_dest,JO,ZRQ,12102,464,3.83,2026-08-31 16:33:58.859 +0300
2026-08-21,SCENARIO,withinB_at_dest,JO,AMM,35449,1489,4.20,2026-08-31 16:33:58.859 +0300
2026-08-21,SCENARIO,withinB_at_dest,JO,IRB,8801,672,7.64,2026-08-31 16:33:58.859 +0300
2026-08-21,SCENARIO,withinB_at_dest,JO,Others,1282,110,8.58,2026-08-31 16:33:58.859 +0300
2026-08-21,SCENARIO,withinB_at_dest,JO,Total,57634,3176,5.51,2026-08-31 16:33:58.859 +0300
2026-08-21,SCENARIO,withinB_at_dest,JO,ZRQ,12102,905,7.48,2026-08-31 16:33:58.859 +0300
2026-08-21,SCENARIO,withinB_not_dest,JO,AMM,35449,1054,2.97,2026-08-31 16:33:58.859 +0300
2026-08-21,SCENARIO,withinB_not_dest,JO,IRB,8801,500,5.68,2026-08-31 16:33:58.859 +0300
2026-08-21,SCENARIO,withinB_not_dest,JO,Others,1282,62,4.84,2026-08-31 16:33:58.859 +0300
2026-08-21,SCENARIO,withinB_not_dest,JO,Total,57634,1984,3.44,2026-08-31 16:33:58.859 +0300
2026-08-21,SCENARIO,withinB_not_dest,JO,ZRQ,12102,368,3.04,2026-08-31 16:33:58.859 +0300
2026-08-21,CAUSE_MIX,beyondB,SA,Total,30652,13,0.04,2026-08-31 16:33:58.859 +0300
2026-08-21,CAUSE_MIX,pickup_mismatch,SA,Total,30652,3,0.01,2026-08-31 16:33:58.859 +0300
2026-08-21,CAUSE_MIX,previous_wallet_balance,SA,Total,30652,4452,14.52,2026-08-31 16:33:58.859 +0300
2026-08-21,CAUSE_MIX,surcharge_mismatch,SA,Total,30652,625,2.04,2026-08-31 16:33:58.859 +0300
2026-08-21,CAUSE_MIX,surge_mismatch,SA,Total,30652,30,0.10,2026-08-31 16:33:58.859 +0300
2026-08-21,CAUSE_MIX,waiting_time,SA,Total,30652,15423,50.32,2026-08-31 16:33:58.859 +0300
2026-08-21,CAUSE_MIX,withinA_at_dest,SA,Total,30652,2267,7.40,2026-08-31 16:33:58.859 +0300
2026-08-21,CAUSE_MIX,withinA_not_dest,SA,Total,30652,1379,4.50,2026-08-31 16:33:58.859 +0300
2026-08-21,CAUSE_MIX,withinB_at_dest,SA,Total,30652,4675,15.25,2026-08-31 16:33:58.859 +0300
2026-08-21,CAUSE_MIX,withinB_not_dest,SA,Total,30652,1785,5.82,2026-08-31 16:33:58.859 +0300
2026-08-21,CHANNEL,cumulative_price_shocks_net,SA,DMM,4476,1593,35.59,2026-08-31 16:33:58.859 +0300
2026-08-21,CHANNEL,cumulative_price_shocks_net,SA,JED,20752,8108,39.07,2026-08-31 16:33:58.859 +0300
2026-08-21,CHANNEL,cumulative_price_shocks_net,SA,MAD,7907,2916,36.88,2026-08-31 16:33:58.859 +0300
2026-08-21,CHANNEL,cumulative_price_shocks_net,SA,MEC,3697,1552,41.98,2026-08-31 16:33:58.859 +0300
2026-08-21,CHANNEL,cumulative_price_shocks_net,SA,Others,9598,3693,38.48,2026-08-31 16:33:58.859 +0300
2026-08-21,CHANNEL,cumulative_price_shocks_net,SA,RUH,25197,8196,32.53,2026-08-31 16:33:58.859 +0300
2026-08-21,CHANNEL,cumulative_price_shocks_net,SA,Total,71627,26058,36.38,2026-08-31 16:33:58.859 +0300
2026-08-21,CHANNEL,pd_mismatch,SA,DMM,4476,0,0.00,2026-08-31 16:33:58.859 +0300
2026-08-21,CHANNEL,pd_mismatch,SA,JED,20752,0,0.00,2026-08-31 16:33:58.859 +0300
2026-08-21,CHANNEL,pd_mismatch,SA,MAD,7907,0,0.00,2026-08-31 16:33:58.859 +0300
2026-08-21,CHANNEL,pd_mismatch,SA,MEC,3697,0,0.00,2026-08-31 16:33:58.859 +0300
2026-08-21,CHANNEL,pd_mismatch,SA,Others,9598,0,0.00,2026-08-31 16:33:58.859 +0300
2026-08-21,CHANNEL,pd_mismatch,SA,RUH,25197,0,0.00,2026-08-31 16:33:58.859 +0300
2026-08-21,CHANNEL,pd_mismatch,SA,Total,71627,0,0.00,2026-08-31 16:33:58.859 +0300
2026-08-21,CHANNEL,pickup_mismatch,SA,DMM,4476,0,0.00,2026-08-31 16:33:58.859 +0300
2026-08-21,CHANNEL,pickup_mismatch,SA,JED,20752,4,0.02,2026-08-31 16:33:58.859 +0300
2026-08-21,CHANNEL,pickup_mismatch,SA,MAD,7907,0,0.00,2026-08-31 16:33:58.859 +0300
2026-08-21,CHANNEL,pickup_mismatch,SA,MEC,3697,0,0.00,2026-08-31 16:33:58.859 +0300
2026-08-21,CHANNEL,pickup_mismatch,SA,Others,9598,0,0.00,2026-08-31 16:33:58.859 +0300
2026-08-21,CHANNEL,pickup_mismatch,SA,RUH,25197,0,0.00,2026-08-31 16:33:58.859 +0300
2026-08-21,CHANNEL,pickup_mismatch,SA,Total,71627,4,0.01,2026-08-31 16:33:58.859 +0300
2026-08-21,CHANNEL,residual_fare_increase_net,SA,DMM,4476,795,17.76,2026-08-31 16:33:58.859 +0300
2026-08-21,CHANNEL,residual_fare_increase_net,SA,JED,20752,3580,17.25,2026-08-31 16:33:58.859 +0300
2026-08-21,CHANNEL,residual_fare_increase_net,SA,MAD,7907,1410,17.83,2026-08-31 16:33:58.859 +0300
2026-08-21,CHANNEL,residual_fare_increase_net,SA,MEC,3697,722,19.53,2026-08-31 16:33:58.859 +0300
2026-08-21,CHANNEL,residual_fare_increase_net,SA,Others,9598,1892,19.71,2026-08-31 16:33:58.859 +0300
2026-08-21,CHANNEL,residual_fare_increase_net,SA,RUH,25197,3513,13.94,2026-08-31 16:33:58.859 +0300
2026-07-06,CHANNEL,spillover_recovery,SA,RUH,44509,3321,7.46,2026-08-31 16:33:58.859 +0300
2026-07-06,CHANNEL,spillover_recovery,SA,Total,111759,7926,7.09,2026-08-31 16:33:58.859 +0300
2026-07-06,CHANNEL,surcharge_mismatch,SA,DMM,6512,81,1.24,2026-08-31 16:33:58.859 +0300
2026-07-06,CHANNEL,surcharge_mismatch,SA,JED,32000,825,2.58,2026-08-31 16:33:58.859 +0300
2026-07-06,CHANNEL,surcharge_mismatch,SA,MAD,10918,173,1.58,2026-08-31 16:33:58.859 +0300
2026-07-06,CHANNEL,surcharge_mismatch,SA,MEC,5576,62,1.11,2026-08-31 16:33:58.859 +0300
2026-07-06,CHANNEL,surcharge_mismatch,SA,Others,12244,146,1.19,2026-08-31 16:33:58.859 +0300
2026-07-06,CHANNEL,surcharge_mismatch,SA,RUH,44509,631,1.42,2026-08-31 16:33:58.859 +0300
2026-07-06,CHANNEL,surcharge_mismatch,SA,Total,111759,1918,1.72,2026-08-31 16:33:58.859 +0300
2026-07-06,CHANNEL,surge_mismatch,SA,DMM,6512,3,0.05,2026-08-31 16:33:58.859 +0300
2026-07-06,CHANNEL,surge_mismatch,SA,JED,32000,15,0.05,2026-08-31 16:33:58.859 +0300
2026-07-06,CHANNEL,surge_mismatch,SA,MAD,10918,10,0.09,2026-08-31 16:33:58.859 +0300
2026-07-06,CHANNEL,surge_mismatch,SA,MEC,5576,4,0.07,2026-08-31 16:33:58.859 +0300
2026-07-06,CHANNEL,surge_mismatch,SA,Others,12244,0,0.00,2026-08-31 16:33:58.859 +0300
2026-07-06,CHANNEL,surge_mismatch,SA,RUH,44509,9,0.02,2026-08-31 16:33:58.859 +0300
2026-07-06,CHANNEL,surge_mismatch,SA,Total,111759,41,0.04,2026-08-31 16:33:58.859 +0300
2026-07-06,SCENARIO,beyondB,SA,DMM,6512,2,0.03,2026-08-31 16:33:58.859 +0300
2026-07-06,SCENARIO,beyondB,SA,JED,32000,7,0.02,2026-08-31 16:33:58.859 +0300
2026-07-06,SCENARIO,beyondB,SA,MAD,10918,1,0.01,2026-08-31 16:33:58.859 +0300
2026-07-06,SCENARIO,beyondB,SA,MEC,5576,3,0.05,2026-08-31 16:33:58.859 +0300
2026-07-06,SCENARIO,beyondB,SA,Others,12244,5,0.04,2026-08-31 16:33:58.859 +0300
2026-07-06,SCENARIO,beyondB,SA,RUH,44509,13,0.03,2026-08-31 16:33:58.859 +0300
2026-07-06,SCENARIO,beyondB,SA,Total,111759,31,0.03,2026-08-31 16:33:58.859 +0300
2026-07-06,SCENARIO,withinA_at_dest,SA,DMM,6512,1137,17.46,2026-08-31 16:33:58.859 +0300
2026-07-06,SCENARIO,withinA_at_dest,SA,JED,32000,6278,19.62,2026-08-31 16:33:58.859 +0300
2026-07-06,SCENARIO,withinA_at_dest,SA,MAD,10918,1919,17.58,2026-08-31 16:33:58.859 +0300
2026-07-06,SCENARIO,withinA_at_dest,SA,MEC,5576,1205,21.61,2026-08-31 16:33:58.859 +0300
2026-07-06,SCENARIO,withinA_at_dest,SA,Others,12244,2158,17.62,2026-08-31 16:33:58.859 +0300
2026-07-06,SCENARIO,withinA_at_dest,SA,RUH,44509,7815,17.56,2026-08-31 16:33:58.859 +0300
2026-07-06,SCENARIO,withinA_at_dest,SA,Total,111759,20512,18.35,2026-08-31 16:33:58.859 +0300
2026-07-06,SCENARIO,withinA_not_dest,SA,DMM,6512,184,2.83,2026-08-31 16:33:58.859 +0300
2026-07-06,SCENARIO,withinA_not_dest,SA,JED,32000,678,2.12,2026-08-31 16:33:58.859 +0300
2026-07-06,SCENARIO,withinA_not_dest,SA,MAD,10918,419,3.84,2026-08-31 16:33:58.859 +0300
2026-07-06,SCENARIO,withinA_not_dest,SA,MEC,5576,166,2.98,2026-08-31 16:33:58.859 +0300
2026-07-06,SCENARIO,withinA_not_dest,SA,Others,12244,428,3.50,2026-08-31 16:33:58.859 +0300
2026-07-06,SCENARIO,withinA_not_dest,SA,RUH,44509,1043,2.34,2026-08-31 16:33:58.859 +0300
2026-07-06,SCENARIO,withinA_not_dest,SA,Total,111759,2918,2.61,2026-08-31 16:33:58.859 +0300
2026-07-06,SCENARIO,withinB_at_dest,SA,DMM,6512,663,10.18,2026-08-31 16:33:58.859 +0300
2026-07-06,SCENARIO,withinB_at_dest,SA,JED,32000,3517,10.99,2026-08-31 16:33:58.859 +0300
2026-07-06,SCENARIO,withinB_at_dest,SA,MAD,10918,941,8.62,2026-08-31 16:33:58.859 +0300
2026-07-06,SCENARIO,withinB_at_dest,SA,MEC,5576,585,10.49,2026-08-31 16:33:58.859 +0300
2026-07-06,SCENARIO,withinB_at_dest,SA,Others,12244,1204,9.83,2026-08-31 16:33:58.859 +0300
2026-07-06,SCENARIO,withinB_at_dest,SA,RUH,44509,4415,9.92,2026-08-31 16:33:58.859 +0300
2026-07-06,SCENARIO,withinB_at_dest,SA,Total,111759,11325,10.13,2026-08-31 16:33:58.859 +0300
2026-07-06,SCENARIO,withinB_not_dest,SA,DMM,6512,202,3.10,2026-08-31 16:33:58.859 +0300
2026-07-06,SCENARIO,withinB_not_dest,SA,JED,32000,930,2.91,2026-08-31 16:33:58.859 +0300
2026-07-06,SCENARIO,withinB_not_dest,SA,MAD,10918,436,3.99,2026-08-31 16:33:58.859 +0300
2026-07-06,SCENARIO,withinB_not_dest,SA,MEC,5576,212,3.80,2026-08-31 16:33:58.859 +0300
2026-07-06,SCENARIO,withinB_not_dest,SA,Others,12244,735,6.00,2026-08-31 16:33:58.859 +0300
2026-07-06,SCENARIO,withinB_not_dest,SA,RUH,44509,1331,2.99,2026-08-31 16:33:58.859 +0300
2026-07-06,SCENARIO,withinB_not_dest,SA,Total,111759,3846,3.44,2026-08-31 16:33:58.859 +0300
2026-07-07,CAUSE_MIX,beyondB,JO,Total,21831,66,0.30,2026-08-31 16:33:58.859 +0300
2026-07-07,CAUSE_MIX,pickup_mismatch,JO,Total,21831,2,0.01,2026-08-31 16:33:58.859 +0300
2026-07-07,CAUSE_MIX,previous_wallet_balance,JO,Total,21831,1172,5.37,2026-08-31 16:33:58.859 +0300
2026-07-07,CAUSE_MIX,surcharge_mismatch,JO,Total,21831,9,0.04,2026-08-31 16:33:58.859 +0300
2026-07-07,CAUSE_MIX,surge_mismatch,JO,Total,21831,10,0.05,2026-08-31 16:33:58.859 +0300
2026-07-07,CAUSE_MIX,waiting_time,JO,Total,21831,8423,38.58,2026-08-31 16:33:58.859 +0300
2026-07-07,CAUSE_MIX,withinA_at_dest,JO,Total,21831,888,4.07,2026-08-31 16:33:58.859 +0300
2026-07-07,CAUSE_MIX,withinA_not_dest,JO,Total,21831,2692,12.33,2026-08-31 16:33:58.859 +0300
2026-07-07,CAUSE_MIX,withinB_at_dest,JO,Total,21831,6275,28.74,2026-08-31 16:33:58.859 +0300
2026-07-07,CAUSE_MIX,withinB_not_dest,JO,Total,21831,2294,10.51,2026-08-31 16:33:58.859 +0300
2026-07-07,CHANNEL,cumulative_price_shocks_net,JO,AMM,50402,13126,26.04,2026-08-31 16:33:58.859 +0300
2026-07-07,CHANNEL,cumulative_price_shocks_net,JO,IRB,12931,3687,28.51,2026-08-31 16:33:58.859 +0300
2026-07-07,CHANNEL,cumulative_price_shocks_net,JO,Others,1687,402,23.83,2026-08-31 16:33:58.859 +0300
2026-07-07,CHANNEL,cumulative_price_shocks_net,JO,Total,81095,20659,25.48,2026-08-31 16:33:58.859 +0300
2026-07-07,CHANNEL,cumulative_price_shocks_net,JO,ZRQ,16075,3444,21.42,2026-08-31 16:33:58.859 +0300
2026-07-07,CHANNEL,pd_mismatch,JO,AMM,50402,0,0.00,2026-08-31 16:33:58.859 +0300
2026-07-07,CHANNEL,pd_mismatch,JO,IRB,12931,0,0.00,2026-08-31 16:33:58.859 +0300
2026-07-07,CHANNEL,pd_mismatch,JO,Others,1687,0,0.00,2026-08-31 16:33:58.859 +0300
2026-07-07,CHANNEL,pd_mismatch,JO,Total,81095,0,0.00,2026-08-31 16:33:58.859 +0300
2026-07-07,CHANNEL,pd_mismatch,JO,ZRQ,16075,0,0.00,2026-08-31 16:33:58.859 +0300
2026-07-07,CHANNEL,pickup_mismatch,JO,AMM,50402,1,0.00,2026-08-31 16:33:58.859 +0300
2026-07-07,CHANNEL,pickup_mismatch,JO,IRB,12931,0,0.00,2026-08-31 16:33:58.859 +0300
2026-07-07,CHANNEL,pickup_mismatch,JO,Others,1687,1,0.06,2026-08-31 16:33:58.859 +0300
2026-07-07,CHANNEL,pickup_mismatch,JO,Total,81095,2,0.00,2026-08-31 16:33:58.859 +0300
2026-07-07,CHANNEL,pickup_mismatch,JO,ZRQ,16075,0,0.00,2026-08-31 16:33:58.859 +0300
2026-07-07,CHANNEL,residual_fare_increase_net,JO,AMM,50402,8438,16.74,2026-08-31 16:33:58.859 +0300
2026-07-07,CHANNEL,residual_fare_increase_net,JO,IRB,12931,2520,19.49,2026-08-31 16:33:58.859 +0300
2026-07-07,CHANNEL,residual_fare_increase_net,JO,Others,1687,234,13.87,2026-08-31 16:33:58.859 +0300
2026-07-07,CHANNEL,residual_fare_increase_net,JO,Total,81095,13096,16.15,2026-08-31 16:33:58.859 +0300
2026-07-07,CHANNEL,residual_fare_increase_net,JO,ZRQ,16075,1904,11.84,2026-08-31 16:33:58.859 +0300
2026-07-07,CHANNEL,rounding_error,JO,AMM,50402,550,1.09,2026-08-31 16:33:58.859 +0300
2026-07-07,CHANNEL,rounding_error,JO,IRB,12931,152,1.18,2026-08-31 16:33:58.859 +0300
2026-07-07,CHANNEL,rounding_error,JO,Others,1687,17,1.01,2026-08-31 16:33:58.859 +0300
2026-07-07,CHANNEL,rounding_error,JO,Total,81095,884,1.09,2026-08-31 16:33:58.859 +0300
2026-07-07,CHANNEL,rounding_error,JO,ZRQ,16075,165,1.03,2026-08-31 16:33:58.859 +0300
2026-07-07,CHANNEL,spillover_recovery,JO,AMM,50402,1069,2.12,2026-08-31 16:33:58.859 +0300
2026-07-07,CHANNEL,spillover_recovery,JO,IRB,12931,122,0.94,2026-08-31 16:33:58.859 +0300
2026-07-07,CHANNEL,spillover_recovery,JO,Others,1687,10,0.59,2026-08-31 16:33:58.859 +0300
2026-07-07,CHANNEL,spillover_recovery,JO,Total,81095,1258,1.55,2026-08-31 16:33:58.859 +0300
2026-07-07,CHANNEL,spillover_recovery,JO,ZRQ,16075,57,0.35,2026-08-31 16:33:58.859 +0300
2026-07-07,CHANNEL,surcharge_mismatch,JO,AMM,50402,13,0.03,2026-08-31 16:33:58.859 +0300
2026-07-07,CHANNEL,surcharge_mismatch,JO,IRB,12931,0,0.00,2026-08-31 16:33:58.859 +0300
2026-07-07,CHANNEL,surcharge_mismatch,JO,Others,1687,3,0.18,2026-08-31 16:33:58.859 +0300
2026-07-07,CHANNEL,surcharge_mismatch,JO,Total,81095,23,0.03,2026-08-31 16:33:58.859 +0300
2026-07-07,CHANNEL,surcharge_mismatch,JO,ZRQ,16075,7,0.04,2026-08-31 16:33:58.859 +0300
2026-07-07,CHANNEL,surge_mismatch,JO,AMM,50402,16,0.03,2026-08-31 16:33:58.859 +0300
2026-07-07,CHANNEL,surge_mismatch,JO,IRB,12931,0,0.00,2026-08-31 16:33:58.859 +0300
2026-07-07,CHANNEL,surge_mismatch,JO,Others,1687,0,0.00,2026-08-31 16:33:58.859 +0300
2026-07-07,CHANNEL,surge_mismatch,JO,Total,81095,17,0.02,2026-08-31 16:33:58.859 +0300
2026-07-07,CHANNEL,surge_mismatch,JO,ZRQ,16075,1,0.01,2026-08-31 16:33:58.859 +0300
2026-07-07,SCENARIO,beyondB,JO,AMM,50402,45,0.09,2026-08-31 16:33:58.859 +0300
2026-07-07,SCENARIO,beyondB,JO,IRB,12931,15,0.12,2026-08-31 16:33:58.859 +0300
2026-07-07,SCENARIO,beyondB,JO,Others,1687,2,0.12,2026-08-31 16:33:58.859 +0300
2026-07-07,SCENARIO,beyondB,JO,Total,81095,72,0.09,2026-08-31 16:33:58.859 +0300
2026-07-07,SCENARIO,beyondB,JO,ZRQ,16075,10,0.06,2026-08-31 16:33:58.859 +0300
2026-07-07,SCENARIO,withinA_at_dest,JO,AMM,50402,4589,9.10,2026-08-31 16:33:58.859 +0300
2026-07-07,SCENARIO,withinA_at_dest,JO,IRB,12931,1118,8.65,2026-08-31 16:33:58.859 +0300
2026-07-07,SCENARIO,withinA_at_dest,JO,Others,1687,162,9.60,2026-08-31 16:33:58.859 +0300
2026-07-07,SCENARIO,withinA_at_dest,JO,Total,81095,7370,9.09,2026-08-31 16:33:58.859 +0300
2026-07-07,SCENARIO,withinA_at_dest,JO,ZRQ,16075,1501,9.34,2026-08-31 16:33:58.859 +0300
2026-07-07,SCENARIO,withinA_not_dest,JO,AMM,50402,1550,3.08,2026-08-31 16:33:58.859 +0300
2026-07-07,SCENARIO,withinA_not_dest,JO,IRB,12931,1028,7.95,2026-08-31 16:33:58.859 +0300
2026-07-07,SCENARIO,withinA_not_dest,JO,Others,1687,82,4.86,2026-08-31 16:33:58.859 +0300
2026-07-07,SCENARIO,withinA_not_dest,JO,Total,81095,3272,4.03,2026-08-31 16:33:58.859 +0300
2026-07-07,SCENARIO,withinA_not_dest,JO,ZRQ,16075,612,3.81,2026-08-31 16:33:58.859 +0300
2026-07-07,SCENARIO,withinB_at_dest,JO,AMM,50402,5353,10.62,2026-08-31 16:33:58.859 +0300
2026-07-07,SCENARIO,withinB_at_dest,JO,IRB,12931,867,6.70,2026-08-31 16:33:58.859 +0300
2026-07-07,SCENARIO,withinB_at_dest,JO,Others,1687,87,5.16,2026-08-31 16:33:58.859 +0300
2026-07-07,SCENARIO,withinB_at_dest,JO,Total,81095,7209,8.89,2026-08-31 16:33:58.859 +0300
2026-07-07,SCENARIO,withinB_at_dest,JO,ZRQ,16075,902,5.61,2026-08-31 16:33:58.859 +0300
2026-07-07,SCENARIO,withinB_not_dest,JO,AMM,50402,1589,3.15,2026-08-31 16:33:58.859 +0300
2026-07-07,SCENARIO,withinB_not_dest,JO,IRB,12931,659,5.10,2026-08-31 16:33:58.859 +0300
2026-07-07,SCENARIO,withinB_not_dest,JO,Others,1687,69,4.09,2026-08-31 16:33:58.859 +0300
2026-07-07,SCENARIO,withinB_not_dest,JO,Total,81095,2736,3.37,2026-08-31 16:33:58.859 +0300
2026-07-07,SCENARIO,withinB_not_dest,JO,ZRQ,16075,419,2.61,2026-08-31 16:33:58.859 +0300
2026-07-07,CAUSE_MIX,beyondB,SA,Total,47654,23,0.05,2026-08-31 16:33:58.859 +0300
2026-07-07,CAUSE_MIX,pd_mismatch,SA,Total,47654,3,0.01,2026-08-31 16:33:58.859 +0300
2026-07-07,CAUSE_MIX,pickup_mismatch,SA,Total,47654,5,0.01,2026-08-31 16:33:58.859 +0300
2026-07-07,CAUSE_MIX,previous_wallet_balance,SA,Total,47654,7473,15.68,2026-08-31 16:33:58.859 +0300
2026-07-07,CAUSE_MIX,surcharge_mismatch,SA,Total,47654,753,1.58,2026-08-31 16:33:58.859 +0300
2026-07-07,CAUSE_MIX,surge_mismatch,SA,Total,47654,25,0.05,2026-08-31 16:33:58.859 +0300
2026-07-07,CAUSE_MIX,waiting_time,SA,Total,47654,21734,45.61,2026-08-31 16:33:58.859 +0300
2026-07-07,CAUSE_MIX,withinA_at_dest,SA,Total,47654,3616,7.59,2026-08-31 16:33:58.859 +0300
2026-07-07,CAUSE_MIX,withinA_not_dest,SA,Total,47654,1906,4.00,2026-08-31 16:33:58.859 +0300
2026-07-07,CAUSE_MIX,withinB_at_dest,SA,Total,47654,9333,19.58,2026-08-31 16:33:58.859 +0300
2026-07-07,CAUSE_MIX,withinB_not_dest,SA,Total,47654,2783,5.84,2026-08-31 16:33:58.859 +0300
2026-07-07,CHANNEL,cumulative_price_shocks_net,SA,DMM,6659,2258,33.91,2026-08-31 16:33:58.859 +0300
2026-07-07,CHANNEL,cumulative_price_shocks_net,SA,JED,32666,12027,36.82,2026-08-31 16:33:58.859 +0300
2026-07-07,CHANNEL,cumulative_price_shocks_net,SA,MAD,11087,3820,34.45,2026-08-31 16:33:58.859 +0300
2026-07-07,CHANNEL,cumulative_price_shocks_net,SA,MEC,5510,2133,38.71,2026-08-31 16:33:58.859 +0300
2026-07-07,CHANNEL,cumulative_price_shocks_net,SA,Others,12306,4563,37.08,2026-08-31 16:33:58.859 +0300
2026-07-07,CHANNEL,cumulative_price_shocks_net,SA,RUH,45171,15179,33.60,2026-08-31 16:33:58.859 +0300
2026-07-07,CHANNEL,cumulative_price_shocks_net,SA,Total,113399,39980,35.26,2026-08-31 16:33:58.859 +0300
2026-07-07,CHANNEL,pd_mismatch,SA,DMM,6659,0,0.00,2026-08-31 16:33:58.859 +0300
2026-07-07,CHANNEL,pd_mismatch,SA,JED,32666,1,0.00,2026-08-31 16:33:58.859 +0300
2026-07-07,CHANNEL,pd_mismatch,SA,MAD,11087,0,0.00,2026-08-31 16:33:58.859 +0300
2026-07-07,CHANNEL,pd_mismatch,SA,MEC,5510,0,0.00,2026-08-31 16:33:58.859 +0300
2026-07-07,CHANNEL,pd_mismatch,SA,Others,12306,2,0.02,2026-08-31 16:33:58.859 +0300
2026-07-07,CHANNEL,pd_mismatch,SA,RUH,45171,1,0.00,2026-08-31 16:33:58.859 +0300
2026-07-07,CHANNEL,pd_mismatch,SA,Total,113399,4,0.00,2026-08-31 16:33:58.859 +0300
2026-07-07,CHANNEL,pickup_mismatch,SA,DMM,6659,1,0.02,2026-08-31 16:33:58.859 +0300
2026-07-07,CHANNEL,pickup_mismatch,SA,JED,32666,5,0.02,2026-08-31 16:33:58.859 +0300
2026-07-07,CHANNEL,pickup_mismatch,SA,MAD,11087,0,0.00,2026-08-31 16:33:58.859 +0300
2026-07-07,CHANNEL,pickup_mismatch,SA,MEC,5510,0,0.00,2026-08-31 16:33:58.859 +0300
2026-07-07,CHANNEL,pickup_mismatch,SA,Others,12306,2,0.02,2026-08-31 16:33:58.859 +0300
2026-07-07,CHANNEL,pickup_mismatch,SA,RUH,45171,3,0.01,2026-08-31 16:33:58.859 +0300
2026-07-07,CHANNEL,pickup_mismatch,SA,Total,113399,11,0.01,2026-08-31 16:33:58.859 +0300
2026-07-07,CHANNEL,residual_fare_increase_net,SA,DMM,6659,1128,16.94,2026-08-31 16:33:58.859 +0300
2026-07-07,CHANNEL,residual_fare_increase_net,SA,JED,32666,5871,17.97,2026-08-31 16:33:58.859 +0300
2026-07-07,CHANNEL,residual_fare_increase_net,SA,MAD,11087,1949,17.58,2026-08-31 16:33:58.859 +0300
2026-07-07,CHANNEL,residual_fare_increase_net,SA,MEC,5510,938,17.02,2026-08-31 16:33:58.859 +0300
2026-07-07,CHANNEL,residual_fare_increase_net,SA,Others,12306,2434,19.78,2026-08-31 16:33:58.859 +0300
2026-07-07,CHANNEL,residual_fare_increase_net,SA,RUH,45171,7825,17.32,2026-08-31 16:33:58.859 +0300
2026-07-07,CHANNEL,residual_fare_increase_net,SA,Total,113399,20145,17.76,2026-08-31 16:33:58.859 +0300
2026-07-07,CHANNEL,rounding_error,SA,DMM,6659,118,1.77,2026-08-31 16:33:58.859 +0300
2026-07-07,CHANNEL,rounding_error,SA,JED,32666,900,2.76,2026-08-31 16:33:58.859 +0300
2026-08-21,CHANNEL,residual_fare_increase_net,SA,Total,71627,11912,16.63,2026-08-31 16:33:58.859 +0300
2026-08-21,CHANNEL,rounding_error,SA,DMM,4476,67,1.50,2026-08-31 16:33:58.859 +0300
2026-08-21,CHANNEL,rounding_error,SA,JED,20752,506,2.44,2026-08-31 16:33:58.859 +0300
2026-08-21,CHANNEL,rounding_error,SA,MAD,7907,228,2.88,2026-08-31 16:33:58.859 +0300
2026-08-21,CHANNEL,rounding_error,SA,MEC,3697,71,1.92,2026-08-31 16:33:58.859 +0300
2026-08-21,CHANNEL,rounding_error,SA,Others,9598,195,2.03,2026-08-31 16:33:58.859 +0300
2026-08-21,CHANNEL,rounding_error,SA,RUH,25197,710,2.82,2026-08-31 16:33:58.859 +0300
2026-08-21,CHANNEL,rounding_error,SA,Total,71627,1777,2.48,2026-08-31 16:33:58.859 +0300
2026-08-21,CHANNEL,spillover_recovery,SA,DMM,4476,216,4.83,2026-08-31 16:33:58.859 +0300
2026-08-21,CHANNEL,spillover_recovery,SA,JED,20752,1658,7.99,2026-08-31 16:33:58.859 +0300
2026-08-21,CHANNEL,spillover_recovery,SA,MAD,7907,547,6.92,2026-08-31 16:33:58.859 +0300
2026-08-21,CHANNEL,spillover_recovery,SA,MEC,3697,236,6.38,2026-08-31 16:33:58.859 +0300
2026-08-21,CHANNEL,spillover_recovery,SA,Others,9598,474,4.94,2026-08-31 16:33:58.859 +0300
2026-08-21,CHANNEL,spillover_recovery,SA,RUH,25197,1820,7.22,2026-08-31 16:33:58.859 +0300
2026-08-21,CHANNEL,spillover_recovery,SA,Total,71627,4951,6.91,2026-08-31 16:33:58.859 +0300
2026-08-21,CHANNEL,surcharge_mismatch,SA,DMM,4476,73,1.63,2026-08-31 16:33:58.859 +0300
2026-08-21,CHANNEL,surcharge_mismatch,SA,JED,20752,585,2.82,2026-08-31 16:33:58.859 +0300
2026-08-21,CHANNEL,surcharge_mismatch,SA,MAD,7907,150,1.90,2026-08-31 16:33:58.859 +0300
2026-08-21,CHANNEL,surcharge_mismatch,SA,MEC,3697,47,1.27,2026-08-31 16:33:58.859 +0300
2026-08-21,CHANNEL,surcharge_mismatch,SA,Others,9598,115,1.20,2026-08-31 16:33:58.859 +0300
2026-08-21,CHANNEL,surcharge_mismatch,SA,RUH,25197,484,1.92,2026-08-31 16:33:58.859 +0300
2026-08-21,CHANNEL,surcharge_mismatch,SA,Total,71627,1454,2.03,2026-08-31 16:33:58.859 +0300
2026-08-21,CHANNEL,surge_mismatch,SA,DMM,4476,2,0.04,2026-08-31 16:33:58.859 +0300
2026-08-21,CHANNEL,surge_mismatch,SA,JED,20752,16,0.08,2026-08-31 16:33:58.859 +0300
2026-08-21,CHANNEL,surge_mismatch,SA,MAD,7907,6,0.08,2026-08-31 16:33:58.859 +0300
2026-08-21,CHANNEL,surge_mismatch,SA,MEC,3697,3,0.08,2026-08-31 16:33:58.859 +0300
2026-08-21,CHANNEL,surge_mismatch,SA,Others,9598,0,0.00,2026-08-31 16:33:58.859 +0300
2026-08-21,CHANNEL,surge_mismatch,SA,RUH,25197,29,0.12,2026-08-31 16:33:58.859 +0300
2026-08-21,CHANNEL,surge_mismatch,SA,Total,71627,56,0.08,2026-08-31 16:33:58.859 +0300
2026-08-21,SCENARIO,beyondB,SA,DMM,4476,1,0.02,2026-08-31 16:33:58.859 +0300
2026-08-21,SCENARIO,beyondB,SA,JED,20752,1,0.00,2026-08-31 16:33:58.859 +0300
2026-08-21,SCENARIO,beyondB,SA,MAD,7907,1,0.01,2026-08-31 16:33:58.859 +0300
2026-08-21,SCENARIO,beyondB,SA,MEC,3697,3,0.08,2026-08-31 16:33:58.859 +0300
2026-08-21,SCENARIO,beyondB,SA,Others,9598,8,0.08,2026-08-31 16:33:58.859 +0300
2026-08-21,SCENARIO,beyondB,SA,RUH,25197,10,0.04,2026-08-31 16:33:58.859 +0300
2026-08-21,SCENARIO,beyondB,SA,Total,71627,24,0.03,2026-08-31 16:33:58.859 +0300
2026-08-21,SCENARIO,withinA_at_dest,SA,DMM,4476,825,18.43,2026-08-31 16:33:58.859 +0300
2026-08-21,SCENARIO,withinA_at_dest,SA,JED,20752,4615,22.24,2026-08-31 16:33:58.859 +0300
2026-08-21,SCENARIO,withinA_at_dest,SA,MAD,7907,1495,18.91,2026-08-31 16:33:58.859 +0300
2026-08-21,SCENARIO,withinA_at_dest,SA,MEC,3697,814,22.02,2026-08-31 16:33:58.859 +0300
2026-08-21,SCENARIO,withinA_at_dest,SA,Others,9598,1784,18.59,2026-08-31 16:33:58.859 +0300
2026-08-21,SCENARIO,withinA_at_dest,SA,RUH,25197,4873,19.34,2026-08-31 16:33:58.859 +0300
2026-08-21,SCENARIO,withinA_at_dest,SA,Total,71627,14406,20.11,2026-08-31 16:33:58.859 +0300
2026-08-21,SCENARIO,withinA_not_dest,SA,DMM,4476,123,2.75,2026-08-31 16:33:58.859 +0300
2026-08-21,SCENARIO,withinA_not_dest,SA,JED,20752,513,2.47,2026-08-31 16:33:58.859 +0300
2026-08-21,SCENARIO,withinA_not_dest,SA,MAD,7907,368,4.65,2026-08-31 16:33:58.859 +0300
2026-08-21,SCENARIO,withinA_not_dest,SA,MEC,3697,130,3.52,2026-08-31 16:33:58.859 +0300
2026-08-21,SCENARIO,withinA_not_dest,SA,Others,9598,379,3.95,2026-08-31 16:33:58.859 +0300
2026-08-21,SCENARIO,withinA_not_dest,SA,RUH,25197,819,3.25,2026-08-31 16:33:58.859 +0300
2026-08-21,SCENARIO,withinA_not_dest,SA,Total,71627,2332,3.26,2026-08-31 16:33:58.859 +0300
2026-08-21,SCENARIO,withinB_at_dest,SA,DMM,4476,489,10.92,2026-08-31 16:33:58.859 +0300
2026-08-21,SCENARIO,withinB_at_dest,SA,JED,20752,2280,10.99,2026-08-31 16:33:58.859 +0300
2026-08-21,SCENARIO,withinB_at_dest,SA,MAD,7907,712,9.00,2026-08-31 16:33:58.859 +0300
2026-08-21,SCENARIO,withinB_at_dest,SA,MEC,3697,432,11.69,2026-08-31 16:33:58.859 +0300
2026-08-21,SCENARIO,withinB_at_dest,SA,Others,9598,998,10.40,2026-08-31 16:33:58.859 +0300
2026-08-21,SCENARIO,withinB_at_dest,SA,RUH,25197,1706,6.77,2026-08-31 16:33:58.859 +0300
2026-08-21,SCENARIO,withinB_at_dest,SA,Total,71627,6617,9.24,2026-08-31 16:33:58.859 +0300
2026-08-21,SCENARIO,withinB_not_dest,SA,DMM,4476,155,3.46,2026-08-31 16:33:58.859 +0300
2026-08-21,SCENARIO,withinB_not_dest,SA,JED,20752,699,3.37,2026-08-31 16:33:58.859 +0300
2026-08-21,SCENARIO,withinB_not_dest,SA,MAD,7907,340,4.30,2026-08-31 16:33:58.859 +0300
2026-08-21,SCENARIO,withinB_not_dest,SA,MEC,3697,173,4.68,2026-08-31 16:33:58.859 +0300
2026-08-21,SCENARIO,withinB_not_dest,SA,Others,9598,524,5.46,2026-08-31 16:33:58.859 +0300
2026-08-21,SCENARIO,withinB_not_dest,SA,RUH,25197,788,3.13,2026-08-31 16:33:58.859 +0300
2026-08-21,SCENARIO,withinB_not_dest,SA,Total,71627,2679,3.74,2026-08-31 16:33:58.859 +0300
2026-08-22,CAUSE_MIX,beyondB,JO,Total,18942,49,0.26,2026-08-31 16:33:58.859 +0300
2026-08-22,CAUSE_MIX,previous_wallet_balance,JO,Total,18942,859,4.53,2026-08-31 16:33:58.859 +0300
2026-08-22,CAUSE_MIX,surcharge_mismatch,JO,Total,18942,6,0.03,2026-08-31 16:33:58.859 +0300
2026-08-22,CAUSE_MIX,surge_mismatch,JO,Total,18942,3,0.02,2026-08-31 16:33:58.859 +0300
2026-08-22,CAUSE_MIX,waiting_time,JO,Total,18942,8607,45.44,2026-08-31 16:33:58.859 +0300
2026-08-22,CAUSE_MIX,withinA_at_dest,JO,Total,18942,998,5.27,2026-08-31 16:33:58.859 +0300
2026-08-22,CAUSE_MIX,withinA_not_dest,JO,Total,18942,2367,12.50,2026-08-31 16:33:58.859 +0300
2026-08-22,CAUSE_MIX,withinB_at_dest,JO,Total,18942,3966,20.94,2026-08-31 16:33:58.859 +0300
2026-08-22,CAUSE_MIX,withinB_not_dest,JO,Total,18942,2087,11.02,2026-08-31 16:33:58.859 +0300
2026-08-22,CHANNEL,cumulative_price_shocks_net,JO,AMM,48263,10460,21.67,2026-08-31 16:33:58.859 +0300
2026-08-22,CHANNEL,cumulative_price_shocks_net,JO,IRB,12143,3533,29.09,2026-08-31 16:33:58.859 +0300
2026-08-22,CHANNEL,cumulative_price_shocks_net,JO,Others,1693,417,24.63,2026-08-31 16:33:58.859 +0300
2026-08-22,CHANNEL,cumulative_price_shocks_net,JO,Total,78097,18082,23.15,2026-08-31 16:33:58.859 +0300
2026-08-22,CHANNEL,cumulative_price_shocks_net,JO,ZRQ,15998,3672,22.95,2026-08-31 16:33:58.859 +0300
2026-08-22,CHANNEL,pd_mismatch,JO,AMM,48263,0,0.00,2026-08-31 16:33:58.859 +0300
2026-08-22,CHANNEL,pd_mismatch,JO,IRB,12143,0,0.00,2026-08-31 16:33:58.859 +0300
2026-08-22,CHANNEL,pd_mismatch,JO,Others,1693,0,0.00,2026-08-31 16:33:58.859 +0300
2026-08-22,CHANNEL,pd_mismatch,JO,Total,78097,0,0.00,2026-08-31 16:33:58.859 +0300
2026-08-22,CHANNEL,pd_mismatch,JO,ZRQ,15998,0,0.00,2026-08-31 16:33:58.859 +0300
2026-08-22,CHANNEL,pickup_mismatch,JO,AMM,48263,0,0.00,2026-08-31 16:33:58.859 +0300
2026-08-22,CHANNEL,pickup_mismatch,JO,IRB,12143,0,0.00,2026-08-31 16:33:58.859 +0300
2026-08-22,CHANNEL,pickup_mismatch,JO,Others,1693,0,0.00,2026-08-31 16:33:58.859 +0300
2026-08-22,CHANNEL,pickup_mismatch,JO,Total,78097,0,0.00,2026-08-31 16:33:58.859 +0300
2026-08-22,CHANNEL,pickup_mismatch,JO,ZRQ,15998,0,0.00,2026-08-31 16:33:58.859 +0300
2026-08-22,CHANNEL,residual_fare_increase_net,JO,AMM,48263,5067,10.50,2026-08-31 16:33:58.859 +0300
2026-08-22,CHANNEL,residual_fare_increase_net,JO,IRB,12143,2447,20.15,2026-08-31 16:33:58.859 +0300
2026-08-22,CHANNEL,residual_fare_increase_net,JO,Others,1693,236,13.94,2026-08-31 16:33:58.859 +0300
2026-08-22,CHANNEL,residual_fare_increase_net,JO,Total,78097,9909,12.69,2026-08-31 16:33:58.859 +0300
2026-08-22,CHANNEL,residual_fare_increase_net,JO,ZRQ,15998,2159,13.50,2026-08-31 16:33:58.859 +0300
2026-08-22,CHANNEL,rounding_error,JO,AMM,48263,561,1.16,2026-08-31 16:33:58.859 +0300
2026-08-22,CHANNEL,rounding_error,JO,IRB,12143,123,1.01,2026-08-31 16:33:58.859 +0300
2026-08-22,CHANNEL,rounding_error,JO,Others,1693,29,1.71,2026-08-31 16:33:58.859 +0300
2026-08-22,CHANNEL,rounding_error,JO,Total,78097,891,1.14,2026-08-31 16:33:58.859 +0300
2026-08-22,CHANNEL,rounding_error,JO,ZRQ,15998,178,1.11,2026-08-31 16:33:58.859 +0300
2026-08-22,CHANNEL,spillover_recovery,JO,AMM,48263,738,1.53,2026-08-31 16:33:58.859 +0300
2026-08-22,CHANNEL,spillover_recovery,JO,IRB,12143,123,1.01,2026-08-31 16:33:58.859 +0300
2026-08-22,CHANNEL,spillover_recovery,JO,Others,1693,7,0.41,2026-08-31 16:33:58.859 +0300
2026-08-22,CHANNEL,spillover_recovery,JO,Total,78097,924,1.18,2026-08-31 16:33:58.859 +0300
2026-08-22,CHANNEL,spillover_recovery,JO,ZRQ,15998,56,0.35,2026-08-31 16:33:58.859 +0300
2026-08-22,CHANNEL,surcharge_mismatch,JO,AMM,48263,16,0.03,2026-08-31 16:33:58.859 +0300
2026-08-22,CHANNEL,surcharge_mismatch,JO,IRB,12143,0,0.00,2026-08-31 16:33:58.859 +0300
2026-08-22,CHANNEL,surcharge_mismatch,JO,Others,1693,0,0.00,2026-08-31 16:33:58.859 +0300
2026-08-22,CHANNEL,surcharge_mismatch,JO,Total,78097,21,0.03,2026-08-31 16:33:58.859 +0300
2026-08-22,CHANNEL,surcharge_mismatch,JO,ZRQ,15998,5,0.03,2026-08-31 16:33:58.859 +0300
2026-08-22,CHANNEL,surge_mismatch,JO,AMM,48263,12,0.02,2026-08-31 16:33:58.859 +0300
2026-08-22,CHANNEL,surge_mismatch,JO,IRB,12143,0,0.00,2026-08-31 16:33:58.859 +0300
2026-08-22,CHANNEL,surge_mismatch,JO,Others,1693,0,0.00,2026-08-31 16:33:58.859 +0300
2026-08-22,CHANNEL,surge_mismatch,JO,Total,78097,12,0.02,2026-08-31 16:33:58.859 +0300
2026-08-22,CHANNEL,surge_mismatch,JO,ZRQ,15998,0,0.00,2026-08-31 16:33:58.859 +0300
2026-08-22,SCENARIO,beyondB,JO,AMM,48263,36,0.07,2026-08-31 16:33:58.859 +0300
2026-08-22,SCENARIO,beyondB,JO,IRB,12143,9,0.07,2026-08-31 16:33:58.859 +0300
2026-08-22,SCENARIO,beyondB,JO,Others,1693,2,0.12,2026-08-31 16:33:58.859 +0300
2026-08-22,SCENARIO,beyondB,JO,Total,78097,52,0.07,2026-08-31 16:33:58.859 +0300
2026-08-22,SCENARIO,beyondB,JO,ZRQ,15998,5,0.03,2026-08-31 16:33:58.859 +0300
2026-08-22,SCENARIO,withinA_at_dest,JO,AMM,48263,5279,10.94,2026-08-31 16:33:58.859 +0300
2026-08-22,SCENARIO,withinA_at_dest,JO,IRB,12143,1027,8.46,2026-08-31 16:33:58.859 +0300
2026-08-22,SCENARIO,withinA_at_dest,JO,Others,1693,176,10.40,2026-08-31 16:33:58.859 +0300
2026-08-22,SCENARIO,withinA_at_dest,JO,Total,78097,7958,10.19,2026-08-31 16:33:58.859 +0300
2026-08-22,SCENARIO,withinA_at_dest,JO,ZRQ,15998,1476,9.23,2026-08-31 16:33:58.859 +0300
2026-08-22,SCENARIO,withinA_not_dest,JO,AMM,48263,1604,3.32,2026-08-31 16:33:58.859 +0300
2026-08-22,SCENARIO,withinA_not_dest,JO,IRB,12143,830,6.84,2026-08-31 16:33:58.859 +0300
2026-08-22,SCENARIO,withinA_not_dest,JO,Others,1693,60,3.54,2026-08-31 16:33:58.859 +0300
2026-08-22,SCENARIO,withinA_not_dest,JO,Total,78097,2976,3.81,2026-08-31 16:33:58.859 +0300
2026-08-22,SCENARIO,withinA_not_dest,JO,ZRQ,15998,482,3.01,2026-08-31 16:33:58.859 +0300
2026-08-22,SCENARIO,withinB_at_dest,JO,AMM,48263,2295,4.76,2026-08-31 16:33:58.859 +0300
2026-08-22,SCENARIO,withinB_at_dest,JO,IRB,12143,964,7.94,2026-08-31 16:33:58.859 +0300
2026-08-22,SCENARIO,withinB_at_dest,JO,Others,1693,118,6.97,2026-08-31 16:33:58.859 +0300
2026-08-22,SCENARIO,withinB_at_dest,JO,Total,78097,4633,5.93,2026-08-31 16:33:58.859 +0300
2026-08-22,SCENARIO,withinB_at_dest,JO,ZRQ,15998,1256,7.85,2026-08-31 16:33:58.859 +0300
2026-08-22,SCENARIO,withinB_not_dest,JO,AMM,48263,1246,2.58,2026-08-31 16:33:58.859 +0300
2026-08-22,SCENARIO,withinB_not_dest,JO,IRB,12143,703,5.79,2026-08-31 16:33:58.859 +0300
2026-08-22,SCENARIO,withinB_not_dest,JO,Others,1693,61,3.60,2026-08-31 16:33:58.859 +0300
2026-08-22,SCENARIO,withinB_not_dest,JO,Total,78097,2463,3.15,2026-08-31 16:33:58.859 +0300
2026-08-22,SCENARIO,withinB_not_dest,JO,ZRQ,15998,453,2.83,2026-08-31 16:33:58.859 +0300
2026-08-22,CAUSE_MIX,beyondB,SA,Total,33136,11,0.03,2026-08-31 16:33:58.859 +0300
2026-08-22,CAUSE_MIX,pickup_mismatch,SA,Total,33136,2,0.01,2026-08-31 16:33:58.859 +0300
2026-08-22,CAUSE_MIX,previous_wallet_balance,SA,Total,33136,5241,15.82,2026-08-31 16:33:58.859 +0300
2026-08-22,CAUSE_MIX,surcharge_mismatch,SA,Total,33136,627,1.89,2026-08-31 16:33:58.859 +0300
2026-08-22,CAUSE_MIX,surge_mismatch,SA,Total,33136,33,0.10,2026-08-31 16:33:58.859 +0300
2026-08-22,CAUSE_MIX,waiting_time,SA,Total,33136,16543,49.92,2026-08-31 16:33:58.859 +0300
2026-08-22,CAUSE_MIX,withinA_at_dest,SA,Total,33136,2518,7.60,2026-08-31 16:33:58.859 +0300
2026-08-22,CAUSE_MIX,withinA_not_dest,SA,Total,33136,1435,4.33,2026-08-31 16:33:58.859 +0300
2026-08-22,CAUSE_MIX,withinB_at_dest,SA,Total,33136,4839,14.60,2026-08-31 16:33:58.859 +0300
2026-08-22,CAUSE_MIX,withinB_not_dest,SA,Total,33136,1887,5.69,2026-08-31 16:33:58.859 +0300
2026-08-22,CHANNEL,cumulative_price_shocks_net,SA,DMM,5403,1822,33.72,2026-08-31 16:33:58.859 +0300
2026-08-22,CHANNEL,cumulative_price_shocks_net,SA,JED,24269,8626,35.54,2026-08-31 16:33:58.859 +0300
2026-08-22,CHANNEL,cumulative_price_shocks_net,SA,MAD,8571,2934,34.23,2026-08-31 16:33:58.859 +0300
2026-08-22,CHANNEL,cumulative_price_shocks_net,SA,MEC,4336,1707,39.37,2026-08-31 16:33:58.859 +0300
2026-08-22,CHANNEL,cumulative_price_shocks_net,SA,Others,10338,3848,37.22,2026-08-31 16:33:58.859 +0300
2026-08-22,CHANNEL,cumulative_price_shocks_net,SA,RUH,29142,8792,30.17,2026-08-31 16:33:58.859 +0300
2026-08-22,CHANNEL,cumulative_price_shocks_net,SA,Total,82059,27729,33.79,2026-08-31 16:33:58.859 +0300
2026-08-22,CHANNEL,pd_mismatch,SA,DMM,5403,0,0.00,2026-08-31 16:33:58.859 +0300
2026-08-22,CHANNEL,pd_mismatch,SA,JED,24269,0,0.00,2026-08-31 16:33:58.859 +0300
2026-08-22,CHANNEL,pd_mismatch,SA,MAD,8571,0,0.00,2026-08-31 16:33:58.859 +0300
2026-08-22,CHANNEL,pd_mismatch,SA,MEC,4336,0,0.00,2026-08-31 16:33:58.859 +0300
2026-08-22,CHANNEL,pd_mismatch,SA,Others,10338,0,0.00,2026-08-31 16:33:58.859 +0300
2026-08-22,CHANNEL,pd_mismatch,SA,RUH,29142,0,0.00,2026-08-31 16:33:58.859 +0300
2026-08-22,CHANNEL,pd_mismatch,SA,Total,82059,0,0.00,2026-08-31 16:33:58.859 +0300
2026-08-22,CHANNEL,pickup_mismatch,SA,DMM,5403,0,0.00,2026-08-31 16:33:58.859 +0300
2026-08-22,CHANNEL,pickup_mismatch,SA,JED,24269,0,0.00,2026-08-31 16:33:58.859 +0300
2026-08-22,CHANNEL,pickup_mismatch,SA,MAD,8571,1,0.01,2026-08-31 16:33:58.859 +0300
2026-08-22,CHANNEL,pickup_mismatch,SA,MEC,4336,0,0.00,2026-08-31 16:33:58.859 +0300
2026-08-22,CHANNEL,pickup_mismatch,SA,Others,10338,2,0.02,2026-08-31 16:33:58.859 +0300
2026-08-22,CHANNEL,pickup_mismatch,SA,RUH,29142,0,0.00,2026-08-31 16:33:58.859 +0300
2026-07-07,CHANNEL,rounding_error,SA,MAD,11087,326,2.94,2026-08-31 16:33:58.859 +0300
2026-07-07,CHANNEL,rounding_error,SA,MEC,5510,112,2.03,2026-08-31 16:33:58.859 +0300
2026-07-07,CHANNEL,rounding_error,SA,Others,12306,256,2.08,2026-08-31 16:33:58.859 +0300
2026-07-07,CHANNEL,rounding_error,SA,RUH,45171,1050,2.32,2026-08-31 16:33:58.859 +0300
2026-07-07,CHANNEL,rounding_error,SA,Total,113399,2762,2.44,2026-08-31 16:33:58.859 +0300
2026-07-07,CHANNEL,spillover_recovery,SA,DMM,6659,332,4.99,2026-08-31 16:33:58.859 +0300
2026-07-07,CHANNEL,spillover_recovery,SA,JED,32666,2693,8.24,2026-08-31 16:33:58.859 +0300
2026-07-07,CHANNEL,spillover_recovery,SA,MAD,11087,693,6.25,2026-08-31 16:33:58.859 +0300
2026-07-07,CHANNEL,spillover_recovery,SA,MEC,5510,361,6.55,2026-08-31 16:33:58.859 +0300
2026-07-07,CHANNEL,spillover_recovery,SA,Others,12306,642,5.22,2026-08-31 16:33:58.859 +0300
2026-07-07,CHANNEL,spillover_recovery,SA,RUH,45171,3521,7.79,2026-08-31 16:33:58.859 +0300
2026-07-07,CHANNEL,spillover_recovery,SA,Total,113399,8242,7.27,2026-08-31 16:33:58.859 +0300
2026-07-07,CHANNEL,surcharge_mismatch,SA,DMM,6659,88,1.32,2026-08-31 16:33:58.859 +0300
2026-07-07,CHANNEL,surcharge_mismatch,SA,JED,32666,805,2.46,2026-08-31 16:33:58.859 +0300
2026-07-07,CHANNEL,surcharge_mismatch,SA,MAD,11087,135,1.22,2026-08-31 16:33:58.859 +0300
2026-07-07,CHANNEL,surcharge_mismatch,SA,MEC,5510,47,0.85,2026-08-31 16:33:58.859 +0300
2026-07-07,CHANNEL,surcharge_mismatch,SA,Others,12306,167,1.36,2026-08-31 16:33:58.859 +0300
2026-07-07,CHANNEL,surcharge_mismatch,SA,RUH,45171,691,1.53,2026-08-31 16:33:58.859 +0300
2026-07-07,CHANNEL,surcharge_mismatch,SA,Total,113399,1933,1.70,2026-08-31 16:33:58.859 +0300
2026-07-07,CHANNEL,surge_mismatch,SA,DMM,6659,3,0.05,2026-08-31 16:33:58.859 +0300
2026-07-07,CHANNEL,surge_mismatch,SA,JED,32666,13,0.04,2026-08-31 16:33:58.859 +0300
2026-07-07,CHANNEL,surge_mismatch,SA,MAD,11087,13,0.12,2026-08-31 16:33:58.859 +0300
2026-07-07,CHANNEL,surge_mismatch,SA,MEC,5510,6,0.11,2026-08-31 16:33:58.859 +0300
2026-07-07,CHANNEL,surge_mismatch,SA,Others,12306,0,0.00,2026-08-31 16:33:58.859 +0300
2026-07-07,CHANNEL,surge_mismatch,SA,RUH,45171,11,0.02,2026-08-31 16:33:58.859 +0300
2026-07-07,CHANNEL,surge_mismatch,SA,Total,113399,46,0.04,2026-08-31 16:33:58.859 +0300
2026-07-07,SCENARIO,beyondB,SA,DMM,6659,1,0.02,2026-08-31 16:33:58.859 +0300
2026-07-07,SCENARIO,beyondB,SA,JED,32666,7,0.02,2026-08-31 16:33:58.859 +0300
2026-07-07,SCENARIO,beyondB,SA,MAD,11087,3,0.03,2026-08-31 16:33:58.859 +0300
2026-07-07,SCENARIO,beyondB,SA,MEC,5510,2,0.04,2026-08-31 16:33:58.859 +0300
2026-07-07,SCENARIO,beyondB,SA,Others,12306,6,0.05,2026-08-31 16:33:58.859 +0300
2026-07-07,SCENARIO,beyondB,SA,RUH,45171,16,0.04,2026-08-31 16:33:58.859 +0300
2026-07-07,SCENARIO,beyondB,SA,Total,113399,35,0.03,2026-08-31 16:33:58.859 +0300
2026-07-07,SCENARIO,withinA_at_dest,SA,DMM,6659,1177,17.68,2026-08-31 16:33:58.859 +0300
2026-07-07,SCENARIO,withinA_at_dest,SA,JED,32666,6408,19.62,2026-08-31 16:33:58.859 +0300
2026-07-07,SCENARIO,withinA_at_dest,SA,MAD,11087,1950,17.59,2026-08-31 16:33:58.859 +0300
2026-07-07,SCENARIO,withinA_at_dest,SA,MEC,5510,1205,21.87,2026-08-31 16:33:58.859 +0300
2026-07-07,SCENARIO,withinA_at_dest,SA,Others,12306,2130,17.31,2026-08-31 16:33:58.859 +0300
2026-07-07,SCENARIO,withinA_at_dest,SA,RUH,45171,7894,17.48,2026-08-31 16:33:58.859 +0300
2026-07-07,SCENARIO,withinA_at_dest,SA,Total,113399,20764,18.31,2026-08-31 16:33:58.859 +0300
2026-07-07,SCENARIO,withinA_not_dest,SA,DMM,6659,177,2.66,2026-08-31 16:33:58.859 +0300
2026-07-07,SCENARIO,withinA_not_dest,SA,JED,32666,701,2.15,2026-08-31 16:33:58.859 +0300
2026-07-07,SCENARIO,withinA_not_dest,SA,MAD,11087,454,4.09,2026-08-31 16:33:58.859 +0300
2026-07-07,SCENARIO,withinA_not_dest,SA,MEC,5510,170,3.09,2026-08-31 16:33:58.859 +0300
2026-07-07,SCENARIO,withinA_not_dest,SA,Others,12306,454,3.69,2026-08-31 16:33:58.859 +0300
2026-07-07,SCENARIO,withinA_not_dest,SA,RUH,45171,1018,2.25,2026-08-31 16:33:58.859 +0300
2026-07-07,SCENARIO,withinA_not_dest,SA,Total,113399,2974,2.62,2026-08-31 16:33:58.859 +0300
2026-07-07,SCENARIO,withinB_at_dest,SA,DMM,6659,709,10.65,2026-08-31 16:33:58.859 +0300
2026-07-07,SCENARIO,withinB_at_dest,SA,JED,32666,3925,12.02,2026-08-31 16:33:58.859 +0300
2026-07-07,SCENARIO,withinB_at_dest,SA,MAD,11087,1018,9.18,2026-08-31 16:33:58.859 +0300
2026-07-07,SCENARIO,withinB_at_dest,SA,MEC,5510,530,9.62,2026-08-31 16:33:58.859 +0300
2026-07-07,SCENARIO,withinB_at_dest,SA,Others,12306,1299,10.56,2026-08-31 16:33:58.859 +0300
2026-07-07,SCENARIO,withinB_at_dest,SA,RUH,45171,4819,10.67,2026-08-31 16:33:58.859 +0300
2026-07-07,SCENARIO,withinB_at_dest,SA,Total,113399,12300,10.85,2026-08-31 16:33:58.859 +0300
2026-07-07,SCENARIO,withinB_not_dest,SA,DMM,6659,194,2.91,2026-08-31 16:33:58.859 +0300
2026-07-07,SCENARIO,withinB_not_dest,SA,JED,32666,986,3.02,2026-08-31 16:33:58.859 +0300
2026-07-07,SCENARIO,withinB_not_dest,SA,MAD,11087,395,3.56,2026-08-31 16:33:58.859 +0300
2026-07-07,SCENARIO,withinB_not_dest,SA,MEC,5510,226,4.10,2026-08-31 16:33:58.859 +0300
2026-07-07,SCENARIO,withinB_not_dest,SA,Others,12306,674,5.48,2026-08-31 16:33:58.859 +0300
2026-07-07,SCENARIO,withinB_not_dest,SA,RUH,45171,1432,3.17,2026-08-31 16:33:58.859 +0300
2026-07-07,SCENARIO,withinB_not_dest,SA,Total,113399,3907,3.45,2026-08-31 16:33:58.859 +0300
2026-07-08,CAUSE_MIX,beyondB,JO,Total,21636,46,0.21,2026-08-31 16:33:58.859 +0300
2026-07-08,CAUSE_MIX,pickup_mismatch,JO,Total,21636,1,0.00,2026-08-31 16:33:58.859 +0300
2026-07-08,CAUSE_MIX,previous_wallet_balance,JO,Total,21636,1208,5.58,2026-08-31 16:33:58.859 +0300
2026-07-08,CAUSE_MIX,surcharge_mismatch,JO,Total,21636,7,0.03,2026-08-31 16:33:58.859 +0300
2026-07-08,CAUSE_MIX,surge_mismatch,JO,Total,21636,2,0.01,2026-08-31 16:33:58.859 +0300
2026-07-08,CAUSE_MIX,waiting_time,JO,Total,21636,8744,40.41,2026-08-31 16:33:58.859 +0300
2026-07-08,CAUSE_MIX,withinA_at_dest,JO,Total,21636,863,3.99,2026-08-31 16:33:58.859 +0300
2026-07-08,CAUSE_MIX,withinA_not_dest,JO,Total,21636,2603,12.03,2026-08-31 16:33:58.859 +0300
2026-07-08,CAUSE_MIX,withinB_at_dest,JO,Total,21636,5920,27.36,2026-08-31 16:33:58.859 +0300
2026-07-08,CAUSE_MIX,withinB_not_dest,JO,Total,21636,2242,10.36,2026-08-31 16:33:58.859 +0300
2026-07-08,CHANNEL,cumulative_price_shocks_net,JO,AMM,50494,12891,25.53,2026-08-31 16:33:58.859 +0300
2026-07-08,CHANNEL,cumulative_price_shocks_net,JO,IRB,12985,3617,27.86,2026-08-31 16:33:58.859 +0300
2026-07-08,CHANNEL,cumulative_price_shocks_net,JO,Others,1654,382,23.10,2026-08-31 16:33:58.859 +0300
2026-07-08,CHANNEL,cumulative_price_shocks_net,JO,Total,81954,20428,24.93,2026-08-31 16:33:58.859 +0300
2026-07-08,CHANNEL,cumulative_price_shocks_net,JO,ZRQ,16821,3538,21.03,2026-08-31 16:33:58.859 +0300
2026-07-08,CHANNEL,pd_mismatch,JO,AMM,50494,0,0.00,2026-08-31 16:33:58.859 +0300
2026-07-08,CHANNEL,pd_mismatch,JO,IRB,12985,1,0.01,2026-08-31 16:33:58.859 +0300
2026-07-08,CHANNEL,pd_mismatch,JO,Others,1654,0,0.00,2026-08-31 16:33:58.859 +0300
2026-07-08,CHANNEL,pd_mismatch,JO,Total,81954,1,0.00,2026-08-31 16:33:58.859 +0300
2026-07-08,CHANNEL,pd_mismatch,JO,ZRQ,16821,0,0.00,2026-08-31 16:33:58.859 +0300
2026-07-08,CHANNEL,pickup_mismatch,JO,AMM,50494,1,0.00,2026-08-31 16:33:58.859 +0300
2026-07-08,CHANNEL,pickup_mismatch,JO,IRB,12985,0,0.00,2026-08-31 16:33:58.859 +0300
2026-07-08,CHANNEL,pickup_mismatch,JO,Others,1654,0,0.00,2026-08-31 16:33:58.859 +0300
2026-07-08,CHANNEL,pickup_mismatch,JO,Total,81954,1,0.00,2026-08-31 16:33:58.859 +0300
2026-07-08,CHANNEL,pickup_mismatch,JO,ZRQ,16821,0,0.00,2026-08-31 16:33:58.859 +0300
2026-07-08,CHANNEL,residual_fare_increase_net,JO,AMM,50494,8004,15.85,2026-08-31 16:33:58.859 +0300
2026-07-08,CHANNEL,residual_fare_increase_net,JO,IRB,12985,2414,18.59,2026-08-31 16:33:58.859 +0300
2026-07-08,CHANNEL,residual_fare_increase_net,JO,Others,1654,230,13.91,2026-08-31 16:33:58.859 +0300
2026-07-08,CHANNEL,residual_fare_increase_net,JO,Total,81954,12629,15.41,2026-08-31 16:33:58.859 +0300
2026-07-08,CHANNEL,residual_fare_increase_net,JO,ZRQ,16821,1981,11.78,2026-08-31 16:33:58.859 +0300
2026-07-08,CHANNEL,rounding_error,JO,AMM,50494,547,1.08,2026-08-31 16:33:58.859 +0300
2026-07-08,CHANNEL,rounding_error,JO,IRB,12985,158,1.22,2026-08-31 16:33:58.859 +0300
2026-07-08,CHANNEL,rounding_error,JO,Others,1654,25,1.51,2026-08-31 16:33:58.859 +0300
2026-07-08,CHANNEL,rounding_error,JO,Total,81954,944,1.15,2026-08-31 16:33:58.859 +0300
2026-07-08,CHANNEL,rounding_error,JO,ZRQ,16821,214,1.27,2026-08-31 16:33:58.859 +0300
2026-07-08,CHANNEL,spillover_recovery,JO,AMM,50494,1086,2.15,2026-08-31 16:33:58.859 +0300
2026-07-08,CHANNEL,spillover_recovery,JO,IRB,12985,120,0.92,2026-08-31 16:33:58.859 +0300
2026-07-08,CHANNEL,spillover_recovery,JO,Others,1654,10,0.60,2026-08-31 16:33:58.859 +0300
2026-07-08,CHANNEL,spillover_recovery,JO,Total,81954,1279,1.56,2026-08-31 16:33:58.859 +0300
2026-07-08,CHANNEL,spillover_recovery,JO,ZRQ,16821,63,0.37,2026-08-31 16:33:58.859 +0300
2026-07-08,CHANNEL,surcharge_mismatch,JO,AMM,50494,16,0.03,2026-08-31 16:33:58.859 +0300
2026-07-08,CHANNEL,surcharge_mismatch,JO,IRB,12985,0,0.00,2026-08-31 16:33:58.859 +0300
2026-07-08,CHANNEL,surcharge_mismatch,JO,Others,1654,1,0.06,2026-08-31 16:33:58.859 +0300
2026-07-08,CHANNEL,surcharge_mismatch,JO,Total,81954,21,0.03,2026-08-31 16:33:58.859 +0300
2026-07-08,CHANNEL,surcharge_mismatch,JO,ZRQ,16821,4,0.02,2026-08-31 16:33:58.859 +0300
2026-07-08,CHANNEL,surge_mismatch,JO,AMM,50494,3,0.01,2026-08-31 16:33:58.859 +0300
2026-07-08,CHANNEL,surge_mismatch,JO,IRB,12985,0,0.00,2026-08-31 16:33:58.859 +0300
2026-07-08,CHANNEL,surge_mismatch,JO,Others,1654,0,0.00,2026-08-31 16:33:58.859 +0300
2026-07-08,CHANNEL,surge_mismatch,JO,Total,81954,4,0.00,2026-08-31 16:33:58.859 +0300
2026-07-08,CHANNEL,surge_mismatch,JO,ZRQ,16821,1,0.01,2026-08-31 16:33:58.859 +0300
2026-07-08,SCENARIO,beyondB,JO,AMM,50494,35,0.07,2026-08-31 16:33:58.859 +0300
2026-07-08,SCENARIO,beyondB,JO,IRB,12985,8,0.06,2026-08-31 16:33:58.859 +0300
2026-07-08,SCENARIO,beyondB,JO,Others,1654,1,0.06,2026-08-31 16:33:58.859 +0300
2026-07-08,SCENARIO,beyondB,JO,Total,81954,49,0.06,2026-08-31 16:33:58.859 +0300
2026-07-08,SCENARIO,beyondB,JO,ZRQ,16821,5,0.03,2026-08-31 16:33:58.859 +0300
2026-07-08,SCENARIO,withinA_at_dest,JO,AMM,50494,4776,9.46,2026-08-31 16:33:58.859 +0300
2026-07-08,SCENARIO,withinA_at_dest,JO,IRB,12985,1147,8.83,2026-08-31 16:33:58.859 +0300
2026-07-08,SCENARIO,withinA_at_dest,JO,Others,1654,150,9.07,2026-08-31 16:33:58.859 +0300
2026-07-08,SCENARIO,withinA_at_dest,JO,Total,81954,7589,9.26,2026-08-31 16:33:58.859 +0300
2026-07-08,SCENARIO,withinA_at_dest,JO,ZRQ,16821,1516,9.01,2026-08-31 16:33:58.859 +0300
2026-07-08,SCENARIO,withinA_not_dest,JO,AMM,50494,1503,2.98,2026-08-31 16:33:58.859 +0300
2026-07-08,SCENARIO,withinA_not_dest,JO,IRB,12985,1049,8.08,2026-08-31 16:33:58.859 +0300
2026-07-08,SCENARIO,withinA_not_dest,JO,Others,1654,61,3.69,2026-08-31 16:33:58.859 +0300
2026-07-08,SCENARIO,withinA_not_dest,JO,Total,81954,3218,3.93,2026-08-31 16:33:58.859 +0300
2026-07-08,SCENARIO,withinA_not_dest,JO,ZRQ,16821,605,3.60,2026-08-31 16:33:58.859 +0300
2026-07-08,SCENARIO,withinB_at_dest,JO,AMM,50494,5013,9.93,2026-08-31 16:33:58.859 +0300
2026-07-08,SCENARIO,withinB_at_dest,JO,IRB,12985,779,6.00,2026-08-31 16:33:58.859 +0300
2026-07-08,SCENARIO,withinB_at_dest,JO,Others,1654,114,6.89,2026-08-31 16:33:58.859 +0300
2026-07-08,SCENARIO,withinB_at_dest,JO,Total,81954,6881,8.40,2026-08-31 16:33:58.859 +0300
2026-07-08,SCENARIO,withinB_at_dest,JO,ZRQ,16821,975,5.80,2026-08-31 16:33:58.859 +0300
2026-07-08,SCENARIO,withinB_not_dest,JO,AMM,50494,1564,3.10,2026-08-31 16:33:58.859 +0300
2026-07-08,SCENARIO,withinB_not_dest,JO,IRB,12985,634,4.88,2026-08-31 16:33:58.859 +0300
2026-07-08,SCENARIO,withinB_not_dest,JO,Others,1654,56,3.39,2026-08-31 16:33:58.859 +0300
2026-07-08,SCENARIO,withinB_not_dest,JO,Total,81954,2691,3.28,2026-08-31 16:33:58.859 +0300
2026-07-08,SCENARIO,withinB_not_dest,JO,ZRQ,16821,437,2.60,2026-08-31 16:33:58.859 +0300
2026-07-08,CAUSE_MIX,beyondB,SA,Total,45072,19,0.04,2026-08-31 16:33:58.859 +0300
2026-07-08,CAUSE_MIX,pickup_mismatch,SA,Total,45072,2,0.00,2026-08-31 16:33:58.859 +0300
2026-07-08,CAUSE_MIX,previous_wallet_balance,SA,Total,45072,7273,16.14,2026-08-31 16:33:58.859 +0300
2026-07-08,CAUSE_MIX,surcharge_mismatch,SA,Total,45072,735,1.63,2026-08-31 16:33:58.859 +0300
2026-07-08,CAUSE_MIX,surge_mismatch,SA,Total,45072,17,0.04,2026-08-31 16:33:58.859 +0300
2026-07-08,CAUSE_MIX,waiting_time,SA,Total,45072,21084,46.78,2026-08-31 16:33:58.859 +0300
2026-07-08,CAUSE_MIX,withinA_at_dest,SA,Total,45072,3361,7.46,2026-08-31 16:33:58.859 +0300
2026-07-08,CAUSE_MIX,withinA_not_dest,SA,Total,45072,1835,4.07,2026-08-31 16:33:58.859 +0300
2026-07-08,CAUSE_MIX,withinB_at_dest,SA,Total,45072,8210,18.22,2026-08-31 16:33:58.859 +0300
2026-07-08,CAUSE_MIX,withinB_not_dest,SA,Total,45072,2536,5.63,2026-08-31 16:33:58.859 +0300
2026-07-08,CHANNEL,cumulative_price_shocks_net,SA,DMM,6310,2081,32.98,2026-08-31 16:33:58.859 +0300
2026-07-08,CHANNEL,cumulative_price_shocks_net,SA,JED,31467,11387,36.19,2026-08-31 16:33:58.859 +0300
2026-07-08,CHANNEL,cumulative_price_shocks_net,SA,MAD,10742,3646,33.94,2026-08-31 16:33:58.859 +0300
2026-07-08,CHANNEL,cumulative_price_shocks_net,SA,MEC,5606,2210,39.42,2026-08-31 16:33:58.859 +0300
2026-07-08,CHANNEL,cumulative_price_shocks_net,SA,Others,11579,4257,36.76,2026-08-31 16:33:58.859 +0300
2026-07-08,CHANNEL,cumulative_price_shocks_net,SA,RUH,43187,14031,32.49,2026-08-31 16:33:58.859 +0300
2026-07-08,CHANNEL,cumulative_price_shocks_net,SA,Total,108891,37612,34.54,2026-08-31 16:33:58.859 +0300
2026-07-08,CHANNEL,pd_mismatch,SA,DMM,6310,0,0.00,2026-08-31 16:33:58.859 +0300
2026-07-08,CHANNEL,pd_mismatch,SA,JED,31467,1,0.00,2026-08-31 16:33:58.859 +0300
2026-07-08,CHANNEL,pd_mismatch,SA,MAD,10742,0,0.00,2026-08-31 16:33:58.859 +0300
2026-07-08,CHANNEL,pd_mismatch,SA,MEC,5606,1,0.02,2026-08-31 16:33:58.859 +0300
2026-07-08,CHANNEL,pd_mismatch,SA,Others,11579,1,0.01,2026-08-31 16:33:58.859 +0300
2026-07-08,CHANNEL,pd_mismatch,SA,RUH,43187,0,0.00,2026-08-31 16:33:58.859 +0300
2026-07-08,CHANNEL,pd_mismatch,SA,Total,108891,3,0.00,2026-08-31 16:33:58.859 +0300
2026-07-08,CHANNEL,pickup_mismatch,SA,DMM,6310,1,0.02,2026-08-31 16:33:58.859 +0300
2026-07-08,CHANNEL,pickup_mismatch,SA,JED,31467,1,0.00,2026-08-31 16:33:58.859 +0300
2026-07-08,CHANNEL,pickup_mismatch,SA,MAD,10742,0,0.00,2026-08-31 16:33:58.859 +0300
2026-07-08,CHANNEL,pickup_mismatch,SA,MEC,5606,0,0.00,2026-08-31 16:33:58.859 +0300
2026-07-08,CHANNEL,pickup_mismatch,SA,Others,11579,0,0.00,2026-08-31 16:33:58.859 +0300
2026-07-08,CHANNEL,pickup_mismatch,SA,RUH,43187,1,0.00,2026-08-31 16:33:58.859 +0300
2026-07-08,CHANNEL,pickup_mismatch,SA,Total,108891,3,0.00,2026-08-31 16:33:58.859 +0300
2026-07-09,CAUSE_MIX,withinA_not_dest,SA,Total,48972,2016,4.12,2026-08-31 16:33:58.859 +0300
2026-07-09,CAUSE_MIX,withinB_at_dest,SA,Total,48972,9090,18.56,2026-08-31 16:33:58.859 +0300
2026-07-09,CAUSE_MIX,withinB_not_dest,SA,Total,48972,2993,6.11,2026-08-31 16:33:58.859 +0300
2026-07-09,CHANNEL,cumulative_price_shocks_net,SA,DMM,6776,2323,34.28,2026-08-31 16:33:58.859 +0300
2026-07-09,CHANNEL,cumulative_price_shocks_net,SA,JED,33948,12566,37.02,2026-08-31 16:33:58.859 +0300
2026-07-09,CHANNEL,cumulative_price_shocks_net,SA,MAD,10989,3930,35.76,2026-08-31 16:33:58.859 +0300
2026-07-09,CHANNEL,cumulative_price_shocks_net,SA,MEC,5390,2114,39.22,2026-08-31 16:33:58.859 +0300
2026-07-09,CHANNEL,cumulative_price_shocks_net,SA,Others,12599,4747,37.68,2026-08-31 16:33:58.859 +0300
2026-07-09,CHANNEL,cumulative_price_shocks_net,SA,RUH,46541,15628,33.58,2026-08-31 16:33:58.859 +0300
2026-07-09,CHANNEL,cumulative_price_shocks_net,SA,Total,116243,41308,35.54,2026-08-31 16:33:58.859 +0300
2026-07-09,CHANNEL,pd_mismatch,SA,DMM,6776,0,0.00,2026-08-31 16:33:58.859 +0300
2026-07-09,CHANNEL,pd_mismatch,SA,JED,33948,0,0.00,2026-08-31 16:33:58.859 +0300
2026-07-09,CHANNEL,pd_mismatch,SA,MAD,10989,0,0.00,2026-08-31 16:33:58.859 +0300
2026-07-09,CHANNEL,pd_mismatch,SA,MEC,5390,0,0.00,2026-08-31 16:33:58.859 +0300
2026-07-09,CHANNEL,pd_mismatch,SA,Others,12599,0,0.00,2026-08-31 16:33:58.859 +0300
2026-07-09,CHANNEL,pd_mismatch,SA,RUH,46541,0,0.00,2026-08-31 16:33:58.859 +0300
2026-07-09,CHANNEL,pd_mismatch,SA,Total,116243,0,0.00,2026-08-31 16:33:58.859 +0300
2026-07-09,CHANNEL,pickup_mismatch,SA,DMM,6776,0,0.00,2026-08-31 16:33:58.859 +0300
2026-07-09,CHANNEL,pickup_mismatch,SA,JED,33948,2,0.01,2026-08-31 16:33:58.859 +0300
2026-07-09,CHANNEL,pickup_mismatch,SA,MAD,10989,0,0.00,2026-08-31 16:33:58.859 +0300
2026-07-09,CHANNEL,pickup_mismatch,SA,MEC,5390,0,0.00,2026-08-31 16:33:58.859 +0300
2026-07-09,CHANNEL,pickup_mismatch,SA,Others,12599,2,0.02,2026-08-31 16:33:58.859 +0300
2026-07-09,CHANNEL,pickup_mismatch,SA,RUH,46541,3,0.01,2026-08-31 16:33:58.859 +0300
2026-07-09,CHANNEL,pickup_mismatch,SA,Total,116243,7,0.01,2026-08-31 16:33:58.859 +0300
2026-07-09,CHANNEL,residual_fare_increase_net,SA,DMM,6776,1191,17.58,2026-08-31 16:33:58.859 +0300
2026-07-09,CHANNEL,residual_fare_increase_net,SA,JED,33948,6067,17.87,2026-08-31 16:33:58.859 +0300
2026-07-09,CHANNEL,residual_fare_increase_net,SA,MAD,10989,2049,18.65,2026-08-31 16:33:58.859 +0300
2026-07-09,CHANNEL,residual_fare_increase_net,SA,MEC,5390,994,18.44,2026-08-31 16:33:58.859 +0300
2026-07-09,CHANNEL,residual_fare_increase_net,SA,Others,12599,2639,20.95,2026-08-31 16:33:58.859 +0300
2026-07-09,CHANNEL,residual_fare_increase_net,SA,RUH,46541,7788,16.73,2026-08-31 16:33:58.859 +0300
2026-07-09,CHANNEL,residual_fare_increase_net,SA,Total,116243,20728,17.83,2026-08-31 16:33:58.859 +0300
2026-07-09,CHANNEL,rounding_error,SA,DMM,6776,123,1.82,2026-08-31 16:33:58.859 +0300
2026-07-09,CHANNEL,rounding_error,SA,JED,33948,856,2.52,2026-08-31 16:33:58.859 +0300
2026-07-09,CHANNEL,rounding_error,SA,MAD,10989,326,2.97,2026-08-31 16:33:58.859 +0300
2026-07-09,CHANNEL,rounding_error,SA,MEC,5390,111,2.06,2026-08-31 16:33:58.859 +0300
2026-07-09,CHANNEL,rounding_error,SA,Others,12599,255,2.02,2026-08-31 16:33:58.859 +0300
2026-07-09,CHANNEL,rounding_error,SA,RUH,46541,1156,2.48,2026-08-31 16:33:58.859 +0300
2026-07-09,CHANNEL,rounding_error,SA,Total,116243,2827,2.43,2026-08-31 16:33:58.859 +0300
2026-07-09,CHANNEL,spillover_recovery,SA,DMM,6776,316,4.66,2026-08-31 16:33:58.859 +0300
2026-07-09,CHANNEL,spillover_recovery,SA,JED,33948,2795,8.23,2026-08-31 16:33:58.859 +0300
2026-07-09,CHANNEL,spillover_recovery,SA,MAD,10989,643,5.85,2026-08-31 16:33:58.859 +0300
2026-07-09,CHANNEL,spillover_recovery,SA,MEC,5390,353,6.55,2026-08-31 16:33:58.859 +0300
2026-07-09,CHANNEL,spillover_recovery,SA,Others,12599,543,4.31,2026-08-31 16:33:58.859 +0300
2026-07-09,CHANNEL,spillover_recovery,SA,RUH,46541,3568,7.67,2026-08-31 16:33:58.859 +0300
2026-07-09,CHANNEL,spillover_recovery,SA,Total,116243,8218,7.07,2026-08-31 16:33:58.859 +0300
2026-07-09,CHANNEL,surcharge_mismatch,SA,DMM,6776,154,2.27,2026-08-31 16:33:58.859 +0300
2026-07-09,CHANNEL,surcharge_mismatch,SA,JED,33948,769,2.27,2026-08-31 16:33:58.859 +0300
2026-07-09,CHANNEL,surcharge_mismatch,SA,MAD,10989,185,1.68,2026-08-31 16:33:58.859 +0300
2026-07-09,CHANNEL,surcharge_mismatch,SA,MEC,5390,36,0.67,2026-08-31 16:33:58.859 +0300
2026-07-09,CHANNEL,surcharge_mismatch,SA,Others,12599,194,1.54,2026-08-31 16:33:58.859 +0300
2026-07-09,CHANNEL,surcharge_mismatch,SA,RUH,46541,809,1.74,2026-08-31 16:33:58.859 +0300
2026-07-09,CHANNEL,surcharge_mismatch,SA,Total,116243,2147,1.85,2026-08-31 16:33:58.859 +0300
2026-07-09,CHANNEL,surge_mismatch,SA,DMM,6776,5,0.07,2026-08-31 16:33:58.859 +0300
2026-07-09,CHANNEL,surge_mismatch,SA,JED,33948,24,0.07,2026-08-31 16:33:58.859 +0300
2026-07-09,CHANNEL,surge_mismatch,SA,MAD,10989,24,0.22,2026-08-31 16:33:58.859 +0300
2026-07-09,CHANNEL,surge_mismatch,SA,MEC,5390,6,0.11,2026-08-31 16:33:58.859 +0300
2026-07-09,CHANNEL,surge_mismatch,SA,Others,12599,0,0.00,2026-08-31 16:33:58.859 +0300
2026-07-09,CHANNEL,surge_mismatch,SA,RUH,46541,13,0.03,2026-08-31 16:33:58.859 +0300
2026-07-09,CHANNEL,surge_mismatch,SA,Total,116243,72,0.06,2026-08-31 16:33:58.859 +0300
2026-07-09,SCENARIO,beyondB,SA,DMM,6776,2,0.03,2026-08-31 16:33:58.859 +0300
2026-07-09,SCENARIO,beyondB,SA,JED,33948,9,0.03,2026-08-31 16:33:58.859 +0300
2026-07-09,SCENARIO,beyondB,SA,MAD,10989,3,0.03,2026-08-31 16:33:58.859 +0300
2026-07-09,SCENARIO,beyondB,SA,MEC,5390,1,0.02,2026-08-31 16:33:58.859 +0300
2026-07-09,SCENARIO,beyondB,SA,Others,12599,7,0.06,2026-08-31 16:33:58.859 +0300
2026-07-09,SCENARIO,beyondB,SA,RUH,46541,12,0.03,2026-08-31 16:33:58.859 +0300
2026-07-09,SCENARIO,beyondB,SA,Total,116243,34,0.03,2026-08-31 16:33:58.859 +0300
2026-07-09,SCENARIO,withinA_at_dest,SA,DMM,6776,1174,17.33,2026-08-31 16:33:58.859 +0300
2026-07-09,SCENARIO,withinA_at_dest,SA,JED,33948,6803,20.04,2026-08-31 16:33:58.859 +0300
2026-07-09,SCENARIO,withinA_at_dest,SA,MAD,10989,1967,17.90,2026-08-31 16:33:58.859 +0300
2026-07-09,SCENARIO,withinA_at_dest,SA,MEC,5390,1130,20.96,2026-08-31 16:33:58.859 +0300
2026-07-09,SCENARIO,withinA_at_dest,SA,Others,12599,2142,17.00,2026-08-31 16:33:58.859 +0300
2026-07-09,SCENARIO,withinA_at_dest,SA,RUH,46541,8392,18.03,2026-08-31 16:33:58.859 +0300
2026-07-09,SCENARIO,withinA_at_dest,SA,Total,116243,21608,18.59,2026-08-31 16:33:58.859 +0300
2026-07-09,SCENARIO,withinA_not_dest,SA,DMM,6776,175,2.58,2026-08-31 16:33:58.859 +0300
2026-07-09,SCENARIO,withinA_not_dest,SA,JED,33948,766,2.26,2026-08-31 16:33:58.859 +0300
2026-07-09,SCENARIO,withinA_not_dest,SA,MAD,10989,450,4.10,2026-08-31 16:33:58.859 +0300
2026-07-09,SCENARIO,withinA_not_dest,SA,MEC,5390,157,2.91,2026-08-31 16:33:58.859 +0300
2026-07-09,SCENARIO,withinA_not_dest,SA,Others,12599,447,3.55,2026-08-31 16:33:58.859 +0300
2026-07-09,SCENARIO,withinA_not_dest,SA,RUH,46541,1163,2.50,2026-08-31 16:33:58.859 +0300
2026-07-09,SCENARIO,withinA_not_dest,SA,Total,116243,3158,2.72,2026-08-31 16:33:58.859 +0300
2026-07-09,SCENARIO,withinB_at_dest,SA,DMM,6776,743,10.97,2026-08-31 16:33:58.859 +0300
2026-07-09,SCENARIO,withinB_at_dest,SA,JED,33948,3970,11.69,2026-08-31 16:33:58.859 +0300
2026-07-09,SCENARIO,withinB_at_dest,SA,MAD,10989,1034,9.41,2026-08-31 16:33:58.859 +0300
2026-07-09,SCENARIO,withinB_at_dest,SA,MEC,5390,612,11.35,2026-08-31 16:33:58.859 +0300
2026-07-09,SCENARIO,withinB_at_dest,SA,Others,12599,1385,10.99,2026-08-31 16:33:58.859 +0300
2026-07-09,SCENARIO,withinB_at_dest,SA,RUH,46541,4517,9.71,2026-08-31 16:33:58.859 +0300
2026-07-09,SCENARIO,withinB_at_dest,SA,Total,116243,12261,10.55,2026-08-31 16:33:58.859 +0300
2026-07-09,SCENARIO,withinB_not_dest,SA,DMM,6776,229,3.38,2026-08-31 16:33:58.859 +0300
2026-07-09,SCENARIO,withinB_not_dest,SA,JED,33948,1018,3.00,2026-08-31 16:33:58.859 +0300
2026-07-09,SCENARIO,withinB_not_dest,SA,MAD,10989,476,4.33,2026-08-31 16:33:58.859 +0300
2026-07-09,SCENARIO,withinB_not_dest,SA,MEC,5390,214,3.97,2026-08-31 16:33:58.859 +0300
2026-07-09,SCENARIO,withinB_not_dest,SA,Others,12599,766,6.08,2026-08-31 16:33:58.859 +0300
2026-07-09,SCENARIO,withinB_not_dest,SA,RUH,46541,1544,3.32,2026-08-31 16:33:58.859 +0300
2026-07-09,SCENARIO,withinB_not_dest,SA,Total,116243,4247,3.65,2026-08-31 16:33:58.859 +0300
2026-07-10,CAUSE_MIX,beyondB,JO,Total,13199,38,0.29,2026-08-31 16:33:58.859 +0300
2026-07-10,CAUSE_MIX,pickup_mismatch,JO,Total,13199,1,0.01,2026-08-31 16:33:58.859 +0300
2026-07-10,CAUSE_MIX,previous_wallet_balance,JO,Total,13199,735,5.57,2026-08-31 16:33:58.859 +0300
2026-07-10,CAUSE_MIX,surcharge_mismatch,JO,Total,13199,12,0.09,2026-08-31 16:33:58.859 +0300
2026-07-10,CAUSE_MIX,surge_mismatch,JO,Total,13199,1,0.01,2026-08-31 16:33:58.859 +0300
2026-07-10,CAUSE_MIX,waiting_time,JO,Total,13199,5392,40.85,2026-08-31 16:33:58.859 +0300
2026-07-10,CAUSE_MIX,withinA_at_dest,JO,Total,13199,643,4.87,2026-08-31 16:33:58.859 +0300
2026-07-10,CAUSE_MIX,withinA_not_dest,JO,Total,13199,1930,14.62,2026-08-31 16:33:58.859 +0300
2026-07-10,CAUSE_MIX,withinB_at_dest,JO,Total,13199,3027,22.93,2026-08-31 16:33:58.859 +0300
2026-07-10,CAUSE_MIX,withinB_not_dest,JO,Total,13199,1420,10.76,2026-08-31 16:33:58.859 +0300
2026-07-10,CHANNEL,cumulative_price_shocks_net,JO,AMM,31089,7570,24.35,2026-08-31 16:33:58.859 +0300
2026-07-10,CHANNEL,cumulative_price_shocks_net,JO,IRB,7203,2148,29.82,2026-08-31 16:33:58.859 +0300
2026-07-10,CHANNEL,cumulative_price_shocks_net,JO,Others,1008,261,25.89,2026-08-31 16:33:58.859 +0300
2026-07-10,CHANNEL,cumulative_price_shocks_net,JO,Total,50533,12464,24.67,2026-08-31 16:33:58.859 +0300
2026-07-10,CHANNEL,cumulative_price_shocks_net,JO,ZRQ,11233,2485,22.12,2026-08-31 16:33:58.859 +0300
2026-07-10,CHANNEL,pd_mismatch,JO,AMM,31089,0,0.00,2026-08-31 16:33:58.859 +0300
2026-07-10,CHANNEL,pd_mismatch,JO,IRB,7203,0,0.00,2026-08-31 16:33:58.859 +0300
2026-07-10,CHANNEL,pd_mismatch,JO,Others,1008,0,0.00,2026-08-31 16:33:58.859 +0300
2026-07-10,CHANNEL,pd_mismatch,JO,Total,50533,0,0.00,2026-08-31 16:33:58.859 +0300
2026-07-10,CHANNEL,pd_mismatch,JO,ZRQ,11233,0,0.00,2026-08-31 16:33:58.859 +0300
2026-07-10,CHANNEL,pickup_mismatch,JO,AMM,31089,1,0.00,2026-08-31 16:33:58.859 +0300
2026-07-10,CHANNEL,pickup_mismatch,JO,IRB,7203,0,0.00,2026-08-31 16:33:58.859 +0300
2026-07-10,CHANNEL,pickup_mismatch,JO,Others,1008,0,0.00,2026-08-31 16:33:58.859 +0300
2026-07-10,CHANNEL,pickup_mismatch,JO,Total,50533,1,0.00,2026-08-31 16:33:58.859 +0300
2026-07-10,CHANNEL,pickup_mismatch,JO,ZRQ,11233,0,0.00,2026-08-31 16:33:58.859 +0300
2026-07-10,CHANNEL,residual_fare_increase_net,JO,AMM,31089,4410,14.19,2026-08-31 16:33:58.859 +0300
2026-07-10,CHANNEL,residual_fare_increase_net,JO,IRB,7203,1546,21.46,2026-08-31 16:33:58.859 +0300
2026-07-10,CHANNEL,residual_fare_increase_net,JO,Others,1008,156,15.48,2026-08-31 16:33:58.859 +0300
2026-07-10,CHANNEL,residual_fare_increase_net,JO,Total,50533,7491,14.82,2026-08-31 16:33:58.859 +0300
2026-07-10,CHANNEL,residual_fare_increase_net,JO,ZRQ,11233,1379,12.28,2026-08-31 16:33:58.859 +0300
2026-07-10,CHANNEL,rounding_error,JO,AMM,31089,390,1.25,2026-08-31 16:33:58.859 +0300
2026-07-10,CHANNEL,rounding_error,JO,IRB,7203,80,1.11,2026-08-31 16:33:58.859 +0300
2026-07-10,CHANNEL,rounding_error,JO,Others,1008,4,0.40,2026-08-31 16:33:58.859 +0300
2026-07-10,CHANNEL,rounding_error,JO,Total,50533,584,1.16,2026-08-31 16:33:58.859 +0300
2026-07-10,CHANNEL,rounding_error,JO,ZRQ,11233,110,0.98,2026-08-31 16:33:58.859 +0300
2026-07-10,CHANNEL,spillover_recovery,JO,AMM,31089,642,2.07,2026-08-31 16:33:58.859 +0300
2026-07-10,CHANNEL,spillover_recovery,JO,IRB,7203,95,1.32,2026-08-31 16:33:58.859 +0300
2026-07-10,CHANNEL,spillover_recovery,JO,Others,1008,6,0.60,2026-08-31 16:33:58.859 +0300
2026-07-10,CHANNEL,spillover_recovery,JO,Total,50533,790,1.56,2026-08-31 16:33:58.859 +0300
2026-07-10,CHANNEL,spillover_recovery,JO,ZRQ,11233,47,0.42,2026-08-31 16:33:58.859 +0300
2026-07-10,CHANNEL,surcharge_mismatch,JO,AMM,31089,14,0.05,2026-08-31 16:33:58.859 +0300
2026-07-10,CHANNEL,surcharge_mismatch,JO,IRB,7203,0,0.00,2026-08-31 16:33:58.859 +0300
2026-07-10,CHANNEL,surcharge_mismatch,JO,Others,1008,0,0.00,2026-08-31 16:33:58.859 +0300
2026-07-10,CHANNEL,surcharge_mismatch,JO,Total,50533,20,0.04,2026-08-31 16:33:58.859 +0300
2026-07-10,CHANNEL,surcharge_mismatch,JO,ZRQ,11233,6,0.05,2026-08-31 16:33:58.859 +0300
2026-07-10,CHANNEL,surge_mismatch,JO,AMM,31089,1,0.00,2026-08-31 16:33:58.859 +0300
2026-07-10,CHANNEL,surge_mismatch,JO,IRB,7203,0,0.00,2026-08-31 16:33:58.859 +0300
2026-07-10,CHANNEL,surge_mismatch,JO,Others,1008,0,0.00,2026-08-31 16:33:58.859 +0300
2026-07-10,CHANNEL,surge_mismatch,JO,Total,50533,2,0.00,2026-08-31 16:33:58.859 +0300
2026-07-10,CHANNEL,surge_mismatch,JO,ZRQ,11233,1,0.01,2026-08-31 16:33:58.859 +0300
2026-07-10,SCENARIO,beyondB,JO,AMM,31089,30,0.10,2026-08-31 16:33:58.859 +0300
2026-07-10,SCENARIO,beyondB,JO,IRB,7203,5,0.07,2026-08-31 16:33:58.859 +0300
2026-07-10,SCENARIO,beyondB,JO,Others,1008,0,0.00,2026-08-31 16:33:58.859 +0300
2026-07-10,SCENARIO,beyondB,JO,Total,50533,42,0.08,2026-08-31 16:33:58.859 +0300
2026-07-10,SCENARIO,beyondB,JO,ZRQ,11233,7,0.06,2026-08-31 16:33:58.859 +0300
2026-07-10,SCENARIO,withinA_at_dest,JO,AMM,31089,3099,9.97,2026-08-31 16:33:58.859 +0300
2026-07-10,SCENARIO,withinA_at_dest,JO,IRB,7203,568,7.89,2026-08-31 16:33:58.859 +0300
2026-07-10,SCENARIO,withinA_at_dest,JO,Others,1008,100,9.92,2026-08-31 16:33:58.859 +0300
2026-07-10,SCENARIO,withinA_at_dest,JO,Total,50533,4832,9.56,2026-08-31 16:33:58.859 +0300
2026-07-10,SCENARIO,withinA_at_dest,JO,ZRQ,11233,1065,9.48,2026-08-31 16:33:58.859 +0300
2026-07-10,SCENARIO,withinA_not_dest,JO,AMM,31089,1223,3.93,2026-08-31 16:33:58.859 +0300
2026-07-10,SCENARIO,withinA_not_dest,JO,IRB,7203,640,8.89,2026-08-31 16:33:58.859 +0300
2026-07-10,SCENARIO,withinA_not_dest,JO,Others,1008,43,4.27,2026-08-31 16:33:58.859 +0300
2026-07-10,SCENARIO,withinA_not_dest,JO,Total,50533,2372,4.69,2026-08-31 16:33:58.859 +0300
2026-07-10,SCENARIO,withinA_not_dest,JO,ZRQ,11233,466,4.15,2026-08-31 16:33:58.859 +0300
2026-07-10,SCENARIO,withinB_at_dest,JO,AMM,31089,2238,7.20,2026-08-31 16:33:58.859 +0300
2026-07-10,SCENARIO,withinB_at_dest,JO,IRB,7203,533,7.40,2026-08-31 16:33:58.859 +0300
2026-07-10,SCENARIO,withinB_at_dest,JO,Others,1008,72,7.14,2026-08-31 16:33:58.859 +0300
2026-07-10,SCENARIO,withinB_at_dest,JO,Total,50533,3514,6.95,2026-08-31 16:33:58.859 +0300
2026-07-10,SCENARIO,withinB_at_dest,JO,ZRQ,11233,671,5.97,2026-08-31 16:33:58.859 +0300
2026-07-10,SCENARIO,withinB_not_dest,JO,AMM,31089,980,3.15,2026-08-31 16:33:58.859 +0300
2026-07-10,SCENARIO,withinB_not_dest,JO,IRB,7203,402,5.58,2026-08-31 16:33:58.859 +0300
2026-07-10,SCENARIO,withinB_not_dest,JO,Others,1008,46,4.56,2026-08-31 16:33:58.859 +0300
2026-07-10,SCENARIO,withinB_not_dest,JO,Total,50533,1704,3.37,2026-08-31 16:33:58.859 +0300
2026-07-10,SCENARIO,withinB_not_dest,JO,ZRQ,11233,276,2.46,2026-08-31 16:33:58.859 +0300
2026-07-10,CAUSE_MIX,beyondB,SA,Total,34957,18,0.05,2026-08-31 16:33:58.859 +0300
2026-07-10,CAUSE_MIX,pickup_mismatch,SA,Total,34957,2,0.01,2026-08-31 16:33:58.859 +0300
2026-07-10,CAUSE_MIX,previous_wallet_balance,SA,Total,34957,4517,12.92,2026-08-31 16:33:58.859 +0300
2026-07-10,CAUSE_MIX,surcharge_mismatch,SA,Total,34957,626,1.79,2026-08-31 16:33:58.859 +0300
2026-07-10,CAUSE_MIX,surge_mismatch,SA,Total,34957,28,0.08,2026-08-31 16:33:58.859 +0300
2026-07-10,CAUSE_MIX,waiting_time,SA,Total,34957,16887,48.31,2026-08-31 16:33:58.859 +0300
2026-07-10,CAUSE_MIX,withinA_at_dest,SA,Total,34957,2653,7.59,2026-08-31 16:33:58.859 +0300
2026-07-10,CAUSE_MIX,withinA_not_dest,SA,Total,34957,1578,4.51,2026-08-31 16:33:58.859 +0300
2026-07-10,CAUSE_MIX,withinB_at_dest,SA,Total,34957,6283,17.97,2026-08-31 16:33:58.859 +0300
2026-07-10,CAUSE_MIX,withinB_not_dest,SA,Total,34957,2365,6.77,2026-08-31 16:33:58.859 +0300
2026-07-10,CHANNEL,cumulative_price_shocks_net,SA,DMM,4257,1537,36.11,2026-08-31 16:33:58.859 +0300
2026-07-10,CHANNEL,cumulative_price_shocks_net,SA,JED,23193,9191,39.63,2026-08-31 16:33:58.859 +0300
2026-07-10,CHANNEL,cumulative_price_shocks_net,SA,MAD,8577,3308,38.57,2026-08-31 16:33:58.859 +0300
2026-07-10,CHANNEL,cumulative_price_shocks_net,SA,MEC,4210,1808,42.95,2026-08-31 16:33:58.859 +0300
2026-07-10,CHANNEL,cumulative_price_shocks_net,SA,Others,9789,3959,40.44,2026-08-31 16:33:58.859 +0300
2026-07-10,CHANNEL,cumulative_price_shocks_net,SA,RUH,28927,10512,36.34,2026-08-31 16:33:58.859 +0300
2026-07-10,CHANNEL,cumulative_price_shocks_net,SA,Total,78953,30315,38.40,2026-08-31 16:33:58.859 +0300
2026-07-10,CHANNEL,pd_mismatch,SA,DMM,4257,0,0.00,2026-08-31 16:33:58.859 +0300
2026-07-10,CHANNEL,pd_mismatch,SA,JED,23193,0,0.00,2026-08-31 16:33:58.859 +0300
2026-07-10,CHANNEL,pd_mismatch,SA,MAD,8577,0,0.00,2026-08-31 16:33:58.859 +0300
2026-07-10,CHANNEL,pd_mismatch,SA,MEC,4210,0,0.00,2026-08-31 16:33:58.859 +0300
2026-07-10,CHANNEL,pd_mismatch,SA,Others,9789,0,0.00,2026-08-31 16:33:58.859 +0300
2026-07-10,CHANNEL,pd_mismatch,SA,RUH,28927,0,0.00,2026-08-31 16:33:58.859 +0300
2026-07-10,CHANNEL,pd_mismatch,SA,Total,78953,0,0.00,2026-08-31 16:33:58.859 +0300
2026-07-10,CHANNEL,pickup_mismatch,SA,DMM,4257,0,0.00,2026-08-31 16:33:58.859 +0300
2026-07-10,CHANNEL,pickup_mismatch,SA,JED,23193,0,0.00,2026-08-31 16:33:58.859 +0300
2026-07-10,CHANNEL,pickup_mismatch,SA,MAD,8577,0,0.00,2026-08-31 16:33:58.859 +0300
2026-07-10,CHANNEL,pickup_mismatch,SA,MEC,4210,1,0.02,2026-08-31 16:33:58.859 +0300
2026-07-10,CHANNEL,pickup_mismatch,SA,Others,9789,2,0.02,2026-08-31 16:33:58.859 +0300
2026-07-10,CHANNEL,pickup_mismatch,SA,RUH,28927,3,0.01,2026-08-31 16:33:58.859 +0300
2026-07-10,CHANNEL,pickup_mismatch,SA,Total,78953,6,0.01,2026-08-31 16:33:58.859 +0300
2026-07-10,CHANNEL,residual_fare_increase_net,SA,DMM,4257,785,18.44,2026-08-31 16:33:58.859 +0300
2026-07-10,CHANNEL,residual_fare_increase_net,SA,JED,23193,4307,18.57,2026-08-31 16:33:58.859 +0300
2026-07-10,CHANNEL,residual_fare_increase_net,SA,MAD,8577,1787,20.83,2026-08-31 16:33:58.859 +0300
2026-07-10,CHANNEL,residual_fare_increase_net,SA,MEC,4210,800,19.00,2026-08-31 16:33:58.859 +0300
2026-07-10,CHANNEL,residual_fare_increase_net,SA,Others,9789,2137,21.83,2026-08-31 16:33:58.859 +0300
2026-07-10,CHANNEL,residual_fare_increase_net,SA,RUH,28927,5461,18.88,2026-08-31 16:33:58.859 +0300
2026-07-10,CHANNEL,residual_fare_increase_net,SA,Total,78953,15277,19.35,2026-08-31 16:33:58.859 +0300
2026-07-10,CHANNEL,rounding_error,SA,DMM,4257,71,1.67,2026-08-31 16:33:58.859 +0300
2026-07-10,CHANNEL,rounding_error,SA,JED,23193,606,2.61,2026-08-31 16:33:58.859 +0300
2026-07-10,CHANNEL,rounding_error,SA,MAD,8577,301,3.51,2026-08-31 16:33:58.859 +0300
2026-07-10,CHANNEL,rounding_error,SA,MEC,4210,78,1.85,2026-08-31 16:33:58.859 +0300
2026-07-10,CHANNEL,rounding_error,SA,Others,9789,178,1.82,2026-08-31 16:33:58.859 +0300
2026-07-10,CHANNEL,rounding_error,SA,RUH,28927,745,2.58,2026-08-31 16:33:58.859 +0300
2026-07-10,CHANNEL,rounding_error,SA,Total,78953,1979,2.51,2026-08-31 16:33:58.859 +0300
2026-07-10,CHANNEL,spillover_recovery,SA,DMM,4257,175,4.11,2026-08-31 16:33:58.859 +0300
2026-07-10,CHANNEL,spillover_recovery,SA,JED,23193,1725,7.44,2026-08-31 16:33:58.859 +0300
2026-07-10,CHANNEL,spillover_recovery,SA,MAD,8577,498,5.81,2026-08-31 16:33:58.859 +0300
2026-07-10,CHANNEL,spillover_recovery,SA,MEC,4210,251,5.96,2026-08-31 16:33:58.859 +0300
2026-07-10,CHANNEL,spillover_recovery,SA,Others,9789,432,4.41,2026-08-31 16:33:58.859 +0300
2026-07-10,CHANNEL,spillover_recovery,SA,RUH,28927,1913,6.61,2026-08-31 16:33:58.859 +0300
2026-07-10,CHANNEL,spillover_recovery,SA,Total,78953,4994,6.33,2026-08-31 16:33:58.859 +0300
2026-07-10,CHANNEL,surcharge_mismatch,SA,DMM,4257,69,1.62,2026-08-31 16:33:58.859 +0300
2026-07-10,CHANNEL,surcharge_mismatch,SA,JED,23193,596,2.57,2026-08-31 16:33:58.859 +0300
2026-07-10,CHANNEL,surcharge_mismatch,SA,MAD,8577,181,2.11,2026-08-31 16:33:58.859 +0300
2026-07-10,CHANNEL,surcharge_mismatch,SA,MEC,4210,35,0.83,2026-08-31 16:33:58.859 +0300
2026-07-10,CHANNEL,surcharge_mismatch,SA,Others,9789,182,1.86,2026-08-31 16:33:58.859 +0300
2026-07-10,CHANNEL,surcharge_mismatch,SA,RUH,28927,533,1.84,2026-08-31 16:33:58.859 +0300
2026-07-10,CHANNEL,surcharge_mismatch,SA,Total,78953,1596,2.02,2026-08-31 16:33:58.859 +0300
2026-07-10,CHANNEL,surge_mismatch,SA,DMM,4257,1,0.02,2026-08-31 16:33:58.859 +0300
2026-07-10,CHANNEL,surge_mismatch,SA,JED,23193,18,0.08,2026-08-31 16:33:58.859 +0300
2026-07-10,CHANNEL,surge_mismatch,SA,MAD,8577,15,0.17,2026-08-31 16:33:58.859 +0300
2026-07-10,CHANNEL,surge_mismatch,SA,MEC,4210,6,0.14,2026-08-31 16:33:58.859 +0300
2026-07-10,CHANNEL,surge_mismatch,SA,Others,9789,0,0.00,2026-08-31 16:33:58.859 +0300
2026-07-10,CHANNEL,surge_mismatch,SA,RUH,28927,4,0.01,2026-08-31 16:33:58.859 +0300
2026-07-10,CHANNEL,surge_mismatch,SA,Total,78953,44,0.06,2026-08-31 16:33:58.859 +0300
2026-07-10,SCENARIO,beyondB,SA,DMM,4257,0,0.00,2026-08-31 16:33:58.859 +0300
2026-07-10,SCENARIO,beyondB,SA,JED,23193,4,0.02,2026-08-31 16:33:58.859 +0300
2026-07-10,SCENARIO,beyondB,SA,MAD,8577,2,0.02,2026-08-31 16:33:58.859 +0300
2026-07-10,SCENARIO,beyondB,SA,MEC,4210,2,0.05,2026-08-31 16:33:58.859 +0300
2026-07-10,SCENARIO,beyondB,SA,Others,9789,3,0.03,2026-08-31 16:33:58.859 +0300
2026-07-10,SCENARIO,beyondB,SA,RUH,28927,16,0.06,2026-08-31 16:33:58.859 +0300
2026-07-10,SCENARIO,beyondB,SA,Total,78953,27,0.03,2026-08-31 16:33:58.859 +0300
2026-07-10,SCENARIO,withinA_at_dest,SA,DMM,4257,769,18.06,2026-08-31 16:33:58.859 +0300
2026-07-10,SCENARIO,withinA_at_dest,SA,JED,23193,5032,21.70,2026-08-31 16:33:58.859 +0300
2026-07-10,SCENARIO,withinA_at_dest,SA,MAD,8577,1586,18.49,2026-08-31 16:33:58.859 +0300
2026-07-10,SCENARIO,withinA_at_dest,SA,MEC,4210,997,23.68,2026-08-31 16:33:58.859 +0300
2026-07-10,SCENARIO,withinA_at_dest,SA,Others,9789,1851,18.91,2026-08-31 16:33:58.859 +0300
2026-07-10,SCENARIO,withinA_at_dest,SA,RUH,28927,5307,18.35,2026-08-31 16:33:58.859 +0300
2026-07-10,SCENARIO,withinA_at_dest,SA,Total,78953,15542,19.69,2026-08-31 16:33:58.859 +0300
2026-07-10,SCENARIO,withinA_not_dest,SA,DMM,4257,134,3.15,2026-08-31 16:33:58.859 +0300
2026-07-10,SCENARIO,withinA_not_dest,SA,JED,23193,627,2.70,2026-08-31 16:33:58.859 +0300
2026-07-10,SCENARIO,withinA_not_dest,SA,MAD,8577,413,4.82,2026-08-31 16:33:58.859 +0300
2026-07-10,SCENARIO,withinA_not_dest,SA,MEC,4210,149,3.54,2026-08-31 16:33:58.859 +0300
2026-07-10,SCENARIO,withinA_not_dest,SA,Others,9789,400,4.09,2026-08-31 16:33:58.859 +0300
2026-07-10,SCENARIO,withinA_not_dest,SA,RUH,28927,899,3.11,2026-08-31 16:33:58.859 +0300
2026-07-10,SCENARIO,withinA_not_dest,SA,Total,78953,2622,3.32,2026-08-31 16:33:58.859 +0300
2026-07-10,SCENARIO,withinB_at_dest,SA,DMM,4257,475,11.16,2026-08-31 16:33:58.859 +0300
2026-07-10,SCENARIO,withinB_at_dest,SA,JED,23193,2685,11.58,2026-08-31 16:33:58.859 +0300
2026-07-10,SCENARIO,withinB_at_dest,SA,MAD,8577,925,10.78,2026-08-31 16:33:58.859 +0300
2026-07-10,SCENARIO,withinB_at_dest,SA,MEC,4210,436,10.36,2026-08-31 16:33:58.859 +0300
2026-07-10,SCENARIO,withinB_at_dest,SA,Others,9789,1095,11.19,2026-08-31 16:33:58.859 +0300
2026-07-10,SCENARIO,withinB_at_dest,SA,RUH,28927,3085,10.66,2026-08-31 16:33:58.859 +0300
2026-07-10,SCENARIO,withinB_at_dest,SA,Total,78953,8701,11.02,2026-08-31 16:33:58.859 +0300
2026-07-10,SCENARIO,withinB_not_dest,SA,DMM,4257,159,3.74,2026-08-31 16:33:58.859 +0300
2026-07-10,SCENARIO,withinB_not_dest,SA,JED,23193,843,3.63,2026-08-31 16:33:58.859 +0300
2026-07-10,SCENARIO,withinB_not_dest,SA,MAD,8577,382,4.45,2026-08-31 16:33:58.859 +0300
2026-07-10,SCENARIO,withinB_not_dest,SA,MEC,4210,224,5.32,2026-08-31 16:33:58.859 +0300
2026-07-10,SCENARIO,withinB_not_dest,SA,Others,9789,610,6.23,2026-08-31 16:33:58.859 +0300
2026-07-10,SCENARIO,withinB_not_dest,SA,RUH,28927,1205,4.17,2026-08-31 16:33:58.859 +0300
2026-07-10,SCENARIO,withinB_not_dest,SA,Total,78953,3423,4.34,2026-08-31 16:33:58.859 +0300
2026-07-11,CAUSE_MIX,beyondB,JO,Total,18491,58,0.31,2026-08-31 16:33:58.859 +0300
2026-07-11,CAUSE_MIX,previous_wallet_balance,JO,Total,18491,1022,5.53,2026-08-31 16:33:58.859 +0300
2026-07-11,CAUSE_MIX,surcharge_mismatch,JO,Total,18491,13,0.07,2026-08-31 16:33:58.859 +0300
2026-07-11,CAUSE_MIX,waiting_time,JO,Total,18491,7951,43.00,2026-08-31 16:33:58.859 +0300
2026-07-11,CAUSE_MIX,withinA_at_dest,JO,Total,18491,780,4.22,2026-08-31 16:33:58.859 +0300
2026-07-11,CAUSE_MIX,withinA_not_dest,JO,Total,18491,2363,12.78,2026-08-31 16:33:58.859 +0300
2026-07-11,CAUSE_MIX,withinB_at_dest,JO,Total,18491,4375,23.66,2026-08-31 16:33:58.859 +0300
2026-07-11,CAUSE_MIX,withinB_not_dest,JO,Total,18491,1929,10.43,2026-08-31 16:33:58.859 +0300
2026-07-11,CHANNEL,cumulative_price_shocks_net,JO,AMM,44073,10436,23.68,2026-08-31 16:33:58.859 +0300
2026-07-11,CHANNEL,cumulative_price_shocks_net,JO,IRB,11061,3254,29.42,2026-08-31 16:33:58.859 +0300
2026-07-11,CHANNEL,cumulative_price_shocks_net,JO,Others,1558,346,22.21,2026-08-31 16:33:58.859 +0300
2026-07-11,CHANNEL,cumulative_price_shocks_net,JO,Total,72445,17469,24.11,2026-08-31 16:33:58.859 +0300
2026-07-11,CHANNEL,cumulative_price_shocks_net,JO,ZRQ,15753,3433,21.79,2026-08-31 16:33:58.859 +0300
2026-07-11,CHANNEL,pd_mismatch,JO,AMM,44073,1,0.00,2026-08-31 16:33:58.859 +0300
2026-07-11,CHANNEL,pd_mismatch,JO,IRB,11061,1,0.01,2026-08-31 16:33:58.859 +0300
2026-07-11,CHANNEL,pd_mismatch,JO,Others,1558,0,0.00,2026-08-31 16:33:58.859 +0300
2026-07-11,CHANNEL,pd_mismatch,JO,Total,72445,2,0.00,2026-08-31 16:33:58.859 +0300
2026-07-11,CHANNEL,pd_mismatch,JO,ZRQ,15753,0,0.00,2026-08-31 16:33:58.859 +0300
2026-07-11,CHANNEL,pickup_mismatch,JO,AMM,44073,0,0.00,2026-08-31 16:33:58.859 +0300
2026-07-11,CHANNEL,pickup_mismatch,JO,IRB,11061,0,0.00,2026-08-31 16:33:58.859 +0300
2026-07-11,CHANNEL,pickup_mismatch,JO,Others,1558,0,0.00,2026-08-31 16:33:58.859 +0300
2026-07-11,CHANNEL,pickup_mismatch,JO,Total,72445,0,0.00,2026-08-31 16:33:58.859 +0300
2026-07-11,CHANNEL,pickup_mismatch,JO,ZRQ,15753,0,0.00,2026-08-31 16:33:58.859 +0300
2026-07-11,CHANNEL,residual_fare_increase_net,JO,AMM,44073,5952,13.50,2026-08-31 16:33:58.859 +0300
2026-07-11,CHANNEL,residual_fare_increase_net,JO,IRB,11061,2207,19.95,2026-08-31 16:33:58.859 +0300
2026-07-11,CHANNEL,residual_fare_increase_net,JO,Others,1558,211,13.54,2026-08-31 16:33:58.859 +0300
2026-07-11,CHANNEL,residual_fare_increase_net,JO,Total,72445,10302,14.22,2026-08-31 16:33:58.859 +0300
2026-07-11,CHANNEL,residual_fare_increase_net,JO,ZRQ,15753,1932,12.26,2026-08-31 16:33:58.859 +0300
2026-07-11,CHANNEL,rounding_error,JO,AMM,44073,493,1.12,2026-08-31 16:33:58.859 +0300
2026-07-11,CHANNEL,rounding_error,JO,IRB,11061,129,1.17,2026-08-31 16:33:58.859 +0300
2026-07-11,CHANNEL,rounding_error,JO,Others,1558,19,1.22,2026-08-31 16:33:58.859 +0300
2026-07-11,CHANNEL,rounding_error,JO,Total,72445,820,1.13,2026-08-31 16:33:58.859 +0300
2026-07-11,CHANNEL,rounding_error,JO,ZRQ,15753,179,1.14,2026-08-31 16:33:58.859 +0300
2026-07-11,CHANNEL,spillover_recovery,JO,AMM,44073,877,1.99,2026-08-31 16:33:58.859 +0300
2026-07-11,CHANNEL,spillover_recovery,JO,IRB,11061,126,1.14,2026-08-31 16:33:58.859 +0300
2026-07-11,CHANNEL,spillover_recovery,JO,Others,1558,16,1.03,2026-08-31 16:33:58.859 +0300
2026-07-11,CHANNEL,spillover_recovery,JO,Total,72445,1075,1.48,2026-08-31 16:33:58.859 +0300
2026-07-11,CHANNEL,spillover_recovery,JO,ZRQ,15753,56,0.36,2026-08-31 16:33:58.859 +0300
2026-07-11,CHANNEL,surcharge_mismatch,JO,AMM,44073,16,0.04,2026-08-31 16:33:58.859 +0300
2026-07-11,CHANNEL,surcharge_mismatch,JO,IRB,11061,0,0.00,2026-08-31 16:33:58.859 +0300
2026-07-11,CHANNEL,surcharge_mismatch,JO,Others,1558,0,0.00,2026-08-31 16:33:58.859 +0300
2026-07-11,CHANNEL,surcharge_mismatch,JO,Total,72445,24,0.03,2026-08-31 16:33:58.859 +0300
2026-07-11,CHANNEL,surcharge_mismatch,JO,ZRQ,15753,8,0.05,2026-08-31 16:33:58.859 +0300
2026-07-11,CHANNEL,surge_mismatch,JO,AMM,44073,1,0.00,2026-08-31 16:33:58.859 +0300
2026-07-11,CHANNEL,surge_mismatch,JO,IRB,11061,0,0.00,2026-08-31 16:33:58.859 +0300
2026-07-11,CHANNEL,surge_mismatch,JO,Others,1558,0,0.00,2026-08-31 16:33:58.859 +0300
2026-07-11,CHANNEL,surge_mismatch,JO,Total,72445,1,0.00,2026-08-31 16:33:58.859 +0300
2026-07-11,CHANNEL,surge_mismatch,JO,ZRQ,15753,0,0.00,2026-08-31 16:33:58.859 +0300
2026-07-11,SCENARIO,beyondB,JO,AMM,44073,42,0.10,2026-08-31 16:33:58.859 +0300
2026-07-11,SCENARIO,beyondB,JO,IRB,11061,13,0.12,2026-08-31 16:33:58.859 +0300
2026-07-11,SCENARIO,beyondB,JO,Others,1558,0,0.00,2026-08-31 16:33:58.859 +0300
2026-07-11,SCENARIO,beyondB,JO,Total,72445,64,0.09,2026-08-31 16:33:58.859 +0300
2026-07-11,SCENARIO,beyondB,JO,ZRQ,15753,9,0.06,2026-08-31 16:33:58.859 +0300
2026-07-11,SCENARIO,withinA_at_dest,JO,AMM,44073,4381,9.94,2026-08-31 16:33:58.859 +0300
2026-07-11,SCENARIO,withinA_at_dest,JO,IRB,11061,981,8.87,2026-08-31 16:33:58.859 +0300
2026-07-11,SCENARIO,withinA_at_dest,JO,Others,1558,127,8.15,2026-08-31 16:33:58.859 +0300
2026-07-11,SCENARIO,withinA_at_dest,JO,Total,72445,6951,9.59,2026-08-31 16:33:58.859 +0300
2026-07-11,SCENARIO,withinA_at_dest,JO,ZRQ,15753,1462,9.28,2026-08-31 16:33:58.859 +0300
2026-07-11,SCENARIO,withinA_not_dest,JO,AMM,44073,1441,3.27,2026-08-31 16:33:58.859 +0300
2026-07-11,SCENARIO,withinA_not_dest,JO,IRB,11061,847,7.66,2026-08-31 16:33:58.859 +0300
2026-07-11,SCENARIO,withinA_not_dest,JO,Others,1558,67,4.30,2026-08-31 16:33:58.859 +0300
2026-07-11,SCENARIO,withinA_not_dest,JO,Total,72445,2976,4.11,2026-08-31 16:33:58.859 +0300
2026-07-11,SCENARIO,withinA_not_dest,JO,ZRQ,15753,621,3.94,2026-08-31 16:33:58.859 +0300
2026-07-11,SCENARIO,withinB_at_dest,JO,AMM,44073,3320,7.53,2026-08-31 16:33:58.859 +0300
2026-07-11,SCENARIO,withinB_at_dest,JO,IRB,11061,811,7.33,2026-08-31 16:33:58.859 +0300
2026-07-11,SCENARIO,withinB_at_dest,JO,Others,1558,90,5.78,2026-08-31 16:33:58.859 +0300
2026-07-11,SCENARIO,withinB_at_dest,JO,Total,72445,5157,7.12,2026-08-31 16:33:58.859 +0300
2026-07-11,SCENARIO,withinB_at_dest,JO,ZRQ,15753,936,5.94,2026-08-31 16:33:58.859 +0300
2026-07-11,SCENARIO,withinB_not_dest,JO,AMM,44073,1252,2.84,2026-08-31 16:33:58.859 +0300
2026-07-11,SCENARIO,withinB_not_dest,JO,IRB,11061,602,5.44,2026-08-31 16:33:58.859 +0300
2026-07-11,SCENARIO,withinB_not_dest,JO,Others,1558,62,3.98,2026-08-31 16:33:58.859 +0300
2026-07-11,SCENARIO,withinB_not_dest,JO,Total,72445,2321,3.20,2026-08-31 16:33:58.859 +0300
2026-07-11,SCENARIO,withinB_not_dest,JO,ZRQ,15753,405,2.57,2026-08-31 16:33:58.859 +0300
2026-07-11,CAUSE_MIX,beyondB,SA,Total,37989,21,0.06,2026-08-31 16:33:58.859 +0300
2026-07-11,CAUSE_MIX,pd_mismatch,SA,Total,37989,1,0.00,2026-08-31 16:33:58.859 +0300
2026-07-11,CAUSE_MIX,pickup_mismatch,SA,Total,37989,2,0.01,2026-08-31 16:33:58.859 +0300
2026-07-11,CAUSE_MIX,previous_wallet_balance,SA,Total,37989,5507,14.50,2026-08-31 16:33:58.859 +0300
2026-07-11,CAUSE_MIX,surcharge_mismatch,SA,Total,37989,666,1.75,2026-08-31 16:33:58.859 +0300
2026-07-11,CAUSE_MIX,surge_mismatch,SA,Total,37989,17,0.04,2026-08-31 16:33:58.859 +0300
2026-07-11,CAUSE_MIX,waiting_time,SA,Total,37989,18369,48.35,2026-08-31 16:33:58.859 +0300
2026-07-11,CAUSE_MIX,withinA_at_dest,SA,Total,37989,2761,7.27,2026-08-31 16:33:58.859 +0300
2026-07-11,CAUSE_MIX,withinA_not_dest,SA,Total,37989,1557,4.10,2026-08-31 16:33:58.859 +0300
2026-07-11,CAUSE_MIX,withinB_at_dest,SA,Total,37989,6757,17.79,2026-08-31 16:33:58.859 +0300
2026-07-11,CAUSE_MIX,withinB_not_dest,SA,Total,37989,2331,6.14,2026-08-31 16:33:58.859 +0300
2026-07-11,CHANNEL,cumulative_price_shocks_net,SA,DMM,4956,1716,34.62,2026-08-31 16:33:58.859 +0300
2026-07-11,CHANNEL,cumulative_price_shocks_net,SA,JED,26701,9996,37.44,2026-08-31 16:33:58.859 +0300
2026-07-11,CHANNEL,cumulative_price_shocks_net,SA,MAD,9639,3526,36.58,2026-08-31 16:33:58.859 +0300
2026-07-11,CHANNEL,cumulative_price_shocks_net,SA,MEC,4744,1968,41.48,2026-08-31 16:33:58.859 +0300
2026-07-11,CHANNEL,cumulative_price_shocks_net,SA,Others,10440,3965,37.98,2026-08-31 16:33:58.859 +0300
2026-07-11,CHANNEL,cumulative_price_shocks_net,SA,RUH,32579,11165,34.27,2026-08-31 16:33:58.859 +0300
2026-07-11,CHANNEL,cumulative_price_shocks_net,SA,Total,89059,32336,36.31,2026-08-31 16:33:58.859 +0300
2026-07-11,CHANNEL,pd_mismatch,SA,DMM,4956,0,0.00,2026-08-31 16:33:58.859 +0300
2026-07-11,CHANNEL,pd_mismatch,SA,JED,26701,0,0.00,2026-08-31 16:33:58.859 +0300
2026-07-11,CHANNEL,pd_mismatch,SA,MAD,9639,0,0.00,2026-08-31 16:33:58.859 +0300
2026-07-11,CHANNEL,pd_mismatch,SA,MEC,4744,0,0.00,2026-08-31 16:33:58.859 +0300
2026-07-11,CHANNEL,pd_mismatch,SA,Others,10440,2,0.02,2026-08-31 16:33:58.859 +0300
2026-07-11,CHANNEL,pd_mismatch,SA,RUH,32579,0,0.00,2026-08-31 16:33:58.859 +0300
2026-07-11,CHANNEL,pd_mismatch,SA,Total,89059,2,0.00,2026-08-31 16:33:58.859 +0300
2026-07-11,CHANNEL,pickup_mismatch,SA,DMM,4956,0,0.00,2026-08-31 16:33:58.859 +0300
2026-07-11,CHANNEL,pickup_mismatch,SA,JED,26701,2,0.01,2026-08-31 16:33:58.859 +0300
2026-07-11,CHANNEL,pickup_mismatch,SA,MAD,9639,0,0.00,2026-08-31 16:33:58.859 +0300
2026-07-11,CHANNEL,pickup_mismatch,SA,MEC,4744,1,0.02,2026-08-31 16:33:58.859 +0300
2026-07-11,CHANNEL,pickup_mismatch,SA,Others,10440,0,0.00,2026-08-31 16:33:58.859 +0300
2026-07-11,CHANNEL,pickup_mismatch,SA,RUH,32579,1,0.00,2026-08-31 16:33:58.859 +0300
2026-07-11,CHANNEL,pickup_mismatch,SA,Total,89059,4,0.00,2026-08-31 16:33:58.859 +0300
2026-07-11,CHANNEL,residual_fare_increase_net,SA,DMM,4956,833,16.81,2026-08-31 16:33:58.859 +0300
2026-07-11,CHANNEL,residual_fare_increase_net,SA,JED,26701,4609,17.26,2026-08-31 16:33:58.859 +0300
2026-07-11,CHANNEL,residual_fare_increase_net,SA,MAD,9639,1784,18.51,2026-08-31 16:33:58.859 +0300
2026-07-11,CHANNEL,residual_fare_increase_net,SA,MEC,4744,881,18.57,2026-08-31 16:33:58.859 +0300
2026-07-11,CHANNEL,residual_fare_increase_net,SA,Others,10440,2135,20.45,2026-08-31 16:33:58.859 +0300
2026-07-11,CHANNEL,residual_fare_increase_net,SA,RUH,32579,5440,16.70,2026-08-31 16:33:58.859 +0300
2026-07-11,CHANNEL,residual_fare_increase_net,SA,Total,89059,15682,17.61,2026-08-31 16:33:58.859 +0300
2026-07-11,CHANNEL,rounding_error,SA,DMM,4956,94,1.90,2026-08-31 16:33:58.859 +0300
2026-07-11,CHANNEL,rounding_error,SA,JED,26701,751,2.81,2026-08-31 16:33:58.859 +0300
2026-07-11,CHANNEL,rounding_error,SA,MAD,9639,266,2.76,2026-08-31 16:33:58.859 +0300
2026-07-11,CHANNEL,rounding_error,SA,MEC,4744,85,1.79,2026-08-31 16:33:58.859 +0300
2026-07-11,CHANNEL,rounding_error,SA,Others,10440,187,1.79,2026-08-31 16:33:58.859 +0300
2026-07-11,CHANNEL,rounding_error,SA,RUH,32579,805,2.47,2026-08-31 16:33:58.859 +0300
2026-07-11,CHANNEL,rounding_error,SA,Total,89059,2188,2.46,2026-08-31 16:33:58.859 +0300
2026-07-11,CHANNEL,spillover_recovery,SA,DMM,4956,262,5.29,2026-08-31 16:33:58.859 +0300
2026-07-11,CHANNEL,spillover_recovery,SA,JED,26701,2158,8.08,2026-08-31 16:33:58.859 +0300
2026-07-11,CHANNEL,spillover_recovery,SA,MAD,9639,639,6.63,2026-08-31 16:33:58.859 +0300
2026-07-11,CHANNEL,spillover_recovery,SA,MEC,4744,291,6.13,2026-08-31 16:33:58.859 +0300
2026-07-11,CHANNEL,spillover_recovery,SA,Others,10440,448,4.29,2026-08-31 16:33:58.859 +0300
2026-07-11,CHANNEL,spillover_recovery,SA,RUH,32579,2276,6.99,2026-08-31 16:33:58.859 +0300
2026-07-11,CHANNEL,spillover_recovery,SA,Total,89059,6074,6.82,2026-08-31 16:33:58.859 +0300
2026-07-11,CHANNEL,surcharge_mismatch,SA,DMM,4956,80,1.61,2026-08-31 16:33:58.859 +0300
2026-07-11,CHANNEL,surcharge_mismatch,SA,JED,26701,707,2.65,2026-08-31 16:33:58.859 +0300
2026-07-11,CHANNEL,surcharge_mismatch,SA,MAD,9639,151,1.57,2026-08-31 16:33:58.859 +0300
2026-07-11,CHANNEL,surcharge_mismatch,SA,MEC,4744,31,0.65,2026-08-31 16:33:58.859 +0300
2026-07-11,CHANNEL,surcharge_mismatch,SA,Others,10440,230,2.20,2026-08-31 16:33:58.859 +0300
2026-07-11,CHANNEL,surcharge_mismatch,SA,RUH,32579,542,1.66,2026-08-31 16:33:58.859 +0300
2026-07-11,CHANNEL,surcharge_mismatch,SA,Total,89059,1741,1.95,2026-08-31 16:33:58.859 +0300
2026-07-11,CHANNEL,surge_mismatch,SA,DMM,4956,0,0.00,2026-08-31 16:33:58.859 +0300
2026-07-11,CHANNEL,surge_mismatch,SA,JED,26701,7,0.03,2026-08-31 16:33:58.859 +0300
2026-07-11,CHANNEL,surge_mismatch,SA,MAD,9639,7,0.07,2026-08-31 16:33:58.859 +0300
2026-07-11,CHANNEL,surge_mismatch,SA,MEC,4744,3,0.06,2026-08-31 16:33:58.859 +0300
2026-07-11,CHANNEL,surge_mismatch,SA,Others,10440,0,0.00,2026-08-31 16:33:58.859 +0300
2026-07-11,CHANNEL,surge_mismatch,SA,RUH,32579,12,0.04,2026-08-31 16:33:58.859 +0300
2026-07-11,CHANNEL,surge_mismatch,SA,Total,89059,29,0.03,2026-08-31 16:33:58.859 +0300
2026-07-11,SCENARIO,beyondB,SA,DMM,4956,1,0.02,2026-08-31 16:33:58.859 +0300
2026-07-11,SCENARIO,beyondB,SA,JED,26701,5,0.02,2026-08-31 16:33:58.859 +0300
2026-07-11,SCENARIO,beyondB,SA,MAD,9639,1,0.01,2026-08-31 16:33:58.859 +0300
2026-07-11,SCENARIO,beyondB,SA,MEC,4744,2,0.04,2026-08-31 16:33:58.859 +0300
2026-07-11,SCENARIO,beyondB,SA,Others,10440,5,0.05,2026-08-31 16:33:58.859 +0300
2026-07-11,SCENARIO,beyondB,SA,RUH,32579,13,0.04,2026-08-31 16:33:58.859 +0300
2026-07-11,SCENARIO,beyondB,SA,Total,89059,27,0.03,2026-08-31 16:33:58.859 +0300
2026-07-11,SCENARIO,withinA_at_dest,SA,DMM,4956,899,18.14,2026-08-31 16:33:58.859 +0300
2026-07-11,SCENARIO,withinA_at_dest,SA,JED,26701,5537,20.74,2026-08-31 16:33:58.859 +0300
2026-07-11,SCENARIO,withinA_at_dest,SA,MAD,9639,1790,18.57,2026-08-31 16:33:58.859 +0300
2026-07-11,SCENARIO,withinA_at_dest,SA,MEC,4744,1089,22.96,2026-08-31 16:33:58.859 +0300
2026-07-11,SCENARIO,withinA_at_dest,SA,Others,10440,1842,17.64,2026-08-31 16:33:58.859 +0300
2026-07-11,SCENARIO,withinA_at_dest,SA,RUH,32579,5982,18.36,2026-08-31 16:33:58.859 +0300
2026-07-11,SCENARIO,withinA_at_dest,SA,Total,89059,17139,19.24,2026-08-31 16:33:58.859 +0300
2026-07-11,SCENARIO,withinA_not_dest,SA,DMM,4956,164,3.31,2026-08-31 16:33:58.859 +0300
2026-07-11,SCENARIO,withinA_not_dest,SA,JED,26701,605,2.27,2026-08-31 16:33:58.859 +0300
2026-07-11,SCENARIO,withinA_not_dest,SA,MAD,9639,410,4.25,2026-08-31 16:33:58.859 +0300
2026-07-11,SCENARIO,withinA_not_dest,SA,MEC,4744,163,3.44,2026-08-31 16:33:58.859 +0300
2026-07-11,SCENARIO,withinA_not_dest,SA,Others,10440,381,3.65,2026-08-31 16:33:58.859 +0300
2026-07-11,SCENARIO,withinA_not_dest,SA,RUH,32579,810,2.49,2026-08-31 16:33:58.859 +0300
2026-07-11,SCENARIO,withinA_not_dest,SA,Total,89059,2533,2.84,2026-08-31 16:33:58.859 +0300
2026-07-11,SCENARIO,withinB_at_dest,SA,DMM,4956,489,9.87,2026-08-31 16:33:58.859 +0300
2026-07-11,SCENARIO,withinB_at_dest,SA,JED,26701,2937,11.00,2026-08-31 16:33:58.859 +0300
2026-07-11,SCENARIO,withinB_at_dest,SA,MAD,9639,983,10.20,2026-08-31 16:33:58.859 +0300
2026-07-11,SCENARIO,withinB_at_dest,SA,MEC,4744,513,10.81,2026-08-31 16:33:58.859 +0300
2026-07-11,SCENARIO,withinB_at_dest,SA,Others,10440,1137,10.89,2026-08-31 16:33:58.859 +0300
2026-07-11,SCENARIO,withinB_at_dest,SA,RUH,32579,3109,9.54,2026-08-31 16:33:58.859 +0300
2026-07-11,SCENARIO,withinB_at_dest,SA,Total,89059,9168,10.29,2026-08-31 16:33:58.859 +0300
2026-07-11,SCENARIO,withinB_not_dest,SA,DMM,4956,163,3.29,2026-08-31 16:33:58.859 +0300
2026-07-11,SCENARIO,withinB_not_dest,SA,JED,26701,912,3.42,2026-08-31 16:33:58.859 +0300
2026-07-11,SCENARIO,withinB_not_dest,SA,MAD,9639,342,3.55,2026-08-31 16:33:58.859 +0300
2026-07-11,SCENARIO,withinB_not_dest,SA,MEC,4744,201,4.24,2026-08-31 16:33:58.859 +0300
2026-07-11,SCENARIO,withinB_not_dest,SA,Others,10440,600,5.75,2026-08-31 16:33:58.859 +0300
2026-07-11,SCENARIO,withinB_not_dest,SA,RUH,32579,1251,3.84,2026-08-31 16:33:58.859 +0300
2026-07-11,SCENARIO,withinB_not_dest,SA,Total,89059,3469,3.90,2026-08-31 16:33:58.859 +0300
2026-07-12,CAUSE_MIX,beyondB,JO,Total,21620,67,0.31,2026-08-31 16:33:58.859 +0300
2026-07-12,CAUSE_MIX,previous_wallet_balance,JO,Total,21620,1172,5.42,2026-08-31 16:33:58.859 +0300
2026-07-12,CAUSE_MIX,surcharge_mismatch,JO,Total,21620,12,0.06,2026-08-31 16:33:58.859 +0300
2026-07-12,CAUSE_MIX,surge_mismatch,JO,Total,21620,4,0.02,2026-08-31 16:33:58.859 +0300
2026-07-12,CAUSE_MIX,waiting_time,JO,Total,21620,8687,40.18,2026-08-31 16:33:58.859 +0300
2026-07-12,CAUSE_MIX,withinA_at_dest,JO,Total,21620,941,4.35,2026-08-31 16:33:58.859 +0300
2026-07-12,CAUSE_MIX,withinA_not_dest,JO,Total,21620,2694,12.46,2026-08-31 16:33:58.859 +0300
2026-07-12,CAUSE_MIX,withinB_at_dest,JO,Total,21620,5902,27.30,2026-08-31 16:33:58.859 +0300
2026-07-12,CAUSE_MIX,withinB_not_dest,JO,Total,21620,2141,9.90,2026-08-31 16:33:58.859 +0300
2026-07-12,CHANNEL,cumulative_price_shocks_net,JO,AMM,51247,12585,24.56,2026-08-31 16:33:58.859 +0300
2026-07-12,CHANNEL,cumulative_price_shocks_net,JO,IRB,13868,3815,27.51,2026-08-31 16:33:58.859 +0300
2026-07-12,CHANNEL,cumulative_price_shocks_net,JO,Others,1866,435,23.31,2026-08-31 16:33:58.859 +0300
2026-07-12,CHANNEL,cumulative_price_shocks_net,JO,Total,83717,20448,24.43,2026-08-31 16:33:58.859 +0300
2026-07-12,CHANNEL,cumulative_price_shocks_net,JO,ZRQ,16736,3613,21.59,2026-08-31 16:33:58.859 +0300
2026-07-12,CHANNEL,pd_mismatch,JO,AMM,51247,0,0.00,2026-08-31 16:33:58.859 +0300
2026-07-12,CHANNEL,pd_mismatch,JO,IRB,13868,0,0.00,2026-08-31 16:33:58.859 +0300
2026-07-12,CHANNEL,pd_mismatch,JO,Others,1866,1,0.05,2026-08-31 16:33:58.859 +0300
2026-07-12,CHANNEL,pd_mismatch,JO,Total,83717,2,0.00,2026-08-31 16:33:58.859 +0300
2026-07-12,CHANNEL,pd_mismatch,JO,ZRQ,16736,1,0.01,2026-08-31 16:33:58.859 +0300
2026-07-12,CHANNEL,pickup_mismatch,JO,AMM,51247,0,0.00,2026-08-31 16:33:58.859 +0300
2026-07-12,CHANNEL,pickup_mismatch,JO,IRB,13868,0,0.00,2026-08-31 16:33:58.859 +0300
2026-07-12,CHANNEL,pickup_mismatch,JO,Others,1866,0,0.00,2026-08-31 16:33:58.859 +0300
2026-07-12,CHANNEL,pickup_mismatch,JO,Total,83717,0,0.00,2026-08-31 16:33:58.859 +0300
2026-07-12,CHANNEL,pickup_mismatch,JO,ZRQ,16736,0,0.00,2026-08-31 16:33:58.859 +0300
2026-07-12,CHANNEL,residual_fare_increase_net,JO,AMM,51247,7783,15.19,2026-08-31 16:33:58.859 +0300
2026-07-12,CHANNEL,residual_fare_increase_net,JO,IRB,13868,2538,18.30,2026-08-31 16:33:58.859 +0300
2026-07-12,CHANNEL,residual_fare_increase_net,JO,Others,1866,250,13.40,2026-08-31 16:33:58.859 +0300
2026-07-12,CHANNEL,residual_fare_increase_net,JO,Total,83717,12608,15.06,2026-08-31 16:33:58.859 +0300
2026-07-12,CHANNEL,residual_fare_increase_net,JO,ZRQ,16736,2037,12.17,2026-08-31 16:33:58.859 +0300
2026-07-12,CHANNEL,rounding_error,JO,AMM,51247,602,1.17,2026-08-31 16:33:58.859 +0300
2026-07-12,CHANNEL,rounding_error,JO,IRB,13868,141,1.02,2026-08-31 16:33:58.859 +0300
2026-07-12,CHANNEL,rounding_error,JO,Others,1866,20,1.07,2026-08-31 16:33:58.859 +0300
2026-07-12,CHANNEL,rounding_error,JO,Total,83717,934,1.12,2026-08-31 16:33:58.859 +0300
2026-07-12,CHANNEL,rounding_error,JO,ZRQ,16736,171,1.02,2026-08-31 16:33:58.859 +0300
2026-07-12,CHANNEL,spillover_recovery,JO,AMM,51247,1055,2.06,2026-08-31 16:33:58.859 +0300
2026-07-12,CHANNEL,spillover_recovery,JO,IRB,13868,141,1.02,2026-08-31 16:33:58.859 +0300
2026-07-12,CHANNEL,spillover_recovery,JO,Others,1866,13,0.70,2026-08-31 16:33:58.859 +0300
2026-07-12,CHANNEL,spillover_recovery,JO,Total,83717,1270,1.52,2026-08-31 16:33:58.859 +0300
2026-07-12,CHANNEL,spillover_recovery,JO,ZRQ,16736,61,0.36,2026-08-31 16:33:58.859 +0300
2026-07-12,CHANNEL,surcharge_mismatch,JO,AMM,51247,9,0.02,2026-08-31 16:33:58.859 +0300
2026-07-12,CHANNEL,surcharge_mismatch,JO,IRB,13868,0,0.00,2026-08-31 16:33:58.859 +0300
2026-07-12,CHANNEL,surcharge_mismatch,JO,Others,1866,1,0.05,2026-08-31 16:33:58.859 +0300
2026-07-12,CHANNEL,surcharge_mismatch,JO,Total,83717,19,0.02,2026-08-31 16:33:58.859 +0300
2026-07-12,CHANNEL,surcharge_mismatch,JO,ZRQ,16736,9,0.05,2026-08-31 16:33:58.859 +0300
2026-07-12,CHANNEL,surge_mismatch,JO,AMM,51247,6,0.01,2026-08-31 16:33:58.859 +0300
2026-07-12,CHANNEL,surge_mismatch,JO,IRB,13868,0,0.00,2026-08-31 16:33:58.859 +0300
2026-07-12,CHANNEL,surge_mismatch,JO,Others,1866,0,0.00,2026-08-31 16:33:58.859 +0300
2026-07-12,CHANNEL,surge_mismatch,JO,Total,83717,6,0.01,2026-08-31 16:33:58.859 +0300
2026-07-12,CHANNEL,surge_mismatch,JO,ZRQ,16736,0,0.00,2026-08-31 16:33:58.859 +0300
2026-07-12,SCENARIO,beyondB,JO,AMM,51247,53,0.10,2026-08-31 16:33:58.859 +0300
2026-07-12,SCENARIO,beyondB,JO,IRB,13868,9,0.06,2026-08-31 16:33:58.859 +0300
2026-07-12,SCENARIO,beyondB,JO,Others,1866,0,0.00,2026-08-31 16:33:58.859 +0300
2026-07-12,SCENARIO,beyondB,JO,Total,83717,71,0.08,2026-08-31 16:33:58.859 +0300
2026-07-12,SCENARIO,beyondB,JO,ZRQ,16736,9,0.05,2026-08-31 16:33:58.859 +0300
2026-07-12,SCENARIO,withinA_at_dest,JO,AMM,51247,4722,9.21,2026-08-31 16:33:58.859 +0300
2026-07-12,SCENARIO,withinA_at_dest,JO,IRB,13868,1203,8.67,2026-08-31 16:33:58.859 +0300
2026-07-12,SCENARIO,withinA_at_dest,JO,Others,1866,172,9.22,2026-08-31 16:33:58.859 +0300
2026-07-12,SCENARIO,withinA_at_dest,JO,Total,83717,7620,9.10,2026-08-31 16:33:58.859 +0300
2026-07-12,SCENARIO,withinA_at_dest,JO,ZRQ,16736,1523,9.10,2026-08-31 16:33:58.859 +0300
2026-07-12,SCENARIO,withinA_not_dest,JO,AMM,51247,1533,2.99,2026-08-31 16:33:58.859 +0300
2026-07-12,SCENARIO,withinA_not_dest,JO,IRB,13868,1068,7.70,2026-08-31 16:33:58.859 +0300
2026-07-12,SCENARIO,withinA_not_dest,JO,Others,1866,63,3.38,2026-08-31 16:33:58.859 +0300
2026-07-12,SCENARIO,withinA_not_dest,JO,Total,83717,3353,4.01,2026-08-31 16:33:58.859 +0300
2026-07-12,SCENARIO,withinA_not_dest,JO,ZRQ,16736,689,4.12,2026-08-31 16:33:58.859 +0300
2026-07-12,SCENARIO,withinB_at_dest,JO,AMM,51247,4800,9.37,2026-08-31 16:33:58.859 +0300
2026-07-12,SCENARIO,withinB_at_dest,JO,IRB,13868,903,6.51,2026-08-31 16:33:58.859 +0300
2026-07-12,SCENARIO,withinB_at_dest,JO,Others,1866,126,6.75,2026-08-31 16:33:58.859 +0300
2026-07-12,SCENARIO,withinB_at_dest,JO,Total,83717,6791,8.11,2026-08-31 16:33:58.859 +0300
2026-07-12,SCENARIO,withinB_at_dest,JO,ZRQ,16736,962,5.75,2026-08-31 16:33:58.859 +0300
2026-07-12,SCENARIO,withinB_not_dest,JO,AMM,51247,1477,2.88,2026-08-31 16:33:58.859 +0300
2026-07-12,SCENARIO,withinB_not_dest,JO,IRB,13868,632,4.56,2026-08-31 16:33:58.859 +0300
2026-07-12,SCENARIO,withinB_not_dest,JO,Others,1866,74,3.97,2026-08-31 16:33:58.859 +0300
2026-07-12,SCENARIO,withinB_not_dest,JO,Total,83717,2613,3.12,2026-08-31 16:33:58.859 +0300
2026-07-12,SCENARIO,withinB_not_dest,JO,ZRQ,16736,430,2.57,2026-08-31 16:33:58.859 +0300
2026-07-12,CAUSE_MIX,beyondB,SA,Total,42569,24,0.06,2026-08-31 16:33:58.859 +0300
2026-07-12,CAUSE_MIX,pickup_mismatch,SA,Total,42569,2,0.00,2026-08-31 16:33:58.859 +0300
2026-07-12,CAUSE_MIX,previous_wallet_balance,SA,Total,42569,6918,16.25,2026-08-31 16:33:58.859 +0300
2026-07-12,CAUSE_MIX,surcharge_mismatch,SA,Total,42569,699,1.64,2026-08-31 16:33:58.859 +0300
2026-07-12,CAUSE_MIX,surge_mismatch,SA,Total,42569,14,0.03,2026-08-31 16:33:58.859 +0300
2026-07-12,CAUSE_MIX,waiting_time,SA,Total,42569,20214,47.49,2026-08-31 16:33:58.859 +0300
2026-07-12,CAUSE_MIX,withinA_at_dest,SA,Total,42569,3114,7.32,2026-08-31 16:33:58.859 +0300
2026-07-12,CAUSE_MIX,withinA_not_dest,SA,Total,42569,1741,4.09,2026-08-31 16:33:58.859 +0300
2026-07-12,CAUSE_MIX,withinB_at_dest,SA,Total,42569,7354,17.28,2026-08-31 16:33:58.859 +0300
2026-07-12,CAUSE_MIX,withinB_not_dest,SA,Total,42569,2489,5.85,2026-08-31 16:33:58.859 +0300
2026-07-12,CHANNEL,cumulative_price_shocks_net,SA,DMM,6144,2005,32.63,2026-08-31 16:33:58.859 +0300
2026-07-12,CHANNEL,cumulative_price_shocks_net,SA,JED,29659,10587,35.70,2026-08-31 16:33:58.859 +0300
2026-07-12,CHANNEL,cumulative_price_shocks_net,SA,MAD,10373,3654,35.23,2026-08-31 16:33:58.859 +0300
2026-07-12,CHANNEL,cumulative_price_shocks_net,SA,MEC,5353,2021,37.75,2026-08-31 16:33:58.859 +0300
2026-07-12,CHANNEL,cumulative_price_shocks_net,SA,Others,11695,4396,37.59,2026-08-31 16:33:58.859 +0300
2026-07-12,CHANNEL,cumulative_price_shocks_net,SA,RUH,39794,12811,32.19,2026-08-31 16:33:58.859 +0300
2026-07-12,CHANNEL,cumulative_price_shocks_net,SA,Total,103018,35474,34.43,2026-08-31 16:33:58.859 +0300
2026-07-12,CHANNEL,pd_mismatch,SA,DMM,6144,0,0.00,2026-08-31 16:33:58.859 +0300
2026-07-12,CHANNEL,pd_mismatch,SA,JED,29659,0,0.00,2026-08-31 16:33:58.859 +0300
2026-07-12,CHANNEL,pd_mismatch,SA,MAD,10373,0,0.00,2026-08-31 16:33:58.859 +0300
2026-07-12,CHANNEL,pd_mismatch,SA,MEC,5353,1,0.02,2026-08-31 16:33:58.859 +0300
2026-07-12,CHANNEL,pd_mismatch,SA,Others,11695,0,0.00,2026-08-31 16:33:58.859 +0300
2026-07-12,CHANNEL,pd_mismatch,SA,RUH,39794,1,0.00,2026-08-31 16:33:58.859 +0300
2026-07-12,CHANNEL,pd_mismatch,SA,Total,103018,2,0.00,2026-08-31 16:33:58.859 +0300
2026-07-12,CHANNEL,pickup_mismatch,SA,DMM,6144,0,0.00,2026-08-31 16:33:58.859 +0300
2026-07-12,CHANNEL,pickup_mismatch,SA,JED,29659,2,0.01,2026-08-31 16:33:58.859 +0300
2026-07-12,CHANNEL,pickup_mismatch,SA,MAD,10373,0,0.00,2026-08-31 16:33:58.859 +0300
2026-07-12,CHANNEL,pickup_mismatch,SA,MEC,5353,1,0.02,2026-08-31 16:33:58.859 +0300
2026-07-12,CHANNEL,pickup_mismatch,SA,Others,11695,1,0.01,2026-08-31 16:33:58.859 +0300
2026-07-12,CHANNEL,pickup_mismatch,SA,RUH,39794,1,0.00,2026-08-31 16:33:58.859 +0300
2026-07-12,CHANNEL,pickup_mismatch,SA,Total,103018,5,0.00,2026-08-31 16:33:58.859 +0300
2026-07-12,CHANNEL,residual_fare_increase_net,SA,DMM,6144,977,15.90,2026-08-31 16:33:58.859 +0300
2026-07-12,CHANNEL,residual_fare_increase_net,SA,JED,29659,4831,16.29,2026-08-31 16:33:58.859 +0300
2026-07-12,CHANNEL,residual_fare_increase_net,SA,MAD,10373,1843,17.77,2026-08-31 16:33:58.859 +0300
2026-07-12,CHANNEL,residual_fare_increase_net,SA,MEC,5353,881,16.46,2026-08-31 16:33:58.859 +0300
2026-07-12,CHANNEL,residual_fare_increase_net,SA,Others,11695,2210,18.90,2026-08-31 16:33:58.859 +0300
2026-07-12,CHANNEL,residual_fare_increase_net,SA,RUH,39794,6239,15.68,2026-08-31 16:33:58.859 +0300
2026-07-12,CHANNEL,residual_fare_increase_net,SA,Total,103018,16981,16.48,2026-08-31 16:33:58.859 +0300
2026-07-12,CHANNEL,rounding_error,SA,DMM,6144,125,2.03,2026-08-31 16:33:58.859 +0300
2026-07-12,CHANNEL,rounding_error,SA,JED,29659,798,2.69,2026-08-31 16:33:58.859 +0300
2026-07-12,CHANNEL,rounding_error,SA,MAD,10373,310,2.99,2026-08-31 16:33:58.859 +0300
2026-07-12,CHANNEL,rounding_error,SA,MEC,5353,113,2.11,2026-08-31 16:33:58.859 +0300
2026-07-12,CHANNEL,rounding_error,SA,Others,11695,223,1.91,2026-08-31 16:33:58.859 +0300
2026-07-12,CHANNEL,rounding_error,SA,RUH,39794,915,2.30,2026-08-31 16:33:58.859 +0300
2026-07-12,CHANNEL,rounding_error,SA,Total,103018,2484,2.41,2026-08-31 16:33:58.859 +0300
2026-07-12,CHANNEL,spillover_recovery,SA,DMM,6144,316,5.14,2026-08-31 16:33:58.859 +0300
2026-07-12,CHANNEL,spillover_recovery,SA,JED,29659,2609,8.80,2026-08-31 16:33:58.859 +0300
2026-07-12,CHANNEL,spillover_recovery,SA,MAD,10373,625,6.03,2026-08-31 16:33:58.859 +0300
2026-07-12,CHANNEL,spillover_recovery,SA,MEC,5353,387,7.23,2026-08-31 16:33:58.859 +0300
2026-07-12,CHANNEL,spillover_recovery,SA,Others,11695,542,4.63,2026-08-31 16:33:58.859 +0300
2026-07-12,CHANNEL,spillover_recovery,SA,RUH,39794,3126,7.86,2026-08-31 16:33:58.859 +0300
2026-07-12,CHANNEL,spillover_recovery,SA,Total,103018,7605,7.38,2026-08-31 16:33:58.859 +0300
2026-07-12,CHANNEL,surcharge_mismatch,SA,DMM,6144,104,1.69,2026-08-31 16:33:58.859 +0300
2026-07-12,CHANNEL,surcharge_mismatch,SA,JED,29659,719,2.42,2026-08-31 16:33:58.859 +0300
2026-07-12,CHANNEL,surcharge_mismatch,SA,MAD,10373,155,1.49,2026-08-31 16:33:58.859 +0300
2026-07-12,CHANNEL,surcharge_mismatch,SA,MEC,5353,53,0.99,2026-08-31 16:33:58.859 +0300
2026-07-12,CHANNEL,surcharge_mismatch,SA,Others,11695,209,1.79,2026-08-31 16:33:58.859 +0300
2026-07-12,CHANNEL,surcharge_mismatch,SA,RUH,39794,574,1.44,2026-08-31 16:33:58.859 +0300
2026-07-12,CHANNEL,surcharge_mismatch,SA,Total,103018,1814,1.76,2026-08-31 16:33:58.859 +0300
2026-07-12,CHANNEL,surge_mismatch,SA,DMM,6144,2,0.03,2026-08-31 16:33:58.859 +0300
2026-07-12,CHANNEL,surge_mismatch,SA,JED,29659,4,0.01,2026-08-31 16:33:58.859 +0300
2026-07-12,CHANNEL,surge_mismatch,SA,MAD,10373,7,0.07,2026-08-31 16:33:58.859 +0300
2026-07-12,CHANNEL,surge_mismatch,SA,MEC,5353,3,0.06,2026-08-31 16:33:58.859 +0300
2026-07-12,CHANNEL,surge_mismatch,SA,Others,11695,0,0.00,2026-08-31 16:33:58.859 +0300
2026-07-12,CHANNEL,surge_mismatch,SA,RUH,39794,10,0.03,2026-08-31 16:33:58.859 +0300
2026-07-12,CHANNEL,surge_mismatch,SA,Total,103018,26,0.03,2026-08-31 16:33:58.859 +0300
2026-07-12,SCENARIO,beyondB,SA,DMM,6144,5,0.08,2026-08-31 16:33:58.859 +0300
2026-07-12,SCENARIO,beyondB,SA,JED,29659,10,0.03,2026-08-31 16:33:58.859 +0300
2026-07-12,SCENARIO,beyondB,SA,MAD,10373,0,0.00,2026-08-31 16:33:58.859 +0300
2026-07-12,SCENARIO,beyondB,SA,MEC,5353,2,0.04,2026-08-31 16:33:58.859 +0300
2026-07-12,SCENARIO,beyondB,SA,Others,11695,3,0.03,2026-08-31 16:33:58.859 +0300
2026-07-12,SCENARIO,beyondB,SA,RUH,39794,14,0.04,2026-08-31 16:33:58.859 +0300
2026-07-12,SCENARIO,beyondB,SA,Total,103018,34,0.03,2026-08-31 16:33:58.859 +0300
2026-07-12,SCENARIO,withinA_at_dest,SA,DMM,6144,1053,17.14,2026-08-31 16:33:58.859 +0300
2026-07-12,SCENARIO,withinA_at_dest,SA,JED,29659,5937,20.02,2026-08-31 16:33:58.859 +0300
2026-07-12,SCENARIO,withinA_at_dest,SA,MAD,10373,1894,18.26,2026-08-31 16:33:58.859 +0300
2026-07-12,SCENARIO,withinA_at_dest,SA,MEC,5353,1136,21.22,2026-08-31 16:33:58.859 +0300
2026-07-12,SCENARIO,withinA_at_dest,SA,Others,11695,2185,18.68,2026-08-31 16:33:58.859 +0300
2026-07-12,SCENARIO,withinA_at_dest,SA,RUH,39794,6998,17.59,2026-08-31 16:33:58.859 +0300
2026-07-12,SCENARIO,withinA_at_dest,SA,Total,103018,19203,18.64,2026-08-31 16:33:58.859 +0300
2026-07-12,SCENARIO,withinA_not_dest,SA,DMM,6144,175,2.85,2026-08-31 16:33:58.859 +0300
2026-07-12,SCENARIO,withinA_not_dest,SA,JED,29659,646,2.18,2026-08-31 16:33:58.859 +0300
2026-07-12,SCENARIO,withinA_not_dest,SA,MAD,10373,426,4.11,2026-08-31 16:33:58.859 +0300
2026-07-12,SCENARIO,withinA_not_dest,SA,MEC,5353,149,2.78,2026-08-31 16:33:58.859 +0300
2026-07-12,SCENARIO,withinA_not_dest,SA,Others,11695,429,3.67,2026-08-31 16:33:58.859 +0300
2026-07-12,SCENARIO,withinA_not_dest,SA,RUH,39794,929,2.33,2026-08-31 16:33:58.859 +0300
2026-07-12,SCENARIO,withinA_not_dest,SA,Total,103018,2754,2.67,2026-08-31 16:33:58.859 +0300
2026-07-12,SCENARIO,withinB_at_dest,SA,DMM,6144,574,9.34,2026-08-31 16:33:58.859 +0300
2026-07-12,SCENARIO,withinB_at_dest,SA,JED,29659,3128,10.55,2026-08-31 16:33:58.859 +0300
2026-07-12,SCENARIO,withinB_at_dest,SA,MAD,10373,936,9.02,2026-08-31 16:33:58.859 +0300
2026-07-12,SCENARIO,withinB_at_dest,SA,MEC,5353,517,9.66,2026-08-31 16:33:58.859 +0300
2026-07-12,SCENARIO,withinB_at_dest,SA,Others,11695,1114,9.53,2026-08-31 16:33:58.859 +0300
2026-07-12,SCENARIO,withinB_at_dest,SA,RUH,39794,3687,9.27,2026-08-31 16:33:58.859 +0300
2026-07-12,SCENARIO,withinB_at_dest,SA,Total,103018,9956,9.66,2026-08-31 16:33:58.859 +0300
2026-07-12,SCENARIO,withinB_not_dest,SA,DMM,6144,198,3.22,2026-08-31 16:33:58.859 +0300
2026-07-12,SCENARIO,withinB_not_dest,SA,JED,29659,866,2.92,2026-08-31 16:33:58.859 +0300
2026-07-12,SCENARIO,withinB_not_dest,SA,MAD,10373,398,3.84,2026-08-31 16:33:58.859 +0300
2026-07-12,SCENARIO,withinB_not_dest,SA,MEC,5353,217,4.05,2026-08-31 16:33:58.859 +0300
2026-07-12,SCENARIO,withinB_not_dest,SA,Others,11695,665,5.69,2026-08-31 16:33:58.859 +0300
2026-07-12,SCENARIO,withinB_not_dest,SA,RUH,39794,1183,2.97,2026-08-31 16:33:58.859 +0300
2026-07-12,SCENARIO,withinB_not_dest,SA,Total,103018,3527,3.42,2026-08-31 16:33:58.859 +0300
2026-07-13,CAUSE_MIX,beyondB,JO,Total,21940,39,0.18,2026-08-31 16:33:58.859 +0300
2026-07-13,CAUSE_MIX,pd_mismatch,JO,Total,21940,1,0.00,2026-08-31 16:33:58.859 +0300
2026-07-13,CAUSE_MIX,pickup_mismatch,JO,Total,21940,2,0.01,2026-08-31 16:33:58.859 +0300
2026-07-13,CAUSE_MIX,previous_wallet_balance,JO,Total,21940,1317,6.00,2026-08-31 16:33:58.859 +0300
2026-07-13,CAUSE_MIX,surcharge_mismatch,JO,Total,21940,15,0.07,2026-08-31 16:33:58.859 +0300
2026-07-13,CAUSE_MIX,surge_mismatch,JO,Total,21940,5,0.02,2026-08-31 16:33:58.859 +0300
2026-07-13,CAUSE_MIX,waiting_time,JO,Total,21940,8959,40.83,2026-08-31 16:33:58.859 +0300
2026-07-13,CAUSE_MIX,withinA_at_dest,JO,Total,21940,912,4.16,2026-08-31 16:33:58.859 +0300
2026-07-13,CAUSE_MIX,withinA_not_dest,JO,Total,21940,2438,11.11,2026-08-31 16:33:58.859 +0300
2026-07-13,CAUSE_MIX,withinB_at_dest,JO,Total,21940,6106,27.83,2026-08-31 16:33:58.859 +0300
2026-07-13,CAUSE_MIX,withinB_not_dest,JO,Total,21940,2146,9.78,2026-08-31 16:33:58.859 +0300
2026-07-13,CHANNEL,cumulative_price_shocks_net,JO,AMM,52297,13192,25.23,2026-08-31 16:33:58.859 +0300
2026-07-13,CHANNEL,cumulative_price_shocks_net,JO,IRB,13019,3525,27.08,2026-08-31 16:33:58.859 +0300
2026-07-13,CHANNEL,cumulative_price_shocks_net,JO,Others,1854,401,21.63,2026-08-31 16:33:58.859 +0300
2026-07-13,CHANNEL,cumulative_price_shocks_net,JO,Total,83639,20623,24.66,2026-08-31 16:33:58.859 +0300
2026-07-13,CHANNEL,cumulative_price_shocks_net,JO,ZRQ,16469,3505,21.28,2026-08-31 16:33:58.859 +0300
2026-07-13,CHANNEL,pd_mismatch,JO,AMM,52297,0,0.00,2026-08-31 16:33:58.859 +0300
2026-07-13,CHANNEL,pd_mismatch,JO,IRB,13019,1,0.01,2026-08-31 16:33:58.859 +0300
2026-07-13,CHANNEL,pd_mismatch,JO,Others,1854,0,0.00,2026-08-31 16:33:58.859 +0300
2026-07-13,CHANNEL,pd_mismatch,JO,Total,83639,1,0.00,2026-08-31 16:33:58.859 +0300
2026-07-13,CHANNEL,pd_mismatch,JO,ZRQ,16469,0,0.00,2026-08-31 16:33:58.859 +0300
2026-07-13,CHANNEL,pickup_mismatch,JO,AMM,52297,2,0.00,2026-08-31 16:33:58.859 +0300
2026-07-13,CHANNEL,pickup_mismatch,JO,IRB,13019,0,0.00,2026-08-31 16:33:58.859 +0300
2026-07-13,CHANNEL,pickup_mismatch,JO,Others,1854,0,0.00,2026-08-31 16:33:58.859 +0300
2026-07-13,CHANNEL,pickup_mismatch,JO,Total,83639,2,0.00,2026-08-31 16:33:58.859 +0300
2026-07-13,CHANNEL,pickup_mismatch,JO,ZRQ,16469,0,0.00,2026-08-31 16:33:58.859 +0300
2026-07-13,CHANNEL,residual_fare_increase_net,JO,AMM,52297,8274,15.82,2026-08-31 16:33:58.859 +0300
2026-07-13,CHANNEL,residual_fare_increase_net,JO,IRB,13019,2276,17.48,2026-08-31 16:33:58.859 +0300
2026-07-13,CHANNEL,residual_fare_increase_net,JO,Others,1854,226,12.19,2026-08-31 16:33:58.859 +0300
2026-07-13,CHANNEL,residual_fare_increase_net,JO,Total,83639,12683,15.16,2026-08-31 16:33:58.859 +0300
2026-07-13,CHANNEL,residual_fare_increase_net,JO,ZRQ,16469,1907,11.58,2026-08-31 16:33:58.859 +0300
2026-07-13,CHANNEL,rounding_error,JO,AMM,52297,562,1.07,2026-08-31 16:33:58.859 +0300
2026-07-13,CHANNEL,rounding_error,JO,IRB,13019,147,1.13,2026-08-31 16:33:58.859 +0300
2026-07-13,CHANNEL,rounding_error,JO,Others,1854,27,1.46,2026-08-31 16:33:58.859 +0300
2026-07-13,CHANNEL,rounding_error,JO,Total,83639,903,1.08,2026-08-31 16:33:58.859 +0300
2026-07-13,CHANNEL,rounding_error,JO,ZRQ,16469,167,1.01,2026-08-31 16:33:58.859 +0300
2026-07-13,CHANNEL,spillover_recovery,JO,AMM,52297,1191,2.28,2026-08-31 16:33:58.859 +0300
2026-07-13,CHANNEL,spillover_recovery,JO,IRB,13019,138,1.06,2026-08-31 16:33:58.859 +0300
2026-07-13,CHANNEL,spillover_recovery,JO,Others,1854,9,0.49,2026-08-31 16:33:58.859 +0300
2026-07-13,CHANNEL,spillover_recovery,JO,Total,83639,1406,1.68,2026-08-31 16:33:58.859 +0300
2026-07-13,CHANNEL,spillover_recovery,JO,ZRQ,16469,68,0.41,2026-08-31 16:33:58.859 +0300
2026-07-13,CHANNEL,surcharge_mismatch,JO,AMM,52297,13,0.02,2026-08-31 16:33:58.859 +0300
2026-07-13,CHANNEL,surcharge_mismatch,JO,IRB,13019,0,0.00,2026-08-31 16:33:58.859 +0300
2026-07-13,CHANNEL,surcharge_mismatch,JO,Others,1854,0,0.00,2026-08-31 16:33:58.859 +0300
2026-07-13,CHANNEL,surcharge_mismatch,JO,Total,83639,23,0.03,2026-08-31 16:33:58.859 +0300
2026-07-13,CHANNEL,surcharge_mismatch,JO,ZRQ,16469,10,0.06,2026-08-31 16:33:58.859 +0300
2026-07-13,CHANNEL,surge_mismatch,JO,AMM,52297,11,0.02,2026-08-31 16:33:58.859 +0300
2026-07-13,CHANNEL,surge_mismatch,JO,IRB,13019,0,0.00,2026-08-31 16:33:58.859 +0300
2026-07-13,CHANNEL,surge_mismatch,JO,Others,1854,0,0.00,2026-08-31 16:33:58.859 +0300
2026-07-13,CHANNEL,surge_mismatch,JO,Total,83639,11,0.01,2026-08-31 16:33:58.859 +0300
2026-07-13,CHANNEL,surge_mismatch,JO,ZRQ,16469,0,0.00,2026-08-31 16:33:58.859 +0300
2026-07-13,SCENARIO,beyondB,JO,AMM,52297,26,0.05,2026-08-31 16:33:58.859 +0300
2026-07-13,SCENARIO,beyondB,JO,IRB,13019,9,0.07,2026-08-31 16:33:58.859 +0300
2026-07-13,SCENARIO,beyondB,JO,Others,1854,2,0.11,2026-08-31 16:33:58.859 +0300
2026-07-13,SCENARIO,beyondB,JO,Total,83639,41,0.05,2026-08-31 16:33:58.859 +0300
2026-07-13,SCENARIO,beyondB,JO,ZRQ,16469,4,0.02,2026-08-31 16:33:58.859 +0300
2026-07-13,SCENARIO,withinA_at_dest,JO,AMM,52297,4850,9.27,2026-08-31 16:33:58.859 +0300
2026-07-13,SCENARIO,withinA_at_dest,JO,IRB,13019,1189,9.13,2026-08-31 16:33:58.859 +0300
2026-07-13,SCENARIO,withinA_at_dest,JO,Others,1854,168,9.06,2026-08-31 16:33:58.859 +0300
2026-07-13,SCENARIO,withinA_at_dest,JO,Total,83639,7766,9.29,2026-08-31 16:33:58.859 +0300
2026-07-13,SCENARIO,withinA_at_dest,JO,ZRQ,16469,1559,9.47,2026-08-31 16:33:58.859 +0300
2026-07-13,SCENARIO,withinA_not_dest,JO,AMM,52297,1511,2.89,2026-08-31 16:33:58.859 +0300
2026-07-13,SCENARIO,withinA_not_dest,JO,IRB,13019,906,6.96,2026-08-31 16:33:58.859 +0300
2026-07-13,SCENARIO,withinA_not_dest,JO,Others,1854,63,3.40,2026-08-31 16:33:58.859 +0300
2026-07-13,SCENARIO,withinA_not_dest,JO,Total,83639,3081,3.68,2026-08-31 16:33:58.859 +0300
2026-07-13,SCENARIO,withinA_not_dest,JO,ZRQ,16469,601,3.65,2026-08-31 16:33:58.859 +0300
2026-07-13,SCENARIO,withinB_at_dest,JO,AMM,52297,5277,10.09,2026-08-31 16:33:58.859 +0300
2026-07-13,SCENARIO,withinB_at_dest,JO,IRB,13019,829,6.37,2026-08-31 16:33:58.859 +0300
2026-07-13,SCENARIO,withinB_at_dest,JO,Others,1854,103,5.56,2026-08-31 16:33:58.859 +0300
2026-07-13,SCENARIO,withinB_at_dest,JO,Total,83639,7146,8.54,2026-08-31 16:33:58.859 +0300
2026-07-13,SCENARIO,withinB_at_dest,JO,ZRQ,16469,937,5.69,2026-08-31 16:33:58.859 +0300
2026-07-13,SCENARIO,withinB_not_dest,JO,AMM,52297,1528,2.92,2026-08-31 16:33:58.859 +0300
2026-07-13,SCENARIO,withinB_not_dest,JO,IRB,13019,592,4.55,2026-08-31 16:33:58.859 +0300
2026-07-13,SCENARIO,withinB_not_dest,JO,Others,1854,65,3.51,2026-08-31 16:33:58.859 +0300
2026-07-13,SCENARIO,withinB_not_dest,JO,Total,83639,2589,3.10,2026-08-31 16:33:58.859 +0300
2026-07-13,SCENARIO,withinB_not_dest,JO,ZRQ,16469,404,2.45,2026-08-31 16:33:58.859 +0300
2026-07-13,CAUSE_MIX,beyondB,SA,Total,41765,24,0.06,2026-08-31 16:33:58.859 +0300
2026-07-13,CAUSE_MIX,pd_mismatch,SA,Total,41765,1,0.00,2026-08-31 16:33:58.859 +0300
2026-07-13,CAUSE_MIX,pickup_mismatch,SA,Total,41765,2,0.00,2026-08-31 16:33:58.859 +0300
2026-07-13,CAUSE_MIX,previous_wallet_balance,SA,Total,41765,7079,16.95,2026-08-31 16:33:58.859 +0300
2026-07-13,CAUSE_MIX,surcharge_mismatch,SA,Total,41765,669,1.60,2026-08-31 16:33:58.859 +0300
2026-07-13,CAUSE_MIX,surge_mismatch,SA,Total,41765,11,0.03,2026-08-31 16:33:58.859 +0300
2026-07-13,CAUSE_MIX,waiting_time,SA,Total,41765,19661,47.08,2026-08-31 16:33:58.859 +0300
2026-07-13,CAUSE_MIX,withinA_at_dest,SA,Total,41765,3050,7.30,2026-08-31 16:33:58.859 +0300
2026-07-13,CAUSE_MIX,withinA_not_dest,SA,Total,41765,1698,4.07,2026-08-31 16:33:58.859 +0300
2026-07-13,CAUSE_MIX,withinB_at_dest,SA,Total,41765,7215,17.28,2026-08-31 16:33:58.859 +0300
2026-07-13,CAUSE_MIX,withinB_not_dest,SA,Total,41765,2355,5.64,2026-08-31 16:33:58.859 +0300
2026-07-13,CHANNEL,cumulative_price_shocks_net,SA,DMM,6085,1952,32.08,2026-08-31 16:33:58.859 +0300
2026-07-13,CHANNEL,cumulative_price_shocks_net,SA,JED,29395,10316,35.09,2026-08-31 16:33:58.859 +0300
2026-07-13,CHANNEL,cumulative_price_shocks_net,SA,MAD,10272,3439,33.48,2026-08-31 16:33:58.859 +0300
2026-07-13,CHANNEL,cumulative_price_shocks_net,SA,MEC,5488,2113,38.50,2026-08-31 16:33:58.859 +0300
2026-07-13,CHANNEL,cumulative_price_shocks_net,SA,Others,11225,4106,36.58,2026-08-31 16:33:58.859 +0300
2026-07-13,CHANNEL,cumulative_price_shocks_net,SA,RUH,39394,12595,31.97,2026-08-31 16:33:58.859 +0300
2026-07-13,CHANNEL,cumulative_price_shocks_net,SA,Total,101859,34521,33.89,2026-08-31 16:33:58.859 +0300
2026-07-13,CHANNEL,pd_mismatch,SA,DMM,6085,1,0.02,2026-08-31 16:33:58.859 +0300
2026-07-13,CHANNEL,pd_mismatch,SA,JED,29395,0,0.00,2026-08-31 16:33:58.859 +0300
2026-07-13,CHANNEL,pd_mismatch,SA,MAD,10272,0,0.00,2026-08-31 16:33:58.859 +0300
2026-07-13,CHANNEL,pd_mismatch,SA,MEC,5488,0,0.00,2026-08-31 16:33:58.859 +0300
2026-07-13,CHANNEL,pd_mismatch,SA,Others,11225,5,0.04,2026-08-31 16:33:58.859 +0300
2026-07-13,CHANNEL,pd_mismatch,SA,RUH,39394,1,0.00,2026-08-31 16:33:58.859 +0300
2026-07-13,CHANNEL,pd_mismatch,SA,Total,101859,7,0.01,2026-08-31 16:33:58.859 +0300
2026-07-13,CHANNEL,pickup_mismatch,SA,DMM,6085,0,0.00,2026-08-31 16:33:58.859 +0300
2026-07-13,CHANNEL,pickup_mismatch,SA,JED,29395,1,0.00,2026-08-31 16:33:58.859 +0300
2026-07-13,CHANNEL,pickup_mismatch,SA,MAD,10272,0,0.00,2026-08-31 16:33:58.859 +0300
2026-07-13,CHANNEL,pickup_mismatch,SA,MEC,5488,0,0.00,2026-08-31 16:33:58.859 +0300
2026-07-13,CHANNEL,pickup_mismatch,SA,Others,11225,2,0.02,2026-08-31 16:33:58.859 +0300
2026-07-13,CHANNEL,pickup_mismatch,SA,RUH,39394,2,0.01,2026-08-31 16:33:58.859 +0300
2026-07-13,CHANNEL,pickup_mismatch,SA,Total,101859,5,0.00,2026-08-31 16:33:58.859 +0300
2026-07-13,CHANNEL,residual_fare_increase_net,SA,DMM,6085,965,15.86,2026-08-31 16:33:58.859 +0300
2026-07-13,CHANNEL,residual_fare_increase_net,SA,JED,29395,4648,15.81,2026-08-31 16:33:58.859 +0300
2026-07-13,CHANNEL,residual_fare_increase_net,SA,MAD,10272,1678,16.34,2026-08-31 16:33:58.859 +0300
2026-07-13,CHANNEL,residual_fare_increase_net,SA,MEC,5488,943,17.18,2026-08-31 16:33:58.859 +0300
2026-07-13,CHANNEL,residual_fare_increase_net,SA,Others,11225,2128,18.96,2026-08-31 16:33:58.859 +0300
2026-07-13,CHANNEL,residual_fare_increase_net,SA,RUH,39394,6160,15.64,2026-08-31 16:33:58.859 +0300
2026-07-13,CHANNEL,residual_fare_increase_net,SA,Total,101859,16522,16.22,2026-08-31 16:33:58.859 +0300
2026-07-13,CHANNEL,rounding_error,SA,DMM,6085,124,2.04,2026-08-31 16:33:58.859 +0300
2026-07-13,CHANNEL,rounding_error,SA,JED,29395,735,2.50,2026-08-31 16:33:58.859 +0300
2026-07-13,CHANNEL,rounding_error,SA,MAD,10272,304,2.96,2026-08-31 16:33:58.859 +0300
2026-07-13,CHANNEL,rounding_error,SA,MEC,5488,87,1.59,2026-08-31 16:33:58.859 +0300
2026-07-13,CHANNEL,rounding_error,SA,Others,11225,215,1.92,2026-08-31 16:33:58.859 +0300
2026-07-13,CHANNEL,rounding_error,SA,RUH,39394,974,2.47,2026-08-31 16:33:58.859 +0300
2026-07-13,CHANNEL,rounding_error,SA,Total,101859,2439,2.39,2026-08-31 16:33:58.859 +0300
2026-07-13,CHANNEL,spillover_recovery,SA,DMM,6085,365,6.00,2026-08-31 16:33:58.859 +0300
2026-07-13,CHANNEL,spillover_recovery,SA,JED,29395,2600,8.85,2026-08-31 16:33:58.859 +0300
2026-07-13,CHANNEL,spillover_recovery,SA,MAD,10272,661,6.43,2026-08-31 16:33:58.859 +0300
2026-07-13,CHANNEL,spillover_recovery,SA,MEC,5488,382,6.96,2026-08-31 16:33:58.859 +0300
2026-07-13,CHANNEL,spillover_recovery,SA,Others,11225,573,5.10,2026-08-31 16:33:58.859 +0300
2026-07-13,CHANNEL,spillover_recovery,SA,RUH,39394,3166,8.04,2026-08-31 16:33:58.859 +0300
2026-07-13,CHANNEL,spillover_recovery,SA,Total,101859,7747,7.61,2026-08-31 16:33:58.859 +0300
2026-07-13,CHANNEL,surcharge_mismatch,SA,DMM,6085,85,1.40,2026-08-31 16:33:58.859 +0300
2026-07-13,CHANNEL,surcharge_mismatch,SA,JED,29395,697,2.37,2026-08-31 16:33:58.859 +0300
2026-07-13,CHANNEL,surcharge_mismatch,SA,MAD,10272,155,1.51,2026-08-31 16:33:58.859 +0300
2026-07-13,CHANNEL,surcharge_mismatch,SA,MEC,5488,44,0.80,2026-08-31 16:33:58.859 +0300
2026-07-13,CHANNEL,surcharge_mismatch,SA,Others,11225,168,1.50,2026-08-31 16:33:58.859 +0300
2026-07-13,CHANNEL,surcharge_mismatch,SA,RUH,39394,605,1.54,2026-08-31 16:33:58.859 +0300
2026-07-13,CHANNEL,surcharge_mismatch,SA,Total,101859,1754,1.72,2026-08-31 16:33:58.859 +0300
2026-07-13,CHANNEL,surge_mismatch,SA,DMM,6085,3,0.05,2026-08-31 16:33:58.859 +0300
2026-07-13,CHANNEL,surge_mismatch,SA,JED,29395,2,0.01,2026-08-31 16:33:58.859 +0300
2026-07-13,CHANNEL,surge_mismatch,SA,MAD,10272,6,0.06,2026-08-31 16:33:58.859 +0300
2026-07-13,CHANNEL,surge_mismatch,SA,MEC,5488,1,0.02,2026-08-31 16:33:58.859 +0300
2026-07-13,CHANNEL,surge_mismatch,SA,Others,11225,0,0.00,2026-08-31 16:33:58.859 +0300
2026-07-13,CHANNEL,surge_mismatch,SA,RUH,39394,8,0.02,2026-08-31 16:33:58.859 +0300
2026-07-13,CHANNEL,surge_mismatch,SA,Total,101859,20,0.02,2026-08-31 16:33:58.859 +0300
2026-07-13,SCENARIO,beyondB,SA,DMM,6085,4,0.07,2026-08-31 16:33:58.859 +0300
2026-07-13,SCENARIO,beyondB,SA,JED,29395,4,0.01,2026-08-31 16:33:58.859 +0300
2026-07-13,SCENARIO,beyondB,SA,MAD,10272,4,0.04,2026-08-31 16:33:58.859 +0300
2026-07-13,SCENARIO,beyondB,SA,MEC,5488,0,0.00,2026-08-31 16:33:58.859 +0300
2026-07-13,SCENARIO,beyondB,SA,Others,11225,7,0.06,2026-08-31 16:33:58.859 +0300
2026-07-13,SCENARIO,beyondB,SA,RUH,39394,16,0.04,2026-08-31 16:33:58.859 +0300
2026-07-13,SCENARIO,beyondB,SA,Total,101859,35,0.03,2026-08-31 16:33:58.859 +0300
2026-07-13,SCENARIO,withinA_at_dest,SA,DMM,6085,1023,16.81,2026-08-31 16:33:58.859 +0300
2026-07-13,SCENARIO,withinA_at_dest,SA,JED,29395,5884,20.02,2026-08-31 16:33:58.859 +0300
2026-07-13,SCENARIO,withinA_at_dest,SA,MAD,10272,1818,17.70,2026-08-31 16:33:58.859 +0300
2026-07-13,SCENARIO,withinA_at_dest,SA,MEC,5488,1185,21.59,2026-08-31 16:33:58.859 +0300
2026-07-13,SCENARIO,withinA_at_dest,SA,Others,11225,1971,17.56,2026-08-31 16:33:58.859 +0300
2026-07-13,SCENARIO,withinA_at_dest,SA,RUH,39394,6894,17.50,2026-08-31 16:33:58.859 +0300
2026-07-13,SCENARIO,withinA_at_dest,SA,Total,101859,18775,18.43,2026-08-31 16:33:58.859 +0300
2026-07-13,SCENARIO,withinA_not_dest,SA,DMM,6085,164,2.70,2026-08-31 16:33:58.859 +0300
2026-07-13,SCENARIO,withinA_not_dest,SA,JED,29395,622,2.12,2026-08-31 16:33:58.859 +0300
2026-07-13,SCENARIO,withinA_not_dest,SA,MAD,10272,382,3.72,2026-08-31 16:33:58.859 +0300
2026-07-13,SCENARIO,withinA_not_dest,SA,MEC,5488,150,2.73,2026-08-31 16:33:58.859 +0300
2026-07-13,SCENARIO,withinA_not_dest,SA,Others,11225,438,3.90,2026-08-31 16:33:58.859 +0300
2026-07-13,SCENARIO,withinA_not_dest,SA,RUH,39394,896,2.27,2026-08-31 16:33:58.859 +0300
2026-07-13,SCENARIO,withinA_not_dest,SA,Total,101859,2652,2.60,2026-08-31 16:33:58.859 +0300
2026-07-13,SCENARIO,withinB_at_dest,SA,DMM,6085,572,9.40,2026-08-31 16:33:58.859 +0300
2026-07-13,SCENARIO,withinB_at_dest,SA,JED,29395,2997,10.20,2026-08-31 16:33:58.859 +0300
2026-07-13,SCENARIO,withinB_at_dest,SA,MAD,10272,870,8.47,2026-08-31 16:33:58.859 +0300
2026-07-13,SCENARIO,withinB_at_dest,SA,MEC,5488,586,10.68,2026-08-31 16:33:58.859 +0300
2026-07-13,SCENARIO,withinB_at_dest,SA,Others,11225,1064,9.48,2026-08-31 16:33:58.859 +0300
2026-07-13,SCENARIO,withinB_at_dest,SA,RUH,39394,3653,9.27,2026-08-31 16:33:58.859 +0300
2026-07-13,SCENARIO,withinB_at_dest,SA,Total,101859,9742,9.56,2026-08-31 16:33:58.859 +0300
2026-07-13,SCENARIO,withinB_not_dest,SA,DMM,6085,189,3.11,2026-08-31 16:33:58.859 +0300
2026-07-13,SCENARIO,withinB_not_dest,SA,JED,29395,809,2.75,2026-08-31 16:33:58.859 +0300
2026-07-13,SCENARIO,withinB_not_dest,SA,MAD,10272,365,3.55,2026-08-31 16:33:58.859 +0300
2026-07-13,SCENARIO,withinB_not_dest,SA,MEC,5488,192,3.50,2026-08-31 16:33:58.859 +0300
2026-07-13,SCENARIO,withinB_not_dest,SA,Others,11225,626,5.58,2026-08-31 16:33:58.859 +0300
2026-07-13,SCENARIO,withinB_not_dest,SA,RUH,39394,1136,2.88,2026-08-31 16:33:58.859 +0300
2026-07-13,SCENARIO,withinB_not_dest,SA,Total,101859,3317,3.26,2026-08-31 16:33:58.859 +0300
2026-07-14,CAUSE_MIX,beyondB,JO,Total,22928,55,0.24,2026-08-31 16:33:58.859 +0300
2026-07-14,CAUSE_MIX,pickup_mismatch,JO,Total,22928,1,0.00,2026-08-31 16:33:58.859 +0300
2026-07-14,CAUSE_MIX,previous_wallet_balance,JO,Total,22928,1310,5.71,2026-08-31 16:33:58.859 +0300
2026-07-14,CAUSE_MIX,surcharge_mismatch,JO,Total,22928,8,0.03,2026-08-31 16:33:58.859 +0300
2026-07-14,CAUSE_MIX,surge_mismatch,JO,Total,22928,5,0.02,2026-08-31 16:33:58.859 +0300
2026-07-14,CAUSE_MIX,waiting_time,JO,Total,22928,9247,40.33,2026-08-31 16:33:58.859 +0300
2026-07-14,CAUSE_MIX,withinA_at_dest,JO,Total,22928,1016,4.43,2026-08-31 16:33:58.859 +0300
2026-07-14,CAUSE_MIX,withinA_not_dest,JO,Total,22928,2582,11.26,2026-08-31 16:33:58.859 +0300
2026-07-14,CAUSE_MIX,withinB_at_dest,JO,Total,22928,6396,27.90,2026-08-31 16:33:58.859 +0300
2026-07-14,CAUSE_MIX,withinB_not_dest,JO,Total,22928,2308,10.07,2026-08-31 16:33:58.859 +0300
2026-07-14,CHANNEL,cumulative_price_shocks_net,JO,AMM,53953,13770,25.52,2026-08-31 16:33:58.859 +0300
2026-07-14,CHANNEL,cumulative_price_shocks_net,JO,IRB,13657,3768,27.59,2026-08-31 16:33:58.859 +0300
2026-07-14,CHANNEL,cumulative_price_shocks_net,JO,Others,1998,437,21.87,2026-08-31 16:33:58.859 +0300
2026-07-14,CHANNEL,cumulative_price_shocks_net,JO,Total,86493,21618,24.99,2026-08-31 16:33:58.859 +0300
2026-07-14,CHANNEL,cumulative_price_shocks_net,JO,ZRQ,16885,3643,21.58,2026-08-31 16:33:58.859 +0300
2026-07-14,CHANNEL,pd_mismatch,JO,AMM,53953,1,0.00,2026-08-31 16:33:58.859 +0300
2026-07-14,CHANNEL,pd_mismatch,JO,IRB,13657,1,0.01,2026-08-31 16:33:58.859 +0300
2026-07-14,CHANNEL,pd_mismatch,JO,Others,1998,0,0.00,2026-08-31 16:33:58.859 +0300
2026-07-14,CHANNEL,pd_mismatch,JO,Total,86493,2,0.00,2026-08-31 16:33:58.859 +0300
2026-07-14,CHANNEL,pd_mismatch,JO,ZRQ,16885,0,0.00,2026-08-31 16:33:58.859 +0300
2026-07-14,CHANNEL,pickup_mismatch,JO,AMM,53953,1,0.00,2026-08-31 16:33:58.859 +0300
2026-07-14,CHANNEL,pickup_mismatch,JO,IRB,13657,0,0.00,2026-08-31 16:33:58.859 +0300
2026-07-14,CHANNEL,pickup_mismatch,JO,Others,1998,1,0.05,2026-08-31 16:33:58.859 +0300
2026-07-14,CHANNEL,pickup_mismatch,JO,Total,86493,2,0.00,2026-08-31 16:33:58.859 +0300
2026-07-14,CHANNEL,pickup_mismatch,JO,ZRQ,16885,0,0.00,2026-08-31 16:33:58.859 +0300
2026-07-14,CHANNEL,residual_fare_increase_net,JO,AMM,53953,8561,15.87,2026-08-31 16:33:58.859 +0300
2026-07-14,CHANNEL,residual_fare_increase_net,JO,IRB,13657,2442,17.88,2026-08-31 16:33:58.859 +0300
2026-07-14,CHANNEL,residual_fare_increase_net,JO,Others,1998,232,11.61,2026-08-31 16:33:58.859 +0300
2026-07-14,CHANNEL,residual_fare_increase_net,JO,Total,86493,13189,15.25,2026-08-31 16:33:58.859 +0300
2026-07-14,CHANNEL,residual_fare_increase_net,JO,ZRQ,16885,1954,11.57,2026-08-31 16:33:58.859 +0300
2026-07-14,CHANNEL,rounding_error,JO,AMM,53953,598,1.11,2026-08-31 16:33:58.859 +0300
2026-07-14,CHANNEL,rounding_error,JO,IRB,13657,145,1.06,2026-08-31 16:33:58.859 +0300
2026-07-14,CHANNEL,rounding_error,JO,Others,1998,21,1.05,2026-08-31 16:33:58.859 +0300
2026-07-14,CHANNEL,rounding_error,JO,Total,86493,974,1.13,2026-08-31 16:33:58.859 +0300
2026-07-14,CHANNEL,rounding_error,JO,ZRQ,16885,210,1.24,2026-08-31 16:33:58.859 +0300
2026-07-14,CHANNEL,spillover_recovery,JO,AMM,53953,1164,2.16,2026-08-31 16:33:58.859 +0300
2026-07-14,CHANNEL,spillover_recovery,JO,IRB,13657,147,1.08,2026-08-31 16:33:58.859 +0300
2026-07-14,CHANNEL,spillover_recovery,JO,Others,1998,9,0.45,2026-08-31 16:33:58.859 +0300
2026-07-14,CHANNEL,spillover_recovery,JO,Total,86493,1390,1.61,2026-08-31 16:33:58.859 +0300
2026-07-14,CHANNEL,spillover_recovery,JO,ZRQ,16885,70,0.41,2026-08-31 16:33:58.859 +0300
2026-07-14,CHANNEL,surcharge_mismatch,JO,AMM,53953,13,0.02,2026-08-31 16:33:58.859 +0300
2026-07-14,CHANNEL,surcharge_mismatch,JO,IRB,13657,0,0.00,2026-08-31 16:33:58.859 +0300
2026-07-14,CHANNEL,surcharge_mismatch,JO,Others,1998,0,0.00,2026-08-31 16:33:58.859 +0300
2026-07-14,CHANNEL,surcharge_mismatch,JO,Total,86493,19,0.02,2026-08-31 16:33:58.859 +0300
2026-07-14,CHANNEL,surcharge_mismatch,JO,ZRQ,16885,6,0.04,2026-08-31 16:33:58.859 +0300
2026-07-14,CHANNEL,surge_mismatch,JO,AMM,53953,10,0.02,2026-08-31 16:33:58.859 +0300
2026-07-14,CHANNEL,surge_mismatch,JO,IRB,13657,0,0.00,2026-08-31 16:33:58.859 +0300
2026-07-14,CHANNEL,surge_mismatch,JO,Others,1998,0,0.00,2026-08-31 16:33:58.859 +0300
2026-07-14,CHANNEL,surge_mismatch,JO,Total,86493,10,0.01,2026-08-31 16:33:58.859 +0300
2026-07-14,CHANNEL,surge_mismatch,JO,ZRQ,16885,0,0.00,2026-08-31 16:33:58.859 +0300
2026-07-14,SCENARIO,beyondB,JO,AMM,53953,41,0.08,2026-08-31 16:33:58.859 +0300
2026-07-14,SCENARIO,beyondB,JO,IRB,13657,12,0.09,2026-08-31 16:33:58.859 +0300
2026-07-14,SCENARIO,beyondB,JO,Others,1998,2,0.10,2026-08-31 16:33:58.859 +0300
2026-07-14,SCENARIO,beyondB,JO,Total,86493,62,0.07,2026-08-31 16:33:58.859 +0300
2026-07-14,SCENARIO,beyondB,JO,ZRQ,16885,7,0.04,2026-08-31 16:33:58.859 +0300
2026-07-14,SCENARIO,withinA_at_dest,JO,AMM,53953,5101,9.45,2026-08-31 16:33:58.859 +0300
2026-07-14,SCENARIO,withinA_at_dest,JO,IRB,13657,1245,9.12,2026-08-31 16:33:58.859 +0300
2026-07-14,SCENARIO,withinA_at_dest,JO,Others,1998,191,9.56,2026-08-31 16:33:58.859 +0300
2026-07-14,SCENARIO,withinA_at_dest,JO,Total,86493,8169,9.44,2026-08-31 16:33:58.859 +0300
2026-07-14,SCENARIO,withinA_at_dest,JO,ZRQ,16885,1632,9.67,2026-08-31 16:33:58.859 +0300
2026-07-14,SCENARIO,withinA_not_dest,JO,AMM,53953,1522,2.82,2026-08-31 16:33:58.859 +0300
2026-07-14,SCENARIO,withinA_not_dest,JO,IRB,13657,992,7.26,2026-08-31 16:33:58.859 +0300
2026-07-14,SCENARIO,withinA_not_dest,JO,Others,1998,72,3.60,2026-08-31 16:33:58.859 +0300
2026-07-14,SCENARIO,withinA_not_dest,JO,Total,86493,3219,3.72,2026-08-31 16:33:58.859 +0300
2026-07-14,SCENARIO,withinA_not_dest,JO,ZRQ,16885,633,3.75,2026-08-31 16:33:58.859 +0300
2026-07-14,SCENARIO,withinB_at_dest,JO,AMM,53953,5513,10.22,2026-08-31 16:33:58.859 +0300
2026-07-14,SCENARIO,withinB_at_dest,JO,IRB,13657,850,6.22,2026-08-31 16:33:58.859 +0300
2026-07-14,SCENARIO,withinB_at_dest,JO,Others,1998,102,5.11,2026-08-31 16:33:58.859 +0300
2026-07-14,SCENARIO,withinB_at_dest,JO,Total,86493,7379,8.53,2026-08-31 16:33:58.859 +0300
2026-07-14,SCENARIO,withinB_at_dest,JO,ZRQ,16885,914,5.41,2026-08-31 16:33:58.859 +0300
2026-07-14,SCENARIO,withinB_not_dest,JO,AMM,53953,1593,2.95,2026-08-31 16:33:58.859 +0300
2026-07-14,SCENARIO,withinB_not_dest,JO,IRB,13657,669,4.90,2026-08-31 16:33:58.859 +0300
2026-07-14,SCENARIO,withinB_not_dest,JO,Others,1998,70,3.50,2026-08-31 16:33:58.859 +0300
2026-07-14,SCENARIO,withinB_not_dest,JO,Total,86493,2789,3.22,2026-08-31 16:33:58.859 +0300
2026-07-14,SCENARIO,withinB_not_dest,JO,ZRQ,16885,457,2.71,2026-08-31 16:33:58.859 +0300
2026-07-14,CAUSE_MIX,beyondB,SA,Total,41678,20,0.05,2026-08-31 16:33:58.859 +0300
2026-07-14,CAUSE_MIX,pickup_mismatch,SA,Total,41678,5,0.01,2026-08-31 16:33:58.859 +0300
2026-07-14,CAUSE_MIX,previous_wallet_balance,SA,Total,41678,7066,16.95,2026-08-31 16:33:58.859 +0300
2026-07-14,CAUSE_MIX,surcharge_mismatch,SA,Total,41678,641,1.54,2026-08-31 16:33:58.859 +0300
2026-07-14,CAUSE_MIX,surge_mismatch,SA,Total,41678,12,0.03,2026-08-31 16:33:58.859 +0300
2026-07-14,CAUSE_MIX,waiting_time,SA,Total,41678,19614,47.06,2026-08-31 16:33:58.859 +0300
2026-07-14,CAUSE_MIX,withinA_at_dest,SA,Total,41678,3029,7.27,2026-08-31 16:33:58.859 +0300
2026-07-14,CAUSE_MIX,withinA_not_dest,SA,Total,41678,1627,3.90,2026-08-31 16:33:58.859 +0300
2026-07-14,CAUSE_MIX,withinB_at_dest,SA,Total,41678,7294,17.50,2026-08-31 16:33:58.859 +0300
2026-07-14,CAUSE_MIX,withinB_not_dest,SA,Total,41678,2370,5.69,2026-08-31 16:33:58.859 +0300
2026-07-14,CHANNEL,cumulative_price_shocks_net,SA,DMM,6021,1907,31.67,2026-08-31 16:33:58.859 +0300
2026-07-14,CHANNEL,cumulative_price_shocks_net,SA,JED,29262,10306,35.22,2026-08-31 16:33:58.859 +0300
2026-07-14,CHANNEL,cumulative_price_shocks_net,SA,MAD,10444,3481,33.33,2026-08-31 16:33:58.859 +0300
2026-07-14,CHANNEL,cumulative_price_shocks_net,SA,MEC,5462,2043,37.40,2026-08-31 16:33:58.859 +0300
2026-07-14,CHANNEL,cumulative_price_shocks_net,SA,Others,10931,3955,36.18,2026-08-31 16:33:58.859 +0300
2026-07-14,CHANNEL,cumulative_price_shocks_net,SA,RUH,39349,12770,32.45,2026-08-31 16:33:58.859 +0300
2026-07-14,CHANNEL,cumulative_price_shocks_net,SA,Total,101469,34462,33.96,2026-08-31 16:33:58.859 +0300
2026-07-14,CHANNEL,pd_mismatch,SA,DMM,6021,0,0.00,2026-08-31 16:33:58.859 +0300
2026-07-14,CHANNEL,pd_mismatch,SA,JED,29262,0,0.00,2026-08-31 16:33:58.859 +0300
2026-07-14,CHANNEL,pd_mismatch,SA,MAD,10444,2,0.02,2026-08-31 16:33:58.859 +0300
2026-07-14,CHANNEL,pd_mismatch,SA,MEC,5462,0,0.00,2026-08-31 16:33:58.859 +0300
2026-07-14,CHANNEL,pd_mismatch,SA,Others,10931,2,0.02,2026-08-31 16:33:58.859 +0300
2026-07-14,CHANNEL,pd_mismatch,SA,RUH,39349,0,0.00,2026-08-31 16:33:58.859 +0300
2026-07-14,CHANNEL,pd_mismatch,SA,Total,101469,4,0.00,2026-08-31 16:33:58.859 +0300
2026-07-14,CHANNEL,pickup_mismatch,SA,DMM,6021,0,0.00,2026-08-31 16:33:58.859 +0300
2026-07-14,CHANNEL,pickup_mismatch,SA,JED,29262,3,0.01,2026-08-31 16:33:58.859 +0300
2026-07-14,CHANNEL,pickup_mismatch,SA,MAD,10444,0,0.00,2026-08-31 16:33:58.859 +0300
2026-07-14,CHANNEL,pickup_mismatch,SA,MEC,5462,0,0.00,2026-08-31 16:33:58.859 +0300
2026-07-14,CHANNEL,pickup_mismatch,SA,Others,10931,2,0.02,2026-08-31 16:33:58.859 +0300
2026-07-14,CHANNEL,pickup_mismatch,SA,RUH,39349,2,0.01,2026-08-31 16:33:58.859 +0300
2026-07-14,CHANNEL,pickup_mismatch,SA,Total,101469,7,0.01,2026-08-31 16:33:58.859 +0300
2026-07-14,CHANNEL,residual_fare_increase_net,SA,DMM,6021,932,15.48,2026-08-31 16:33:58.859 +0300
2026-07-14,CHANNEL,residual_fare_increase_net,SA,JED,29262,4647,15.88,2026-08-31 16:33:58.859 +0300
2026-07-14,CHANNEL,residual_fare_increase_net,SA,MAD,10444,1708,16.35,2026-08-31 16:33:58.859 +0300
2026-07-14,CHANNEL,residual_fare_increase_net,SA,MEC,5462,859,15.73,2026-08-31 16:33:58.859 +0300
2026-07-14,CHANNEL,residual_fare_increase_net,SA,Others,10931,2099,19.20,2026-08-31 16:33:58.859 +0300
2026-07-14,CHANNEL,residual_fare_increase_net,SA,RUH,39349,6310,16.04,2026-08-31 16:33:58.859 +0300
2026-07-14,CHANNEL,residual_fare_increase_net,SA,Total,101469,16555,16.32,2026-08-31 16:33:58.859 +0300
2026-07-14,CHANNEL,rounding_error,SA,DMM,6021,108,1.79,2026-08-31 16:33:58.859 +0300
2026-07-14,CHANNEL,rounding_error,SA,JED,29262,750,2.56,2026-08-31 16:33:58.859 +0300
2026-07-14,CHANNEL,rounding_error,SA,MAD,10444,324,3.10,2026-08-31 16:33:58.859 +0300
2026-07-14,CHANNEL,rounding_error,SA,MEC,5462,104,1.90,2026-08-31 16:33:58.859 +0300
2026-07-14,CHANNEL,rounding_error,SA,Others,10931,222,2.03,2026-08-31 16:33:58.859 +0300
2026-07-14,CHANNEL,rounding_error,SA,RUH,39349,938,2.38,2026-08-31 16:33:58.859 +0300
2026-07-14,CHANNEL,rounding_error,SA,Total,101469,2446,2.41,2026-08-31 16:33:58.859 +0300
2026-07-14,CHANNEL,spillover_recovery,SA,DMM,6021,315,5.23,2026-08-31 16:33:58.859 +0300
2026-07-14,CHANNEL,spillover_recovery,SA,JED,29262,2701,9.23,2026-08-31 16:33:58.859 +0300
2026-07-14,CHANNEL,spillover_recovery,SA,MAD,10444,662,6.34,2026-08-31 16:33:58.859 +0300
2026-07-14,CHANNEL,spillover_recovery,SA,MEC,5462,358,6.55,2026-08-31 16:33:58.859 +0300
2026-07-14,CHANNEL,spillover_recovery,SA,Others,10931,560,5.12,2026-08-31 16:33:58.859 +0300
2026-07-14,CHANNEL,spillover_recovery,SA,RUH,39349,3145,7.99,2026-08-31 16:33:58.859 +0300
2026-07-14,CHANNEL,spillover_recovery,SA,Total,101469,7741,7.63,2026-08-31 16:33:58.859 +0300
2026-07-14,CHANNEL,surcharge_mismatch,SA,DMM,6021,91,1.51,2026-08-31 16:33:58.859 +0300
2026-07-14,CHANNEL,surcharge_mismatch,SA,JED,29262,652,2.23,2026-08-31 16:33:58.859 +0300
2026-07-14,CHANNEL,surcharge_mismatch,SA,MAD,10444,184,1.76,2026-08-31 16:33:58.859 +0300
2026-07-14,CHANNEL,surcharge_mismatch,SA,MEC,5462,41,0.75,2026-08-31 16:33:58.859 +0300
2026-07-14,CHANNEL,surcharge_mismatch,SA,Others,10931,162,1.48,2026-08-31 16:33:58.859 +0300
2026-07-14,CHANNEL,surcharge_mismatch,SA,RUH,39349,555,1.41,2026-08-31 16:33:58.859 +0300
2026-07-14,CHANNEL,surcharge_mismatch,SA,Total,101469,1685,1.66,2026-08-31 16:33:58.859 +0300
2026-07-14,CHANNEL,surge_mismatch,SA,DMM,6021,1,0.02,2026-08-31 16:33:58.859 +0300
2026-07-14,CHANNEL,surge_mismatch,SA,JED,29262,4,0.01,2026-08-31 16:33:58.859 +0300
2026-07-14,CHANNEL,surge_mismatch,SA,MAD,10444,6,0.06,2026-08-31 16:33:58.859 +0300
2026-07-14,CHANNEL,surge_mismatch,SA,MEC,5462,1,0.02,2026-08-31 16:33:58.859 +0300
2026-07-14,CHANNEL,surge_mismatch,SA,Others,10931,0,0.00,2026-08-31 16:33:58.859 +0300
2026-07-14,CHANNEL,surge_mismatch,SA,RUH,39349,4,0.01,2026-08-31 16:33:58.859 +0300
2026-07-14,CHANNEL,surge_mismatch,SA,Total,101469,16,0.02,2026-08-31 16:33:58.859 +0300
2026-07-14,SCENARIO,beyondB,SA,DMM,6021,2,0.03,2026-08-31 16:33:58.859 +0300
2026-07-14,SCENARIO,beyondB,SA,JED,29262,6,0.02,2026-08-31 16:33:58.859 +0300
2026-07-14,SCENARIO,beyondB,SA,MAD,10444,1,0.01,2026-08-31 16:33:58.859 +0300
2026-07-14,SCENARIO,beyondB,SA,MEC,5462,0,0.00,2026-08-31 16:33:58.859 +0300
2026-07-14,SCENARIO,beyondB,SA,Others,10931,7,0.06,2026-08-31 16:33:58.859 +0300
2026-07-14,SCENARIO,beyondB,SA,RUH,39349,16,0.04,2026-08-31 16:33:58.859 +0300
2026-07-14,SCENARIO,beyondB,SA,Total,101469,32,0.03,2026-08-31 16:33:58.859 +0300
2026-07-14,SCENARIO,withinA_at_dest,SA,DMM,6021,1012,16.81,2026-08-31 16:33:58.859 +0300
2026-07-14,SCENARIO,withinA_at_dest,SA,JED,29262,5852,20.00,2026-08-31 16:33:58.859 +0300
2026-07-14,SCENARIO,withinA_at_dest,SA,MAD,10444,1862,17.83,2026-08-31 16:33:58.859 +0300
2026-07-14,SCENARIO,withinA_at_dest,SA,MEC,5462,1187,21.73,2026-08-31 16:33:58.859 +0300
2026-07-14,SCENARIO,withinA_at_dest,SA,Others,10931,1859,17.01,2026-08-31 16:33:58.859 +0300
2026-07-14,SCENARIO,withinA_at_dest,SA,RUH,39349,6909,17.56,2026-08-31 16:33:58.859 +0300
2026-07-14,SCENARIO,withinA_at_dest,SA,Total,101469,18681,18.41,2026-08-31 16:33:58.859 +0300
2026-07-14,SCENARIO,withinA_not_dest,SA,DMM,6021,153,2.54,2026-08-31 16:33:58.859 +0300
2026-07-14,SCENARIO,withinA_not_dest,SA,JED,29262,598,2.04,2026-08-31 16:33:58.859 +0300
2026-07-14,SCENARIO,withinA_not_dest,SA,MAD,10444,398,3.81,2026-08-31 16:33:58.859 +0300
2026-07-14,SCENARIO,withinA_not_dest,SA,MEC,5462,171,3.13,2026-08-31 16:33:58.859 +0300
2026-07-14,SCENARIO,withinA_not_dest,SA,Others,10931,395,3.61,2026-08-31 16:33:58.859 +0300
2026-07-14,SCENARIO,withinA_not_dest,SA,RUH,39349,905,2.30,2026-08-31 16:33:58.859 +0300
2026-07-14,SCENARIO,withinA_not_dest,SA,Total,101469,2620,2.58,2026-08-31 16:33:58.859 +0300
2026-07-14,SCENARIO,withinB_at_dest,SA,DMM,6021,565,9.38,2026-08-31 16:33:58.859 +0300
2026-07-14,SCENARIO,withinB_at_dest,SA,JED,29262,2972,10.16,2026-08-31 16:33:58.859 +0300
2026-07-14,SCENARIO,withinB_at_dest,SA,MAD,10444,873,8.36,2026-08-31 16:33:58.859 +0300
2026-07-14,SCENARIO,withinB_at_dest,SA,MEC,5462,503,9.21,2026-08-31 16:33:58.859 +0300
2026-07-14,SCENARIO,withinB_at_dest,SA,Others,10931,1068,9.77,2026-08-31 16:33:58.859 +0300
2026-07-14,SCENARIO,withinB_at_dest,SA,RUH,39349,3766,9.57,2026-08-31 16:33:58.859 +0300
2026-07-14,SCENARIO,withinB_at_dest,SA,Total,101469,9747,9.61,2026-08-31 16:33:58.859 +0300
2026-07-14,SCENARIO,withinB_not_dest,SA,DMM,6021,175,2.91,2026-08-31 16:33:58.859 +0300
2026-07-14,SCENARIO,withinB_not_dest,SA,JED,29262,878,3.00,2026-08-31 16:33:58.859 +0300
2026-07-14,SCENARIO,withinB_not_dest,SA,MAD,10444,347,3.32,2026-08-31 16:33:58.859 +0300
2026-07-14,SCENARIO,withinB_not_dest,SA,MEC,5462,182,3.33,2026-08-31 16:33:58.859 +0300
2026-07-14,SCENARIO,withinB_not_dest,SA,Others,10931,626,5.73,2026-08-31 16:33:58.859 +0300
2026-07-14,SCENARIO,withinB_not_dest,SA,RUH,39349,1174,2.98,2026-08-31 16:33:58.859 +0300
2026-07-14,SCENARIO,withinB_not_dest,SA,Total,101469,3382,3.33,2026-08-31 16:33:58.859 +0300
2026-07-15,CAUSE_MIX,beyondB,JO,Total,23173,67,0.29,2026-08-31 16:33:58.859 +0300
2026-07-15,CAUSE_MIX,previous_wallet_balance,JO,Total,23173,1297,5.60,2026-08-31 16:33:58.859 +0300
2026-07-15,CAUSE_MIX,surcharge_mismatch,JO,Total,23173,14,0.06,2026-08-31 16:33:58.859 +0300
2026-07-15,CAUSE_MIX,surge_mismatch,JO,Total,23173,9,0.04,2026-08-31 16:33:58.859 +0300
2026-07-15,CAUSE_MIX,waiting_time,JO,Total,23173,9220,39.79,2026-08-31 16:33:58.859 +0300
2026-07-15,CAUSE_MIX,withinA_at_dest,JO,Total,23173,1065,4.60,2026-08-31 16:33:58.859 +0300
2026-07-15,CAUSE_MIX,withinA_not_dest,JO,Total,23173,2697,11.64,2026-08-31 16:33:58.859 +0300
2026-07-15,CAUSE_MIX,withinB_at_dest,JO,Total,23173,6557,28.30,2026-08-31 16:33:58.859 +0300
2026-07-15,CAUSE_MIX,withinB_not_dest,JO,Total,23173,2247,9.70,2026-08-31 16:33:58.859 +0300
2026-07-15,CHANNEL,cumulative_price_shocks_net,JO,AMM,54716,13899,25.40,2026-08-31 16:33:58.859 +0300
2026-07-15,CHANNEL,cumulative_price_shocks_net,JO,IRB,13758,3845,27.95,2026-08-31 16:33:58.859 +0300
2026-07-15,CHANNEL,cumulative_price_shocks_net,JO,Others,1927,490,25.43,2026-08-31 16:33:58.859 +0300
2026-07-15,CHANNEL,cumulative_price_shocks_net,JO,Total,87433,21876,25.02,2026-08-31 16:33:58.859 +0300
2026-07-15,CHANNEL,cumulative_price_shocks_net,JO,ZRQ,17032,3642,21.38,2026-08-31 16:33:58.859 +0300
2026-07-15,CHANNEL,pd_mismatch,JO,AMM,54716,1,0.00,2026-08-31 16:33:58.859 +0300
2026-07-15,CHANNEL,pd_mismatch,JO,IRB,13758,1,0.01,2026-08-31 16:33:58.859 +0300
2026-07-15,CHANNEL,pd_mismatch,JO,Others,1927,0,0.00,2026-08-31 16:33:58.859 +0300
2026-07-15,CHANNEL,pd_mismatch,JO,Total,87433,2,0.00,2026-08-31 16:33:58.859 +0300
2026-07-15,CHANNEL,pd_mismatch,JO,ZRQ,17032,0,0.00,2026-08-31 16:33:58.859 +0300
2026-07-15,CHANNEL,pickup_mismatch,JO,AMM,54716,0,0.00,2026-08-31 16:33:58.859 +0300
2026-07-15,CHANNEL,pickup_mismatch,JO,IRB,13758,0,0.00,2026-08-31 16:33:58.859 +0300
2026-07-15,CHANNEL,pickup_mismatch,JO,Others,1927,0,0.00,2026-08-31 16:33:58.859 +0300
2026-07-15,CHANNEL,pickup_mismatch,JO,Total,87433,0,0.00,2026-08-31 16:33:58.859 +0300
2026-07-15,CHANNEL,pickup_mismatch,JO,ZRQ,17032,0,0.00,2026-08-31 16:33:58.859 +0300
2026-07-15,CHANNEL,residual_fare_increase_net,JO,AMM,54716,8727,15.95,2026-08-31 16:33:58.859 +0300
2026-07-15,CHANNEL,residual_fare_increase_net,JO,IRB,13758,2447,17.79,2026-08-31 16:33:58.859 +0300
2026-07-15,CHANNEL,residual_fare_increase_net,JO,Others,1927,275,14.27,2026-08-31 16:33:58.859 +0300
2026-08-23,CAUSE_MIX,withinA_at_dest,SA,Total,38646,3104,8.03,2026-08-31 16:33:58.859 +0300
2026-08-23,CAUSE_MIX,withinA_not_dest,SA,Total,38646,1567,4.05,2026-08-31 16:33:58.859 +0300
2026-08-23,CAUSE_MIX,withinB_at_dest,SA,Total,38646,5798,15.00,2026-08-31 16:33:58.859 +0300
2026-08-23,CAUSE_MIX,withinB_not_dest,SA,Total,38646,2232,5.78,2026-08-31 16:33:58.859 +0300
2026-08-23,CHANNEL,cumulative_price_shocks_net,SA,DMM,6871,2210,32.16,2026-08-31 16:33:58.859 +0300
2026-08-23,CHANNEL,cumulative_price_shocks_net,SA,JED,27632,9131,33.05,2026-08-31 16:33:58.859 +0300
2026-08-23,CHANNEL,cumulative_price_shocks_net,SA,MAD,9827,3243,33.00,2026-08-31 16:33:58.859 +0300
2026-08-23,CHANNEL,cumulative_price_shocks_net,SA,MEC,5081,1837,36.15,2026-08-31 16:33:58.859 +0300
2026-08-23,CHANNEL,cumulative_price_shocks_net,SA,Others,12193,4329,35.50,2026-08-31 16:33:58.859 +0300
2026-08-23,CHANNEL,cumulative_price_shocks_net,SA,RUH,37764,11253,29.80,2026-08-31 16:33:58.859 +0300
2026-08-23,CHANNEL,cumulative_price_shocks_net,SA,Total,99368,32003,32.21,2026-08-31 16:33:58.859 +0300
2026-08-23,CHANNEL,pd_mismatch,SA,DMM,6871,0,0.00,2026-08-31 16:33:58.859 +0300
2026-08-23,CHANNEL,pd_mismatch,SA,JED,27632,0,0.00,2026-08-31 16:33:58.859 +0300
2026-08-23,CHANNEL,pd_mismatch,SA,MAD,9827,0,0.00,2026-08-31 16:33:58.859 +0300
2026-08-23,CHANNEL,pd_mismatch,SA,MEC,5081,0,0.00,2026-08-31 16:33:58.859 +0300
2026-08-23,CHANNEL,pd_mismatch,SA,Others,12193,1,0.01,2026-08-31 16:33:58.859 +0300
2026-08-23,CHANNEL,pd_mismatch,SA,RUH,37764,0,0.00,2026-08-31 16:33:58.859 +0300
2026-08-23,CHANNEL,pd_mismatch,SA,Total,99368,1,0.00,2026-08-31 16:33:58.859 +0300
2026-08-23,CHANNEL,pickup_mismatch,SA,DMM,6871,2,0.03,2026-08-31 16:33:58.859 +0300
2026-08-23,CHANNEL,pickup_mismatch,SA,JED,27632,0,0.00,2026-08-31 16:33:58.859 +0300
2026-08-23,CHANNEL,pickup_mismatch,SA,MAD,9827,0,0.00,2026-08-31 16:33:58.859 +0300
2026-08-23,CHANNEL,pickup_mismatch,SA,MEC,5081,0,0.00,2026-08-31 16:33:58.859 +0300
2026-08-23,CHANNEL,pickup_mismatch,SA,Others,12193,0,0.00,2026-08-31 16:33:58.859 +0300
2026-08-23,CHANNEL,pickup_mismatch,SA,RUH,37764,0,0.00,2026-08-31 16:33:58.859 +0300
2026-08-23,CHANNEL,pickup_mismatch,SA,Total,99368,2,0.00,2026-08-31 16:33:58.859 +0300
2026-08-23,CHANNEL,residual_fare_increase_net,SA,DMM,6871,1066,15.51,2026-08-31 16:33:58.859 +0300
2026-08-23,CHANNEL,residual_fare_increase_net,SA,JED,27632,3893,14.09,2026-08-31 16:33:58.859 +0300
2026-08-23,CHANNEL,residual_fare_increase_net,SA,MAD,9827,1525,15.52,2026-08-31 16:33:58.859 +0300
2026-08-23,CHANNEL,residual_fare_increase_net,SA,MEC,5081,762,15.00,2026-08-31 16:33:58.859 +0300
2026-08-23,CHANNEL,residual_fare_increase_net,SA,Others,12193,2136,17.52,2026-08-31 16:33:58.859 +0300
2026-08-23,CHANNEL,residual_fare_increase_net,SA,RUH,37764,4597,12.17,2026-08-31 16:33:58.859 +0300
2026-08-23,CHANNEL,residual_fare_increase_net,SA,Total,99368,13979,14.07,2026-08-31 16:33:58.859 +0300
2026-08-23,CHANNEL,rounding_error,SA,DMM,6871,105,1.53,2026-08-31 16:33:58.859 +0300
2026-08-23,CHANNEL,rounding_error,SA,JED,27632,746,2.70,2026-08-31 16:33:58.859 +0300
2026-08-23,CHANNEL,rounding_error,SA,MAD,9827,242,2.46,2026-08-31 16:33:58.859 +0300
2026-08-23,CHANNEL,rounding_error,SA,MEC,5081,107,2.11,2026-08-31 16:33:58.859 +0300
2026-08-23,CHANNEL,rounding_error,SA,Others,12193,230,1.89,2026-08-31 16:33:58.859 +0300
2026-08-23,CHANNEL,rounding_error,SA,RUH,37764,900,2.38,2026-08-31 16:33:58.859 +0300
2026-08-23,CHANNEL,rounding_error,SA,Total,99368,2330,2.34,2026-08-31 16:33:58.859 +0300
2026-08-23,CHANNEL,spillover_recovery,SA,DMM,6871,328,4.77,2026-08-31 16:33:58.859 +0300
2026-08-23,CHANNEL,spillover_recovery,SA,JED,27632,2365,8.56,2026-08-31 16:33:58.859 +0300
2026-08-23,CHANNEL,spillover_recovery,SA,MAD,9827,629,6.40,2026-08-31 16:33:58.859 +0300
2026-08-23,CHANNEL,spillover_recovery,SA,MEC,5081,342,6.73,2026-08-31 16:33:58.859 +0300
2026-08-23,CHANNEL,spillover_recovery,SA,Others,12193,593,4.86,2026-08-31 16:33:58.859 +0300
2026-08-23,CHANNEL,spillover_recovery,SA,RUH,37764,2890,7.65,2026-08-31 16:33:58.859 +0300
2026-08-23,CHANNEL,spillover_recovery,SA,Total,99368,7147,7.19,2026-08-31 16:33:58.859 +0300
2026-08-23,CHANNEL,surcharge_mismatch,SA,DMM,6871,87,1.27,2026-08-31 16:33:58.859 +0300
2026-08-23,CHANNEL,surcharge_mismatch,SA,JED,27632,739,2.67,2026-08-31 16:33:58.859 +0300
2026-08-23,CHANNEL,surcharge_mismatch,SA,MAD,9827,120,1.22,2026-08-31 16:33:58.859 +0300
2026-08-23,CHANNEL,surcharge_mismatch,SA,MEC,5081,45,0.89,2026-08-31 16:33:58.859 +0300
2026-08-23,CHANNEL,surcharge_mismatch,SA,Others,12193,146,1.20,2026-08-31 16:33:58.859 +0300
2026-08-23,CHANNEL,surcharge_mismatch,SA,RUH,37764,609,1.61,2026-08-31 16:33:58.859 +0300
2026-08-23,CHANNEL,surcharge_mismatch,SA,Total,99368,1746,1.76,2026-08-31 16:33:58.859 +0300
2026-08-23,CHANNEL,surge_mismatch,SA,DMM,6871,3,0.04,2026-08-31 16:33:58.859 +0300
2026-08-23,CHANNEL,surge_mismatch,SA,JED,27632,10,0.04,2026-08-31 16:33:58.859 +0300
2026-08-23,CHANNEL,surge_mismatch,SA,MAD,9827,7,0.07,2026-08-31 16:33:58.859 +0300
2026-08-23,CHANNEL,surge_mismatch,SA,MEC,5081,4,0.08,2026-08-31 16:33:58.859 +0300
2026-08-23,CHANNEL,surge_mismatch,SA,Others,12193,0,0.00,2026-08-31 16:33:58.859 +0300
2026-08-23,CHANNEL,surge_mismatch,SA,RUH,37764,39,0.10,2026-08-31 16:33:58.859 +0300
2026-08-23,CHANNEL,surge_mismatch,SA,Total,99368,63,0.06,2026-08-31 16:33:58.859 +0300
2026-08-23,SCENARIO,beyondB,SA,DMM,6871,3,0.04,2026-08-31 16:33:58.859 +0300
2026-08-23,SCENARIO,beyondB,SA,JED,27632,10,0.04,2026-08-31 16:33:58.859 +0300
2026-08-23,SCENARIO,beyondB,SA,MAD,9827,2,0.02,2026-08-31 16:33:58.859 +0300
2026-08-23,SCENARIO,beyondB,SA,MEC,5081,0,0.00,2026-08-31 16:33:58.859 +0300
2026-08-23,SCENARIO,beyondB,SA,Others,12193,9,0.07,2026-08-31 16:33:58.859 +0300
2026-08-23,SCENARIO,beyondB,SA,RUH,37764,23,0.06,2026-08-31 16:33:58.859 +0300
2026-08-23,SCENARIO,beyondB,SA,Total,99368,47,0.05,2026-08-31 16:33:58.859 +0300
2026-08-23,SCENARIO,withinA_at_dest,SA,DMM,6871,1163,16.93,2026-08-31 16:33:58.859 +0300
2026-08-23,SCENARIO,withinA_at_dest,SA,JED,27632,5363,19.41,2026-08-31 16:33:58.859 +0300
2026-08-23,SCENARIO,withinA_at_dest,SA,MAD,9827,1737,17.68,2026-08-31 16:33:58.859 +0300
2026-08-23,SCENARIO,withinA_at_dest,SA,MEC,5081,1069,21.04,2026-08-31 16:33:58.859 +0300
2026-08-23,SCENARIO,withinA_at_dest,SA,Others,12193,2188,17.94,2026-08-31 16:33:58.859 +0300
2026-08-23,SCENARIO,withinA_at_dest,SA,RUH,37764,7055,18.68,2026-08-31 16:33:58.859 +0300
2026-08-23,SCENARIO,withinA_at_dest,SA,Total,99368,18575,18.69,2026-08-31 16:33:58.859 +0300
2026-08-23,SCENARIO,withinA_not_dest,SA,DMM,6871,150,2.18,2026-08-31 16:33:58.859 +0300
2026-08-23,SCENARIO,withinA_not_dest,SA,JED,27632,540,1.95,2026-08-31 16:33:58.859 +0300
2026-08-23,SCENARIO,withinA_not_dest,SA,MAD,9827,353,3.59,2026-08-31 16:33:58.859 +0300
2026-08-23,SCENARIO,withinA_not_dest,SA,MEC,5081,130,2.56,2026-08-31 16:33:58.859 +0300
2026-08-23,SCENARIO,withinA_not_dest,SA,Others,12193,433,3.55,2026-08-31 16:33:58.859 +0300
2026-08-23,SCENARIO,withinA_not_dest,SA,RUH,37764,832,2.20,2026-08-31 16:33:58.859 +0300
2026-08-23,SCENARIO,withinA_not_dest,SA,Total,99368,2438,2.45,2026-08-31 16:33:58.859 +0300
2026-08-23,SCENARIO,withinB_at_dest,SA,DMM,6871,698,10.16,2026-08-31 16:33:58.859 +0300
2026-08-23,SCENARIO,withinB_at_dest,SA,JED,27632,2541,9.20,2026-08-31 16:33:58.859 +0300
2026-08-23,SCENARIO,withinB_at_dest,SA,MAD,9827,798,8.12,2026-08-31 16:33:58.859 +0300
2026-08-23,SCENARIO,withinB_at_dest,SA,MEC,5081,466,9.17,2026-08-31 16:33:58.859 +0300
2026-08-23,SCENARIO,withinB_at_dest,SA,Others,12193,1053,8.64,2026-08-31 16:33:58.859 +0300
2026-08-23,SCENARIO,withinB_at_dest,SA,RUH,37764,2227,5.90,2026-08-31 16:33:58.859 +0300
2026-08-23,SCENARIO,withinB_at_dest,SA,Total,99368,7783,7.83,2026-08-31 16:33:58.859 +0300
2026-08-23,SCENARIO,withinB_not_dest,SA,DMM,6871,196,2.85,2026-08-31 16:33:58.859 +0300
2026-08-23,SCENARIO,withinB_not_dest,SA,JED,27632,677,2.45,2026-08-31 16:33:58.859 +0300
2026-08-23,SCENARIO,withinB_not_dest,SA,MAD,9827,353,3.59,2026-08-31 16:33:58.859 +0300
2026-08-23,SCENARIO,withinB_not_dest,SA,MEC,5081,172,3.39,2026-08-31 16:33:58.859 +0300
2026-08-23,SCENARIO,withinB_not_dest,SA,Others,12193,646,5.30,2026-08-31 16:33:58.859 +0300
2026-08-23,SCENARIO,withinB_not_dest,SA,RUH,37764,1116,2.96,2026-08-31 16:33:58.859 +0300
2026-08-23,SCENARIO,withinB_not_dest,SA,Total,99368,3160,3.18,2026-08-31 16:33:58.859 +0300
2026-08-24,CAUSE_MIX,beyondB,JO,Total,21319,39,0.18,2026-08-31 16:33:58.859 +0300
2026-08-24,CAUSE_MIX,previous_wallet_balance,JO,Total,21319,1084,5.08,2026-08-31 16:33:58.859 +0300
2026-08-24,CAUSE_MIX,surcharge_mismatch,JO,Total,21319,13,0.06,2026-08-31 16:33:58.859 +0300
2026-08-24,CAUSE_MIX,surge_mismatch,JO,Total,21319,10,0.05,2026-08-31 16:33:58.859 +0300
2026-08-24,CAUSE_MIX,waiting_time,JO,Total,21319,9794,45.94,2026-08-31 16:33:58.859 +0300
2026-08-24,CAUSE_MIX,withinA_at_dest,JO,Total,21319,1132,5.31,2026-08-31 16:33:58.859 +0300
2026-08-24,CAUSE_MIX,withinA_not_dest,JO,Total,21319,2640,12.38,2026-08-31 16:33:58.859 +0300
2026-08-24,CAUSE_MIX,withinB_at_dest,JO,Total,21319,4464,20.94,2026-08-31 16:33:58.859 +0300
2026-08-24,CAUSE_MIX,withinB_not_dest,JO,Total,21319,2143,10.05,2026-08-31 16:33:58.859 +0300
2026-08-24,CHANNEL,cumulative_price_shocks_net,JO,AMM,56801,12184,21.45,2026-08-31 16:33:58.859 +0300
2026-08-24,CHANNEL,cumulative_price_shocks_net,JO,IRB,14700,3900,26.53,2026-08-31 16:33:58.859 +0300
2026-08-24,CHANNEL,cumulative_price_shocks_net,JO,Others,2142,545,25.44,2026-08-31 16:33:58.859 +0300
2026-08-24,CHANNEL,cumulative_price_shocks_net,JO,Total,90968,20234,22.24,2026-08-31 16:33:58.859 +0300
2026-08-24,CHANNEL,cumulative_price_shocks_net,JO,ZRQ,17325,3605,20.81,2026-08-31 16:33:58.859 +0300
2026-08-24,CHANNEL,pd_mismatch,JO,AMM,56801,0,0.00,2026-08-31 16:33:58.859 +0300
2026-08-24,CHANNEL,pd_mismatch,JO,IRB,14700,0,0.00,2026-08-31 16:33:58.859 +0300
2026-08-24,CHANNEL,pd_mismatch,JO,Others,2142,0,0.00,2026-08-31 16:33:58.859 +0300
2026-08-24,CHANNEL,pd_mismatch,JO,Total,90968,0,0.00,2026-08-31 16:33:58.859 +0300
2026-08-24,CHANNEL,pd_mismatch,JO,ZRQ,17325,0,0.00,2026-08-31 16:33:58.859 +0300
2026-08-24,CHANNEL,pickup_mismatch,JO,AMM,56801,0,0.00,2026-08-31 16:33:58.859 +0300
2026-08-24,CHANNEL,pickup_mismatch,JO,IRB,14700,0,0.00,2026-08-31 16:33:58.859 +0300
2026-08-24,CHANNEL,pickup_mismatch,JO,Others,2142,1,0.05,2026-08-31 16:33:58.859 +0300
2026-08-24,CHANNEL,pickup_mismatch,JO,Total,90968,2,0.00,2026-08-31 16:33:58.859 +0300
2026-08-24,CHANNEL,pickup_mismatch,JO,ZRQ,17325,1,0.01,2026-08-31 16:33:58.859 +0300
2026-08-24,CHANNEL,residual_fare_increase_net,JO,AMM,56801,6083,10.71,2026-08-31 16:33:58.859 +0300
2026-08-24,CHANNEL,residual_fare_increase_net,JO,IRB,14700,2440,16.60,2026-08-31 16:33:58.859 +0300
2026-08-24,CHANNEL,residual_fare_increase_net,JO,Others,2142,320,14.94,2026-08-31 16:33:58.859 +0300
2026-08-24,CHANNEL,residual_fare_increase_net,JO,Total,90968,10826,11.90,2026-08-31 16:33:58.859 +0300
2026-08-24,CHANNEL,residual_fare_increase_net,JO,ZRQ,17325,1983,11.45,2026-08-31 16:33:58.859 +0300
2026-08-24,CHANNEL,rounding_error,JO,AMM,56801,669,1.18,2026-08-31 16:33:58.859 +0300
2026-08-24,CHANNEL,rounding_error,JO,IRB,14700,164,1.12,2026-08-31 16:33:58.859 +0300
2026-08-24,CHANNEL,rounding_error,JO,Others,2142,23,1.07,2026-08-31 16:33:58.859 +0300
2026-08-24,CHANNEL,rounding_error,JO,Total,90968,1036,1.14,2026-08-31 16:33:58.859 +0300
2026-08-24,CHANNEL,rounding_error,JO,ZRQ,17325,180,1.04,2026-08-31 16:33:58.859 +0300
2026-08-24,CHANNEL,spillover_recovery,JO,AMM,56801,910,1.60,2026-08-31 16:33:58.859 +0300
2026-08-24,CHANNEL,spillover_recovery,JO,IRB,14700,174,1.18,2026-08-31 16:33:58.859 +0300
2026-08-24,CHANNEL,spillover_recovery,JO,Others,2142,9,0.42,2026-08-31 16:33:58.859 +0300
2026-08-24,CHANNEL,spillover_recovery,JO,Total,90968,1169,1.29,2026-08-31 16:33:58.859 +0300
2026-08-24,CHANNEL,spillover_recovery,JO,ZRQ,17325,76,0.44,2026-08-31 16:33:58.859 +0300
2026-08-24,CHANNEL,surcharge_mismatch,JO,AMM,56801,20,0.04,2026-08-31 16:33:58.859 +0300
2026-08-24,CHANNEL,surcharge_mismatch,JO,IRB,14700,0,0.00,2026-08-31 16:33:58.859 +0300
2026-08-24,CHANNEL,surcharge_mismatch,JO,Others,2142,2,0.09,2026-08-31 16:33:58.859 +0300
2026-08-24,CHANNEL,surcharge_mismatch,JO,Total,90968,28,0.03,2026-08-31 16:33:58.859 +0300
2026-08-24,CHANNEL,surcharge_mismatch,JO,ZRQ,17325,6,0.03,2026-08-31 16:33:58.859 +0300
2026-08-24,CHANNEL,surge_mismatch,JO,AMM,56801,21,0.04,2026-08-31 16:33:58.859 +0300
2026-08-24,CHANNEL,surge_mismatch,JO,IRB,14700,0,0.00,2026-08-31 16:33:58.859 +0300
2026-08-24,CHANNEL,surge_mismatch,JO,Others,2142,0,0.00,2026-08-31 16:33:58.859 +0300
2026-08-24,CHANNEL,surge_mismatch,JO,Total,90968,21,0.02,2026-08-31 16:33:58.859 +0300
2026-08-24,CHANNEL,surge_mismatch,JO,ZRQ,17325,0,0.00,2026-08-31 16:33:58.859 +0300
2026-08-24,SCENARIO,beyondB,JO,AMM,56801,27,0.05,2026-08-31 16:33:58.859 +0300
2026-08-24,SCENARIO,beyondB,JO,IRB,14700,8,0.05,2026-08-31 16:33:58.859 +0300
2026-08-24,SCENARIO,beyondB,JO,Others,2142,1,0.05,2026-08-31 16:33:58.859 +0300
2026-08-24,SCENARIO,beyondB,JO,Total,90968,44,0.05,2026-08-31 16:33:58.859 +0300
2026-08-24,SCENARIO,beyondB,JO,ZRQ,17325,8,0.05,2026-08-31 16:33:58.859 +0300
2026-08-24,SCENARIO,withinA_at_dest,JO,AMM,56801,6004,10.57,2026-08-31 16:33:58.859 +0300
2026-08-24,SCENARIO,withinA_at_dest,JO,IRB,14700,1390,9.46,2026-08-31 16:33:58.859 +0300
2026-08-24,SCENARIO,withinA_at_dest,JO,Others,2142,217,10.13,2026-08-31 16:33:58.859 +0300
2026-08-24,SCENARIO,withinA_at_dest,JO,Total,90968,9196,10.11,2026-08-31 16:33:58.859 +0300
2026-08-24,SCENARIO,withinA_at_dest,JO,ZRQ,17325,1585,9.15,2026-08-31 16:33:58.859 +0300
2026-08-24,SCENARIO,withinA_not_dest,JO,AMM,56801,1705,3.00,2026-08-31 16:33:58.859 +0300
2026-08-24,SCENARIO,withinA_not_dest,JO,IRB,14700,928,6.31,2026-08-31 16:33:58.859 +0300
2026-08-24,SCENARIO,withinA_not_dest,JO,Others,2142,86,4.01,2026-08-31 16:33:58.859 +0300
2026-08-24,SCENARIO,withinA_not_dest,JO,Total,90968,3266,3.59,2026-08-31 16:33:58.859 +0300
2026-08-24,SCENARIO,withinA_not_dest,JO,ZRQ,17325,547,3.16,2026-08-31 16:33:58.859 +0300
2026-08-24,SCENARIO,withinB_at_dest,JO,AMM,56801,3041,5.35,2026-08-31 16:33:58.859 +0300
2026-08-24,SCENARIO,withinB_at_dest,JO,IRB,14700,961,6.54,2026-08-31 16:33:58.859 +0300
2026-08-24,SCENARIO,withinB_at_dest,JO,Others,2142,160,7.47,2026-08-31 16:33:58.859 +0300
2026-08-24,SCENARIO,withinB_at_dest,JO,Total,90968,5196,5.71,2026-08-31 16:33:58.859 +0300
2026-08-24,SCENARIO,withinB_at_dest,JO,ZRQ,17325,1034,5.97,2026-08-31 16:33:58.859 +0300
2026-08-24,SCENARIO,withinB_not_dest,JO,AMM,56801,1407,2.48,2026-08-31 16:33:58.859 +0300
2026-08-24,SCENARIO,withinB_not_dest,JO,IRB,14700,613,4.17,2026-08-31 16:33:58.859 +0300
2026-08-24,SCENARIO,withinB_not_dest,JO,Others,2142,81,3.78,2026-08-31 16:33:58.859 +0300
2026-07-15,CHANNEL,residual_fare_increase_net,JO,Total,87433,13422,15.35,2026-08-31 16:33:58.859 +0300
2026-07-15,CHANNEL,residual_fare_increase_net,JO,ZRQ,17032,1973,11.58,2026-08-31 16:33:58.859 +0300
2026-07-15,CHANNEL,rounding_error,JO,AMM,54716,601,1.10,2026-08-31 16:33:58.859 +0300
2026-07-15,CHANNEL,rounding_error,JO,IRB,13758,171,1.24,2026-08-31 16:33:58.859 +0300
2026-07-15,CHANNEL,rounding_error,JO,Others,1927,22,1.14,2026-08-31 16:33:58.859 +0300
2026-07-15,CHANNEL,rounding_error,JO,Total,87433,987,1.13,2026-08-31 16:33:58.859 +0300
2026-07-15,CHANNEL,rounding_error,JO,ZRQ,17032,193,1.13,2026-08-31 16:33:58.859 +0300
2026-07-15,CHANNEL,spillover_recovery,JO,AMM,54716,1121,2.05,2026-08-31 16:33:58.859 +0300
2026-07-15,CHANNEL,spillover_recovery,JO,IRB,13758,154,1.12,2026-08-31 16:33:58.859 +0300
2026-07-15,CHANNEL,spillover_recovery,JO,Others,1927,10,0.52,2026-08-31 16:33:58.859 +0300
2026-07-15,CHANNEL,spillover_recovery,JO,Total,87433,1366,1.56,2026-08-31 16:33:58.859 +0300
2026-07-15,CHANNEL,spillover_recovery,JO,ZRQ,17032,81,0.48,2026-08-31 16:33:58.859 +0300
2026-07-15,CHANNEL,surcharge_mismatch,JO,AMM,54716,14,0.03,2026-08-31 16:33:58.859 +0300
2026-07-15,CHANNEL,surcharge_mismatch,JO,IRB,13758,0,0.00,2026-08-31 16:33:58.859 +0300
2026-07-15,CHANNEL,surcharge_mismatch,JO,Others,1927,1,0.05,2026-08-31 16:33:58.859 +0300
2026-07-15,CHANNEL,surcharge_mismatch,JO,Total,87433,18,0.02,2026-08-31 16:33:58.859 +0300
2026-07-15,CHANNEL,surcharge_mismatch,JO,ZRQ,17032,3,0.02,2026-08-31 16:33:58.859 +0300
2026-07-15,CHANNEL,surge_mismatch,JO,AMM,54716,14,0.03,2026-08-31 16:33:58.859 +0300
2026-07-15,CHANNEL,surge_mismatch,JO,IRB,13758,0,0.00,2026-08-31 16:33:58.859 +0300
2026-07-15,CHANNEL,surge_mismatch,JO,Others,1927,0,0.00,2026-08-31 16:33:58.859 +0300
2026-07-15,CHANNEL,surge_mismatch,JO,Total,87433,15,0.02,2026-08-31 16:33:58.859 +0300
2026-07-15,CHANNEL,surge_mismatch,JO,ZRQ,17032,1,0.01,2026-08-31 16:33:58.859 +0300
2026-07-15,SCENARIO,beyondB,JO,AMM,54716,50,0.09,2026-08-31 16:33:58.859 +0300
2026-07-15,SCENARIO,beyondB,JO,IRB,13758,16,0.12,2026-08-31 16:33:58.859 +0300
2026-07-15,SCENARIO,beyondB,JO,Others,1927,3,0.16,2026-08-31 16:33:58.859 +0300
2026-07-15,SCENARIO,beyondB,JO,Total,87433,73,0.08,2026-08-31 16:33:58.859 +0300
2026-07-15,SCENARIO,beyondB,JO,ZRQ,17032,4,0.02,2026-08-31 16:33:58.859 +0300
2026-07-15,SCENARIO,withinA_at_dest,JO,AMM,54716,5093,9.31,2026-08-31 16:33:58.859 +0300
2026-07-15,SCENARIO,withinA_at_dest,JO,IRB,13758,1329,9.66,2026-08-31 16:33:58.859 +0300
2026-07-15,SCENARIO,withinA_at_dest,JO,Others,1927,206,10.69,2026-08-31 16:33:58.859 +0300
2026-07-15,SCENARIO,withinA_at_dest,JO,Total,87433,8248,9.43,2026-08-31 16:33:58.859 +0300
2026-07-15,SCENARIO,withinA_at_dest,JO,ZRQ,17032,1620,9.51,2026-08-31 16:33:58.859 +0300
2026-07-15,SCENARIO,withinA_not_dest,JO,AMM,54716,1617,2.96,2026-08-31 16:33:58.859 +0300
2026-07-15,SCENARIO,withinA_not_dest,JO,IRB,13758,1020,7.41,2026-08-31 16:33:58.859 +0300
2026-07-15,SCENARIO,withinA_not_dest,JO,Others,1927,88,4.57,2026-08-31 16:33:58.859 +0300
2026-07-15,SCENARIO,withinA_not_dest,JO,Total,87433,3338,3.82,2026-08-31 16:33:58.859 +0300
2026-07-15,SCENARIO,withinA_not_dest,JO,ZRQ,17032,613,3.60,2026-08-31 16:33:58.859 +0300
2026-07-15,SCENARIO,withinB_at_dest,JO,AMM,54716,5545,10.13,2026-08-31 16:33:58.859 +0300
2026-07-15,SCENARIO,withinB_at_dest,JO,IRB,13758,907,6.59,2026-08-31 16:33:58.859 +0300
2026-07-15,SCENARIO,withinB_at_dest,JO,Others,1927,121,6.28,2026-08-31 16:33:58.859 +0300
2026-07-15,SCENARIO,withinB_at_dest,JO,Total,87433,7545,8.63,2026-08-31 16:33:58.859 +0300
2026-07-15,SCENARIO,withinB_at_dest,JO,ZRQ,17032,972,5.71,2026-08-31 16:33:58.859 +0300
2026-07-15,SCENARIO,withinB_not_dest,JO,AMM,54716,1594,2.91,2026-08-31 16:33:58.859 +0300
2026-07-15,SCENARIO,withinB_not_dest,JO,IRB,13758,573,4.16,2026-08-31 16:33:58.859 +0300
2026-07-15,SCENARIO,withinB_not_dest,JO,Others,1927,72,3.74,2026-08-31 16:33:58.859 +0300
2026-07-15,SCENARIO,withinB_not_dest,JO,Total,87433,2672,3.06,2026-08-31 16:33:58.859 +0300
2026-07-15,SCENARIO,withinB_not_dest,JO,ZRQ,17032,433,2.54,2026-08-31 16:33:58.859 +0300
2026-07-15,CAUSE_MIX,beyondB,SA,Total,42914,24,0.06,2026-08-31 16:33:58.859 +0300
2026-07-15,CAUSE_MIX,pickup_mismatch,SA,Total,42914,5,0.01,2026-08-31 16:33:58.859 +0300
2026-07-15,CAUSE_MIX,previous_wallet_balance,SA,Total,42914,7239,16.87,2026-08-31 16:33:58.859 +0300
2026-07-15,CAUSE_MIX,surcharge_mismatch,SA,Total,42914,713,1.66,2026-08-31 16:33:58.859 +0300
2026-07-15,CAUSE_MIX,surge_mismatch,SA,Total,42914,11,0.03,2026-08-31 16:33:58.859 +0300
2026-07-15,CAUSE_MIX,waiting_time,SA,Total,42914,20167,46.99,2026-08-31 16:33:58.859 +0300
2026-07-15,CAUSE_MIX,withinA_at_dest,SA,Total,42914,3129,7.29,2026-08-31 16:33:58.859 +0300
2026-07-15,CAUSE_MIX,withinA_not_dest,SA,Total,42914,1683,3.92,2026-08-31 16:33:58.859 +0300
2026-07-15,CAUSE_MIX,withinB_at_dest,SA,Total,42914,7474,17.42,2026-08-31 16:33:58.859 +0300
2026-07-15,CAUSE_MIX,withinB_not_dest,SA,Total,42914,2469,5.75,2026-08-31 16:33:58.859 +0300
2026-07-15,CHANNEL,cumulative_price_shocks_net,SA,DMM,6160,2006,32.56,2026-08-31 16:33:58.859 +0300
2026-07-15,CHANNEL,cumulative_price_shocks_net,SA,JED,30034,10755,35.81,2026-08-31 16:33:58.859 +0300
2026-07-15,CHANNEL,cumulative_price_shocks_net,SA,MAD,10610,3571,33.66,2026-08-31 16:33:58.859 +0300
2026-07-15,CHANNEL,cumulative_price_shocks_net,SA,MEC,5397,2095,38.82,2026-08-31 16:33:58.859 +0300
2026-07-15,CHANNEL,cumulative_price_shocks_net,SA,Others,11198,4088,36.51,2026-08-31 16:33:58.859 +0300
2026-07-15,CHANNEL,cumulative_price_shocks_net,SA,RUH,40577,12999,32.04,2026-08-31 16:33:58.859 +0300
2026-07-15,CHANNEL,cumulative_price_shocks_net,SA,Total,103976,35514,34.16,2026-08-31 16:33:58.859 +0300
2026-07-15,CHANNEL,pd_mismatch,SA,DMM,6160,0,0.00,2026-08-31 16:33:58.859 +0300
2026-07-15,CHANNEL,pd_mismatch,SA,JED,30034,0,0.00,2026-08-31 16:33:58.859 +0300
2026-07-15,CHANNEL,pd_mismatch,SA,MAD,10610,1,0.01,2026-08-31 16:33:58.859 +0300
2026-07-15,CHANNEL,pd_mismatch,SA,MEC,5397,0,0.00,2026-08-31 16:33:58.859 +0300
2026-07-15,CHANNEL,pd_mismatch,SA,Others,11198,4,0.04,2026-08-31 16:33:58.859 +0300
2026-07-15,CHANNEL,pd_mismatch,SA,RUH,40577,1,0.00,2026-08-31 16:33:58.859 +0300
2026-07-15,CHANNEL,pd_mismatch,SA,Total,103976,6,0.01,2026-08-31 16:33:58.859 +0300
2026-07-15,CHANNEL,pickup_mismatch,SA,DMM,6160,2,0.03,2026-08-31 16:33:58.859 +0300
2026-07-15,CHANNEL,pickup_mismatch,SA,JED,30034,0,0.00,2026-08-31 16:33:58.859 +0300
2026-07-15,CHANNEL,pickup_mismatch,SA,MAD,10610,1,0.01,2026-08-31 16:33:58.859 +0300
2026-07-15,CHANNEL,pickup_mismatch,SA,MEC,5397,0,0.00,2026-08-31 16:33:58.859 +0300
2026-07-15,CHANNEL,pickup_mismatch,SA,Others,11198,2,0.02,2026-08-31 16:33:58.859 +0300
2026-07-15,CHANNEL,pickup_mismatch,SA,RUH,40577,1,0.00,2026-08-31 16:33:58.859 +0300
2026-07-15,CHANNEL,pickup_mismatch,SA,Total,103976,6,0.01,2026-08-31 16:33:58.859 +0300
2026-07-15,CHANNEL,residual_fare_increase_net,SA,DMM,6160,989,16.06,2026-08-31 16:33:58.859 +0300
2026-07-15,CHANNEL,residual_fare_increase_net,SA,JED,30034,4963,16.52,2026-08-31 16:33:58.859 +0300
2026-07-15,CHANNEL,residual_fare_increase_net,SA,MAD,10610,1694,15.97,2026-08-31 16:33:58.859 +0300
2026-07-15,CHANNEL,residual_fare_increase_net,SA,MEC,5397,887,16.44,2026-08-31 16:33:58.859 +0300
2026-07-15,CHANNEL,residual_fare_increase_net,SA,Others,11198,2128,19.00,2026-08-31 16:33:58.859 +0300
2026-07-15,CHANNEL,residual_fare_increase_net,SA,RUH,40577,6385,15.74,2026-08-31 16:33:58.859 +0300
2026-07-15,CHANNEL,residual_fare_increase_net,SA,Total,103976,17046,16.39,2026-08-31 16:33:58.859 +0300
2026-07-15,CHANNEL,rounding_error,SA,DMM,6160,109,1.77,2026-08-31 16:33:58.859 +0300
2026-07-15,CHANNEL,rounding_error,SA,JED,30034,780,2.60,2026-08-31 16:33:58.859 +0300
2026-07-15,CHANNEL,rounding_error,SA,MAD,10610,331,3.12,2026-08-31 16:33:58.859 +0300
2026-07-15,CHANNEL,rounding_error,SA,MEC,5397,106,1.96,2026-08-31 16:33:58.859 +0300
2026-07-15,CHANNEL,rounding_error,SA,Others,11198,237,2.12,2026-08-31 16:33:58.859 +0300
2026-07-15,CHANNEL,rounding_error,SA,RUH,40577,936,2.31,2026-08-31 16:33:58.859 +0300
2026-07-15,CHANNEL,rounding_error,SA,Total,103976,2499,2.40,2026-08-31 16:33:58.859 +0300
2026-07-15,CHANNEL,spillover_recovery,SA,DMM,6160,329,5.34,2026-08-31 16:33:58.859 +0300
2026-07-15,CHANNEL,spillover_recovery,SA,JED,30034,2632,8.76,2026-08-31 16:33:58.859 +0300
2026-07-15,CHANNEL,spillover_recovery,SA,MAD,10610,719,6.78,2026-08-31 16:33:58.859 +0300
2026-07-15,CHANNEL,spillover_recovery,SA,MEC,5397,382,7.08,2026-08-31 16:33:58.859 +0300
2026-07-15,CHANNEL,spillover_recovery,SA,Others,11198,595,5.31,2026-08-31 16:33:58.859 +0300
2026-07-15,CHANNEL,spillover_recovery,SA,RUH,40577,3268,8.05,2026-08-31 16:33:58.859 +0300
2026-07-15,CHANNEL,spillover_recovery,SA,Total,103976,7925,7.62,2026-08-31 16:33:58.859 +0300
2026-07-15,CHANNEL,surcharge_mismatch,SA,DMM,6160,82,1.33,2026-08-31 16:33:58.859 +0300
2026-07-15,CHANNEL,surcharge_mismatch,SA,JED,30034,696,2.32,2026-08-31 16:33:58.859 +0300
2026-07-15,CHANNEL,surcharge_mismatch,SA,MAD,10610,162,1.53,2026-08-31 16:33:58.859 +0300
2026-07-15,CHANNEL,surcharge_mismatch,SA,MEC,5397,45,0.83,2026-08-31 16:33:58.859 +0300
2026-07-15,CHANNEL,surcharge_mismatch,SA,Others,11198,153,1.37,2026-08-31 16:33:58.859 +0300
2026-07-15,CHANNEL,surcharge_mismatch,SA,RUH,40577,635,1.56,2026-08-31 16:33:58.859 +0300
2026-07-15,CHANNEL,surcharge_mismatch,SA,Total,103976,1773,1.71,2026-08-31 16:33:58.859 +0300
2026-07-15,CHANNEL,surge_mismatch,SA,DMM,6160,2,0.03,2026-08-31 16:33:58.859 +0300
2026-07-15,CHANNEL,surge_mismatch,SA,JED,30034,1,0.00,2026-08-31 16:33:58.859 +0300
2026-07-15,CHANNEL,surge_mismatch,SA,MAD,10610,9,0.08,2026-08-31 16:33:58.859 +0300
2026-07-15,CHANNEL,surge_mismatch,SA,MEC,5397,0,0.00,2026-08-31 16:33:58.859 +0300
2026-07-15,CHANNEL,surge_mismatch,SA,Others,11198,0,0.00,2026-08-31 16:33:58.859 +0300
2026-07-15,CHANNEL,surge_mismatch,SA,RUH,40577,6,0.01,2026-08-31 16:33:58.859 +0300
2026-07-15,CHANNEL,surge_mismatch,SA,Total,103976,18,0.02,2026-08-31 16:33:58.859 +0300
2026-07-15,SCENARIO,beyondB,SA,DMM,6160,5,0.08,2026-08-31 16:33:58.859 +0300
2026-07-15,SCENARIO,beyondB,SA,JED,30034,6,0.02,2026-08-31 16:33:58.859 +0300
2026-07-15,SCENARIO,beyondB,SA,MAD,10610,2,0.02,2026-08-31 16:33:58.859 +0300
2026-07-15,SCENARIO,beyondB,SA,MEC,5397,2,0.04,2026-08-31 16:33:58.859 +0300
2026-07-15,SCENARIO,beyondB,SA,Others,11198,7,0.06,2026-08-31 16:33:58.859 +0300
2026-07-15,SCENARIO,beyondB,SA,RUH,40577,20,0.05,2026-08-31 16:33:58.859 +0300
2026-07-15,SCENARIO,beyondB,SA,Total,103976,42,0.04,2026-08-31 16:33:58.859 +0300
2026-07-15,SCENARIO,withinA_at_dest,SA,DMM,6160,1057,17.16,2026-08-31 16:33:58.859 +0300
2026-07-15,SCENARIO,withinA_at_dest,SA,JED,30034,6045,20.13,2026-08-31 16:33:58.859 +0300
2026-07-15,SCENARIO,withinA_at_dest,SA,MAD,10610,1932,18.21,2026-08-31 16:33:58.859 +0300
2026-07-15,SCENARIO,withinA_at_dest,SA,MEC,5397,1219,22.59,2026-08-31 16:33:58.859 +0300
2026-07-15,SCENARIO,withinA_at_dest,SA,Others,11198,1954,17.45,2026-08-31 16:33:58.859 +0300
2026-07-15,SCENARIO,withinA_at_dest,SA,RUH,40577,7122,17.55,2026-08-31 16:33:58.859 +0300
2026-07-15,SCENARIO,withinA_at_dest,SA,Total,103976,19329,18.59,2026-08-31 16:33:58.859 +0300
2026-07-15,SCENARIO,withinA_not_dest,SA,DMM,6160,164,2.66,2026-08-31 16:33:58.859 +0300
2026-07-15,SCENARIO,withinA_not_dest,SA,JED,30034,587,1.95,2026-08-31 16:33:58.859 +0300
2026-07-15,SCENARIO,withinA_not_dest,SA,MAD,10610,413,3.89,2026-08-31 16:33:58.859 +0300
2026-07-15,SCENARIO,withinA_not_dest,SA,MEC,5397,144,2.67,2026-08-31 16:33:58.859 +0300
2026-07-15,SCENARIO,withinA_not_dest,SA,Others,11198,423,3.78,2026-08-31 16:33:58.859 +0300
2026-07-15,SCENARIO,withinA_not_dest,SA,RUH,40577,917,2.26,2026-08-31 16:33:58.859 +0300
2026-07-15,SCENARIO,withinA_not_dest,SA,Total,103976,2648,2.55,2026-08-31 16:33:58.859 +0300
2026-07-15,SCENARIO,withinB_at_dest,SA,DMM,6160,597,9.69,2026-08-31 16:33:58.859 +0300
2026-07-15,SCENARIO,withinB_at_dest,SA,JED,30034,3243,10.80,2026-08-31 16:33:58.859 +0300
2026-07-15,SCENARIO,withinB_at_dest,SA,MAD,10610,882,8.31,2026-08-31 16:33:58.859 +0300
2026-07-15,SCENARIO,withinB_at_dest,SA,MEC,5397,523,9.69,2026-08-31 16:33:58.859 +0300
2026-07-15,SCENARIO,withinB_at_dest,SA,Others,11198,1066,9.52,2026-08-31 16:33:58.859 +0300
2026-07-15,SCENARIO,withinB_at_dest,SA,RUH,40577,3720,9.17,2026-08-31 16:33:58.859 +0300
2026-07-15,SCENARIO,withinB_at_dest,SA,Total,103976,10031,9.65,2026-08-31 16:33:58.859 +0300
2026-07-15,SCENARIO,withinB_not_dest,SA,DMM,6160,183,2.97,2026-08-31 16:33:58.859 +0300
2026-07-15,SCENARIO,withinB_not_dest,SA,JED,30034,874,2.91,2026-08-31 16:33:58.859 +0300
2026-07-15,SCENARIO,withinB_not_dest,SA,MAD,10610,342,3.22,2026-08-31 16:33:58.859 +0300
2026-07-15,SCENARIO,withinB_not_dest,SA,MEC,5397,207,3.84,2026-08-31 16:33:58.859 +0300
2026-07-15,SCENARIO,withinB_not_dest,SA,Others,11198,638,5.70,2026-08-31 16:33:58.859 +0300
2026-07-15,SCENARIO,withinB_not_dest,SA,RUH,40577,1220,3.01,2026-08-31 16:33:58.859 +0300
2026-07-15,SCENARIO,withinB_not_dest,SA,Total,103976,3464,3.33,2026-08-31 16:33:58.859 +0300
2026-07-16,CAUSE_MIX,beyondB,JO,Total,25669,59,0.23,2026-08-31 16:33:58.859 +0300
2026-07-16,CAUSE_MIX,pickup_mismatch,JO,Total,25669,1,0.00,2026-08-31 16:33:58.859 +0300
2026-07-16,CAUSE_MIX,previous_wallet_balance,JO,Total,25669,1424,5.55,2026-08-31 16:33:58.859 +0300
2026-07-16,CAUSE_MIX,surcharge_mismatch,JO,Total,25669,16,0.06,2026-08-31 16:33:58.859 +0300
2026-07-16,CAUSE_MIX,surge_mismatch,JO,Total,25669,3,0.01,2026-08-31 16:33:58.859 +0300
2026-07-16,CAUSE_MIX,waiting_time,JO,Total,25669,9992,38.93,2026-08-31 16:33:58.859 +0300
2026-07-16,CAUSE_MIX,withinA_at_dest,JO,Total,25669,1090,4.25,2026-08-31 16:33:58.859 +0300
2026-07-16,CAUSE_MIX,withinA_not_dest,JO,Total,25669,2810,10.95,2026-08-31 16:33:58.859 +0300
2026-07-16,CAUSE_MIX,withinB_at_dest,JO,Total,25669,7525,29.32,2026-08-31 16:33:58.859 +0300
2026-07-16,CAUSE_MIX,withinB_not_dest,JO,Total,25669,2749,10.71,2026-08-31 16:33:58.859 +0300
2026-07-16,CHANNEL,cumulative_price_shocks_net,JO,AMM,58182,15218,26.16,2026-08-31 16:33:58.859 +0300
2026-07-16,CHANNEL,cumulative_price_shocks_net,JO,IRB,14186,4322,30.47,2026-08-31 16:33:58.859 +0300
2026-07-16,CHANNEL,cumulative_price_shocks_net,JO,Others,2149,547,25.45,2026-08-31 16:33:58.859 +0300
2026-07-16,CHANNEL,cumulative_price_shocks_net,JO,Total,92972,24245,26.08,2026-08-31 16:33:58.859 +0300
2026-07-16,CHANNEL,cumulative_price_shocks_net,JO,ZRQ,18455,4158,22.53,2026-08-31 16:33:58.859 +0300
2026-07-16,CHANNEL,pd_mismatch,JO,AMM,58182,0,0.00,2026-08-31 16:33:58.859 +0300
2026-07-16,CHANNEL,pd_mismatch,JO,IRB,14186,0,0.00,2026-08-31 16:33:58.859 +0300
2026-07-16,CHANNEL,pd_mismatch,JO,Others,2149,0,0.00,2026-08-31 16:33:58.859 +0300
2026-07-16,CHANNEL,pd_mismatch,JO,Total,92972,0,0.00,2026-08-31 16:33:58.859 +0300
2026-08-24,SCENARIO,withinB_not_dest,JO,Total,90968,2532,2.78,2026-08-31 16:33:58.859 +0300
2026-08-24,SCENARIO,withinB_not_dest,JO,ZRQ,17325,431,2.49,2026-08-31 16:33:58.859 +0300
2026-08-24,CAUSE_MIX,beyondB,SA,Total,38933,26,0.07,2026-08-31 16:33:58.859 +0300
2026-08-24,CAUSE_MIX,pickup_mismatch,SA,Total,38933,3,0.01,2026-08-31 16:33:58.859 +0300
2026-08-24,CAUSE_MIX,previous_wallet_balance,SA,Total,38933,6631,17.03,2026-08-31 16:33:58.859 +0300
2026-08-24,CAUSE_MIX,surcharge_mismatch,SA,Total,38933,653,1.68,2026-08-31 16:33:58.859 +0300
2026-08-24,CAUSE_MIX,surge_mismatch,SA,Total,38933,39,0.10,2026-08-31 16:33:58.859 +0300
2026-08-24,CAUSE_MIX,waiting_time,SA,Total,38933,18670,47.95,2026-08-31 16:33:58.859 +0300
2026-08-24,CAUSE_MIX,withinA_at_dest,SA,Total,38933,3037,7.80,2026-08-31 16:33:58.859 +0300
2026-08-24,CAUSE_MIX,withinA_not_dest,SA,Total,38933,1520,3.90,2026-08-31 16:33:58.859 +0300
2026-08-24,CAUSE_MIX,withinB_at_dest,SA,Total,38933,6113,15.70,2026-08-31 16:33:58.859 +0300
2026-08-24,CAUSE_MIX,withinB_not_dest,SA,Total,38933,2241,5.76,2026-08-31 16:33:58.859 +0300
2026-08-24,CHANNEL,cumulative_price_shocks_net,SA,DMM,6553,2136,32.60,2026-08-31 16:33:58.859 +0300
2026-08-24,CHANNEL,cumulative_price_shocks_net,SA,JED,27527,9372,34.05,2026-08-31 16:33:58.859 +0300
2026-08-24,CHANNEL,cumulative_price_shocks_net,SA,MAD,9710,3111,32.04,2026-08-31 16:33:58.859 +0300
2026-08-24,CHANNEL,cumulative_price_shocks_net,SA,MEC,4913,1817,36.98,2026-08-31 16:33:58.859 +0300
2026-08-24,CHANNEL,cumulative_price_shocks_net,SA,Others,11681,4140,35.44,2026-08-31 16:33:58.859 +0300
2026-08-24,CHANNEL,cumulative_price_shocks_net,SA,RUH,38493,11529,29.95,2026-08-31 16:33:58.859 +0300
2026-08-24,CHANNEL,cumulative_price_shocks_net,SA,Total,98877,32105,32.47,2026-08-31 16:33:58.859 +0300
2026-08-24,CHANNEL,pd_mismatch,SA,DMM,6553,0,0.00,2026-08-31 16:33:58.859 +0300
2026-08-24,CHANNEL,pd_mismatch,SA,JED,27527,0,0.00,2026-08-31 16:33:58.859 +0300
2026-08-24,CHANNEL,pd_mismatch,SA,MAD,9710,0,0.00,2026-08-31 16:33:58.859 +0300
2026-08-24,CHANNEL,pd_mismatch,SA,MEC,4913,0,0.00,2026-08-31 16:33:58.859 +0300
2026-08-24,CHANNEL,pd_mismatch,SA,Others,11681,0,0.00,2026-08-31 16:33:58.859 +0300
2026-08-24,CHANNEL,pd_mismatch,SA,RUH,38493,0,0.00,2026-08-31 16:33:58.859 +0300
2026-08-24,CHANNEL,pd_mismatch,SA,Total,98877,0,0.00,2026-08-31 16:33:58.859 +0300
2026-08-24,CHANNEL,pickup_mismatch,SA,DMM,6553,0,0.00,2026-08-31 16:33:58.859 +0300
2026-08-24,CHANNEL,pickup_mismatch,SA,JED,27527,1,0.00,2026-08-31 16:33:58.859 +0300
2026-08-24,CHANNEL,pickup_mismatch,SA,MAD,9710,0,0.00,2026-08-31 16:33:58.859 +0300
2026-08-24,CHANNEL,pickup_mismatch,SA,MEC,4913,0,0.00,2026-08-31 16:33:58.859 +0300
2026-08-24,CHANNEL,pickup_mismatch,SA,Others,11681,0,0.00,2026-08-31 16:33:58.859 +0300
2026-08-24,CHANNEL,pickup_mismatch,SA,RUH,38493,5,0.01,2026-08-31 16:33:58.859 +0300
2026-08-24,CHANNEL,pickup_mismatch,SA,Total,98877,6,0.01,2026-08-31 16:33:58.859 +0300
2026-08-24,CHANNEL,residual_fare_increase_net,SA,DMM,6553,1072,16.36,2026-08-31 16:33:58.859 +0300
2026-08-24,CHANNEL,residual_fare_increase_net,SA,JED,27527,4119,14.96,2026-08-31 16:33:58.859 +0300
2026-08-24,CHANNEL,residual_fare_increase_net,SA,MAD,9710,1436,14.79,2026-08-31 16:33:58.859 +0300
2026-08-24,CHANNEL,residual_fare_increase_net,SA,MEC,4913,788,16.04,2026-08-31 16:33:58.859 +0300
2026-08-24,CHANNEL,residual_fare_increase_net,SA,Others,11681,1995,17.08,2026-08-31 16:33:58.859 +0300
2026-08-24,CHANNEL,residual_fare_increase_net,SA,RUH,38493,4945,12.85,2026-08-31 16:33:58.859 +0300
2026-08-24,CHANNEL,residual_fare_increase_net,SA,Total,98877,14355,14.52,2026-08-31 16:33:58.859 +0300
2026-08-24,CHANNEL,rounding_error,SA,DMM,6553,106,1.62,2026-08-31 16:33:58.859 +0300
2026-08-24,CHANNEL,rounding_error,SA,JED,27527,748,2.72,2026-08-31 16:33:58.859 +0300
2026-08-24,CHANNEL,rounding_error,SA,MAD,9710,262,2.70,2026-08-31 16:33:58.859 +0300
2026-08-24,CHANNEL,rounding_error,SA,MEC,4913,90,1.83,2026-08-31 16:33:58.859 +0300
2026-08-24,CHANNEL,rounding_error,SA,Others,11681,204,1.75,2026-08-31 16:33:58.859 +0300
2026-08-24,CHANNEL,rounding_error,SA,RUH,38493,935,2.43,2026-08-31 16:33:58.859 +0300
2026-08-24,CHANNEL,rounding_error,SA,Total,98877,2345,2.37,2026-08-31 16:33:58.859 +0300
2026-08-24,CHANNEL,spillover_recovery,SA,DMM,6553,339,5.17,2026-08-31 16:33:58.859 +0300
2026-08-24,CHANNEL,spillover_recovery,SA,JED,27527,2489,9.04,2026-08-31 16:33:58.859 +0300
2026-08-24,CHANNEL,spillover_recovery,SA,MAD,9710,612,6.30,2026-08-31 16:33:58.859 +0300
2026-08-24,CHANNEL,spillover_recovery,SA,MEC,4913,363,7.39,2026-08-31 16:33:58.859 +0300
2026-08-24,CHANNEL,spillover_recovery,SA,Others,11681,558,4.78,2026-08-31 16:33:58.859 +0300
2026-08-24,CHANNEL,spillover_recovery,SA,RUH,38493,2931,7.61,2026-08-31 16:33:58.859 +0300
2026-08-24,CHANNEL,spillover_recovery,SA,Total,98877,7292,7.37,2026-08-31 16:33:58.859 +0300
2026-08-24,CHANNEL,surcharge_mismatch,SA,DMM,6553,65,0.99,2026-08-31 16:33:58.859 +0300
2026-08-24,CHANNEL,surcharge_mismatch,SA,JED,27527,682,2.48,2026-08-31 16:33:58.859 +0300
2026-08-24,CHANNEL,surcharge_mismatch,SA,MAD,9710,178,1.83,2026-08-31 16:33:58.859 +0300
2026-08-24,CHANNEL,surcharge_mismatch,SA,MEC,4913,57,1.16,2026-08-31 16:33:58.859 +0300
2026-08-24,CHANNEL,surcharge_mismatch,SA,Others,11681,121,1.04,2026-08-31 16:33:58.859 +0300
2026-08-24,CHANNEL,surcharge_mismatch,SA,RUH,38493,536,1.39,2026-08-31 16:33:58.859 +0300
2026-08-24,CHANNEL,surcharge_mismatch,SA,Total,98877,1639,1.66,2026-08-31 16:33:58.859 +0300
2026-08-24,CHANNEL,surge_mismatch,SA,DMM,6553,2,0.03,2026-08-31 16:33:58.859 +0300
2026-08-24,CHANNEL,surge_mismatch,SA,JED,27527,11,0.04,2026-08-31 16:33:58.859 +0300
2026-08-24,CHANNEL,surge_mismatch,SA,MAD,9710,6,0.06,2026-08-31 16:33:58.859 +0300
2026-08-24,CHANNEL,surge_mismatch,SA,MEC,4913,4,0.08,2026-08-31 16:33:58.859 +0300
2026-08-24,CHANNEL,surge_mismatch,SA,Others,11681,0,0.00,2026-08-31 16:33:58.859 +0300
2026-08-24,CHANNEL,surge_mismatch,SA,RUH,38493,56,0.15,2026-08-31 16:33:58.859 +0300
2026-08-24,CHANNEL,surge_mismatch,SA,Total,98877,79,0.08,2026-08-31 16:33:58.859 +0300
2026-08-24,SCENARIO,beyondB,SA,DMM,6553,3,0.05,2026-08-31 16:33:58.859 +0300
2026-08-24,SCENARIO,beyondB,SA,JED,27527,3,0.01,2026-08-31 16:33:58.859 +0300
2026-08-24,SCENARIO,beyondB,SA,MAD,9710,2,0.02,2026-08-31 16:33:58.859 +0300
2026-08-24,SCENARIO,beyondB,SA,MEC,4913,1,0.02,2026-08-31 16:33:58.859 +0300
2026-08-24,SCENARIO,beyondB,SA,Others,11681,7,0.06,2026-08-31 16:33:58.859 +0300
2026-08-24,SCENARIO,beyondB,SA,RUH,38493,24,0.06,2026-08-31 16:33:58.859 +0300
2026-08-24,SCENARIO,beyondB,SA,Total,98877,40,0.04,2026-08-31 16:33:58.859 +0300
2026-08-24,SCENARIO,withinA_at_dest,SA,DMM,6553,1086,16.57,2026-08-31 16:33:58.859 +0300
2026-08-24,SCENARIO,withinA_at_dest,SA,JED,27527,5366,19.49,2026-08-31 16:33:58.859 +0300
2026-08-24,SCENARIO,withinA_at_dest,SA,MAD,9710,1696,17.47,2026-08-31 16:33:58.859 +0300
2026-08-24,SCENARIO,withinA_at_dest,SA,MEC,4913,1028,20.92,2026-08-31 16:33:58.859 +0300
2026-08-24,SCENARIO,withinA_at_dest,SA,Others,11681,2117,18.12,2026-08-31 16:33:58.859 +0300
2026-08-24,SCENARIO,withinA_at_dest,SA,RUH,38493,6965,18.09,2026-08-31 16:33:58.859 +0300
2026-08-24,SCENARIO,withinA_at_dest,SA,Total,98877,18258,18.47,2026-08-31 16:33:58.859 +0300
2026-08-24,SCENARIO,withinA_not_dest,SA,DMM,6553,126,1.92,2026-08-31 16:33:58.859 +0300
2026-08-24,SCENARIO,withinA_not_dest,SA,JED,27527,563,2.05,2026-08-31 16:33:58.859 +0300
2026-08-24,SCENARIO,withinA_not_dest,SA,MAD,9710,350,3.60,2026-08-31 16:33:58.859 +0300
2026-08-24,SCENARIO,withinA_not_dest,SA,MEC,4913,128,2.61,2026-08-31 16:33:58.859 +0300
2026-08-24,SCENARIO,withinA_not_dest,SA,Others,11681,405,3.47,2026-08-31 16:33:58.859 +0300
2026-08-24,SCENARIO,withinA_not_dest,SA,RUH,38493,838,2.18,2026-08-31 16:33:58.859 +0300
2026-08-24,SCENARIO,withinA_not_dest,SA,Total,98877,2410,2.44,2026-08-31 16:33:58.859 +0300
2026-08-24,SCENARIO,withinB_at_dest,SA,DMM,6553,714,10.90,2026-08-31 16:33:58.859 +0300
2026-08-24,SCENARIO,withinB_at_dest,SA,JED,27527,2822,10.25,2026-08-31 16:33:58.859 +0300
2026-08-24,SCENARIO,withinB_at_dest,SA,MAD,9710,745,7.67,2026-08-31 16:33:58.859 +0300
2026-08-24,SCENARIO,withinB_at_dest,SA,MEC,4913,468,9.53,2026-08-31 16:33:58.859 +0300
2026-08-24,SCENARIO,withinB_at_dest,SA,Others,11681,983,8.42,2026-08-31 16:33:58.859 +0300
2026-08-24,SCENARIO,withinB_at_dest,SA,RUH,38493,2534,6.58,2026-08-31 16:33:58.859 +0300
2026-08-24,SCENARIO,withinB_at_dest,SA,Total,98877,8266,8.36,2026-08-31 16:33:58.859 +0300
2026-08-24,SCENARIO,withinB_not_dest,SA,DMM,6553,207,3.16,2026-08-31 16:33:58.859 +0300
2026-08-24,SCENARIO,withinB_not_dest,SA,JED,27527,618,2.25,2026-08-31 16:33:58.859 +0300
2026-08-24,SCENARIO,withinB_not_dest,SA,MAD,9710,318,3.27,2026-08-31 16:33:58.859 +0300
2026-08-24,SCENARIO,withinB_not_dest,SA,MEC,4913,192,3.91,2026-08-31 16:33:58.859 +0300
2026-08-24,SCENARIO,withinB_not_dest,SA,Others,11681,628,5.38,2026-08-31 16:33:58.859 +0300
2026-08-24,SCENARIO,withinB_not_dest,SA,RUH,38493,1168,3.03,2026-08-31 16:33:58.859 +0300
2026-08-24,SCENARIO,withinB_not_dest,SA,Total,98877,3131,3.17,2026-08-31 16:33:58.859 +0300
2026-08-25,CAUSE_MIX,beyondB,JO,Total,15614,55,0.35,2026-08-31 16:33:58.859 +0300
2026-08-25,CAUSE_MIX,previous_wallet_balance,JO,Total,15614,778,4.98,2026-08-31 16:33:58.859 +0300
2026-08-25,CAUSE_MIX,surcharge_mismatch,JO,Total,15614,10,0.06,2026-08-31 16:33:58.859 +0300
2026-08-25,CAUSE_MIX,surge_mismatch,JO,Total,15614,1,0.01,2026-08-31 16:33:58.859 +0300
2026-08-25,CAUSE_MIX,waiting_time,JO,Total,15614,7687,49.23,2026-08-31 16:33:58.859 +0300
2026-08-25,CAUSE_MIX,withinA_at_dest,JO,Total,15614,752,4.82,2026-08-31 16:33:58.859 +0300
2026-08-25,CAUSE_MIX,withinA_not_dest,JO,Total,15614,2033,13.02,2026-08-31 16:33:58.859 +0300
2026-08-25,CAUSE_MIX,withinB_at_dest,JO,Total,15614,2679,17.16,2026-08-31 16:33:58.859 +0300
2026-08-25,CAUSE_MIX,withinB_not_dest,JO,Total,15614,1619,10.37,2026-08-31 16:33:58.859 +0300
2026-08-25,CHANNEL,cumulative_price_shocks_net,JO,AMM,39482,8460,21.43,2026-08-31 16:33:58.859 +0300
2026-08-25,CHANNEL,cumulative_price_shocks_net,JO,IRB,9503,2750,28.94,2026-08-31 16:33:58.859 +0300
2026-08-25,CHANNEL,cumulative_price_shocks_net,JO,Others,1579,413,26.16,2026-08-31 16:33:58.859 +0300
2026-08-25,CHANNEL,cumulative_price_shocks_net,JO,Total,64457,14836,23.02,2026-08-31 16:33:58.859 +0300
2026-08-25,CHANNEL,cumulative_price_shocks_net,JO,ZRQ,13893,3213,23.13,2026-08-31 16:33:58.859 +0300
2026-08-25,CHANNEL,pd_mismatch,JO,AMM,39482,0,0.00,2026-08-31 16:33:58.859 +0300
2026-08-25,CHANNEL,pd_mismatch,JO,IRB,9503,0,0.00,2026-08-31 16:33:58.859 +0300
2026-08-25,CHANNEL,pd_mismatch,JO,Others,1579,0,0.00,2026-08-31 16:33:58.859 +0300
2026-08-25,CHANNEL,pd_mismatch,JO,Total,64457,0,0.00,2026-08-31 16:33:58.859 +0300
2026-08-25,CHANNEL,pd_mismatch,JO,ZRQ,13893,0,0.00,2026-08-31 16:33:58.859 +0300
2026-08-25,CHANNEL,pickup_mismatch,JO,AMM,39482,0,0.00,2026-08-31 16:33:58.859 +0300
2026-08-25,CHANNEL,pickup_mismatch,JO,IRB,9503,0,0.00,2026-08-31 16:33:58.859 +0300
2026-08-25,CHANNEL,pickup_mismatch,JO,Others,1579,0,0.00,2026-08-31 16:33:58.859 +0300
2026-08-25,CHANNEL,pickup_mismatch,JO,Total,64457,0,0.00,2026-08-31 16:33:58.859 +0300
2026-08-25,CHANNEL,pickup_mismatch,JO,ZRQ,13893,0,0.00,2026-08-31 16:33:58.859 +0300
2026-08-25,CHANNEL,residual_fare_increase_net,JO,AMM,39482,3740,9.47,2026-08-31 16:33:58.859 +0300
2026-08-25,CHANNEL,residual_fare_increase_net,JO,IRB,9503,1846,19.43,2026-08-31 16:33:58.859 +0300
2026-08-25,CHANNEL,residual_fare_increase_net,JO,Others,1579,248,15.71,2026-08-31 16:33:58.859 +0300
2026-08-25,CHANNEL,residual_fare_increase_net,JO,Total,64457,7620,11.82,2026-08-31 16:33:58.859 +0300
2026-08-25,CHANNEL,residual_fare_increase_net,JO,ZRQ,13893,1786,12.86,2026-08-31 16:33:58.859 +0300
2026-08-25,CHANNEL,rounding_error,JO,AMM,39482,530,1.34,2026-08-31 16:33:58.859 +0300
2026-08-25,CHANNEL,rounding_error,JO,IRB,9503,106,1.12,2026-08-31 16:33:58.859 +0300
2026-08-25,CHANNEL,rounding_error,JO,Others,1579,28,1.77,2026-08-31 16:33:58.859 +0300
2026-08-25,CHANNEL,rounding_error,JO,Total,64457,828,1.28,2026-08-31 16:33:58.859 +0300
2026-08-25,CHANNEL,rounding_error,JO,ZRQ,13893,164,1.18,2026-08-31 16:33:58.859 +0300
2026-08-25,CHANNEL,spillover_recovery,JO,AMM,39482,671,1.70,2026-08-31 16:33:58.859 +0300
2026-08-25,CHANNEL,spillover_recovery,JO,IRB,9503,101,1.06,2026-08-31 16:33:58.859 +0300
2026-08-25,CHANNEL,spillover_recovery,JO,Others,1579,5,0.32,2026-08-31 16:33:58.859 +0300
2026-08-25,CHANNEL,spillover_recovery,JO,Total,64457,830,1.29,2026-08-31 16:33:58.859 +0300
2026-08-25,CHANNEL,spillover_recovery,JO,ZRQ,13893,53,0.38,2026-08-31 16:33:58.859 +0300
2026-08-25,CHANNEL,surcharge_mismatch,JO,AMM,39482,10,0.03,2026-08-31 16:33:58.859 +0300
2026-08-25,CHANNEL,surcharge_mismatch,JO,IRB,9503,0,0.00,2026-08-31 16:33:58.859 +0300
2026-08-25,CHANNEL,surcharge_mismatch,JO,Others,1579,1,0.06,2026-08-31 16:33:58.859 +0300
2026-08-25,CHANNEL,surcharge_mismatch,JO,Total,64457,18,0.03,2026-08-31 16:33:58.859 +0300
2026-08-25,CHANNEL,surcharge_mismatch,JO,ZRQ,13893,7,0.05,2026-08-31 16:33:58.859 +0300
2026-08-25,CHANNEL,surge_mismatch,JO,AMM,39482,0,0.00,2026-08-31 16:33:58.859 +0300
2026-08-25,CHANNEL,surge_mismatch,JO,IRB,9503,0,0.00,2026-08-31 16:33:58.859 +0300
2026-08-25,CHANNEL,surge_mismatch,JO,Others,1579,0,0.00,2026-08-31 16:33:58.859 +0300
2026-08-25,CHANNEL,surge_mismatch,JO,Total,64457,1,0.00,2026-08-31 16:33:58.859 +0300
2026-08-25,CHANNEL,surge_mismatch,JO,ZRQ,13893,1,0.01,2026-08-31 16:33:58.859 +0300
2026-08-25,SCENARIO,beyondB,JO,AMM,39482,36,0.09,2026-08-31 16:33:58.859 +0300
2026-08-25,SCENARIO,beyondB,JO,IRB,9503,16,0.17,2026-08-31 16:33:58.859 +0300
2026-08-25,SCENARIO,beyondB,JO,Others,1579,2,0.13,2026-08-31 16:33:58.859 +0300
2026-08-25,SCENARIO,beyondB,JO,Total,64457,60,0.09,2026-08-31 16:33:58.859 +0300
2026-08-25,SCENARIO,beyondB,JO,ZRQ,13893,6,0.04,2026-08-31 16:33:58.859 +0300
2026-08-25,SCENARIO,withinA_at_dest,JO,AMM,39482,4625,11.71,2026-08-31 16:33:58.859 +0300
2026-08-25,SCENARIO,withinA_at_dest,JO,IRB,9503,859,9.04,2026-08-31 16:33:58.859 +0300
2026-08-25,SCENARIO,withinA_at_dest,JO,Others,1579,158,10.01,2026-08-31 16:33:58.859 +0300
2026-08-25,SCENARIO,withinA_at_dest,JO,Total,64457,7045,10.93,2026-08-31 16:33:58.859 +0300
2026-08-25,SCENARIO,withinA_at_dest,JO,ZRQ,13893,1403,10.10,2026-08-31 16:33:58.859 +0300
2026-08-25,SCENARIO,withinA_not_dest,JO,AMM,39482,1337,3.39,2026-08-31 16:33:58.859 +0300
2026-08-25,SCENARIO,withinA_not_dest,JO,IRB,9503,683,7.19,2026-08-31 16:33:58.859 +0300
2026-08-25,SCENARIO,withinA_not_dest,JO,Others,1579,64,4.05,2026-08-31 16:33:58.859 +0300
2026-08-25,SCENARIO,withinA_not_dest,JO,Total,64457,2541,3.94,2026-08-31 16:33:58.859 +0300
2026-08-25,SCENARIO,withinA_not_dest,JO,ZRQ,13893,457,3.29,2026-08-31 16:33:58.859 +0300
2026-08-25,SCENARIO,withinB_at_dest,JO,AMM,39482,1447,3.66,2026-08-31 16:33:58.859 +0300
2026-08-25,SCENARIO,withinB_at_dest,JO,IRB,9503,664,6.99,2026-08-31 16:33:58.859 +0300
2026-08-25,SCENARIO,withinB_at_dest,JO,Others,1579,107,6.78,2026-08-31 16:33:58.859 +0300
2026-08-25,SCENARIO,withinB_at_dest,JO,Total,64457,3220,5.00,2026-08-31 16:33:58.859 +0300
2026-08-25,SCENARIO,withinB_at_dest,JO,ZRQ,13893,1002,7.21,2026-08-31 16:33:58.859 +0300
2026-08-25,SCENARIO,withinB_not_dest,JO,AMM,39482,1015,2.57,2026-08-31 16:33:58.859 +0300
2026-08-25,SCENARIO,withinB_not_dest,JO,IRB,9503,528,5.56,2026-08-31 16:33:58.859 +0300
2026-08-25,SCENARIO,withinB_not_dest,JO,Others,1579,82,5.19,2026-08-31 16:33:58.859 +0300
2026-08-25,SCENARIO,withinB_not_dest,JO,Total,64457,1970,3.06,2026-08-31 16:33:58.859 +0300
2026-08-25,SCENARIO,withinB_not_dest,JO,ZRQ,13893,345,2.48,2026-08-31 16:33:58.859 +0300
2026-08-25,CAUSE_MIX,beyondB,SA,Total,39257,23,0.06,2026-08-31 16:33:58.859 +0300
2026-08-25,CAUSE_MIX,pickup_mismatch,SA,Total,39257,5,0.01,2026-08-31 16:33:58.859 +0300
2026-08-25,CAUSE_MIX,previous_wallet_balance,SA,Total,39257,6805,17.33,2026-08-31 16:33:58.859 +0300
2026-08-25,CAUSE_MIX,surcharge_mismatch,SA,Total,39257,626,1.59,2026-08-31 16:33:58.859 +0300
2026-08-25,CAUSE_MIX,surge_mismatch,SA,Total,39257,46,0.12,2026-08-31 16:33:58.859 +0300
2026-08-25,CAUSE_MIX,waiting_time,SA,Total,39257,18889,48.12,2026-08-31 16:33:58.859 +0300
2026-08-25,CAUSE_MIX,withinA_at_dest,SA,Total,39257,3019,7.69,2026-08-31 16:33:58.859 +0300
2026-08-25,CAUSE_MIX,withinA_not_dest,SA,Total,39257,1487,3.79,2026-08-31 16:33:58.859 +0300
2026-08-25,CAUSE_MIX,withinB_at_dest,SA,Total,39257,6078,15.48,2026-08-31 16:33:58.859 +0300
2026-08-25,CAUSE_MIX,withinB_not_dest,SA,Total,39257,2279,5.81,2026-08-31 16:33:58.859 +0300
2026-08-25,CHANNEL,cumulative_price_shocks_net,SA,DMM,6725,2214,32.92,2026-08-31 16:33:58.859 +0300
2026-08-25,CHANNEL,cumulative_price_shocks_net,SA,JED,27952,9571,34.24,2026-08-31 16:33:58.859 +0300
2026-08-25,CHANNEL,cumulative_price_shocks_net,SA,MAD,9604,3159,32.89,2026-08-31 16:33:58.859 +0300
2026-08-25,CHANNEL,cumulative_price_shocks_net,SA,MEC,5049,1852,36.68,2026-08-31 16:33:58.859 +0300
2026-08-25,CHANNEL,cumulative_price_shocks_net,SA,Others,11806,4106,34.78,2026-08-31 16:33:58.859 +0300
2026-08-25,CHANNEL,cumulative_price_shocks_net,SA,RUH,39031,11389,29.18,2026-08-31 16:33:58.859 +0300
2026-08-25,CHANNEL,cumulative_price_shocks_net,SA,Total,100167,32291,32.24,2026-08-31 16:33:58.859 +0300
2026-08-25,CHANNEL,pd_mismatch,SA,DMM,6725,0,0.00,2026-08-31 16:33:58.859 +0300
2026-08-25,CHANNEL,pd_mismatch,SA,JED,27952,0,0.00,2026-08-31 16:33:58.859 +0300
2026-08-25,CHANNEL,pd_mismatch,SA,MAD,9604,0,0.00,2026-08-31 16:33:58.859 +0300
2026-08-25,CHANNEL,pd_mismatch,SA,MEC,5049,0,0.00,2026-08-31 16:33:58.859 +0300
2026-08-25,CHANNEL,pd_mismatch,SA,Others,11806,0,0.00,2026-08-31 16:33:58.859 +0300
2026-08-25,CHANNEL,pd_mismatch,SA,RUH,39031,0,0.00,2026-08-31 16:33:58.859 +0300
2026-08-25,CHANNEL,pd_mismatch,SA,Total,100167,0,0.00,2026-08-31 16:33:58.859 +0300
2026-08-25,CHANNEL,pickup_mismatch,SA,DMM,6725,0,0.00,2026-08-31 16:33:58.859 +0300
2026-08-25,CHANNEL,pickup_mismatch,SA,JED,27952,3,0.01,2026-08-31 16:33:58.859 +0300
2026-08-25,CHANNEL,pickup_mismatch,SA,MAD,9604,0,0.00,2026-08-31 16:33:58.859 +0300
2026-08-25,CHANNEL,pickup_mismatch,SA,MEC,5049,1,0.02,2026-08-31 16:33:58.859 +0300
2026-08-25,CHANNEL,pickup_mismatch,SA,Others,11806,1,0.01,2026-08-31 16:33:58.859 +0300
2026-08-25,CHANNEL,pickup_mismatch,SA,RUH,39031,1,0.00,2026-08-31 16:33:58.859 +0300
2026-08-25,CHANNEL,pickup_mismatch,SA,Total,100167,6,0.01,2026-08-31 16:33:58.859 +0300
2026-08-25,CHANNEL,residual_fare_increase_net,SA,DMM,6725,1125,16.73,2026-08-31 16:33:58.859 +0300
2026-08-25,CHANNEL,residual_fare_increase_net,SA,JED,27952,4166,14.90,2026-08-31 16:33:58.859 +0300
2026-08-25,CHANNEL,residual_fare_increase_net,SA,MAD,9604,1452,15.12,2026-08-31 16:33:58.859 +0300
2026-08-25,CHANNEL,residual_fare_increase_net,SA,MEC,5049,764,15.13,2026-08-31 16:33:58.859 +0300
2026-08-25,CHANNEL,residual_fare_increase_net,SA,Others,11806,1972,16.70,2026-08-31 16:33:58.859 +0300
2026-08-25,CHANNEL,residual_fare_increase_net,SA,RUH,39031,4870,12.48,2026-08-31 16:33:58.859 +0300
2026-08-25,CHANNEL,residual_fare_increase_net,SA,Total,100167,14349,14.33,2026-08-31 16:33:58.859 +0300
2026-08-25,CHANNEL,rounding_error,SA,DMM,6725,121,1.80,2026-08-31 16:33:58.859 +0300
2026-08-25,CHANNEL,rounding_error,SA,JED,27952,746,2.67,2026-08-31 16:33:58.859 +0300
2026-08-25,CHANNEL,rounding_error,SA,MAD,9604,232,2.42,2026-08-31 16:33:58.859 +0300
2026-08-25,CHANNEL,rounding_error,SA,MEC,5049,87,1.72,2026-08-31 16:33:58.859 +0300
2026-08-25,CHANNEL,rounding_error,SA,Others,11806,190,1.61,2026-08-31 16:33:58.859 +0300
2026-08-25,CHANNEL,rounding_error,SA,RUH,39031,893,2.29,2026-08-31 16:33:58.859 +0300
2026-08-25,CHANNEL,rounding_error,SA,Total,100167,2269,2.27,2026-08-31 16:33:58.859 +0300
2026-08-25,CHANNEL,spillover_recovery,SA,DMM,6725,348,5.17,2026-08-31 16:33:58.859 +0300
2026-08-25,CHANNEL,spillover_recovery,SA,JED,27952,2501,8.95,2026-08-31 16:33:58.859 +0300
2026-08-25,CHANNEL,spillover_recovery,SA,MAD,9604,611,6.36,2026-08-31 16:33:58.859 +0300
2026-08-25,CHANNEL,spillover_recovery,SA,MEC,5049,388,7.68,2026-08-31 16:33:58.859 +0300
2026-08-25,CHANNEL,spillover_recovery,SA,Others,11806,566,4.79,2026-08-31 16:33:58.859 +0300
2026-08-25,CHANNEL,spillover_recovery,SA,RUH,39031,2985,7.65,2026-08-31 16:33:58.859 +0300
2026-08-25,CHANNEL,spillover_recovery,SA,Total,100167,7399,7.39,2026-08-31 16:33:58.859 +0300
2026-08-25,CHANNEL,surcharge_mismatch,SA,DMM,6725,90,1.34,2026-08-31 16:33:58.859 +0300
2026-08-25,CHANNEL,surcharge_mismatch,SA,JED,27952,706,2.53,2026-08-31 16:33:58.859 +0300
2026-08-25,CHANNEL,surcharge_mismatch,SA,MAD,9604,151,1.57,2026-08-31 16:33:58.859 +0300
2026-08-25,CHANNEL,surcharge_mismatch,SA,MEC,5049,43,0.85,2026-08-31 16:33:58.859 +0300
2026-08-25,CHANNEL,surcharge_mismatch,SA,Others,11806,142,1.20,2026-08-31 16:33:58.859 +0300
2026-08-25,CHANNEL,surcharge_mismatch,SA,RUH,39031,549,1.41,2026-08-31 16:33:58.859 +0300
2026-08-25,CHANNEL,surcharge_mismatch,SA,Total,100167,1681,1.68,2026-08-31 16:33:58.859 +0300
2026-08-25,CHANNEL,surge_mismatch,SA,DMM,6725,9,0.13,2026-08-31 16:33:58.859 +0300
2026-08-25,CHANNEL,surge_mismatch,SA,JED,27952,7,0.03,2026-08-31 16:33:58.859 +0300
2026-08-25,CHANNEL,surge_mismatch,SA,MAD,9604,10,0.10,2026-08-31 16:33:58.859 +0300
2026-08-25,CHANNEL,surge_mismatch,SA,MEC,5049,3,0.06,2026-08-31 16:33:58.859 +0300
2026-08-25,CHANNEL,surge_mismatch,SA,Others,11806,0,0.00,2026-08-31 16:33:58.859 +0300
2026-08-25,CHANNEL,surge_mismatch,SA,RUH,39031,54,0.14,2026-08-31 16:33:58.859 +0300
2026-08-25,CHANNEL,surge_mismatch,SA,Total,100167,83,0.08,2026-08-31 16:33:58.859 +0300
2026-08-25,SCENARIO,beyondB,SA,DMM,6725,4,0.06,2026-08-31 16:33:58.859 +0300
2026-08-25,SCENARIO,beyondB,SA,JED,27952,3,0.01,2026-08-31 16:33:58.859 +0300
2026-08-25,SCENARIO,beyondB,SA,MAD,9604,0,0.00,2026-08-31 16:33:58.859 +0300
2026-08-25,SCENARIO,beyondB,SA,MEC,5049,3,0.06,2026-08-31 16:33:58.859 +0300
2026-08-25,SCENARIO,beyondB,SA,Others,11806,4,0.03,2026-08-31 16:33:58.859 +0300
2026-08-25,SCENARIO,beyondB,SA,RUH,39031,24,0.06,2026-08-31 16:33:58.859 +0300
2026-08-25,SCENARIO,beyondB,SA,Total,100167,38,0.04,2026-08-31 16:33:58.859 +0300
2026-08-25,SCENARIO,withinA_at_dest,SA,DMM,6725,1126,16.74,2026-08-31 16:33:58.859 +0300
2026-08-25,SCENARIO,withinA_at_dest,SA,JED,27952,5529,19.78,2026-08-31 16:33:58.859 +0300
2026-08-25,SCENARIO,withinA_at_dest,SA,MAD,9604,1727,17.98,2026-08-31 16:33:58.859 +0300
2026-08-25,SCENARIO,withinA_at_dest,SA,MEC,5049,1065,21.09,2026-08-31 16:33:58.859 +0300
2026-08-25,SCENARIO,withinA_at_dest,SA,Others,11806,2137,18.10,2026-08-31 16:33:58.859 +0300
2026-08-25,SCENARIO,withinA_at_dest,SA,RUH,39031,6923,17.74,2026-08-31 16:33:58.859 +0300
2026-08-25,SCENARIO,withinA_at_dest,SA,Total,100167,18507,18.48,2026-08-31 16:33:58.859 +0300
2026-08-25,SCENARIO,withinA_not_dest,SA,DMM,6725,144,2.14,2026-08-31 16:33:58.859 +0300
2026-08-25,SCENARIO,withinA_not_dest,SA,JED,27952,530,1.90,2026-08-31 16:33:58.859 +0300
2026-08-25,SCENARIO,withinA_not_dest,SA,MAD,9604,363,3.78,2026-08-31 16:33:58.859 +0300
2026-08-25,SCENARIO,withinA_not_dest,SA,MEC,5049,139,2.75,2026-08-31 16:33:58.859 +0300
2026-08-25,SCENARIO,withinA_not_dest,SA,Others,11806,389,3.29,2026-08-31 16:33:58.859 +0300
2026-08-25,SCENARIO,withinA_not_dest,SA,RUH,39031,817,2.09,2026-08-31 16:33:58.859 +0300
2026-08-25,SCENARIO,withinA_not_dest,SA,Total,100167,2382,2.38,2026-08-31 16:33:58.859 +0300
2026-08-25,SCENARIO,withinB_at_dest,SA,DMM,6725,731,10.87,2026-08-31 16:33:58.859 +0300
2026-08-25,SCENARIO,withinB_at_dest,SA,JED,27952,2752,9.85,2026-08-31 16:33:58.859 +0300
2026-08-25,SCENARIO,withinB_at_dest,SA,MAD,9604,733,7.63,2026-08-31 16:33:58.859 +0300
2026-08-25,SCENARIO,withinB_at_dest,SA,MEC,5049,494,9.78,2026-08-31 16:33:58.859 +0300
2026-08-25,SCENARIO,withinB_at_dest,SA,Others,11806,960,8.13,2026-08-31 16:33:58.859 +0300
2026-08-25,SCENARIO,withinB_at_dest,SA,RUH,39031,2475,6.34,2026-08-31 16:33:58.859 +0300
2026-08-25,SCENARIO,withinB_at_dest,SA,Total,100167,8145,8.13,2026-08-31 16:33:58.859 +0300
2026-08-25,SCENARIO,withinB_not_dest,SA,DMM,6725,209,3.11,2026-08-31 16:33:58.859 +0300
2026-08-25,SCENARIO,withinB_not_dest,SA,JED,27952,757,2.71,2026-08-31 16:33:58.859 +0300
2026-08-25,SCENARIO,withinB_not_dest,SA,MAD,9604,336,3.50,2026-08-31 16:33:58.859 +0300
2026-08-25,SCENARIO,withinB_not_dest,SA,MEC,5049,151,2.99,2026-08-31 16:33:58.859 +0300
2026-08-25,SCENARIO,withinB_not_dest,SA,Others,11806,616,5.22,2026-08-31 16:33:58.859 +0300
2026-08-25,SCENARIO,withinB_not_dest,SA,RUH,39031,1150,2.95,2026-08-31 16:33:58.859 +0300
2026-08-25,SCENARIO,withinB_not_dest,SA,Total,100167,3219,3.21,2026-08-31 16:33:58.859 +0300
2026-08-26,CAUSE_MIX,beyondB,JO,Total,20517,59,0.29,2026-08-31 16:33:58.859 +0300
2026-08-26,CAUSE_MIX,previous_wallet_balance,JO,Total,20517,1051,5.12,2026-08-31 16:33:58.859 +0300
2026-08-26,CAUSE_MIX,surcharge_mismatch,JO,Total,20517,14,0.07,2026-08-31 16:33:58.859 +0300
2026-08-26,CAUSE_MIX,surge_mismatch,JO,Total,20517,13,0.06,2026-08-31 16:33:58.859 +0300
2026-08-26,CAUSE_MIX,waiting_time,JO,Total,20517,9362,45.63,2026-08-31 16:33:58.859 +0300
2026-08-26,CAUSE_MIX,withinA_at_dest,JO,Total,20517,1061,5.17,2026-08-31 16:33:58.859 +0300
2026-08-26,CAUSE_MIX,withinA_not_dest,JO,Total,20517,2523,12.30,2026-08-31 16:33:58.859 +0300
2026-08-26,CAUSE_MIX,withinB_at_dest,JO,Total,20517,4288,20.90,2026-08-31 16:33:58.859 +0300
2026-08-26,CAUSE_MIX,withinB_not_dest,JO,Total,20517,2146,10.46,2026-08-31 16:33:58.859 +0300
2026-08-26,CHANNEL,cumulative_price_shocks_net,JO,AMM,56175,11746,20.91,2026-08-31 16:33:58.859 +0300
2026-08-26,CHANNEL,cumulative_price_shocks_net,JO,IRB,13619,3576,26.26,2026-08-31 16:33:58.859 +0300
2026-08-26,CHANNEL,cumulative_price_shocks_net,JO,Others,2216,526,23.74,2026-08-31 16:33:58.859 +0300
2026-08-26,CHANNEL,cumulative_price_shocks_net,JO,Total,89025,19464,21.86,2026-08-31 16:33:58.859 +0300
2026-08-26,CHANNEL,cumulative_price_shocks_net,JO,ZRQ,17015,3616,21.25,2026-08-31 16:33:58.859 +0300
2026-08-26,CHANNEL,pd_mismatch,JO,AMM,56175,0,0.00,2026-08-31 16:33:58.859 +0300
2026-08-26,CHANNEL,pd_mismatch,JO,IRB,13619,0,0.00,2026-08-31 16:33:58.859 +0300
2026-08-26,CHANNEL,pd_mismatch,JO,Others,2216,0,0.00,2026-08-31 16:33:58.859 +0300
2026-08-26,CHANNEL,pd_mismatch,JO,Total,89025,0,0.00,2026-08-31 16:33:58.859 +0300
2026-08-26,CHANNEL,pd_mismatch,JO,ZRQ,17015,0,0.00,2026-08-31 16:33:58.859 +0300
2026-08-26,CHANNEL,pickup_mismatch,JO,AMM,56175,1,0.00,2026-08-31 16:33:58.859 +0300
2026-08-26,CHANNEL,pickup_mismatch,JO,IRB,13619,0,0.00,2026-08-31 16:33:58.859 +0300
2026-08-26,CHANNEL,pickup_mismatch,JO,Others,2216,0,0.00,2026-08-31 16:33:58.859 +0300
2026-08-26,CHANNEL,pickup_mismatch,JO,Total,89025,1,0.00,2026-08-31 16:33:58.859 +0300
2026-08-26,CHANNEL,pickup_mismatch,JO,ZRQ,17015,0,0.00,2026-08-31 16:33:58.859 +0300
2026-08-26,CHANNEL,residual_fare_increase_net,JO,AMM,56175,5834,10.39,2026-08-31 16:33:58.859 +0300
2026-08-26,CHANNEL,residual_fare_increase_net,JO,IRB,13619,2300,16.89,2026-08-31 16:33:58.859 +0300
2026-08-26,CHANNEL,residual_fare_increase_net,JO,Others,2216,317,14.31,2026-08-31 16:33:58.859 +0300
2026-08-26,CHANNEL,residual_fare_increase_net,JO,Total,89025,10440,11.73,2026-08-31 16:33:58.859 +0300
2026-08-26,CHANNEL,residual_fare_increase_net,JO,ZRQ,17015,1989,11.69,2026-08-31 16:33:58.859 +0300
2026-08-26,CHANNEL,rounding_error,JO,AMM,56175,704,1.25,2026-08-31 16:33:58.859 +0300
2026-08-26,CHANNEL,rounding_error,JO,IRB,13619,145,1.06,2026-08-31 16:33:58.859 +0300
2026-08-26,CHANNEL,rounding_error,JO,Others,2216,30,1.35,2026-08-31 16:33:58.859 +0300
2026-08-26,CHANNEL,rounding_error,JO,Total,89025,1058,1.19,2026-08-31 16:33:58.859 +0300
2026-08-26,CHANNEL,rounding_error,JO,ZRQ,17015,179,1.05,2026-08-31 16:33:58.859 +0300
2026-08-26,CHANNEL,spillover_recovery,JO,AMM,56175,914,1.63,2026-08-31 16:33:58.859 +0300
2026-08-26,CHANNEL,spillover_recovery,JO,IRB,13619,152,1.12,2026-08-31 16:33:58.859 +0300
2026-08-26,CHANNEL,spillover_recovery,JO,Others,2216,11,0.50,2026-08-31 16:33:58.859 +0300
2026-08-26,CHANNEL,spillover_recovery,JO,Total,89025,1149,1.29,2026-08-31 16:33:58.859 +0300
2026-08-26,CHANNEL,spillover_recovery,JO,ZRQ,17015,72,0.42,2026-08-31 16:33:58.859 +0300
2026-08-26,CHANNEL,surcharge_mismatch,JO,AMM,56175,16,0.03,2026-08-31 16:33:58.859 +0300
2026-08-26,CHANNEL,surcharge_mismatch,JO,IRB,13619,0,0.00,2026-08-31 16:33:58.859 +0300
2026-08-26,CHANNEL,surcharge_mismatch,JO,Others,2216,3,0.14,2026-08-31 16:33:58.859 +0300
2026-08-26,CHANNEL,surcharge_mismatch,JO,Total,89025,27,0.03,2026-08-31 16:33:58.859 +0300
2026-08-26,CHANNEL,surcharge_mismatch,JO,ZRQ,17015,8,0.05,2026-08-31 16:33:58.859 +0300
2026-08-26,CHANNEL,surge_mismatch,JO,AMM,56175,12,0.02,2026-08-31 16:33:58.859 +0300
2026-08-26,CHANNEL,surge_mismatch,JO,IRB,13619,1,0.01,2026-08-31 16:33:58.859 +0300
2026-08-26,CHANNEL,surge_mismatch,JO,Others,2216,0,0.00,2026-08-31 16:33:58.859 +0300
2026-08-26,CHANNEL,surge_mismatch,JO,Total,89025,19,0.02,2026-08-31 16:33:58.859 +0300
2026-08-26,CHANNEL,surge_mismatch,JO,ZRQ,17015,6,0.04,2026-08-31 16:33:58.859 +0300
2026-08-26,SCENARIO,beyondB,JO,AMM,56175,39,0.07,2026-08-31 16:33:58.859 +0300
2026-08-26,SCENARIO,beyondB,JO,IRB,13619,16,0.12,2026-08-31 16:33:58.859 +0300
2026-08-26,SCENARIO,beyondB,JO,Others,2216,3,0.14,2026-08-31 16:33:58.859 +0300
2026-08-26,SCENARIO,beyondB,JO,Total,89025,64,0.07,2026-08-31 16:33:58.859 +0300
2026-08-26,SCENARIO,beyondB,JO,ZRQ,17015,6,0.04,2026-08-31 16:33:58.859 +0300
2026-08-26,SCENARIO,withinA_at_dest,JO,AMM,56175,5813,10.35,2026-08-31 16:33:58.859 +0300
2026-08-26,SCENARIO,withinA_at_dest,JO,IRB,13619,1206,8.86,2026-08-31 16:33:58.859 +0300
2026-08-26,SCENARIO,withinA_at_dest,JO,Others,2216,207,9.34,2026-08-31 16:33:58.859 +0300
2026-08-26,SCENARIO,withinA_at_dest,JO,Total,89025,8832,9.92,2026-08-31 16:33:58.859 +0300
2026-08-26,SCENARIO,withinA_at_dest,JO,ZRQ,17015,1606,9.44,2026-08-31 16:33:58.859 +0300
2026-08-26,SCENARIO,withinA_not_dest,JO,AMM,56175,1653,2.94,2026-08-31 16:33:58.859 +0300
2026-08-26,SCENARIO,withinA_not_dest,JO,IRB,13619,850,6.24,2026-08-31 16:33:58.859 +0300
2026-08-26,SCENARIO,withinA_not_dest,JO,Others,2216,76,3.43,2026-08-31 16:33:58.859 +0300
2026-08-26,SCENARIO,withinA_not_dest,JO,Total,89025,3116,3.50,2026-08-31 16:33:58.859 +0300
2026-08-26,SCENARIO,withinA_not_dest,JO,ZRQ,17015,537,3.16,2026-08-31 16:33:58.859 +0300
2026-08-26,SCENARIO,withinB_at_dest,JO,AMM,56175,2902,5.17,2026-08-31 16:33:58.859 +0300
2026-08-26,SCENARIO,withinB_at_dest,JO,IRB,13619,869,6.38,2026-08-31 16:33:58.859 +0300
2026-08-26,SCENARIO,withinB_at_dest,JO,Others,2216,159,7.18,2026-08-31 16:33:58.859 +0300
2026-08-26,SCENARIO,withinB_at_dest,JO,Total,89025,4942,5.55,2026-08-31 16:33:58.859 +0300
2026-08-26,SCENARIO,withinB_at_dest,JO,ZRQ,17015,1012,5.95,2026-08-31 16:33:58.859 +0300
2026-08-26,SCENARIO,withinB_not_dest,JO,AMM,56175,1339,2.38,2026-08-31 16:33:58.859 +0300
2026-08-26,SCENARIO,withinB_not_dest,JO,IRB,13619,635,4.66,2026-08-31 16:33:58.859 +0300
2026-08-26,SCENARIO,withinB_not_dest,JO,Others,2216,81,3.66,2026-08-31 16:33:58.859 +0300
2026-08-26,SCENARIO,withinB_not_dest,JO,Total,89025,2510,2.82,2026-08-31 16:33:58.859 +0300
2026-08-26,SCENARIO,withinB_not_dest,JO,ZRQ,17015,455,2.67,2026-08-31 16:33:58.859 +0300
2026-08-26,CAUSE_MIX,beyondB,SA,Total,41853,28,0.07,2026-08-31 16:33:58.859 +0300
2026-08-26,CAUSE_MIX,pickup_mismatch,SA,Total,41853,2,0.00,2026-08-31 16:33:58.859 +0300
2026-08-26,CAUSE_MIX,previous_wallet_balance,SA,Total,41853,6913,16.52,2026-08-31 16:33:58.859 +0300
2026-08-26,CAUSE_MIX,surcharge_mismatch,SA,Total,41853,700,1.67,2026-08-31 16:33:58.859 +0300
2026-08-26,CAUSE_MIX,surge_mismatch,SA,Total,41853,56,0.13,2026-08-31 16:33:58.859 +0300
2026-08-26,CAUSE_MIX,waiting_time,SA,Total,41853,19818,47.35,2026-08-31 16:33:58.859 +0300
2026-08-26,CAUSE_MIX,withinA_at_dest,SA,Total,41853,3330,7.96,2026-08-31 16:33:58.859 +0300
2026-08-26,CAUSE_MIX,withinA_not_dest,SA,Total,41853,1576,3.77,2026-08-31 16:33:58.859 +0300
2026-08-26,CAUSE_MIX,withinB_at_dest,SA,Total,41853,6939,16.58,2026-08-31 16:33:58.859 +0300
2026-08-26,CAUSE_MIX,withinB_not_dest,SA,Total,41853,2491,5.95,2026-08-31 16:33:58.859 +0300
2026-08-26,CHANNEL,cumulative_price_shocks_net,SA,DMM,6962,2333,33.51,2026-08-31 16:33:58.859 +0300
2026-08-26,CHANNEL,cumulative_price_shocks_net,SA,JED,30059,10550,35.10,2026-08-31 16:33:58.859 +0300
2026-08-26,CHANNEL,cumulative_price_shocks_net,SA,MAD,9856,3170,32.16,2026-08-31 16:33:58.859 +0300
2026-08-26,CHANNEL,cumulative_price_shocks_net,SA,MEC,5023,1895,37.73,2026-08-31 16:33:58.859 +0300
2026-08-26,CHANNEL,cumulative_price_shocks_net,SA,Others,12581,4486,35.66,2026-08-31 16:33:58.859 +0300
2026-08-26,CHANNEL,cumulative_price_shocks_net,SA,RUH,40877,12340,30.19,2026-08-31 16:33:58.859 +0300
2026-08-26,CHANNEL,cumulative_price_shocks_net,SA,Total,105358,34774,33.01,2026-08-31 16:33:58.859 +0300
2026-08-26,CHANNEL,pd_mismatch,SA,DMM,6962,0,0.00,2026-08-31 16:33:58.859 +0300
2026-08-26,CHANNEL,pd_mismatch,SA,JED,30059,0,0.00,2026-08-31 16:33:58.859 +0300
2026-08-26,CHANNEL,pd_mismatch,SA,MAD,9856,0,0.00,2026-08-31 16:33:58.859 +0300
2026-08-26,CHANNEL,pd_mismatch,SA,MEC,5023,0,0.00,2026-08-31 16:33:58.859 +0300
2026-08-26,CHANNEL,pd_mismatch,SA,Others,12581,0,0.00,2026-08-31 16:33:58.859 +0300
2026-08-26,CHANNEL,pd_mismatch,SA,RUH,40877,0,0.00,2026-08-31 16:33:58.859 +0300
2026-08-26,CHANNEL,pd_mismatch,SA,Total,105358,0,0.00,2026-08-31 16:33:58.859 +0300
2026-08-26,CHANNEL,pickup_mismatch,SA,DMM,6962,1,0.01,2026-08-31 16:33:58.859 +0300
2026-08-26,CHANNEL,pickup_mismatch,SA,JED,30059,0,0.00,2026-08-31 16:33:58.859 +0300
2026-08-26,CHANNEL,pickup_mismatch,SA,MAD,9856,0,0.00,2026-08-31 16:33:58.859 +0300
2026-08-26,CHANNEL,pickup_mismatch,SA,MEC,5023,0,0.00,2026-08-31 16:33:58.859 +0300
2026-08-26,CHANNEL,pickup_mismatch,SA,Others,12581,0,0.00,2026-08-31 16:33:58.859 +0300
2026-08-26,CHANNEL,pickup_mismatch,SA,RUH,40877,4,0.01,2026-08-31 16:33:58.859 +0300
2026-08-26,CHANNEL,pickup_mismatch,SA,Total,105358,5,0.00,2026-08-31 16:33:58.859 +0300
2026-08-26,CHANNEL,residual_fare_increase_net,SA,DMM,6962,1176,16.89,2026-08-31 16:33:58.859 +0300
2026-08-26,CHANNEL,residual_fare_increase_net,SA,JED,30059,4989,16.60,2026-08-31 16:33:58.859 +0300
2026-08-26,CHANNEL,residual_fare_increase_net,SA,MAD,9856,1491,15.13,2026-08-31 16:33:58.859 +0300
2026-08-26,CHANNEL,residual_fare_increase_net,SA,MEC,5023,801,15.95,2026-08-31 16:33:58.859 +0300
2026-08-26,CHANNEL,residual_fare_increase_net,SA,Others,12581,2174,17.28,2026-08-31 16:33:58.859 +0300
2026-08-26,CHANNEL,residual_fare_increase_net,SA,RUH,40877,5339,13.06,2026-08-31 16:33:58.859 +0300
2026-08-26,CHANNEL,residual_fare_increase_net,SA,Total,105358,15970,15.16,2026-08-31 16:33:58.859 +0300
2026-08-26,CHANNEL,rounding_error,SA,DMM,6962,110,1.58,2026-08-31 16:33:58.859 +0300
2026-08-26,CHANNEL,rounding_error,SA,JED,30059,763,2.54,2026-08-31 16:33:58.859 +0300
2026-08-26,CHANNEL,rounding_error,SA,MAD,9856,273,2.77,2026-08-31 16:33:58.859 +0300
2026-08-26,CHANNEL,rounding_error,SA,MEC,5023,80,1.59,2026-08-31 16:33:58.859 +0300
2026-08-26,CHANNEL,rounding_error,SA,Others,12581,218,1.73,2026-08-31 16:33:58.859 +0300
2026-08-26,CHANNEL,rounding_error,SA,RUH,40877,997,2.44,2026-08-31 16:33:58.859 +0300
2026-08-26,CHANNEL,rounding_error,SA,Total,105358,2441,2.32,2026-08-31 16:33:58.859 +0300
2026-08-26,CHANNEL,spillover_recovery,SA,DMM,6962,365,5.24,2026-08-31 16:33:58.859 +0300
2026-08-26,CHANNEL,spillover_recovery,SA,JED,30059,2578,8.58,2026-08-31 16:33:58.859 +0300
2026-08-26,CHANNEL,spillover_recovery,SA,MAD,9856,644,6.53,2026-08-31 16:33:58.859 +0300
2026-08-26,CHANNEL,spillover_recovery,SA,MEC,5023,329,6.55,2026-08-31 16:33:58.859 +0300
2026-08-26,CHANNEL,spillover_recovery,SA,Others,12581,599,4.76,2026-08-31 16:33:58.859 +0300
2026-08-26,CHANNEL,spillover_recovery,SA,RUH,40877,3034,7.42,2026-08-31 16:33:58.859 +0300
2026-08-26,CHANNEL,spillover_recovery,SA,Total,105358,7549,7.17,2026-08-31 16:33:58.859 +0300
2026-08-26,CHANNEL,surcharge_mismatch,SA,DMM,6962,96,1.38,2026-08-31 16:33:58.859 +0300
2026-08-26,CHANNEL,surcharge_mismatch,SA,JED,30059,762,2.54,2026-08-31 16:33:58.859 +0300
2026-08-26,CHANNEL,surcharge_mismatch,SA,MAD,9856,155,1.57,2026-08-31 16:33:58.859 +0300
2026-08-26,CHANNEL,surcharge_mismatch,SA,MEC,5023,43,0.86,2026-08-31 16:33:58.859 +0300
2026-08-26,CHANNEL,surcharge_mismatch,SA,Others,12581,129,1.03,2026-08-31 16:33:58.859 +0300
2026-08-26,CHANNEL,surcharge_mismatch,SA,RUH,40877,588,1.44,2026-08-31 16:33:58.859 +0300
2026-08-26,CHANNEL,surcharge_mismatch,SA,Total,105358,1773,1.68,2026-08-31 16:33:58.859 +0300
2026-08-26,CHANNEL,surge_mismatch,SA,DMM,6962,9,0.13,2026-08-31 16:33:58.859 +0300
2026-08-26,CHANNEL,surge_mismatch,SA,JED,30059,8,0.03,2026-08-31 16:33:58.859 +0300
2026-08-26,CHANNEL,surge_mismatch,SA,MAD,9856,26,0.26,2026-08-31 16:33:58.859 +0300
2026-08-26,CHANNEL,surge_mismatch,SA,MEC,5023,5,0.10,2026-08-31 16:33:58.859 +0300
2026-08-26,CHANNEL,surge_mismatch,SA,Others,12581,0,0.00,2026-08-31 16:33:58.859 +0300
2026-08-26,CHANNEL,surge_mismatch,SA,RUH,40877,57,0.14,2026-08-31 16:33:58.859 +0300
2026-08-26,CHANNEL,surge_mismatch,SA,Total,105358,105,0.10,2026-08-31 16:33:58.859 +0300
2026-08-26,SCENARIO,beyondB,SA,DMM,6962,3,0.04,2026-08-31 16:33:58.859 +0300
2026-08-26,SCENARIO,beyondB,SA,JED,30059,9,0.03,2026-08-31 16:33:58.859 +0300
2026-08-26,SCENARIO,beyondB,SA,MAD,9856,0,0.00,2026-08-31 16:33:58.859 +0300
2026-08-26,SCENARIO,beyondB,SA,MEC,5023,1,0.02,2026-08-31 16:33:58.859 +0300
2026-08-26,SCENARIO,beyondB,SA,Others,12581,9,0.07,2026-08-31 16:33:58.859 +0300
2026-08-26,SCENARIO,beyondB,SA,RUH,40877,26,0.06,2026-08-31 16:33:58.859 +0300
2026-08-26,SCENARIO,beyondB,SA,Total,105358,48,0.05,2026-08-31 16:33:58.859 +0300
2026-08-26,SCENARIO,withinA_at_dest,SA,DMM,6962,1188,17.06,2026-08-31 16:33:58.859 +0300
2026-08-26,SCENARIO,withinA_at_dest,SA,JED,30059,5707,18.99,2026-08-31 16:33:58.859 +0300
2026-08-26,SCENARIO,withinA_at_dest,SA,MAD,9856,1710,17.35,2026-08-31 16:33:58.859 +0300
2026-08-26,SCENARIO,withinA_at_dest,SA,MEC,5023,1089,21.68,2026-08-31 16:33:58.859 +0300
2026-08-26,SCENARIO,withinA_at_dest,SA,Others,12581,2285,18.16,2026-08-31 16:33:58.859 +0300
2026-08-26,SCENARIO,withinA_at_dest,SA,RUH,40877,7468,18.27,2026-08-31 16:33:58.859 +0300
2026-08-26,SCENARIO,withinA_at_dest,SA,Total,105358,19447,18.46,2026-08-31 16:33:58.859 +0300
2026-08-26,SCENARIO,withinA_not_dest,SA,DMM,6962,139,2.00,2026-08-31 16:33:58.859 +0300
2026-08-26,SCENARIO,withinA_not_dest,SA,JED,30059,573,1.91,2026-08-31 16:33:58.859 +0300
2026-08-26,SCENARIO,withinA_not_dest,SA,MAD,9856,362,3.67,2026-08-31 16:33:58.859 +0300
2026-08-26,SCENARIO,withinA_not_dest,SA,MEC,5023,145,2.89,2026-08-31 16:33:58.859 +0300
2026-08-26,SCENARIO,withinA_not_dest,SA,Others,12581,423,3.36,2026-08-31 16:33:58.859 +0300
2026-08-26,SCENARIO,withinA_not_dest,SA,RUH,40877,932,2.28,2026-08-31 16:33:58.859 +0300
2026-08-26,SCENARIO,withinA_not_dest,SA,Total,105358,2574,2.44,2026-08-31 16:33:58.859 +0300
2026-08-26,SCENARIO,withinB_at_dest,SA,DMM,6962,779,11.19,2026-08-31 16:33:58.859 +0300
2026-08-26,SCENARIO,withinB_at_dest,SA,JED,30059,3422,11.38,2026-08-31 16:33:58.859 +0300
2026-08-26,SCENARIO,withinB_at_dest,SA,MAD,9856,757,7.68,2026-08-31 16:33:58.859 +0300
2026-08-26,SCENARIO,withinB_at_dest,SA,MEC,5023,477,9.50,2026-08-31 16:33:58.859 +0300
2026-08-26,SCENARIO,withinB_at_dest,SA,Others,12581,1079,8.58,2026-08-31 16:33:58.859 +0300
2026-08-26,SCENARIO,withinB_at_dest,SA,RUH,40877,2702,6.61,2026-08-31 16:33:58.859 +0300
2026-08-26,SCENARIO,withinB_at_dest,SA,Total,105358,9216,8.75,2026-08-31 16:33:58.859 +0300
2026-08-26,SCENARIO,withinB_not_dest,SA,DMM,6962,224,3.22,2026-08-31 16:33:58.859 +0300
2026-08-26,SCENARIO,withinB_not_dest,SA,JED,30059,839,2.79,2026-08-31 16:33:58.859 +0300
2026-08-26,SCENARIO,withinB_not_dest,SA,MAD,9856,341,3.46,2026-08-31 16:33:58.859 +0300
2026-08-26,SCENARIO,withinB_not_dest,SA,MEC,5023,183,3.64,2026-08-31 16:33:58.859 +0300
2026-08-26,SCENARIO,withinB_not_dest,SA,Others,12581,690,5.48,2026-08-31 16:33:58.859 +0300
2026-08-26,SCENARIO,withinB_not_dest,SA,RUH,40877,1212,2.96,2026-08-31 16:33:58.859 +0300
2026-08-26,SCENARIO,withinB_not_dest,SA,Total,105358,3489,3.31,2026-08-31 16:33:58.859 +0300
2026-08-27,CAUSE_MIX,beyondB,JO,Total,22633,50,0.22,2026-08-31 16:33:58.859 +0300
2026-08-27,CAUSE_MIX,pickup_mismatch,JO,Total,22633,1,0.00,2026-08-31 16:33:58.859 +0300
2026-08-27,CAUSE_MIX,previous_wallet_balance,JO,Total,22633,1083,4.79,2026-08-31 16:33:58.859 +0300
2026-08-27,CAUSE_MIX,surcharge_mismatch,JO,Total,22633,17,0.08,2026-08-31 16:33:58.859 +0300
2026-08-27,CAUSE_MIX,surge_mismatch,JO,Total,22633,5,0.02,2026-08-31 16:33:58.859 +0300
2026-08-27,CAUSE_MIX,waiting_time,JO,Total,22633,10301,45.51,2026-08-31 16:33:58.859 +0300
2026-08-27,CAUSE_MIX,withinA_at_dest,JO,Total,22633,1080,4.77,2026-08-31 16:33:58.859 +0300
2026-08-27,CAUSE_MIX,withinA_not_dest,JO,Total,22633,2872,12.69,2026-08-31 16:33:58.859 +0300
2026-08-27,CAUSE_MIX,withinB_at_dest,JO,Total,22633,4789,21.16,2026-08-31 16:33:58.859 +0300
2026-08-27,CAUSE_MIX,withinB_not_dest,JO,Total,22633,2435,10.76,2026-08-31 16:33:58.859 +0300
2026-08-27,CHANNEL,cumulative_price_shocks_net,JO,AMM,58860,12857,21.84,2026-08-31 16:33:58.859 +0300
2026-08-27,CHANNEL,cumulative_price_shocks_net,JO,IRB,14483,4049,27.96,2026-08-31 16:33:58.859 +0300
2026-08-27,CHANNEL,cumulative_price_shocks_net,JO,Others,2353,615,26.14,2026-08-31 16:33:58.859 +0300
2026-08-27,CHANNEL,cumulative_price_shocks_net,JO,Total,93995,21549,22.93,2026-08-31 16:33:58.859 +0300
2026-08-27,CHANNEL,cumulative_price_shocks_net,JO,ZRQ,18299,4028,22.01,2026-08-31 16:33:58.859 +0300
2026-08-27,CHANNEL,pd_mismatch,JO,AMM,58860,0,0.00,2026-08-31 16:33:58.859 +0300
2026-08-27,CHANNEL,pd_mismatch,JO,IRB,14483,0,0.00,2026-08-31 16:33:58.859 +0300
2026-08-27,CHANNEL,pd_mismatch,JO,Others,2353,0,0.00,2026-08-31 16:33:58.859 +0300
2026-08-27,CHANNEL,pd_mismatch,JO,Total,93995,0,0.00,2026-08-31 16:33:58.859 +0300
2026-08-27,CHANNEL,pd_mismatch,JO,ZRQ,18299,0,0.00,2026-08-31 16:33:58.859 +0300
2026-08-27,CHANNEL,pickup_mismatch,JO,AMM,58860,2,0.00,2026-08-31 16:33:58.859 +0300
2026-08-27,CHANNEL,pickup_mismatch,JO,IRB,14483,0,0.00,2026-08-31 16:33:58.859 +0300
2026-08-27,CHANNEL,pickup_mismatch,JO,Others,2353,0,0.00,2026-08-31 16:33:58.859 +0300
2026-08-27,CHANNEL,pickup_mismatch,JO,Total,93995,2,0.00,2026-08-31 16:33:58.859 +0300
2026-08-27,CHANNEL,pickup_mismatch,JO,ZRQ,18299,0,0.00,2026-08-31 16:33:58.859 +0300
2026-08-27,CHANNEL,residual_fare_increase_net,JO,AMM,58860,6513,11.07,2026-08-31 16:33:58.859 +0300
2026-08-27,CHANNEL,residual_fare_increase_net,JO,IRB,14483,2678,18.49,2026-08-31 16:33:58.859 +0300
2026-08-27,CHANNEL,residual_fare_increase_net,JO,Others,2353,378,16.06,2026-08-31 16:33:58.859 +0300
2026-08-27,CHANNEL,residual_fare_increase_net,JO,Total,93995,11836,12.59,2026-08-31 16:33:58.859 +0300
2026-08-27,CHANNEL,residual_fare_increase_net,JO,ZRQ,18299,2267,12.39,2026-08-31 16:33:58.859 +0300
2026-08-27,CHANNEL,rounding_error,JO,AMM,58860,680,1.16,2026-08-31 16:33:58.859 +0300
2026-08-27,CHANNEL,rounding_error,JO,IRB,14483,168,1.16,2026-08-31 16:33:58.859 +0300
2026-08-27,CHANNEL,rounding_error,JO,Others,2353,24,1.02,2026-08-31 16:33:58.859 +0300
2026-08-27,CHANNEL,rounding_error,JO,Total,93995,1046,1.11,2026-08-31 16:33:58.859 +0300
2026-08-27,CHANNEL,rounding_error,JO,ZRQ,18299,174,0.95,2026-08-31 16:33:58.859 +0300
2026-08-27,CHANNEL,spillover_recovery,JO,AMM,58860,958,1.63,2026-08-31 16:33:58.859 +0300
2026-08-27,CHANNEL,spillover_recovery,JO,IRB,14483,143,0.99,2026-08-31 16:33:58.859 +0300
2026-08-27,CHANNEL,spillover_recovery,JO,Others,2353,8,0.34,2026-08-31 16:33:58.859 +0300
2026-08-27,CHANNEL,spillover_recovery,JO,Total,93995,1169,1.24,2026-08-31 16:33:58.859 +0300
2026-08-27,CHANNEL,spillover_recovery,JO,ZRQ,18299,60,0.33,2026-08-31 16:33:58.859 +0300
2026-08-27,CHANNEL,surcharge_mismatch,JO,AMM,58860,25,0.04,2026-08-31 16:33:58.859 +0300
2026-08-27,CHANNEL,surcharge_mismatch,JO,IRB,14483,0,0.00,2026-08-31 16:33:58.859 +0300
2026-08-27,CHANNEL,surcharge_mismatch,JO,Others,2353,1,0.04,2026-08-31 16:33:58.859 +0300
2026-08-27,CHANNEL,surcharge_mismatch,JO,Total,93995,34,0.04,2026-08-31 16:33:58.859 +0300
2026-08-27,CHANNEL,surcharge_mismatch,JO,ZRQ,18299,8,0.04,2026-08-31 16:33:58.859 +0300
2026-08-27,CHANNEL,surge_mismatch,JO,AMM,58860,13,0.02,2026-08-31 16:33:58.859 +0300
2026-08-27,CHANNEL,surge_mismatch,JO,IRB,14483,0,0.00,2026-08-31 16:33:58.859 +0300
2026-08-27,CHANNEL,surge_mismatch,JO,Others,2353,0,0.00,2026-08-31 16:33:58.859 +0300
2026-08-27,CHANNEL,surge_mismatch,JO,Total,93995,15,0.02,2026-08-31 16:33:58.859 +0300
2026-08-27,CHANNEL,surge_mismatch,JO,ZRQ,18299,2,0.01,2026-08-31 16:33:58.859 +0300
2026-08-27,SCENARIO,beyondB,JO,AMM,58860,32,0.05,2026-08-31 16:33:58.859 +0300
2026-08-27,SCENARIO,beyondB,JO,IRB,14483,19,0.13,2026-08-31 16:33:58.859 +0300
2026-08-27,SCENARIO,beyondB,JO,Others,2353,5,0.21,2026-08-31 16:33:58.859 +0300
2026-08-27,SCENARIO,beyondB,JO,Total,93995,58,0.06,2026-08-31 16:33:58.859 +0300
2026-08-27,SCENARIO,beyondB,JO,ZRQ,18299,2,0.01,2026-08-31 16:33:58.859 +0300
2026-08-27,SCENARIO,withinA_at_dest,JO,AMM,58860,6217,10.56,2026-08-31 16:33:58.859 +0300
2026-08-27,SCENARIO,withinA_at_dest,JO,IRB,14483,1306,9.02,2026-08-31 16:33:58.859 +0300
2026-08-27,SCENARIO,withinA_at_dest,JO,Others,2353,226,9.60,2026-08-31 16:33:58.859 +0300
2026-08-27,SCENARIO,withinA_at_dest,JO,Total,93995,9473,10.08,2026-08-31 16:33:58.859 +0300
2026-08-27,SCENARIO,withinA_at_dest,JO,ZRQ,18299,1724,9.42,2026-08-31 16:33:58.859 +0300
2026-08-27,SCENARIO,withinA_not_dest,JO,AMM,58860,1961,3.33,2026-08-31 16:33:58.859 +0300
2026-08-27,SCENARIO,withinA_not_dest,JO,IRB,14483,943,6.51,2026-08-31 16:33:58.859 +0300
2026-08-27,SCENARIO,withinA_not_dest,JO,Others,2353,77,3.27,2026-08-31 16:33:58.859 +0300
2026-08-27,SCENARIO,withinA_not_dest,JO,Total,93995,3541,3.77,2026-08-31 16:33:58.859 +0300
2026-08-27,SCENARIO,withinA_not_dest,JO,ZRQ,18299,560,3.06,2026-08-31 16:33:58.859 +0300
2026-08-27,SCENARIO,withinB_at_dest,JO,AMM,58860,3104,5.27,2026-08-31 16:33:58.859 +0300
2026-08-27,SCENARIO,withinB_at_dest,JO,IRB,14483,1061,7.33,2026-08-31 16:33:58.859 +0300
2026-08-27,SCENARIO,withinB_at_dest,JO,Others,2353,205,8.71,2026-08-31 16:33:58.859 +0300
2026-08-27,SCENARIO,withinB_at_dest,JO,Total,93995,5605,5.96,2026-08-31 16:33:58.859 +0300
2026-08-27,SCENARIO,withinB_at_dest,JO,ZRQ,18299,1235,6.75,2026-08-31 16:33:58.859 +0300
2026-08-27,SCENARIO,withinB_not_dest,JO,AMM,58860,1543,2.62,2026-08-31 16:33:58.859 +0300
2026-08-27,SCENARIO,withinB_not_dest,JO,IRB,14483,720,4.97,2026-08-31 16:33:58.859 +0300
2026-08-27,SCENARIO,withinB_not_dest,JO,Others,2353,102,4.33,2026-08-31 16:33:58.859 +0300
2026-08-27,SCENARIO,withinB_not_dest,JO,Total,93995,2872,3.06,2026-08-31 16:33:58.859 +0300
2026-08-27,SCENARIO,withinB_not_dest,JO,ZRQ,18299,507,2.77,2026-08-31 16:33:58.859 +0300
2026-08-27,CAUSE_MIX,beyondB,SA,Total,51623,41,0.08,2026-08-31 16:33:58.859 +0300
2026-08-27,CAUSE_MIX,pickup_mismatch,SA,Total,51623,8,0.02,2026-08-31 16:33:58.859 +0300
2026-08-27,CAUSE_MIX,previous_wallet_balance,SA,Total,51623,7701,14.92,2026-08-31 16:33:58.859 +0300
2026-08-27,CAUSE_MIX,surcharge_mismatch,SA,Total,51623,790,1.53,2026-08-31 16:33:58.859 +0300
2026-08-27,CAUSE_MIX,surge_mismatch,SA,Total,51623,157,0.30,2026-08-31 16:33:58.859 +0300
2026-08-27,CAUSE_MIX,waiting_time,SA,Total,51623,23147,44.84,2026-08-31 16:33:58.859 +0300
2026-08-27,CAUSE_MIX,withinA_at_dest,SA,Total,51623,4494,8.71,2026-08-31 16:33:58.859 +0300
2026-08-27,CAUSE_MIX,withinA_not_dest,SA,Total,51623,2020,3.91,2026-08-31 16:33:58.859 +0300
2026-08-27,CAUSE_MIX,withinB_at_dest,SA,Total,51623,10031,19.43,2026-08-31 16:33:58.859 +0300
2026-08-27,CAUSE_MIX,withinB_not_dest,SA,Total,51623,3234,6.26,2026-08-31 16:33:58.859 +0300
2026-08-27,CHANNEL,cumulative_price_shocks_net,SA,DMM,7634,2778,36.39,2026-08-31 16:33:58.859 +0300
2026-08-27,CHANNEL,cumulative_price_shocks_net,SA,JED,35533,13463,37.89,2026-08-31 16:33:58.859 +0300
2026-08-27,CHANNEL,cumulative_price_shocks_net,SA,MAD,10274,3578,34.83,2026-08-31 16:33:58.859 +0300
2026-08-27,CHANNEL,cumulative_price_shocks_net,SA,MEC,5226,2160,41.33,2026-08-31 16:33:58.859 +0300
2026-08-27,CHANNEL,cumulative_price_shocks_net,SA,Others,14355,5383,37.50,2026-08-31 16:33:58.859 +0300
2026-08-27,CHANNEL,cumulative_price_shocks_net,SA,RUH,50042,16382,32.74,2026-08-31 16:33:58.859 +0300
2026-08-27,CHANNEL,cumulative_price_shocks_net,SA,Total,123064,43744,35.55,2026-08-31 16:33:58.859 +0300
2026-08-27,CHANNEL,pd_mismatch,SA,DMM,7634,0,0.00,2026-08-31 16:33:58.859 +0300
2026-08-27,CHANNEL,pd_mismatch,SA,JED,35533,0,0.00,2026-08-31 16:33:58.859 +0300
2026-08-27,CHANNEL,pd_mismatch,SA,MAD,10274,0,0.00,2026-08-31 16:33:58.859 +0300
2026-08-27,CHANNEL,pd_mismatch,SA,MEC,5226,0,0.00,2026-08-31 16:33:58.859 +0300
2026-08-27,CHANNEL,pd_mismatch,SA,Others,14355,0,0.00,2026-08-31 16:33:58.859 +0300
2026-08-27,CHANNEL,pd_mismatch,SA,RUH,50042,0,0.00,2026-08-31 16:33:58.859 +0300
2026-08-27,CHANNEL,pd_mismatch,SA,Total,123064,0,0.00,2026-08-31 16:33:58.859 +0300
2026-08-27,CHANNEL,pickup_mismatch,SA,DMM,7634,1,0.01,2026-08-31 16:33:58.859 +0300
2026-08-27,CHANNEL,pickup_mismatch,SA,JED,35533,1,0.00,2026-08-31 16:33:58.859 +0300
2026-08-27,CHANNEL,pickup_mismatch,SA,MAD,10274,4,0.04,2026-08-31 16:33:58.859 +0300
2026-08-27,CHANNEL,pickup_mismatch,SA,MEC,5226,0,0.00,2026-08-31 16:33:58.859 +0300
2026-08-27,CHANNEL,pickup_mismatch,SA,Others,14355,2,0.01,2026-08-31 16:33:58.859 +0300
2026-08-27,CHANNEL,pickup_mismatch,SA,RUH,50042,8,0.02,2026-08-31 16:33:58.859 +0300
2026-08-27,CHANNEL,pickup_mismatch,SA,Total,123064,16,0.01,2026-08-31 16:33:58.859 +0300
2026-08-27,CHANNEL,residual_fare_increase_net,SA,DMM,7634,1503,19.69,2026-08-31 16:33:58.859 +0300
2026-08-27,CHANNEL,residual_fare_increase_net,SA,JED,35533,6992,19.68,2026-08-31 16:33:58.859 +0300
2026-08-27,CHANNEL,residual_fare_increase_net,SA,MAD,10274,1802,17.54,2026-08-31 16:33:58.859 +0300
2026-08-27,CHANNEL,residual_fare_increase_net,SA,MEC,5226,1046,20.02,2026-08-31 16:33:58.859 +0300
2026-08-27,CHANNEL,residual_fare_increase_net,SA,Others,14355,2830,19.71,2026-08-31 16:33:58.859 +0300
2026-08-27,CHANNEL,residual_fare_increase_net,SA,RUH,50042,7996,15.98,2026-08-31 16:33:58.859 +0300
2026-08-27,CHANNEL,residual_fare_increase_net,SA,Total,123064,22169,18.01,2026-08-31 16:33:58.859 +0300
2026-08-27,CHANNEL,rounding_error,SA,DMM,7634,104,1.36,2026-08-31 16:33:58.859 +0300
2026-08-27,CHANNEL,rounding_error,SA,JED,35533,859,2.42,2026-08-31 16:33:58.859 +0300
2026-08-27,CHANNEL,rounding_error,SA,MAD,10274,235,2.29,2026-08-31 16:33:58.859 +0300
2026-08-27,CHANNEL,rounding_error,SA,MEC,5226,86,1.65,2026-08-31 16:33:58.859 +0300
2026-08-27,CHANNEL,rounding_error,SA,Others,14355,222,1.55,2026-08-31 16:33:58.859 +0300
2026-08-27,CHANNEL,rounding_error,SA,RUH,50042,1079,2.16,2026-08-31 16:33:58.859 +0300
2026-08-27,CHANNEL,rounding_error,SA,Total,123064,2585,2.10,2026-08-31 16:33:58.859 +0300
2026-08-27,CHANNEL,spillover_recovery,SA,DMM,7634,383,5.02,2026-08-31 16:33:58.859 +0300
2026-08-27,CHANNEL,spillover_recovery,SA,JED,35533,2976,8.38,2026-08-31 16:33:58.859 +0300
2026-08-27,CHANNEL,spillover_recovery,SA,MAD,10274,572,5.57,2026-08-31 16:33:58.859 +0300
2026-08-27,CHANNEL,spillover_recovery,SA,MEC,5226,381,7.29,2026-08-31 16:33:58.859 +0300
2026-08-27,CHANNEL,spillover_recovery,SA,Others,14355,609,4.24,2026-08-31 16:33:58.859 +0300
2026-08-27,CHANNEL,spillover_recovery,SA,RUH,50042,3491,6.98,2026-08-31 16:33:58.859 +0300
2026-08-27,CHANNEL,spillover_recovery,SA,Total,123064,8412,6.84,2026-08-31 16:33:58.859 +0300
2026-08-27,CHANNEL,surcharge_mismatch,SA,DMM,7634,150,1.96,2026-08-31 16:33:58.859 +0300
2026-08-27,CHANNEL,surcharge_mismatch,SA,JED,35533,813,2.29,2026-08-31 16:33:58.859 +0300
2026-08-27,CHANNEL,surcharge_mismatch,SA,MAD,10274,118,1.15,2026-08-31 16:33:58.859 +0300
2026-08-27,CHANNEL,surcharge_mismatch,SA,MEC,5226,44,0.84,2026-08-31 16:33:58.859 +0300
2026-08-27,CHANNEL,surcharge_mismatch,SA,Others,14355,196,1.37,2026-08-31 16:33:58.859 +0300
2026-08-27,CHANNEL,surcharge_mismatch,SA,RUH,50042,755,1.51,2026-08-31 16:33:58.859 +0300
2026-08-27,CHANNEL,surcharge_mismatch,SA,Total,123064,2076,1.69,2026-08-31 16:33:58.859 +0300
2026-08-27,CHANNEL,surge_mismatch,SA,DMM,7634,29,0.38,2026-08-31 16:33:58.859 +0300
2026-08-27,CHANNEL,surge_mismatch,SA,JED,35533,65,0.18,2026-08-31 16:33:58.859 +0300
2026-08-27,CHANNEL,surge_mismatch,SA,MAD,10274,45,0.44,2026-08-31 16:33:58.859 +0300
2026-08-27,CHANNEL,surge_mismatch,SA,MEC,5226,15,0.29,2026-08-31 16:33:58.859 +0300
2026-08-27,CHANNEL,surge_mismatch,SA,Others,14355,0,0.00,2026-08-31 16:33:58.859 +0300
2026-08-27,CHANNEL,surge_mismatch,SA,RUH,50042,119,0.24,2026-08-31 16:33:58.859 +0300
2026-08-27,CHANNEL,surge_mismatch,SA,Total,123064,273,0.22,2026-08-31 16:33:58.859 +0300
2026-08-27,SCENARIO,beyondB,SA,DMM,7634,3,0.04,2026-08-31 16:33:58.859 +0300
2026-08-27,SCENARIO,beyondB,SA,JED,35533,8,0.02,2026-08-31 16:33:58.859 +0300
2026-08-27,SCENARIO,beyondB,SA,MAD,10274,4,0.04,2026-08-31 16:33:58.859 +0300
2026-08-27,SCENARIO,beyondB,SA,MEC,5226,2,0.04,2026-08-31 16:33:58.859 +0300
2026-08-27,SCENARIO,beyondB,SA,Others,14355,10,0.07,2026-08-31 16:33:58.859 +0300
2026-08-27,SCENARIO,beyondB,SA,RUH,50042,26,0.05,2026-08-31 16:33:58.859 +0300
2026-08-27,SCENARIO,beyondB,SA,Total,123064,53,0.04,2026-08-31 16:33:58.859 +0300
2026-08-27,SCENARIO,withinA_at_dest,SA,DMM,7634,1297,16.99,2026-08-31 16:33:58.859 +0300
2026-08-27,SCENARIO,withinA_at_dest,SA,JED,35533,6708,18.88,2026-08-31 16:33:58.859 +0300
2026-08-27,SCENARIO,withinA_at_dest,SA,MAD,10274,1805,17.57,2026-08-31 16:33:58.859 +0300
2026-08-27,SCENARIO,withinA_at_dest,SA,MEC,5226,1115,21.34,2026-08-31 16:33:58.859 +0300
2026-08-27,SCENARIO,withinA_at_dest,SA,Others,14355,2564,17.86,2026-08-31 16:33:58.859 +0300
2026-08-27,SCENARIO,withinA_at_dest,SA,RUH,50042,8968,17.92,2026-08-31 16:33:58.859 +0300
2026-08-27,SCENARIO,withinA_at_dest,SA,Total,123064,22457,18.25,2026-08-31 16:33:58.859 +0300
2026-08-27,SCENARIO,withinA_not_dest,SA,DMM,7634,220,2.88,2026-08-31 16:33:58.859 +0300
2026-08-27,SCENARIO,withinA_not_dest,SA,JED,35533,729,2.05,2026-08-31 16:33:58.859 +0300
2026-08-27,SCENARIO,withinA_not_dest,SA,MAD,10274,382,3.72,2026-08-31 16:33:58.859 +0300
2026-08-27,SCENARIO,withinA_not_dest,SA,MEC,5226,157,3.00,2026-08-31 16:33:58.859 +0300
2026-08-27,SCENARIO,withinA_not_dest,SA,Others,14355,511,3.56,2026-08-31 16:33:58.859 +0300
2026-08-27,SCENARIO,withinA_not_dest,SA,RUH,50042,1206,2.41,2026-08-31 16:33:58.859 +0300
2026-08-27,SCENARIO,withinA_not_dest,SA,Total,123064,3205,2.60,2026-08-31 16:33:58.859 +0300
2026-08-27,SCENARIO,withinB_at_dest,SA,DMM,7634,969,12.69,2026-08-31 16:33:58.859 +0300
2026-08-27,SCENARIO,withinB_at_dest,SA,JED,35533,4922,13.85,2026-08-31 16:33:58.859 +0300
2026-08-27,SCENARIO,withinB_at_dest,SA,MAD,10274,972,9.46,2026-08-31 16:33:58.859 +0300
2026-08-27,SCENARIO,withinB_at_dest,SA,MEC,5226,661,12.65,2026-08-31 16:33:58.859 +0300
2026-08-27,SCENARIO,withinB_at_dest,SA,Others,14355,1514,10.55,2026-08-31 16:33:58.859 +0300
2026-08-27,SCENARIO,withinB_at_dest,SA,RUH,50042,4518,9.03,2026-08-31 16:33:58.859 +0300
2026-08-27,SCENARIO,withinB_at_dest,SA,Total,123064,13556,11.02,2026-08-31 16:33:58.859 +0300
2026-08-27,SCENARIO,withinB_not_dest,SA,DMM,7634,289,3.79,2026-08-31 16:33:58.859 +0300
2026-08-27,SCENARIO,withinB_not_dest,SA,JED,35533,1096,3.08,2026-08-31 16:33:58.859 +0300
2026-08-27,SCENARIO,withinB_not_dest,SA,MAD,10274,415,4.04,2026-08-31 16:33:58.859 +0300
2026-08-27,SCENARIO,withinB_not_dest,SA,MEC,5226,225,4.31,2026-08-31 16:33:58.859 +0300
2026-08-27,SCENARIO,withinB_not_dest,SA,Others,14355,784,5.46,2026-08-31 16:33:58.859 +0300
2026-08-27,SCENARIO,withinB_not_dest,SA,RUH,50042,1664,3.33,2026-08-31 16:33:58.859 +0300
2026-08-27,SCENARIO,withinB_not_dest,SA,Total,123064,4473,3.63,2026-08-31 16:33:58.859 +0300
2026-08-28,CAUSE_MIX,beyondB,JO,Total,12495,28,0.22,2026-08-31 16:33:58.859 +0300
2026-08-28,CAUSE_MIX,previous_wallet_balance,JO,Total,12495,649,5.19,2026-08-31 16:33:58.859 +0300
2026-08-28,CAUSE_MIX,surcharge_mismatch,JO,Total,12495,16,0.13,2026-08-31 16:33:58.859 +0300
2026-08-28,CAUSE_MIX,waiting_time,JO,Total,12495,5784,46.29,2026-08-31 16:33:58.859 +0300
2026-08-28,CAUSE_MIX,withinA_at_dest,JO,Total,12495,692,5.54,2026-08-31 16:33:58.859 +0300
2026-08-28,CAUSE_MIX,withinA_not_dest,JO,Total,12495,1754,14.04,2026-08-31 16:33:58.859 +0300
2026-08-28,CAUSE_MIX,withinB_at_dest,JO,Total,12495,2174,17.40,2026-08-31 16:33:58.859 +0300
2026-08-28,CAUSE_MIX,withinB_not_dest,JO,Total,12495,1398,11.19,2026-08-31 16:33:58.859 +0300
2026-08-28,CHANNEL,cumulative_price_shocks_net,JO,AMM,32762,7056,21.54,2026-08-31 16:33:58.859 +0300
2026-08-28,CHANNEL,cumulative_price_shocks_net,JO,IRB,6544,1844,28.18,2026-08-31 16:33:58.859 +0300
2026-08-28,CHANNEL,cumulative_price_shocks_net,JO,Others,1232,333,27.03,2026-08-31 16:33:58.859 +0300
2026-08-28,CHANNEL,cumulative_price_shocks_net,JO,Total,51892,11845,22.83,2026-08-31 16:33:58.859 +0300
2026-08-28,CHANNEL,cumulative_price_shocks_net,JO,ZRQ,11354,2612,23.01,2026-08-31 16:33:58.859 +0300
2026-08-28,CHANNEL,pd_mismatch,JO,AMM,32762,0,0.00,2026-08-31 16:33:58.859 +0300
2026-08-28,CHANNEL,pd_mismatch,JO,IRB,6544,0,0.00,2026-08-31 16:33:58.859 +0300
2026-08-28,CHANNEL,pd_mismatch,JO,Others,1232,0,0.00,2026-08-31 16:33:58.859 +0300
2026-08-28,CHANNEL,pd_mismatch,JO,Total,51892,0,0.00,2026-08-31 16:33:58.859 +0300
2026-08-28,CHANNEL,pd_mismatch,JO,ZRQ,11354,0,0.00,2026-08-31 16:33:58.859 +0300
2026-08-28,CHANNEL,pickup_mismatch,JO,AMM,32762,1,0.00,2026-08-31 16:33:58.859 +0300
2026-08-28,CHANNEL,pickup_mismatch,JO,IRB,6544,1,0.02,2026-08-31 16:33:58.859 +0300
2026-08-28,CHANNEL,pickup_mismatch,JO,Others,1232,0,0.00,2026-08-31 16:33:58.859 +0300
2026-08-28,CHANNEL,pickup_mismatch,JO,Total,51892,2,0.00,2026-08-31 16:33:58.859 +0300
2026-08-28,CHANNEL,pickup_mismatch,JO,ZRQ,11354,0,0.00,2026-08-31 16:33:58.859 +0300
2026-08-28,CHANNEL,residual_fare_increase_net,JO,AMM,32762,3421,10.44,2026-08-31 16:33:58.859 +0300
2026-08-28,CHANNEL,residual_fare_increase_net,JO,IRB,6544,1259,19.24,2026-08-31 16:33:58.859 +0300
2026-08-28,CHANNEL,residual_fare_increase_net,JO,Others,1232,196,15.91,2026-08-31 16:33:58.859 +0300
2026-08-28,CHANNEL,residual_fare_increase_net,JO,Total,51892,6318,12.18,2026-08-31 16:33:58.859 +0300
2026-08-28,CHANNEL,residual_fare_increase_net,JO,ZRQ,11354,1442,12.70,2026-08-31 16:33:58.859 +0300
2026-08-28,CHANNEL,rounding_error,JO,AMM,32762,414,1.26,2026-08-31 16:33:58.859 +0300
2026-08-28,CHANNEL,rounding_error,JO,IRB,6544,56,0.86,2026-08-31 16:33:58.859 +0300
2026-08-28,CHANNEL,rounding_error,JO,Others,1232,21,1.70,2026-08-31 16:33:58.859 +0300
2026-08-28,CHANNEL,rounding_error,JO,Total,51892,601,1.16,2026-08-31 16:33:58.859 +0300
2026-08-28,CHANNEL,rounding_error,JO,ZRQ,11354,110,0.97,2026-08-31 16:33:58.859 +0300
2026-08-28,CHANNEL,spillover_recovery,JO,AMM,32762,564,1.72,2026-08-31 16:33:58.859 +0300
2026-08-28,CHANNEL,spillover_recovery,JO,IRB,6544,94,1.44,2026-08-31 16:33:58.859 +0300
2026-08-28,CHANNEL,spillover_recovery,JO,Others,1232,3,0.24,2026-08-31 16:33:58.859 +0300
2026-08-28,CHANNEL,spillover_recovery,JO,Total,51892,705,1.36,2026-08-31 16:33:58.859 +0300
2026-08-28,CHANNEL,spillover_recovery,JO,ZRQ,11354,44,0.39,2026-08-31 16:33:58.859 +0300
2026-08-28,CHANNEL,surcharge_mismatch,JO,AMM,32762,13,0.04,2026-08-31 16:33:58.859 +0300
2026-08-28,CHANNEL,surcharge_mismatch,JO,IRB,6544,0,0.00,2026-08-31 16:33:58.859 +0300
2026-08-28,CHANNEL,surcharge_mismatch,JO,Others,1232,1,0.08,2026-08-31 16:33:58.859 +0300
2026-08-28,CHANNEL,surcharge_mismatch,JO,Total,51892,23,0.04,2026-08-31 16:33:58.859 +0300
2026-08-28,CHANNEL,surcharge_mismatch,JO,ZRQ,11354,9,0.08,2026-08-31 16:33:58.859 +0300
2026-08-28,CHANNEL,surge_mismatch,JO,AMM,32762,2,0.01,2026-08-31 16:33:58.859 +0300
2026-08-28,CHANNEL,surge_mismatch,JO,IRB,6544,0,0.00,2026-08-31 16:33:58.859 +0300
2026-08-28,CHANNEL,surge_mismatch,JO,Others,1232,0,0.00,2026-08-31 16:33:58.859 +0300
2026-08-28,CHANNEL,surge_mismatch,JO,Total,51892,2,0.00,2026-08-31 16:33:58.859 +0300
2026-08-28,CHANNEL,surge_mismatch,JO,ZRQ,11354,0,0.00,2026-08-31 16:33:58.859 +0300
2026-08-28,SCENARIO,beyondB,JO,AMM,32762,19,0.06,2026-08-31 16:33:58.859 +0300
2026-08-28,SCENARIO,beyondB,JO,IRB,6544,6,0.09,2026-08-31 16:33:58.859 +0300
2026-08-28,SCENARIO,beyondB,JO,Others,1232,0,0.00,2026-08-31 16:33:58.859 +0300
2026-08-28,SCENARIO,beyondB,JO,Total,51892,29,0.06,2026-08-31 16:33:58.859 +0300
2026-08-28,SCENARIO,beyondB,JO,ZRQ,11354,4,0.04,2026-08-31 16:33:58.859 +0300
2026-08-28,SCENARIO,withinA_at_dest,JO,AMM,32762,3554,10.85,2026-08-31 16:33:58.859 +0300
2026-08-28,SCENARIO,withinA_at_dest,JO,IRB,6544,567,8.66,2026-08-31 16:33:58.859 +0300
2026-08-28,SCENARIO,withinA_at_dest,JO,Others,1232,129,10.47,2026-08-31 16:33:58.859 +0300
2026-08-28,SCENARIO,withinA_at_dest,JO,Total,51892,5405,10.42,2026-08-31 16:33:58.859 +0300
2026-08-28,SCENARIO,withinA_at_dest,JO,ZRQ,11354,1155,10.17,2026-08-31 16:33:58.859 +0300
2026-08-28,SCENARIO,withinA_not_dest,JO,AMM,32762,1184,3.61,2026-08-31 16:33:58.859 +0300
2026-08-28,SCENARIO,withinA_not_dest,JO,IRB,6544,499,7.63,2026-08-31 16:33:58.859 +0300
2026-08-28,SCENARIO,withinA_not_dest,JO,Others,1232,58,4.71,2026-08-31 16:33:58.859 +0300
2026-08-28,SCENARIO,withinA_not_dest,JO,Total,51892,2159,4.16,2026-08-31 16:33:58.859 +0300
2026-08-28,SCENARIO,withinA_not_dest,JO,ZRQ,11354,418,3.68,2026-08-31 16:33:58.859 +0300
2026-08-28,SCENARIO,withinB_at_dest,JO,AMM,32762,1322,4.04,2026-08-31 16:33:58.859 +0300
2026-08-28,SCENARIO,withinB_at_dest,JO,IRB,6544,426,6.51,2026-08-31 16:33:58.859 +0300
2026-08-28,SCENARIO,withinB_at_dest,JO,Others,1232,97,7.87,2026-08-31 16:33:58.859 +0300
2026-08-28,SCENARIO,withinB_at_dest,JO,Total,51892,2565,4.94,2026-08-31 16:33:58.859 +0300
2026-08-28,SCENARIO,withinB_at_dest,JO,ZRQ,11354,720,6.34,2026-08-31 16:33:58.859 +0300
2026-08-28,SCENARIO,withinB_not_dest,JO,AMM,32762,977,2.98,2026-08-31 16:33:58.859 +0300
2026-08-28,SCENARIO,withinB_not_dest,JO,IRB,6544,346,5.29,2026-08-31 16:33:58.859 +0300
2026-08-28,SCENARIO,withinB_not_dest,JO,Others,1232,49,3.98,2026-08-31 16:33:58.859 +0300
2026-08-28,SCENARIO,withinB_not_dest,JO,Total,51892,1687,3.25,2026-08-31 16:33:58.859 +0300
2026-08-28,SCENARIO,withinB_not_dest,JO,ZRQ,11354,315,2.77,2026-08-31 16:33:58.859 +0300
2026-08-28,CAUSE_MIX,beyondB,SA,Total,35862,19,0.05,2026-08-31 16:33:58.859 +0300
2026-08-28,CAUSE_MIX,pickup_mismatch,SA,Total,35862,1,0.00,2026-08-31 16:33:58.859 +0300
2026-08-28,CAUSE_MIX,previous_wallet_balance,SA,Total,35862,4759,13.27,2026-08-31 16:33:58.859 +0300
2026-08-28,CAUSE_MIX,surcharge_mismatch,SA,Total,35862,597,1.66,2026-08-31 16:33:58.859 +0300
2026-08-28,CAUSE_MIX,surge_mismatch,SA,Total,35862,93,0.26,2026-08-31 16:33:58.859 +0300
2026-08-28,CAUSE_MIX,waiting_time,SA,Total,35862,17103,47.69,2026-08-31 16:33:58.859 +0300
2026-08-28,CAUSE_MIX,withinA_at_dest,SA,Total,35862,2988,8.33,2026-08-31 16:33:58.859 +0300
2026-08-28,CAUSE_MIX,withinA_not_dest,SA,Total,35862,1533,4.27,2026-08-31 16:33:58.859 +0300
2026-08-28,CAUSE_MIX,withinB_at_dest,SA,Total,35862,6502,18.13,2026-08-31 16:33:58.859 +0300
2026-08-28,CAUSE_MIX,withinB_not_dest,SA,Total,35862,2267,6.32,2026-08-31 16:33:58.859 +0300
2026-08-28,CHANNEL,cumulative_price_shocks_net,SA,DMM,4846,1912,39.46,2026-08-31 16:33:58.859 +0300
2026-08-28,CHANNEL,cumulative_price_shocks_net,SA,JED,23608,9617,40.74,2026-08-31 16:33:58.859 +0300
2026-08-28,CHANNEL,cumulative_price_shocks_net,SA,MAD,7969,2950,37.02,2026-08-31 16:33:58.859 +0300
2026-08-28,CHANNEL,cumulative_price_shocks_net,SA,MEC,3718,1584,42.60,2026-08-31 16:33:58.859 +0300
2026-08-28,CHANNEL,cumulative_price_shocks_net,SA,Others,10253,4103,40.02,2026-08-31 16:33:58.859 +0300
2026-08-28,CHANNEL,cumulative_price_shocks_net,SA,RUH,31468,10811,34.36,2026-08-31 16:33:58.859 +0300
2026-08-28,CHANNEL,cumulative_price_shocks_net,SA,Total,81862,30977,37.84,2026-08-31 16:33:58.859 +0300
2026-08-28,CHANNEL,pd_mismatch,SA,DMM,4846,0,0.00,2026-08-31 16:33:58.859 +0300
2026-08-28,CHANNEL,pd_mismatch,SA,JED,23608,0,0.00,2026-08-31 16:33:58.859 +0300
2026-08-28,CHANNEL,pd_mismatch,SA,MAD,7969,0,0.00,2026-08-31 16:33:58.859 +0300
2026-08-28,CHANNEL,pd_mismatch,SA,MEC,3718,0,0.00,2026-08-31 16:33:58.859 +0300
2026-08-28,CHANNEL,pd_mismatch,SA,Others,10253,0,0.00,2026-08-31 16:33:58.859 +0300
2026-08-28,CHANNEL,pd_mismatch,SA,RUH,31468,0,0.00,2026-08-31 16:33:58.859 +0300
2026-08-28,CHANNEL,pd_mismatch,SA,Total,81862,0,0.00,2026-08-31 16:33:58.859 +0300
2026-08-28,CHANNEL,pickup_mismatch,SA,DMM,4846,0,0.00,2026-08-31 16:33:58.859 +0300
2026-08-28,CHANNEL,pickup_mismatch,SA,JED,23608,1,0.00,2026-08-31 16:33:58.859 +0300
2026-08-28,CHANNEL,pickup_mismatch,SA,MAD,7969,1,0.01,2026-08-31 16:33:58.859 +0300
2026-08-28,CHANNEL,pickup_mismatch,SA,MEC,3718,0,0.00,2026-08-31 16:33:58.859 +0300
2026-08-28,CHANNEL,pickup_mismatch,SA,Others,10253,0,0.00,2026-08-31 16:33:58.859 +0300
2026-08-28,CHANNEL,pickup_mismatch,SA,RUH,31468,0,0.00,2026-08-31 16:33:58.859 +0300
2026-08-28,CHANNEL,pickup_mismatch,SA,Total,81862,2,0.00,2026-08-31 16:33:58.859 +0300
2026-08-28,CHANNEL,residual_fare_increase_net,SA,DMM,4846,1044,21.54,2026-08-31 16:33:58.859 +0300
2026-08-28,CHANNEL,residual_fare_increase_net,SA,JED,23608,4786,20.27,2026-08-31 16:33:58.859 +0300
2026-08-28,CHANNEL,residual_fare_increase_net,SA,MAD,7969,1458,18.30,2026-08-31 16:33:58.859 +0300
2026-08-28,CHANNEL,residual_fare_increase_net,SA,MEC,3718,831,22.35,2026-08-31 16:33:58.859 +0300
2026-08-28,CHANNEL,residual_fare_increase_net,SA,Others,10253,2242,21.87,2026-08-31 16:33:58.859 +0300
2026-08-28,CHANNEL,residual_fare_increase_net,SA,RUH,31468,5091,16.18,2026-08-31 16:33:58.859 +0300
2026-08-28,CHANNEL,residual_fare_increase_net,SA,Total,81862,15452,18.88,2026-08-31 16:33:58.859 +0300
2026-08-28,CHANNEL,rounding_error,SA,DMM,4846,70,1.44,2026-08-31 16:33:58.859 +0300
2026-08-28,CHANNEL,rounding_error,SA,JED,23608,610,2.58,2026-08-31 16:33:58.859 +0300
2026-08-28,CHANNEL,rounding_error,SA,MAD,7969,208,2.61,2026-08-31 16:33:58.859 +0300
2026-08-28,CHANNEL,rounding_error,SA,MEC,3718,57,1.53,2026-08-31 16:33:58.859 +0300
2026-08-28,CHANNEL,rounding_error,SA,Others,10253,154,1.50,2026-08-31 16:33:58.859 +0300
2026-08-28,CHANNEL,rounding_error,SA,RUH,31468,782,2.49,2026-08-31 16:33:58.859 +0300
2026-08-28,CHANNEL,rounding_error,SA,Total,81862,1881,2.30,2026-08-31 16:33:58.859 +0300
2026-08-28,CHANNEL,spillover_recovery,SA,DMM,4846,226,4.66,2026-08-31 16:33:58.859 +0300
2026-08-28,CHANNEL,spillover_recovery,SA,JED,23608,1877,7.95,2026-08-31 16:33:58.859 +0300
2026-08-28,CHANNEL,spillover_recovery,SA,MAD,7969,444,5.57,2026-08-31 16:33:58.859 +0300
2026-08-28,CHANNEL,spillover_recovery,SA,MEC,3718,244,6.56,2026-08-31 16:33:58.859 +0300
2026-08-28,CHANNEL,spillover_recovery,SA,Others,10253,413,4.03,2026-08-31 16:33:58.859 +0300
2026-08-28,CHANNEL,spillover_recovery,SA,RUH,31468,2025,6.44,2026-08-31 16:33:58.859 +0300
2026-08-28,CHANNEL,spillover_recovery,SA,Total,81862,5229,6.39,2026-08-31 16:33:58.859 +0300
2026-08-28,CHANNEL,surcharge_mismatch,SA,DMM,4846,95,1.96,2026-08-31 16:33:58.859 +0300
2026-08-28,CHANNEL,surcharge_mismatch,SA,JED,23608,602,2.55,2026-08-31 16:33:58.859 +0300
2026-08-28,CHANNEL,surcharge_mismatch,SA,MAD,7969,129,1.62,2026-08-31 16:33:58.859 +0300
2026-08-28,CHANNEL,surcharge_mismatch,SA,MEC,3718,45,1.21,2026-08-31 16:33:58.859 +0300
2026-08-28,CHANNEL,surcharge_mismatch,SA,Others,10253,138,1.35,2026-08-31 16:33:58.859 +0300
2026-08-28,CHANNEL,surcharge_mismatch,SA,RUH,31468,542,1.72,2026-08-31 16:33:58.859 +0300
2026-08-28,CHANNEL,surcharge_mismatch,SA,Total,81862,1551,1.89,2026-08-31 16:33:58.859 +0300
2026-08-28,CHANNEL,surge_mismatch,SA,DMM,4846,11,0.23,2026-08-31 16:33:58.859 +0300
2026-08-28,CHANNEL,surge_mismatch,SA,JED,23608,50,0.21,2026-08-31 16:33:58.859 +0300
2026-08-28,CHANNEL,surge_mismatch,SA,MAD,7969,26,0.33,2026-08-31 16:33:58.859 +0300
2026-08-28,CHANNEL,surge_mismatch,SA,MEC,3718,9,0.24,2026-08-31 16:33:58.859 +0300
2026-08-28,CHANNEL,surge_mismatch,SA,Others,10253,0,0.00,2026-08-31 16:33:58.859 +0300
2026-08-28,CHANNEL,surge_mismatch,SA,RUH,31468,84,0.27,2026-08-31 16:33:58.859 +0300
2026-08-28,CHANNEL,surge_mismatch,SA,Total,81862,180,0.22,2026-08-31 16:33:58.859 +0300
2026-08-28,SCENARIO,beyondB,SA,DMM,4846,1,0.02,2026-08-31 16:33:58.859 +0300
2026-08-28,SCENARIO,beyondB,SA,JED,23608,4,0.02,2026-08-31 16:33:58.859 +0300
2026-08-28,SCENARIO,beyondB,SA,MAD,7969,4,0.05,2026-08-31 16:33:58.859 +0300
2026-08-28,SCENARIO,beyondB,SA,MEC,3718,0,0.00,2026-08-31 16:33:58.859 +0300
2026-08-28,SCENARIO,beyondB,SA,Others,10253,5,0.05,2026-08-31 16:33:58.859 +0300
2026-08-28,SCENARIO,beyondB,SA,RUH,31468,12,0.04,2026-08-31 16:33:58.859 +0300
2026-08-28,SCENARIO,beyondB,SA,Total,81862,26,0.03,2026-08-31 16:33:58.859 +0300
2026-08-28,SCENARIO,withinA_at_dest,SA,DMM,4846,879,18.14,2026-08-31 16:33:58.859 +0300
2026-08-28,SCENARIO,withinA_at_dest,SA,JED,23608,4925,20.86,2026-08-31 16:33:58.859 +0300
2026-08-28,SCENARIO,withinA_at_dest,SA,MAD,7969,1528,19.17,2026-08-31 16:33:58.859 +0300
2026-08-28,SCENARIO,withinA_at_dest,SA,MEC,3718,757,20.36,2026-08-31 16:33:58.859 +0300
2026-08-28,SCENARIO,withinA_at_dest,SA,Others,10253,1852,18.06,2026-08-31 16:33:58.859 +0300
2026-08-28,SCENARIO,withinA_at_dest,SA,RUH,31468,6043,19.20,2026-08-31 16:33:58.859 +0300
2026-08-28,SCENARIO,withinA_at_dest,SA,Total,81862,15984,19.53,2026-08-31 16:33:58.859 +0300
2026-08-28,SCENARIO,withinA_not_dest,SA,DMM,4846,157,3.24,2026-08-31 16:33:58.859 +0300
2026-08-28,SCENARIO,withinA_not_dest,SA,JED,23608,586,2.48,2026-08-31 16:33:58.859 +0300
2026-08-28,SCENARIO,withinA_not_dest,SA,MAD,7969,312,3.92,2026-08-31 16:33:58.859 +0300
2026-08-28,SCENARIO,withinA_not_dest,SA,MEC,3718,118,3.17,2026-08-31 16:33:58.859 +0300
2026-08-28,SCENARIO,withinA_not_dest,SA,Others,10253,414,4.04,2026-08-31 16:33:58.859 +0300
2026-08-28,SCENARIO,withinA_not_dest,SA,RUH,31468,972,3.09,2026-08-31 16:33:58.859 +0300
2026-08-28,SCENARIO,withinA_not_dest,SA,Total,81862,2559,3.13,2026-08-31 16:33:58.859 +0300
2026-08-28,SCENARIO,withinB_at_dest,SA,DMM,4846,686,14.16,2026-08-31 16:33:58.859 +0300
2026-08-28,SCENARIO,withinB_at_dest,SA,JED,23608,3262,13.82,2026-08-31 16:33:58.859 +0300
2026-08-28,SCENARIO,withinB_at_dest,SA,MAD,7969,781,9.80,2026-08-31 16:33:58.859 +0300
2026-08-28,SCENARIO,withinB_at_dest,SA,MEC,3718,520,13.99,2026-08-31 16:33:58.859 +0300
2026-08-28,SCENARIO,withinB_at_dest,SA,Others,10253,1190,11.61,2026-08-31 16:33:58.859 +0300
2026-08-28,SCENARIO,withinB_at_dest,SA,RUH,31468,2631,8.36,2026-08-31 16:33:58.859 +0300
2026-08-28,SCENARIO,withinB_at_dest,SA,Total,81862,9070,11.08,2026-08-31 16:33:58.859 +0300
2026-08-28,SCENARIO,withinB_not_dest,SA,DMM,4846,189,3.90,2026-08-31 16:33:58.859 +0300
2026-08-28,SCENARIO,withinB_not_dest,SA,JED,23608,840,3.56,2026-08-31 16:33:58.859 +0300
2026-08-28,SCENARIO,withinB_not_dest,SA,MAD,7969,325,4.08,2026-08-31 16:33:58.859 +0300
2026-08-28,SCENARIO,withinB_not_dest,SA,MEC,3718,189,5.08,2026-08-31 16:33:58.859 +0300
2026-08-28,SCENARIO,withinB_not_dest,SA,Others,10253,642,6.26,2026-08-31 16:33:58.859 +0300
2026-08-28,SCENARIO,withinB_not_dest,SA,RUH,31468,1153,3.66,2026-08-31 16:33:58.859 +0300
2026-08-28,SCENARIO,withinB_not_dest,SA,Total,81862,3338,4.08,2026-08-31 16:33:58.859 +0300
2026-08-29,CAUSE_MIX,beyondB,JO,Total,17228,39,0.23,2026-08-31 16:33:58.859 +0300
2026-08-29,CAUSE_MIX,previous_wallet_balance,JO,Total,17228,893,5.18,2026-08-31 16:33:58.859 +0300
2026-08-29,CAUSE_MIX,surcharge_mismatch,JO,Total,17228,10,0.06,2026-08-31 16:33:58.859 +0300
2026-08-29,CAUSE_MIX,surge_mismatch,JO,Total,17228,4,0.02,2026-08-31 16:33:58.859 +0300
2026-08-29,CAUSE_MIX,waiting_time,JO,Total,17228,8392,48.71,2026-08-31 16:33:58.859 +0300
2026-08-29,CAUSE_MIX,withinA_at_dest,JO,Total,17228,815,4.73,2026-08-31 16:33:58.859 +0300
2026-08-29,CAUSE_MIX,withinA_not_dest,JO,Total,17228,2131,12.37,2026-08-31 16:33:58.859 +0300
2026-08-29,CAUSE_MIX,withinB_at_dest,JO,Total,17228,3205,18.60,2026-08-31 16:33:58.859 +0300
2026-08-29,CAUSE_MIX,withinB_not_dest,JO,Total,17228,1739,10.09,2026-08-31 16:33:58.859 +0300
2026-08-29,CHANNEL,cumulative_price_shocks_net,JO,AMM,46022,9560,20.77,2026-08-31 16:33:58.859 +0300
2026-08-29,CHANNEL,cumulative_price_shocks_net,JO,IRB,10217,2808,27.48,2026-08-31 16:33:58.859 +0300
2026-08-29,CHANNEL,cumulative_price_shocks_net,JO,Others,1802,438,24.31,2026-08-31 16:33:58.859 +0300
2026-08-29,CHANNEL,cumulative_price_shocks_net,JO,Total,73442,16334,22.24,2026-08-31 16:33:58.859 +0300
2026-08-29,CHANNEL,cumulative_price_shocks_net,JO,ZRQ,15401,3528,22.91,2026-08-31 16:33:58.859 +0300
2026-08-29,CHANNEL,pd_mismatch,JO,AMM,46022,0,0.00,2026-08-31 16:33:58.859 +0300
2026-08-29,CHANNEL,pd_mismatch,JO,IRB,10217,0,0.00,2026-08-31 16:33:58.859 +0300
2026-08-29,CHANNEL,pd_mismatch,JO,Others,1802,0,0.00,2026-08-31 16:33:58.859 +0300
2026-08-29,CHANNEL,pd_mismatch,JO,Total,73442,0,0.00,2026-08-31 16:33:58.859 +0300
2026-08-29,CHANNEL,pd_mismatch,JO,ZRQ,15401,0,0.00,2026-08-31 16:33:58.859 +0300
2026-08-29,CHANNEL,pickup_mismatch,JO,AMM,46022,0,0.00,2026-08-31 16:33:58.859 +0300
2026-08-29,CHANNEL,pickup_mismatch,JO,IRB,10217,0,0.00,2026-08-31 16:33:58.859 +0300
2026-08-29,CHANNEL,pickup_mismatch,JO,Others,1802,0,0.00,2026-08-31 16:33:58.859 +0300
2026-08-29,CHANNEL,pickup_mismatch,JO,Total,73442,0,0.00,2026-08-31 16:33:58.859 +0300
2026-08-29,CHANNEL,pickup_mismatch,JO,ZRQ,15401,0,0.00,2026-08-31 16:33:58.859 +0300
2026-08-29,CHANNEL,residual_fare_increase_net,JO,AMM,46022,4361,9.48,2026-08-31 16:33:58.859 +0300
2026-08-29,CHANNEL,residual_fare_increase_net,JO,IRB,10217,1804,17.66,2026-08-31 16:33:58.859 +0300
2026-08-29,CHANNEL,residual_fare_increase_net,JO,Others,1802,267,14.82,2026-08-31 16:33:58.859 +0300
2026-08-29,CHANNEL,residual_fare_increase_net,JO,Total,73442,8428,11.48,2026-08-31 16:33:58.859 +0300
2026-08-29,CHANNEL,residual_fare_increase_net,JO,ZRQ,15401,1996,12.96,2026-08-31 16:33:58.859 +0300
2026-08-29,CHANNEL,rounding_error,JO,AMM,46022,585,1.27,2026-08-31 16:33:58.859 +0300
2026-08-29,CHANNEL,rounding_error,JO,IRB,10217,110,1.08,2026-08-31 16:33:58.859 +0300
2026-08-29,CHANNEL,rounding_error,JO,Others,1802,27,1.50,2026-08-31 16:33:58.859 +0300
2026-08-29,CHANNEL,rounding_error,JO,Total,73442,879,1.20,2026-08-31 16:33:58.859 +0300
2026-08-29,CHANNEL,rounding_error,JO,ZRQ,15401,157,1.02,2026-08-31 16:33:58.859 +0300
2026-08-29,CHANNEL,spillover_recovery,JO,AMM,46022,782,1.70,2026-08-31 16:33:58.859 +0300
2026-08-29,CHANNEL,spillover_recovery,JO,IRB,10217,128,1.25,2026-08-31 16:33:58.859 +0300
2026-08-29,CHANNEL,spillover_recovery,JO,Others,1802,8,0.44,2026-08-31 16:33:58.859 +0300
2026-08-29,CHANNEL,spillover_recovery,JO,Total,73442,962,1.31,2026-08-31 16:33:58.859 +0300
2026-08-29,CHANNEL,spillover_recovery,JO,ZRQ,15401,44,0.29,2026-08-31 16:33:58.859 +0300
2026-08-29,CHANNEL,surcharge_mismatch,JO,AMM,46022,13,0.03,2026-08-31 16:33:58.859 +0300
2026-08-29,CHANNEL,surcharge_mismatch,JO,IRB,10217,0,0.00,2026-08-31 16:33:58.859 +0300
2026-08-29,CHANNEL,surcharge_mismatch,JO,Others,1802,0,0.00,2026-08-31 16:33:58.859 +0300
2026-08-29,CHANNEL,surcharge_mismatch,JO,Total,73442,18,0.02,2026-08-31 16:33:58.859 +0300
2026-08-29,CHANNEL,surcharge_mismatch,JO,ZRQ,15401,5,0.03,2026-08-31 16:33:58.859 +0300
2026-08-29,CHANNEL,surge_mismatch,JO,AMM,46022,4,0.01,2026-08-31 16:33:58.859 +0300
2026-08-29,CHANNEL,surge_mismatch,JO,IRB,10217,0,0.00,2026-08-31 16:33:58.859 +0300
2026-08-29,CHANNEL,surge_mismatch,JO,Others,1802,0,0.00,2026-08-31 16:33:58.859 +0300
2026-08-29,CHANNEL,surge_mismatch,JO,Total,73442,5,0.01,2026-08-31 16:33:58.859 +0300
2026-08-29,CHANNEL,surge_mismatch,JO,ZRQ,15401,1,0.01,2026-08-31 16:33:58.859 +0300
2026-08-29,SCENARIO,beyondB,JO,AMM,46022,30,0.07,2026-08-31 16:33:58.859 +0300
2026-08-29,SCENARIO,beyondB,JO,IRB,10217,9,0.09,2026-08-31 16:33:58.859 +0300
2026-08-29,SCENARIO,beyondB,JO,Others,1802,1,0.06,2026-08-31 16:33:58.859 +0300
2026-08-29,SCENARIO,beyondB,JO,Total,73442,42,0.06,2026-08-31 16:33:58.859 +0300
2026-08-29,SCENARIO,beyondB,JO,ZRQ,15401,2,0.01,2026-08-31 16:33:58.859 +0300
2026-08-29,SCENARIO,withinA_at_dest,JO,AMM,46022,5086,11.05,2026-08-31 16:33:58.859 +0300
2026-08-29,SCENARIO,withinA_at_dest,JO,IRB,10217,954,9.34,2026-08-31 16:33:58.859 +0300
2026-08-29,SCENARIO,withinA_at_dest,JO,Others,1802,161,8.93,2026-08-31 16:33:58.859 +0300
2026-08-29,SCENARIO,withinA_at_dest,JO,Total,73442,7700,10.48,2026-08-31 16:33:58.859 +0300
2026-08-29,SCENARIO,withinA_at_dest,JO,ZRQ,15401,1499,9.73,2026-08-31 16:33:58.859 +0300
2026-08-29,SCENARIO,withinA_not_dest,JO,AMM,46022,1487,3.23,2026-08-31 16:33:58.859 +0300
2026-08-29,SCENARIO,withinA_not_dest,JO,IRB,10217,686,6.71,2026-08-31 16:33:58.859 +0300
2026-08-29,SCENARIO,withinA_not_dest,JO,Others,1802,58,3.22,2026-08-31 16:33:58.859 +0300
2026-08-29,SCENARIO,withinA_not_dest,JO,Total,73442,2692,3.67,2026-08-31 16:33:58.859 +0300
2026-08-29,SCENARIO,withinA_not_dest,JO,ZRQ,15401,461,2.99,2026-08-31 16:33:58.859 +0300
2026-08-29,SCENARIO,withinB_at_dest,JO,AMM,46022,1792,3.89,2026-08-31 16:33:58.859 +0300
2026-08-29,SCENARIO,withinB_at_dest,JO,IRB,10217,698,6.83,2026-08-31 16:33:58.859 +0300
2026-08-29,SCENARIO,withinB_at_dest,JO,Others,1802,144,7.99,2026-08-31 16:33:58.859 +0300
2026-08-29,SCENARIO,withinB_at_dest,JO,Total,73442,3796,5.17,2026-08-31 16:33:58.859 +0300
2026-08-29,SCENARIO,withinB_at_dest,JO,ZRQ,15401,1162,7.54,2026-08-31 16:33:58.859 +0300
2026-08-29,SCENARIO,withinB_not_dest,JO,AMM,46022,1165,2.53,2026-08-31 16:33:58.859 +0300
2026-08-29,SCENARIO,withinB_not_dest,JO,IRB,10217,461,4.51,2026-08-31 16:33:58.859 +0300
2026-08-29,SCENARIO,withinB_not_dest,JO,Others,1802,74,4.11,2026-08-31 16:33:58.859 +0300
2026-08-29,SCENARIO,withinB_not_dest,JO,Total,73442,2104,2.86,2026-08-31 16:33:58.859 +0300
2026-08-29,SCENARIO,withinB_not_dest,JO,ZRQ,15401,404,2.62,2026-08-31 16:33:58.859 +0300
2026-08-29,CAUSE_MIX,beyondB,SA,Total,38440,12,0.03,2026-08-31 16:33:58.859 +0300
2026-08-29,CAUSE_MIX,pickup_mismatch,SA,Total,38440,7,0.02,2026-08-31 16:33:58.859 +0300
2026-08-29,CAUSE_MIX,previous_wallet_balance,SA,Total,38440,5477,14.25,2026-08-31 16:33:58.859 +0300
2026-08-29,CAUSE_MIX,surcharge_mismatch,SA,Total,38440,681,1.77,2026-08-31 16:33:58.859 +0300
2026-08-29,CAUSE_MIX,surge_mismatch,SA,Total,38440,69,0.18,2026-08-31 16:33:58.859 +0300
2026-08-29,CAUSE_MIX,waiting_time,SA,Total,38440,18277,47.55,2026-08-31 16:33:58.859 +0300
2026-08-29,CAUSE_MIX,withinA_at_dest,SA,Total,38440,3323,8.64,2026-08-31 16:33:58.859 +0300
2026-08-29,CAUSE_MIX,withinA_not_dest,SA,Total,38440,1666,4.33,2026-08-31 16:33:58.859 +0300
2026-08-29,CAUSE_MIX,withinB_at_dest,SA,Total,38440,6644,17.28,2026-08-31 16:33:58.859 +0300
2026-08-29,CAUSE_MIX,withinB_not_dest,SA,Total,38440,2284,5.94,2026-08-31 16:33:58.859 +0300
2026-08-29,CHANNEL,cumulative_price_shocks_net,SA,DMM,5768,1951,33.82,2026-08-31 16:33:58.859 +0300
2026-08-29,CHANNEL,cumulative_price_shocks_net,SA,JED,27826,10489,37.69,2026-08-31 16:33:58.859 +0300
2026-08-29,CHANNEL,cumulative_price_shocks_net,SA,MAD,8896,3046,34.24,2026-08-31 16:33:58.859 +0300
2026-08-29,CHANNEL,cumulative_price_shocks_net,SA,MEC,4321,1781,41.22,2026-08-31 16:33:58.859 +0300
2026-08-29,CHANNEL,cumulative_price_shocks_net,SA,Others,11246,4295,38.19,2026-08-31 16:33:58.859 +0300
2026-08-29,CHANNEL,cumulative_price_shocks_net,SA,RUH,34816,11236,32.27,2026-08-31 16:33:58.859 +0300
2026-08-29,CHANNEL,cumulative_price_shocks_net,SA,Total,92873,32798,35.31,2026-08-31 16:33:58.859 +0300
2026-08-29,CHANNEL,pd_mismatch,SA,DMM,5768,0,0.00,2026-08-31 16:33:58.859 +0300
2026-08-29,CHANNEL,pd_mismatch,SA,JED,27826,0,0.00,2026-08-31 16:33:58.859 +0300
2026-08-29,CHANNEL,pd_mismatch,SA,MAD,8896,0,0.00,2026-08-31 16:33:58.859 +0300
2026-08-29,CHANNEL,pd_mismatch,SA,MEC,4321,0,0.00,2026-08-31 16:33:58.859 +0300
2026-08-29,CHANNEL,pd_mismatch,SA,Others,11246,0,0.00,2026-08-31 16:33:58.859 +0300
2026-08-29,CHANNEL,pd_mismatch,SA,RUH,34816,0,0.00,2026-08-31 16:33:58.859 +0300
2026-08-29,CHANNEL,pd_mismatch,SA,Total,92873,0,0.00,2026-08-31 16:33:58.859 +0300
2026-08-29,CHANNEL,pickup_mismatch,SA,DMM,5768,0,0.00,2026-08-31 16:33:58.859 +0300
2026-08-29,CHANNEL,pickup_mismatch,SA,JED,27826,1,0.00,2026-08-31 16:33:58.859 +0300
2026-08-29,CHANNEL,pickup_mismatch,SA,MAD,8896,1,0.01,2026-08-31 16:33:58.859 +0300
2026-08-29,CHANNEL,pickup_mismatch,SA,MEC,4321,1,0.02,2026-08-31 16:33:58.859 +0300
2026-08-29,CHANNEL,pickup_mismatch,SA,Others,11246,3,0.03,2026-08-31 16:33:58.859 +0300
2026-08-29,CHANNEL,pickup_mismatch,SA,RUH,34816,2,0.01,2026-08-31 16:33:58.859 +0300
2026-08-29,CHANNEL,pickup_mismatch,SA,Total,92873,8,0.01,2026-08-31 16:33:58.859 +0300
2026-08-29,CHANNEL,residual_fare_increase_net,SA,DMM,5768,957,16.59,2026-08-31 16:33:58.859 +0300
2026-08-29,CHANNEL,residual_fare_increase_net,SA,JED,27826,4982,17.90,2026-08-31 16:33:58.859 +0300
2026-08-29,CHANNEL,residual_fare_increase_net,SA,MAD,8896,1457,16.38,2026-08-31 16:33:58.859 +0300
2026-08-29,CHANNEL,residual_fare_increase_net,SA,MEC,4321,837,19.37,2026-08-31 16:33:58.859 +0300
2026-08-29,CHANNEL,residual_fare_increase_net,SA,Others,11246,2218,19.72,2026-08-31 16:33:58.859 +0300
2026-08-29,CHANNEL,residual_fare_increase_net,SA,RUH,34816,5029,14.44,2026-08-31 16:33:58.859 +0300
2026-08-29,CHANNEL,residual_fare_increase_net,SA,Total,92873,15480,16.67,2026-08-31 16:33:58.859 +0300
2026-08-29,CHANNEL,rounding_error,SA,DMM,5768,98,1.70,2026-08-31 16:33:58.859 +0300
2026-08-29,CHANNEL,rounding_error,SA,JED,27826,717,2.58,2026-08-31 16:33:58.859 +0300
2026-08-29,CHANNEL,rounding_error,SA,MAD,8896,251,2.82,2026-08-31 16:33:58.859 +0300
2026-08-29,CHANNEL,rounding_error,SA,MEC,4321,62,1.43,2026-08-31 16:33:58.859 +0300
2026-08-29,CHANNEL,rounding_error,SA,Others,11246,186,1.65,2026-08-31 16:33:58.859 +0300
2026-08-29,CHANNEL,rounding_error,SA,RUH,34816,827,2.38,2026-08-31 16:33:58.859 +0300
2026-08-29,CHANNEL,rounding_error,SA,Total,92873,2141,2.31,2026-08-31 16:33:58.859 +0300
2026-08-29,CHANNEL,spillover_recovery,SA,DMM,5768,296,5.13,2026-08-31 16:33:58.859 +0300
2026-08-29,CHANNEL,spillover_recovery,SA,JED,27826,2205,7.92,2026-08-31 16:33:58.859 +0300
2026-08-29,CHANNEL,spillover_recovery,SA,MAD,8896,551,6.19,2026-08-31 16:33:58.859 +0300
2026-08-29,CHANNEL,spillover_recovery,SA,MEC,4321,254,5.88,2026-08-31 16:33:58.859 +0300
2026-08-29,CHANNEL,spillover_recovery,SA,Others,11246,466,4.14,2026-08-31 16:33:58.859 +0300
2026-08-29,CHANNEL,spillover_recovery,SA,RUH,34816,2241,6.44,2026-08-31 16:33:58.859 +0300
2026-08-29,CHANNEL,spillover_recovery,SA,Total,92873,6013,6.47,2026-08-31 16:33:58.859 +0300
2026-08-29,CHANNEL,surcharge_mismatch,SA,DMM,5768,113,1.96,2026-08-31 16:33:58.859 +0300
2026-08-29,CHANNEL,surcharge_mismatch,SA,JED,27826,721,2.59,2026-08-31 16:33:58.859 +0300
2026-08-29,CHANNEL,surcharge_mismatch,SA,MAD,8896,118,1.33,2026-08-31 16:33:58.859 +0300
2026-08-29,CHANNEL,surcharge_mismatch,SA,MEC,4321,38,0.88,2026-08-31 16:33:58.859 +0300
2026-08-29,CHANNEL,surcharge_mismatch,SA,Others,11246,171,1.52,2026-08-31 16:33:58.859 +0300
2026-08-29,CHANNEL,surcharge_mismatch,SA,RUH,34816,584,1.68,2026-08-31 16:33:58.859 +0300
2026-08-29,CHANNEL,surcharge_mismatch,SA,Total,92873,1745,1.88,2026-08-31 16:33:58.859 +0300
2026-08-29,CHANNEL,surge_mismatch,SA,DMM,5768,6,0.10,2026-08-31 16:33:58.859 +0300
2026-08-29,CHANNEL,surge_mismatch,SA,JED,27826,47,0.17,2026-08-31 16:33:58.859 +0300
2026-08-29,CHANNEL,surge_mismatch,SA,MAD,8896,23,0.26,2026-08-31 16:33:58.859 +0300
2026-08-29,CHANNEL,surge_mismatch,SA,MEC,4321,7,0.16,2026-08-31 16:33:58.859 +0300
2026-08-29,CHANNEL,surge_mismatch,SA,Others,11246,0,0.00,2026-08-31 16:33:58.859 +0300
2026-08-29,CHANNEL,surge_mismatch,SA,RUH,34816,67,0.19,2026-08-31 16:33:58.859 +0300
2026-08-29,CHANNEL,surge_mismatch,SA,Total,92873,150,0.16,2026-08-31 16:33:58.859 +0300
2026-08-29,SCENARIO,beyondB,SA,DMM,5768,1,0.02,2026-08-31 16:33:58.859 +0300
2026-08-29,SCENARIO,beyondB,SA,JED,27826,6,0.02,2026-08-31 16:33:58.859 +0300
2026-08-29,SCENARIO,beyondB,SA,MAD,8896,1,0.01,2026-08-31 16:33:58.859 +0300
2026-08-29,SCENARIO,beyondB,SA,MEC,4321,1,0.02,2026-08-31 16:33:58.859 +0300
2026-08-29,SCENARIO,beyondB,SA,Others,11246,6,0.05,2026-08-31 16:33:58.859 +0300
2026-08-29,SCENARIO,beyondB,SA,RUH,34816,8,0.02,2026-08-31 16:33:58.859 +0300
2026-08-29,SCENARIO,beyondB,SA,Total,92873,23,0.02,2026-08-31 16:33:58.859 +0300
2026-08-29,SCENARIO,withinA_at_dest,SA,DMM,5768,999,17.32,2026-08-31 16:33:58.859 +0300
2026-08-29,SCENARIO,withinA_at_dest,SA,JED,27826,5615,20.18,2026-08-31 16:33:58.859 +0300
2026-08-29,SCENARIO,withinA_at_dest,SA,MAD,8896,1613,18.13,2026-08-31 16:33:58.859 +0300
2026-08-29,SCENARIO,withinA_at_dest,SA,MEC,4321,948,21.94,2026-08-31 16:33:58.859 +0300
2026-08-29,SCENARIO,withinA_at_dest,SA,Others,11246,2053,18.26,2026-08-31 16:33:58.859 +0300
2026-08-29,SCENARIO,withinA_at_dest,SA,RUH,34816,6510,18.70,2026-08-31 16:33:58.859 +0300
2026-08-29,SCENARIO,withinA_at_dest,SA,Total,92873,17738,19.10,2026-08-31 16:33:58.859 +0300
2026-08-29,SCENARIO,withinA_not_dest,SA,DMM,5768,153,2.65,2026-08-31 16:33:58.859 +0300
2026-08-29,SCENARIO,withinA_not_dest,SA,JED,27826,608,2.19,2026-08-31 16:33:58.859 +0300
2026-08-29,SCENARIO,withinA_not_dest,SA,MAD,8896,333,3.74,2026-08-31 16:33:58.859 +0300
2026-08-29,SCENARIO,withinA_not_dest,SA,MEC,4321,129,2.99,2026-08-31 16:33:58.859 +0300
2026-08-29,SCENARIO,withinA_not_dest,SA,Others,11246,427,3.80,2026-08-31 16:33:58.859 +0300
2026-08-29,SCENARIO,withinA_not_dest,SA,RUH,34816,1022,2.94,2026-08-31 16:33:58.859 +0300
2026-08-29,SCENARIO,withinA_not_dest,SA,Total,92873,2672,2.88,2026-08-31 16:33:58.859 +0300
2026-08-29,SCENARIO,withinB_at_dest,SA,DMM,5768,615,10.66,2026-08-31 16:33:58.859 +0300
2026-08-29,SCENARIO,withinB_at_dest,SA,JED,27826,3387,12.17,2026-08-31 16:33:58.859 +0300
2026-08-29,SCENARIO,withinB_at_dest,SA,MAD,8896,800,8.99,2026-08-31 16:33:58.859 +0300
2026-08-29,SCENARIO,withinB_at_dest,SA,MEC,4321,515,11.92,2026-08-31 16:33:58.859 +0300
2026-08-29,SCENARIO,withinB_at_dest,SA,Others,11246,1175,10.45,2026-08-31 16:33:58.859 +0300
2026-08-29,SCENARIO,withinB_at_dest,SA,RUH,34816,2566,7.37,2026-08-31 16:33:58.859 +0300
2026-08-29,SCENARIO,withinB_at_dest,SA,Total,92873,9058,9.75,2026-08-31 16:33:58.859 +0300
2026-08-29,SCENARIO,withinB_not_dest,SA,DMM,5768,183,3.17,2026-08-31 16:33:58.859 +0300
2026-08-29,SCENARIO,withinB_not_dest,SA,JED,27826,873,3.14,2026-08-31 16:33:58.859 +0300
2026-08-29,SCENARIO,withinB_not_dest,SA,MAD,8896,299,3.36,2026-08-31 16:33:58.859 +0300
2026-08-29,SCENARIO,withinB_not_dest,SA,MEC,4321,188,4.35,2026-08-31 16:33:58.859 +0300
2026-08-29,SCENARIO,withinB_not_dest,SA,Others,11246,634,5.64,2026-08-31 16:33:58.859 +0300
2026-08-29,SCENARIO,withinB_not_dest,SA,RUH,34816,1130,3.25,2026-08-31 16:33:58.859 +0300
2026-08-29,SCENARIO,withinB_not_dest,SA,Total,92873,3307,3.56,2026-08-31 16:33:58.859 +0300
2026-08-30,CAUSE_MIX,beyondB,JO,Total,19389,48,0.25,2026-08-31 16:33:58.859 +0300
2026-08-30,CAUSE_MIX,pickup_mismatch,JO,Total,19389,1,0.01,2026-08-31 16:33:58.859 +0300
2026-08-30,CAUSE_MIX,previous_wallet_balance,JO,Total,19389,1082,5.58,2026-08-31 16:33:58.859 +0300
2026-08-30,CAUSE_MIX,surcharge_mismatch,JO,Total,19389,19,0.10,2026-08-31 16:33:58.859 +0300
2026-08-30,CAUSE_MIX,surge_mismatch,JO,Total,19389,2,0.01,2026-08-31 16:33:58.859 +0300
2026-08-30,CAUSE_MIX,waiting_time,JO,Total,19389,8945,46.13,2026-08-31 16:33:58.859 +0300
2026-08-30,CAUSE_MIX,withinA_at_dest,JO,Total,19389,974,5.02,2026-08-31 16:33:58.859 +0300
2026-08-30,CAUSE_MIX,withinA_not_dest,JO,Total,19389,2233,11.52,2026-08-31 16:33:58.859 +0300
2026-08-30,CAUSE_MIX,withinB_at_dest,JO,Total,19389,4178,21.55,2026-08-31 16:33:58.859 +0300
2026-08-30,CAUSE_MIX,withinB_not_dest,JO,Total,19389,1907,9.84,2026-08-31 16:33:58.859 +0300
2026-08-30,CHANNEL,cumulative_price_shocks_net,JO,AMM,52726,11196,21.23,2026-08-31 16:33:58.859 +0300
2026-08-30,CHANNEL,cumulative_price_shocks_net,JO,IRB,12245,3161,25.81,2026-08-31 16:33:58.859 +0300
2026-08-30,CHANNEL,cumulative_price_shocks_net,JO,Others,2063,505,24.48,2026-08-31 16:33:58.859 +0300
2026-08-30,CHANNEL,cumulative_price_shocks_net,JO,Total,82911,18307,22.08,2026-08-31 16:33:58.859 +0300
2026-08-30,CHANNEL,cumulative_price_shocks_net,JO,ZRQ,15877,3445,21.70,2026-08-31 16:33:58.859 +0300
2026-08-30,CHANNEL,pd_mismatch,JO,AMM,52726,0,0.00,2026-08-31 16:33:58.859 +0300
2026-08-30,CHANNEL,pd_mismatch,JO,IRB,12245,0,0.00,2026-08-31 16:33:58.859 +0300
2026-08-30,CHANNEL,pd_mismatch,JO,Others,2063,0,0.00,2026-08-31 16:33:58.859 +0300
2026-08-30,CHANNEL,pd_mismatch,JO,Total,82911,0,0.00,2026-08-31 16:33:58.859 +0300
2026-08-30,CHANNEL,pd_mismatch,JO,ZRQ,15877,0,0.00,2026-08-31 16:33:58.859 +0300
2026-08-30,CHANNEL,pickup_mismatch,JO,AMM,52726,1,0.00,2026-08-31 16:33:58.859 +0300
2026-08-30,CHANNEL,pickup_mismatch,JO,IRB,12245,0,0.00,2026-08-31 16:33:58.859 +0300
2026-08-30,CHANNEL,pickup_mismatch,JO,Others,2063,0,0.00,2026-08-31 16:33:58.859 +0300
2026-08-07,CHANNEL,pd_mismatch,SA,RUH,28755,0,0.00,2026-08-31 16:33:58.859 +0300
2026-08-07,CHANNEL,pd_mismatch,SA,Total,80159,0,0.00,2026-08-31 16:33:58.859 +0300
2026-08-07,CHANNEL,pickup_mismatch,SA,DMM,4522,1,0.02,2026-08-31 16:33:58.859 +0300
2026-08-07,CHANNEL,pickup_mismatch,SA,JED,23817,2,0.01,2026-08-31 16:33:58.859 +0300
2026-08-07,CHANNEL,pickup_mismatch,SA,MAD,8593,1,0.01,2026-08-31 16:33:58.859 +0300
2026-08-07,CHANNEL,pickup_mismatch,SA,MEC,4249,0,0.00,2026-08-31 16:33:58.859 +0300
2026-08-07,CHANNEL,pickup_mismatch,SA,Others,10223,2,0.02,2026-08-31 16:33:58.859 +0300
2026-08-07,CHANNEL,pickup_mismatch,SA,RUH,28755,0,0.00,2026-08-31 16:33:58.859 +0300
2026-08-07,CHANNEL,pickup_mismatch,SA,Total,80159,6,0.01,2026-08-31 16:33:58.859 +0300
2026-08-07,CHANNEL,residual_fare_increase_net,SA,DMM,4522,841,18.60,2026-08-31 16:33:58.859 +0300
2026-08-07,CHANNEL,residual_fare_increase_net,SA,JED,23817,4366,18.33,2026-08-31 16:33:58.859 +0300
2026-08-07,CHANNEL,residual_fare_increase_net,SA,MAD,8593,1562,18.18,2026-08-31 16:33:58.859 +0300
2026-08-07,CHANNEL,residual_fare_increase_net,SA,MEC,4249,876,20.62,2026-08-31 16:33:58.859 +0300
2026-08-07,CHANNEL,residual_fare_increase_net,SA,Others,10223,2129,20.83,2026-08-31 16:33:58.859 +0300
2026-08-07,CHANNEL,residual_fare_increase_net,SA,RUH,28755,4005,13.93,2026-08-31 16:33:58.859 +0300
2026-08-07,CHANNEL,residual_fare_increase_net,SA,Total,80159,13779,17.19,2026-08-31 16:33:58.859 +0300
2026-08-07,CHANNEL,rounding_error,SA,DMM,4522,37,0.82,2026-08-31 16:33:58.859 +0300
2026-08-07,CHANNEL,rounding_error,SA,JED,23817,610,2.56,2026-08-31 16:33:58.859 +0300
2026-08-07,CHANNEL,rounding_error,SA,MAD,8593,226,2.63,2026-08-31 16:33:58.859 +0300
2026-08-07,CHANNEL,rounding_error,SA,MEC,4249,55,1.29,2026-08-31 16:33:58.859 +0300
2026-08-07,CHANNEL,rounding_error,SA,Others,10223,153,1.50,2026-08-31 16:33:58.859 +0300
2026-08-07,CHANNEL,rounding_error,SA,RUH,28755,768,2.67,2026-08-31 16:33:58.859 +0300
2026-08-07,CHANNEL,rounding_error,SA,Total,80159,1849,2.31,2026-08-31 16:33:58.859 +0300
2026-08-07,CHANNEL,spillover_recovery,SA,DMM,4522,219,4.84,2026-08-31 16:33:58.859 +0300
2026-08-07,CHANNEL,spillover_recovery,SA,JED,23817,2003,8.41,2026-08-31 16:33:58.859 +0300
2026-08-07,CHANNEL,spillover_recovery,SA,MAD,8593,563,6.55,2026-08-31 16:33:58.859 +0300
2026-08-07,CHANNEL,spillover_recovery,SA,MEC,4249,247,5.81,2026-08-31 16:33:58.859 +0300
2026-08-07,CHANNEL,spillover_recovery,SA,Others,10223,458,4.48,2026-08-31 16:33:58.859 +0300
2026-08-07,CHANNEL,spillover_recovery,SA,RUH,28755,2137,7.43,2026-08-31 16:33:58.859 +0300
2026-08-07,CHANNEL,spillover_recovery,SA,Total,80159,5627,7.02,2026-08-31 16:33:58.859 +0300
2026-08-07,CHANNEL,surcharge_mismatch,SA,DMM,4522,136,3.01,2026-08-31 16:33:58.859 +0300
2026-08-07,CHANNEL,surcharge_mismatch,SA,JED,23817,638,2.68,2026-08-31 16:33:58.859 +0300
2026-08-07,CHANNEL,surcharge_mismatch,SA,MAD,8593,180,2.09,2026-08-31 16:33:58.859 +0300
2026-08-07,CHANNEL,surcharge_mismatch,SA,MEC,4249,25,0.59,2026-08-31 16:33:58.859 +0300
2026-08-07,CHANNEL,surcharge_mismatch,SA,Others,10223,165,1.61,2026-08-31 16:33:58.859 +0300
2026-08-07,CHANNEL,surcharge_mismatch,SA,RUH,28755,555,1.93,2026-08-31 16:33:58.859 +0300
2026-08-07,CHANNEL,surcharge_mismatch,SA,Total,80159,1699,2.12,2026-08-31 16:33:58.859 +0300
2026-08-07,CHANNEL,surge_mismatch,SA,DMM,4522,3,0.07,2026-08-31 16:33:58.859 +0300
2026-08-07,CHANNEL,surge_mismatch,SA,JED,23817,22,0.09,2026-08-31 16:33:58.859 +0300
2026-08-07,CHANNEL,surge_mismatch,SA,MAD,8593,18,0.21,2026-08-31 16:33:58.859 +0300
2026-08-07,CHANNEL,surge_mismatch,SA,MEC,4249,5,0.12,2026-08-31 16:33:58.859 +0300
2026-08-07,CHANNEL,surge_mismatch,SA,Others,10223,0,0.00,2026-08-31 16:33:58.859 +0300
2026-08-07,CHANNEL,surge_mismatch,SA,RUH,28755,26,0.09,2026-08-31 16:33:58.859 +0300
2026-08-07,CHANNEL,surge_mismatch,SA,Total,80159,74,0.09,2026-08-31 16:33:58.859 +0300
2026-08-07,SCENARIO,beyondB,SA,DMM,4522,0,0.00,2026-08-31 16:33:58.859 +0300
2026-08-07,SCENARIO,beyondB,SA,JED,23817,4,0.02,2026-08-31 16:33:58.859 +0300
2026-08-07,SCENARIO,beyondB,SA,MAD,8593,3,0.03,2026-08-31 16:33:58.859 +0300
2026-08-07,SCENARIO,beyondB,SA,MEC,4249,2,0.05,2026-08-31 16:33:58.859 +0300
2026-08-07,SCENARIO,beyondB,SA,Others,10223,5,0.05,2026-08-31 16:33:58.859 +0300
2026-08-07,SCENARIO,beyondB,SA,RUH,28755,17,0.06,2026-08-31 16:33:58.859 +0300
2026-08-07,SCENARIO,beyondB,SA,Total,80159,31,0.04,2026-08-31 16:33:58.859 +0300
2026-08-07,SCENARIO,withinA_at_dest,SA,DMM,4522,826,18.27,2026-08-31 16:33:58.859 +0300
2026-08-07,SCENARIO,withinA_at_dest,SA,JED,23817,5039,21.16,2026-08-31 16:33:58.859 +0300
2026-08-07,SCENARIO,withinA_at_dest,SA,MAD,8593,1636,19.04,2026-08-31 16:33:58.859 +0300
2026-08-07,SCENARIO,withinA_at_dest,SA,MEC,4249,978,23.02,2026-08-31 16:33:58.859 +0300
2026-08-07,SCENARIO,withinA_at_dest,SA,Others,10223,1961,19.18,2026-08-31 16:33:58.859 +0300
2026-08-07,SCENARIO,withinA_at_dest,SA,RUH,28755,5637,19.60,2026-08-31 16:33:58.859 +0300
2026-08-07,SCENARIO,withinA_at_dest,SA,Total,80159,16077,20.06,2026-08-31 16:33:58.859 +0300
2026-08-07,SCENARIO,withinA_not_dest,SA,DMM,4522,168,3.72,2026-08-31 16:33:58.859 +0300
2026-08-07,SCENARIO,withinA_not_dest,SA,JED,23817,589,2.47,2026-08-31 16:33:58.859 +0300
2026-08-07,SCENARIO,withinA_not_dest,SA,MAD,8593,363,4.22,2026-08-31 16:33:58.859 +0300
2026-08-07,SCENARIO,withinA_not_dest,SA,MEC,4249,147,3.46,2026-08-31 16:33:58.859 +0300
2026-08-07,SCENARIO,withinA_not_dest,SA,Others,10223,427,4.18,2026-08-31 16:33:58.859 +0300
2026-08-07,SCENARIO,withinA_not_dest,SA,RUH,28755,887,3.08,2026-08-31 16:33:58.859 +0300
2026-08-07,SCENARIO,withinA_not_dest,SA,Total,80159,2581,3.22,2026-08-31 16:33:58.859 +0300
2026-08-07,SCENARIO,withinB_at_dest,SA,DMM,4522,494,10.92,2026-08-31 16:33:58.859 +0300
2026-08-07,SCENARIO,withinB_at_dest,SA,JED,23817,2854,11.98,2026-08-31 16:33:58.859 +0300
2026-08-07,SCENARIO,withinB_at_dest,SA,MAD,8593,792,9.22,2026-08-31 16:33:58.859 +0300
2026-08-07,SCENARIO,withinB_at_dest,SA,MEC,4249,495,11.65,2026-08-31 16:33:58.859 +0300
2026-08-07,SCENARIO,withinB_at_dest,SA,Others,10223,1097,10.73,2026-08-31 16:33:58.859 +0300
2026-08-07,SCENARIO,withinB_at_dest,SA,RUH,28755,1938,6.74,2026-08-31 16:33:58.859 +0300
2026-08-07,SCENARIO,withinB_at_dest,SA,Total,80159,7670,9.57,2026-08-31 16:33:58.859 +0300
2026-08-07,SCENARIO,withinB_not_dest,SA,DMM,4522,184,4.07,2026-08-31 16:33:58.859 +0300
2026-08-07,SCENARIO,withinB_not_dest,SA,JED,23817,850,3.57,2026-08-31 16:33:58.859 +0300
2026-08-07,SCENARIO,withinB_not_dest,SA,MAD,8593,389,4.53,2026-08-31 16:33:58.859 +0300
2026-08-07,SCENARIO,withinB_not_dest,SA,MEC,4249,237,5.58,2026-08-31 16:33:58.859 +0300
2026-08-07,SCENARIO,withinB_not_dest,SA,Others,10223,641,6.27,2026-08-31 16:33:58.859 +0300
2026-08-07,SCENARIO,withinB_not_dest,SA,RUH,28755,1024,3.56,2026-08-31 16:33:58.859 +0300
2026-08-07,SCENARIO,withinB_not_dest,SA,Total,80159,3325,4.15,2026-08-31 16:33:58.859 +0300
2026-08-08,CAUSE_MIX,beyondB,JO,Total,19874,45,0.23,2026-08-31 16:33:58.859 +0300
2026-08-08,CAUSE_MIX,previous_wallet_balance,JO,Total,19874,1025,5.16,2026-08-31 16:33:58.859 +0300
2026-08-08,CAUSE_MIX,surcharge_mismatch,JO,Total,19874,15,0.08,2026-08-31 16:33:58.859 +0300
2026-08-08,CAUSE_MIX,surge_mismatch,JO,Total,19874,8,0.04,2026-08-31 16:33:58.859 +0300
2026-08-08,CAUSE_MIX,waiting_time,JO,Total,19874,8783,44.19,2026-08-31 16:33:58.859 +0300
2026-08-08,CAUSE_MIX,withinA_at_dest,JO,Total,19874,1135,5.71,2026-08-31 16:33:58.859 +0300
2026-08-08,CAUSE_MIX,withinA_not_dest,JO,Total,19874,2312,11.63,2026-08-31 16:33:58.859 +0300
2026-08-08,CAUSE_MIX,withinB_at_dest,JO,Total,19874,4423,22.26,2026-08-31 16:33:58.859 +0300
2026-08-08,CAUSE_MIX,withinB_not_dest,JO,Total,19874,2128,10.71,2026-08-31 16:33:58.859 +0300
2026-08-08,CHANNEL,cumulative_price_shocks_net,JO,AMM,49632,11251,22.67,2026-08-31 16:33:58.859 +0300
2026-08-08,CHANNEL,cumulative_price_shocks_net,JO,IRB,11065,3365,30.41,2026-08-31 16:33:58.859 +0300
2026-08-08,CHANNEL,cumulative_price_shocks_net,JO,Others,1800,496,27.56,2026-08-31 16:33:58.859 +0300
2026-08-08,CHANNEL,cumulative_price_shocks_net,JO,Total,78634,18848,23.97,2026-08-31 16:33:58.859 +0300
2026-08-08,CHANNEL,cumulative_price_shocks_net,JO,ZRQ,16137,3736,23.15,2026-08-31 16:33:58.859 +0300
2026-08-08,CHANNEL,pd_mismatch,JO,AMM,49632,0,0.00,2026-08-31 16:33:58.859 +0300
2026-08-08,CHANNEL,pd_mismatch,JO,IRB,11065,0,0.00,2026-08-31 16:33:58.859 +0300
2026-08-08,CHANNEL,pd_mismatch,JO,Others,1800,0,0.00,2026-08-31 16:33:58.859 +0300
2026-08-08,CHANNEL,pd_mismatch,JO,Total,78634,0,0.00,2026-08-31 16:33:58.859 +0300
2026-08-08,CHANNEL,pd_mismatch,JO,ZRQ,16137,0,0.00,2026-08-31 16:33:58.859 +0300
2026-08-08,CHANNEL,pickup_mismatch,JO,AMM,49632,0,0.00,2026-08-31 16:33:58.859 +0300
2026-08-08,CHANNEL,pickup_mismatch,JO,IRB,11065,0,0.00,2026-08-31 16:33:58.859 +0300
2026-08-08,CHANNEL,pickup_mismatch,JO,Others,1800,0,0.00,2026-08-31 16:33:58.859 +0300
2026-08-08,CHANNEL,pickup_mismatch,JO,Total,78634,0,0.00,2026-08-31 16:33:58.859 +0300
2026-08-08,CHANNEL,pickup_mismatch,JO,ZRQ,16137,0,0.00,2026-08-31 16:33:58.859 +0300
2026-08-08,CHANNEL,residual_fare_increase_net,JO,AMM,49632,5737,11.56,2026-08-31 16:33:58.859 +0300
2026-08-08,CHANNEL,residual_fare_increase_net,JO,IRB,11065,2315,20.92,2026-08-31 16:33:58.859 +0300
2026-08-08,CHANNEL,residual_fare_increase_net,JO,Others,1800,301,16.72,2026-08-31 16:33:58.859 +0300
2026-08-08,CHANNEL,residual_fare_increase_net,JO,Total,78634,10439,13.28,2026-08-31 16:33:58.859 +0300
2026-08-08,CHANNEL,residual_fare_increase_net,JO,ZRQ,16137,2086,12.93,2026-08-31 16:33:58.859 +0300
2026-08-08,CHANNEL,rounding_error,JO,AMM,49632,550,1.11,2026-08-31 16:33:58.859 +0300
2026-08-08,CHANNEL,rounding_error,JO,IRB,11065,128,1.16,2026-08-31 16:33:58.859 +0300
2026-08-08,CHANNEL,rounding_error,JO,Others,1800,21,1.17,2026-08-31 16:33:58.859 +0300
2026-08-08,CHANNEL,rounding_error,JO,Total,78634,863,1.10,2026-08-31 16:33:58.859 +0300
2026-08-08,CHANNEL,rounding_error,JO,ZRQ,16137,164,1.02,2026-08-31 16:33:58.859 +0300
2026-08-08,CHANNEL,spillover_recovery,JO,AMM,49632,858,1.73,2026-08-31 16:33:58.859 +0300
2026-08-08,CHANNEL,spillover_recovery,JO,IRB,11065,160,1.45,2026-08-31 16:33:58.859 +0300
2026-08-08,CHANNEL,spillover_recovery,JO,Others,1800,7,0.39,2026-08-31 16:33:58.859 +0300
2026-08-08,CHANNEL,spillover_recovery,JO,Total,78634,1082,1.38,2026-08-31 16:33:58.859 +0300
2026-08-08,CHANNEL,spillover_recovery,JO,ZRQ,16137,57,0.35,2026-08-31 16:33:58.859 +0300
2026-08-08,CHANNEL,surcharge_mismatch,JO,AMM,49632,17,0.03,2026-08-31 16:33:58.859 +0300
2026-08-08,CHANNEL,surcharge_mismatch,JO,IRB,11065,0,0.00,2026-08-31 16:33:58.859 +0300
2026-08-08,CHANNEL,surcharge_mismatch,JO,Others,1800,1,0.06,2026-08-31 16:33:58.859 +0300
2026-08-08,CHANNEL,surcharge_mismatch,JO,Total,78634,27,0.03,2026-08-31 16:33:58.859 +0300
2026-08-08,CHANNEL,surcharge_mismatch,JO,ZRQ,16137,9,0.06,2026-08-31 16:33:58.859 +0300
2026-08-08,CHANNEL,surge_mismatch,JO,AMM,49632,13,0.03,2026-08-31 16:33:58.859 +0300
2026-08-08,CHANNEL,surge_mismatch,JO,IRB,11065,0,0.00,2026-08-31 16:33:58.859 +0300
2026-08-08,CHANNEL,surge_mismatch,JO,Others,1800,0,0.00,2026-08-31 16:33:58.859 +0300
2026-08-08,CHANNEL,surge_mismatch,JO,Total,78634,13,0.02,2026-08-31 16:33:58.859 +0300
2026-08-08,CHANNEL,surge_mismatch,JO,ZRQ,16137,0,0.00,2026-08-31 16:33:58.859 +0300
2026-08-08,SCENARIO,beyondB,JO,AMM,49632,32,0.06,2026-08-31 16:33:58.859 +0300
2026-08-08,SCENARIO,beyondB,JO,IRB,11065,6,0.05,2026-08-31 16:33:58.859 +0300
2026-08-08,SCENARIO,beyondB,JO,Others,1800,3,0.17,2026-08-31 16:33:58.859 +0300
2026-08-08,SCENARIO,beyondB,JO,Total,78634,51,0.06,2026-08-31 16:33:58.859 +0300
2026-08-08,SCENARIO,beyondB,JO,ZRQ,16137,10,0.06,2026-08-31 16:33:58.859 +0300
2026-08-08,SCENARIO,withinA_at_dest,JO,AMM,49632,5424,10.93,2026-08-31 16:33:58.859 +0300
2026-08-08,SCENARIO,withinA_at_dest,JO,IRB,11065,1004,9.07,2026-08-31 16:33:58.859 +0300
2026-08-08,SCENARIO,withinA_at_dest,JO,Others,1800,186,10.33,2026-08-31 16:33:58.859 +0300
2026-08-08,SCENARIO,withinA_at_dest,JO,Total,78634,8218,10.45,2026-08-31 16:33:58.859 +0300
2026-08-08,SCENARIO,withinA_at_dest,JO,ZRQ,16137,1604,9.94,2026-08-31 16:33:58.859 +0300
2026-08-08,SCENARIO,withinA_not_dest,JO,AMM,49632,1656,3.34,2026-08-31 16:33:58.859 +0300
2026-08-08,SCENARIO,withinA_not_dest,JO,IRB,11065,692,6.25,2026-08-31 16:33:58.859 +0300
2026-08-08,SCENARIO,withinA_not_dest,JO,Others,1800,59,3.28,2026-08-31 16:33:58.859 +0300
2026-08-08,SCENARIO,withinA_not_dest,JO,Total,78634,2912,3.70,2026-08-31 16:33:58.859 +0300
2026-08-08,SCENARIO,withinA_not_dest,JO,ZRQ,16137,505,3.13,2026-08-31 16:33:58.859 +0300
2026-08-08,SCENARIO,withinB_at_dest,JO,AMM,49632,2790,5.62,2026-08-31 16:33:58.859 +0300
2026-08-08,SCENARIO,withinB_at_dest,JO,IRB,11065,1036,9.36,2026-08-31 16:33:58.859 +0300
2026-08-08,SCENARIO,withinB_at_dest,JO,Others,1800,164,9.11,2026-08-31 16:33:58.859 +0300
2026-08-08,SCENARIO,withinB_at_dest,JO,Total,78634,5146,6.54,2026-08-31 16:33:58.859 +0300
2026-08-08,SCENARIO,withinB_at_dest,JO,ZRQ,16137,1156,7.16,2026-08-31 16:33:58.859 +0300
2026-08-08,SCENARIO,withinB_not_dest,JO,AMM,49632,1349,2.72,2026-08-31 16:33:58.859 +0300
2026-08-08,SCENARIO,withinB_not_dest,JO,IRB,11065,627,5.67,2026-08-31 16:33:58.859 +0300
2026-08-08,SCENARIO,withinB_not_dest,JO,Others,1800,84,4.67,2026-08-31 16:33:58.859 +0300
2026-08-08,SCENARIO,withinB_not_dest,JO,Total,78634,2521,3.21,2026-08-31 16:33:58.859 +0300
2026-08-08,SCENARIO,withinB_not_dest,JO,ZRQ,16137,461,2.86,2026-08-31 16:33:58.859 +0300
2026-08-15,CHANNEL,cumulative_price_shocks_net,JO,Others,1740,438,25.17,2026-08-31 16:33:58.859 +0300
2026-08-15,CHANNEL,cumulative_price_shocks_net,JO,Total,74295,17208,23.16,2026-08-31 16:33:58.859 +0300
2026-08-15,CHANNEL,cumulative_price_shocks_net,JO,ZRQ,15436,3529,22.86,2026-08-31 16:33:58.859 +0300
2026-08-15,CHANNEL,pd_mismatch,JO,AMM,46898,0,0.00,2026-08-31 16:33:58.859 +0300
2026-08-15,CHANNEL,pd_mismatch,JO,IRB,10221,0,0.00,2026-08-31 16:33:58.859 +0300
2026-08-15,CHANNEL,pd_mismatch,JO,Others,1740,0,0.00,2026-08-31 16:33:58.859 +0300
2026-08-15,CHANNEL,pd_mismatch,JO,Total,74295,0,0.00,2026-08-31 16:33:58.859 +0300
2026-08-15,CHANNEL,pd_mismatch,JO,ZRQ,15436,0,0.00,2026-08-31 16:33:58.859 +0300
2026-08-15,CHANNEL,pickup_mismatch,JO,AMM,46898,1,0.00,2026-08-31 16:33:58.859 +0300
2026-08-15,CHANNEL,pickup_mismatch,JO,IRB,10221,1,0.01,2026-08-31 16:33:58.859 +0300
2026-08-15,CHANNEL,pickup_mismatch,JO,Others,1740,0,0.00,2026-08-31 16:33:58.859 +0300
2026-08-15,CHANNEL,pickup_mismatch,JO,Total,74295,2,0.00,2026-08-31 16:33:58.859 +0300
2026-08-15,CHANNEL,pickup_mismatch,JO,ZRQ,15436,0,0.00,2026-08-31 16:33:58.859 +0300
2026-08-15,CHANNEL,residual_fare_increase_net,JO,AMM,46898,5077,10.83,2026-08-31 16:33:58.859 +0300
2026-08-15,CHANNEL,residual_fare_increase_net,JO,IRB,10221,1968,19.25,2026-08-31 16:33:58.859 +0300
2026-08-15,CHANNEL,residual_fare_increase_net,JO,Others,1740,270,15.52,2026-08-31 16:33:58.859 +0300
2026-08-15,CHANNEL,residual_fare_increase_net,JO,Total,74295,9351,12.59,2026-08-31 16:33:58.859 +0300
2026-08-15,CHANNEL,residual_fare_increase_net,JO,ZRQ,15436,2036,13.19,2026-08-31 16:33:58.859 +0300
2026-08-15,CHANNEL,rounding_error,JO,AMM,46898,580,1.24,2026-08-31 16:33:58.859 +0300
2026-08-15,CHANNEL,rounding_error,JO,IRB,10221,113,1.11,2026-08-31 16:33:58.859 +0300
2026-08-15,CHANNEL,rounding_error,JO,Others,1740,24,1.38,2026-08-31 16:33:58.859 +0300
2026-08-15,CHANNEL,rounding_error,JO,Total,74295,891,1.20,2026-08-31 16:33:58.859 +0300
2026-08-15,CHANNEL,rounding_error,JO,ZRQ,15436,174,1.13,2026-08-31 16:33:58.859 +0300
2026-08-15,CHANNEL,spillover_recovery,JO,AMM,46898,818,1.74,2026-08-31 16:33:58.859 +0300
2026-08-15,CHANNEL,spillover_recovery,JO,IRB,10221,130,1.27,2026-08-31 16:33:58.859 +0300
2026-08-15,CHANNEL,spillover_recovery,JO,Others,1740,8,0.46,2026-08-31 16:33:58.859 +0300
2026-08-15,CHANNEL,spillover_recovery,JO,Total,74295,1011,1.36,2026-08-31 16:33:58.859 +0300
2026-08-15,CHANNEL,spillover_recovery,JO,ZRQ,15436,55,0.36,2026-08-31 16:33:58.859 +0300
2026-08-15,CHANNEL,surcharge_mismatch,JO,AMM,46898,14,0.03,2026-08-31 16:33:58.859 +0300
2026-08-15,CHANNEL,surcharge_mismatch,JO,IRB,10221,0,0.00,2026-08-31 16:33:58.859 +0300
2026-08-15,CHANNEL,surcharge_mismatch,JO,Others,1740,2,0.11,2026-08-31 16:33:58.859 +0300
2026-08-15,CHANNEL,surcharge_mismatch,JO,Total,74295,22,0.03,2026-08-31 16:33:58.859 +0300
2026-08-15,CHANNEL,surcharge_mismatch,JO,ZRQ,15436,6,0.04,2026-08-31 16:33:58.859 +0300
2026-08-15,CHANNEL,surge_mismatch,JO,AMM,46898,10,0.02,2026-08-31 16:33:58.859 +0300
2026-08-15,CHANNEL,surge_mismatch,JO,IRB,10221,0,0.00,2026-08-31 16:33:58.859 +0300
2026-08-15,CHANNEL,surge_mismatch,JO,Others,1740,0,0.00,2026-08-31 16:33:58.859 +0300
2026-08-15,CHANNEL,surge_mismatch,JO,Total,74295,12,0.02,2026-08-31 16:33:58.859 +0300
2026-08-15,CHANNEL,surge_mismatch,JO,ZRQ,15436,2,0.01,2026-08-31 16:33:58.859 +0300
2026-08-15,SCENARIO,beyondB,JO,AMM,46898,37,0.08,2026-08-31 16:33:58.859 +0300
2026-08-15,SCENARIO,beyondB,JO,IRB,10221,15,0.15,2026-08-31 16:33:58.859 +0300
2026-08-15,SCENARIO,beyondB,JO,Others,1740,1,0.06,2026-08-31 16:33:58.859 +0300
2026-08-15,SCENARIO,beyondB,JO,Total,74295,59,0.08,2026-08-31 16:33:58.859 +0300
2026-08-15,SCENARIO,beyondB,JO,ZRQ,15436,6,0.04,2026-08-31 16:33:58.859 +0300
2026-08-15,SCENARIO,withinA_at_dest,JO,AMM,46898,5095,10.86,2026-08-31 16:33:58.859 +0300
2026-08-15,SCENARIO,withinA_at_dest,JO,IRB,10221,933,9.13,2026-08-31 16:33:58.859 +0300
2026-08-15,SCENARIO,withinA_at_dest,JO,Others,1740,165,9.48,2026-08-31 16:33:58.859 +0300
2026-08-15,SCENARIO,withinA_at_dest,JO,Total,74295,7644,10.29,2026-08-31 16:33:58.859 +0300
2026-08-15,SCENARIO,withinA_at_dest,JO,ZRQ,15436,1451,9.40,2026-08-31 16:33:58.859 +0300
2026-08-15,SCENARIO,withinA_not_dest,JO,AMM,46898,1611,3.44,2026-08-31 16:33:58.859 +0300
2026-08-15,SCENARIO,withinA_not_dest,JO,IRB,10221,660,6.46,2026-08-31 16:33:58.859 +0300
2026-08-15,SCENARIO,withinA_not_dest,JO,Others,1740,53,3.05,2026-08-31 16:33:58.859 +0300
2026-08-15,SCENARIO,withinA_not_dest,JO,Total,74295,2872,3.87,2026-08-31 16:33:58.859 +0300
2026-08-15,SCENARIO,withinA_not_dest,JO,ZRQ,15436,548,3.55,2026-08-31 16:33:58.859 +0300
2026-08-15,SCENARIO,withinB_at_dest,JO,AMM,46898,2340,4.99,2026-08-31 16:33:58.859 +0300
2026-08-15,SCENARIO,withinB_at_dest,JO,IRB,10221,806,7.89,2026-08-31 16:33:58.859 +0300
2026-08-15,SCENARIO,withinB_at_dest,JO,Others,1740,148,8.51,2026-08-31 16:33:58.859 +0300
2026-08-15,SCENARIO,withinB_at_dest,JO,Total,74295,4389,5.91,2026-08-31 16:33:58.859 +0300
2026-08-15,SCENARIO,withinB_at_dest,JO,ZRQ,15436,1095,7.09,2026-08-31 16:33:58.859 +0300
2026-08-15,SCENARIO,withinB_not_dest,JO,AMM,46898,1197,2.55,2026-08-31 16:33:58.859 +0300
2026-08-15,SCENARIO,withinB_not_dest,JO,IRB,10221,547,5.35,2026-08-31 16:33:58.859 +0300
2026-08-15,SCENARIO,withinB_not_dest,JO,Others,1740,71,4.08,2026-08-31 16:33:58.859 +0300
2026-08-15,SCENARIO,withinB_not_dest,JO,Total,74295,2244,3.02,2026-08-31 16:33:58.859 +0300
2026-08-15,SCENARIO,withinB_not_dest,JO,ZRQ,15436,429,2.78,2026-08-31 16:33:58.859 +0300
2026-08-15,CAUSE_MIX,beyondB,SA,Total,35223,17,0.05,2026-08-31 16:33:58.859 +0300
2026-08-15,CAUSE_MIX,pickup_mismatch,SA,Total,35223,2,0.01,2026-08-31 16:33:58.859 +0300
2026-08-15,CAUSE_MIX,previous_wallet_balance,SA,Total,35223,5780,16.41,2026-08-31 16:33:58.859 +0300
2026-08-15,CAUSE_MIX,surcharge_mismatch,SA,Total,35223,695,1.97,2026-08-31 16:33:58.859 +0300
2026-08-15,CAUSE_MIX,surge_mismatch,SA,Total,35223,38,0.11,2026-08-31 16:33:58.859 +0300
2026-08-15,CAUSE_MIX,waiting_time,SA,Total,35223,17669,50.16,2026-08-31 16:33:58.859 +0300
2026-08-15,CAUSE_MIX,withinA_at_dest,SA,Total,35223,2555,7.25,2026-08-31 16:33:58.859 +0300
2026-08-15,CAUSE_MIX,withinA_not_dest,SA,Total,35223,1415,4.02,2026-08-31 16:33:58.859 +0300
2026-08-15,CAUSE_MIX,withinB_at_dest,SA,Total,35223,5172,14.68,2026-08-31 16:33:58.859 +0300
2026-08-15,CAUSE_MIX,withinB_not_dest,SA,Total,35223,1880,5.34,2026-08-31 16:33:58.859 +0300
2026-08-15,CHANNEL,cumulative_price_shocks_net,SA,DMM,5354,1825,34.09,2026-08-31 16:33:58.859 +0300
2026-08-15,CHANNEL,cumulative_price_shocks_net,SA,JED,25638,9275,36.18,2026-08-31 16:33:58.859 +0300
2026-08-15,CHANNEL,cumulative_price_shocks_net,SA,MAD,9317,3205,34.40,2026-08-31 16:33:58.859 +0300
2026-08-15,CHANNEL,cumulative_price_shocks_net,SA,MEC,4623,1865,40.34,2026-08-31 16:33:58.859 +0300
2026-08-15,CHANNEL,cumulative_price_shocks_net,SA,Others,10843,4010,36.98,2026-08-31 16:33:58.859 +0300
2026-08-15,CHANNEL,cumulative_price_shocks_net,SA,RUH,30084,9090,30.22,2026-08-31 16:33:58.859 +0300
2026-08-15,CHANNEL,cumulative_price_shocks_net,SA,Total,85859,29270,34.09,2026-08-31 16:33:58.859 +0300
2026-08-15,CHANNEL,pd_mismatch,SA,DMM,5354,0,0.00,2026-08-31 16:33:58.859 +0300
2026-08-15,CHANNEL,pd_mismatch,SA,JED,25638,0,0.00,2026-08-31 16:33:58.859 +0300
2026-08-15,CHANNEL,pd_mismatch,SA,MAD,9317,0,0.00,2026-08-31 16:33:58.859 +0300
2026-08-15,CHANNEL,pd_mismatch,SA,MEC,4623,0,0.00,2026-08-31 16:33:58.859 +0300
2026-08-15,CHANNEL,pd_mismatch,SA,Others,10843,0,0.00,2026-08-31 16:33:58.859 +0300
2026-08-15,CHANNEL,pd_mismatch,SA,RUH,30084,0,0.00,2026-08-31 16:33:58.859 +0300
2026-08-15,CHANNEL,pd_mismatch,SA,Total,85859,0,0.00,2026-08-31 16:33:58.859 +0300
2026-08-15,CHANNEL,pickup_mismatch,SA,DMM,5354,0,0.00,2026-08-31 16:33:58.859 +0300
2026-08-15,CHANNEL,pickup_mismatch,SA,JED,25638,3,0.01,2026-08-31 16:33:58.859 +0300
2026-08-15,CHANNEL,pickup_mismatch,SA,MAD,9317,0,0.00,2026-08-31 16:33:58.859 +0300
2026-08-15,CHANNEL,pickup_mismatch,SA,MEC,4623,0,0.00,2026-08-31 16:33:58.859 +0300
2026-08-15,CHANNEL,pickup_mismatch,SA,Others,10843,1,0.01,2026-08-31 16:33:58.859 +0300
2026-08-15,CHANNEL,pickup_mismatch,SA,RUH,30084,0,0.00,2026-08-31 16:33:58.859 +0300
2026-08-15,CHANNEL,pickup_mismatch,SA,Total,85859,4,0.00,2026-08-31 16:33:58.859 +0300
2026-08-15,CHANNEL,residual_fare_increase_net,SA,DMM,5354,918,17.15,2026-08-31 16:33:58.859 +0300
2026-08-15,CHANNEL,residual_fare_increase_net,SA,JED,25638,4045,15.78,2026-08-31 16:33:58.859 +0300
2026-08-15,CHANNEL,residual_fare_increase_net,SA,MAD,9317,1441,15.47,2026-08-31 16:33:58.859 +0300
2026-08-15,CHANNEL,residual_fare_increase_net,SA,MEC,4623,824,17.82,2026-08-31 16:33:58.859 +0300
2026-08-15,CHANNEL,residual_fare_increase_net,SA,Others,10843,2017,18.60,2026-08-31 16:33:58.859 +0300
2026-08-15,CHANNEL,residual_fare_increase_net,SA,RUH,30084,3476,11.55,2026-08-31 16:33:58.859 +0300
2026-08-15,CHANNEL,residual_fare_increase_net,SA,Total,85859,12721,14.82,2026-08-31 16:33:58.859 +0300
2026-08-15,CHANNEL,rounding_error,SA,DMM,5354,79,1.48,2026-08-31 16:33:58.859 +0300
2026-08-15,CHANNEL,rounding_error,SA,JED,25638,651,2.54,2026-08-31 16:33:58.859 +0300
2026-08-15,CHANNEL,rounding_error,SA,MAD,9317,255,2.74,2026-08-31 16:33:58.859 +0300
2026-08-15,CHANNEL,rounding_error,SA,MEC,4623,97,2.10,2026-08-31 16:33:58.859 +0300
2026-08-15,CHANNEL,rounding_error,SA,Others,10843,200,1.84,2026-08-31 16:33:58.859 +0300
2026-08-15,CHANNEL,rounding_error,SA,RUH,30084,780,2.59,2026-08-31 16:33:58.859 +0300
2026-08-15,CHANNEL,rounding_error,SA,Total,85859,2062,2.40,2026-08-31 16:33:58.859 +0300
2026-08-15,CHANNEL,spillover_recovery,SA,DMM,5354,261,4.87,2026-08-31 16:33:58.859 +0300
2026-08-15,CHANNEL,spillover_recovery,SA,JED,25638,2271,8.86,2026-08-31 16:33:58.859 +0300
2026-08-15,CHANNEL,spillover_recovery,SA,MAD,9317,676,7.26,2026-08-31 16:33:58.859 +0300
2026-08-15,CHANNEL,spillover_recovery,SA,MEC,4623,307,6.64,2026-08-31 16:33:58.859 +0300
2026-08-15,CHANNEL,spillover_recovery,SA,Others,10843,521,4.80,2026-08-31 16:33:58.859 +0300
2026-08-15,CHANNEL,spillover_recovery,SA,RUH,30084,2337,7.77,2026-08-31 16:33:58.859 +0300
2026-08-15,CHANNEL,spillover_recovery,SA,Total,85859,6373,7.42,2026-08-31 16:33:58.859 +0300
2026-08-15,CHANNEL,surcharge_mismatch,SA,DMM,5354,102,1.91,2026-08-31 16:33:58.859 +0300
2026-08-15,CHANNEL,surcharge_mismatch,SA,JED,25638,728,2.84,2026-08-31 16:33:58.859 +0300
2026-08-15,CHANNEL,surcharge_mismatch,SA,MAD,9317,188,2.02,2026-08-31 16:33:58.859 +0300
2026-08-15,CHANNEL,surcharge_mismatch,SA,MEC,4623,41,0.89,2026-08-31 16:33:58.859 +0300
2026-08-15,CHANNEL,surcharge_mismatch,SA,Others,10843,178,1.64,2026-08-31 16:33:58.859 +0300
2026-08-15,CHANNEL,surcharge_mismatch,SA,RUH,30084,510,1.70,2026-08-31 16:33:58.859 +0300
2026-08-15,CHANNEL,surcharge_mismatch,SA,Total,85859,1747,2.03,2026-08-31 16:33:58.859 +0300
2026-08-15,CHANNEL,surge_mismatch,SA,DMM,5354,3,0.06,2026-08-31 16:33:58.859 +0300
2026-08-15,CHANNEL,surge_mismatch,SA,JED,25638,13,0.05,2026-08-31 16:33:58.859 +0300
2026-08-15,CHANNEL,surge_mismatch,SA,MAD,9317,10,0.11,2026-08-31 16:33:58.859 +0300
2026-08-15,CHANNEL,surge_mismatch,SA,MEC,4623,2,0.04,2026-08-31 16:33:58.859 +0300
2026-08-15,CHANNEL,surge_mismatch,SA,Others,10843,0,0.00,2026-08-31 16:33:58.859 +0300
2026-08-15,CHANNEL,surge_mismatch,SA,RUH,30084,39,0.13,2026-08-31 16:33:58.859 +0300
2026-08-15,CHANNEL,surge_mismatch,SA,Total,85859,67,0.08,2026-08-31 16:33:58.859 +0300
2026-08-15,SCENARIO,beyondB,SA,DMM,5354,1,0.02,2026-08-31 16:33:58.859 +0300
2026-08-15,SCENARIO,beyondB,SA,JED,25638,4,0.02,2026-08-31 16:33:58.859 +0300
2026-08-15,SCENARIO,beyondB,SA,MAD,9317,4,0.04,2026-08-31 16:33:58.859 +0300
2026-08-15,SCENARIO,beyondB,SA,MEC,4623,0,0.00,2026-08-31 16:33:58.859 +0300
2026-08-15,SCENARIO,beyondB,SA,Others,10843,7,0.06,2026-08-31 16:33:58.859 +0300
2026-08-15,SCENARIO,beyondB,SA,RUH,30084,11,0.04,2026-08-31 16:33:58.859 +0300
2026-08-15,SCENARIO,beyondB,SA,Total,85859,27,0.03,2026-08-31 16:33:58.859 +0300
2026-08-15,SCENARIO,withinA_at_dest,SA,DMM,5354,924,17.26,2026-08-31 16:33:58.859 +0300
2026-08-15,SCENARIO,withinA_at_dest,SA,JED,25638,5301,20.68,2026-08-31 16:33:58.859 +0300
2026-08-15,SCENARIO,withinA_at_dest,SA,MAD,9317,1765,18.94,2026-08-31 16:33:58.859 +0300
2026-08-15,SCENARIO,withinA_at_dest,SA,MEC,4623,1026,22.19,2026-08-31 16:33:58.859 +0300
2026-08-15,SCENARIO,withinA_at_dest,SA,Others,10843,1995,18.40,2026-08-31 16:33:58.859 +0300
2026-08-15,SCENARIO,withinA_at_dest,SA,RUH,30084,5772,19.19,2026-08-31 16:33:58.859 +0300
2026-08-15,SCENARIO,withinA_at_dest,SA,Total,85859,16783,19.55,2026-08-31 16:33:58.859 +0300
2026-08-15,SCENARIO,withinA_not_dest,SA,DMM,5354,144,2.69,2026-08-31 16:33:58.859 +0300
2026-08-15,SCENARIO,withinA_not_dest,SA,JED,25638,578,2.25,2026-08-31 16:33:58.859 +0300
2026-08-15,SCENARIO,withinA_not_dest,SA,MAD,9317,365,3.92,2026-08-31 16:33:58.859 +0300
2026-08-15,SCENARIO,withinA_not_dest,SA,MEC,4623,153,3.31,2026-08-31 16:33:58.859 +0300
2026-08-15,SCENARIO,withinA_not_dest,SA,Others,10843,390,3.60,2026-08-31 16:33:58.859 +0300
2026-08-15,SCENARIO,withinA_not_dest,SA,RUH,30084,753,2.50,2026-08-31 16:33:58.859 +0300
2026-08-15,SCENARIO,withinA_not_dest,SA,Total,85859,2383,2.78,2026-08-31 16:33:58.859 +0300
2026-08-15,SCENARIO,withinB_at_dest,SA,DMM,5354,582,10.87,2026-08-31 16:33:58.859 +0300
2026-08-15,SCENARIO,withinB_at_dest,SA,JED,25638,2641,10.30,2026-08-31 16:33:58.859 +0300
2026-08-15,SCENARIO,withinB_at_dest,SA,MAD,9317,773,8.30,2026-08-31 16:33:58.859 +0300
2026-08-15,SCENARIO,withinB_at_dest,SA,MEC,4623,481,10.40,2026-08-31 16:33:58.859 +0300
2026-07-23,CHANNEL,pickup_mismatch,SA,Total,94448,3,0.00,2026-08-31 16:33:58.859 +0300
2026-07-23,CHANNEL,residual_fare_increase_net,SA,DMM,5705,911,15.97,2026-08-31 16:33:58.859 +0300
2026-07-23,CHANNEL,residual_fare_increase_net,SA,JED,26891,4482,16.67,2026-08-31 16:33:58.859 +0300
2026-07-23,CHANNEL,residual_fare_increase_net,SA,MAD,9738,1661,17.06,2026-08-31 16:33:58.859 +0300
2026-07-23,CHANNEL,residual_fare_increase_net,SA,MEC,5270,898,17.04,2026-08-31 16:33:58.859 +0300
2026-07-23,CHANNEL,residual_fare_increase_net,SA,Others,10719,2023,18.87,2026-08-31 16:33:58.859 +0300
2026-07-23,CHANNEL,residual_fare_increase_net,SA,RUH,36125,4210,11.65,2026-08-31 16:33:58.859 +0300
2026-07-23,CHANNEL,residual_fare_increase_net,SA,Total,94448,14185,15.02,2026-08-31 16:33:58.859 +0300
2026-07-23,CHANNEL,rounding_error,SA,DMM,5705,82,1.44,2026-08-31 16:33:58.859 +0300
2026-07-23,CHANNEL,rounding_error,SA,JED,26891,680,2.53,2026-08-31 16:33:58.859 +0300
2026-07-23,CHANNEL,rounding_error,SA,MAD,9738,263,2.70,2026-08-31 16:33:58.859 +0300
2026-07-23,CHANNEL,rounding_error,SA,MEC,5270,102,1.94,2026-08-31 16:33:58.859 +0300
2026-07-23,CHANNEL,rounding_error,SA,Others,10719,195,1.82,2026-08-31 16:33:58.859 +0300
2026-07-23,CHANNEL,rounding_error,SA,RUH,36125,955,2.64,2026-08-31 16:33:58.859 +0300
2026-07-23,CHANNEL,rounding_error,SA,Total,94448,2277,2.41,2026-08-31 16:33:58.859 +0300
2026-07-23,CHANNEL,spillover_recovery,SA,DMM,5705,316,5.54,2026-08-31 16:33:58.859 +0300
2026-07-23,CHANNEL,spillover_recovery,SA,JED,26891,2407,8.95,2026-08-31 16:33:58.859 +0300
2026-07-23,CHANNEL,spillover_recovery,SA,MAD,9738,663,6.81,2026-08-31 16:33:58.859 +0300
2026-07-23,CHANNEL,spillover_recovery,SA,MEC,5270,373,7.08,2026-08-31 16:33:58.859 +0300
2026-07-23,CHANNEL,spillover_recovery,SA,Others,10719,597,5.57,2026-08-31 16:33:58.859 +0300
2026-07-23,CHANNEL,spillover_recovery,SA,RUH,36125,3075,8.51,2026-08-31 16:33:58.859 +0300
2026-07-23,CHANNEL,spillover_recovery,SA,Total,94448,7431,7.87,2026-08-31 16:33:58.859 +0300
2026-07-23,CHANNEL,surcharge_mismatch,SA,DMM,5705,127,2.23,2026-08-31 16:33:58.859 +0300
2026-07-23,CHANNEL,surcharge_mismatch,SA,JED,26891,687,2.55,2026-08-31 16:33:58.859 +0300
2026-07-23,CHANNEL,surcharge_mismatch,SA,MAD,9738,150,1.54,2026-08-31 16:33:58.859 +0300
2026-07-23,CHANNEL,surcharge_mismatch,SA,MEC,5270,59,1.12,2026-08-31 16:33:58.859 +0300
2026-07-23,CHANNEL,surcharge_mismatch,SA,Others,10719,172,1.60,2026-08-31 16:33:58.859 +0300
2026-07-23,CHANNEL,surcharge_mismatch,SA,RUH,36125,651,1.80,2026-08-31 16:33:58.859 +0300
2026-07-23,CHANNEL,surcharge_mismatch,SA,Total,94448,1846,1.95,2026-08-31 16:33:58.859 +0300
2026-07-23,CHANNEL,surge_mismatch,SA,DMM,5705,1,0.02,2026-08-31 16:33:58.859 +0300
2026-07-23,CHANNEL,surge_mismatch,SA,JED,26891,0,0.00,2026-08-31 16:33:58.859 +0300
2026-07-23,CHANNEL,surge_mismatch,SA,MAD,9738,2,0.02,2026-08-31 16:33:58.859 +0300
2026-07-23,CHANNEL,surge_mismatch,SA,MEC,5270,1,0.02,2026-08-31 16:33:58.859 +0300
2026-07-23,CHANNEL,surge_mismatch,SA,Others,10719,0,0.00,2026-08-31 16:33:58.859 +0300
2026-07-23,CHANNEL,surge_mismatch,SA,RUH,36125,4,0.01,2026-08-31 16:33:58.859 +0300
2026-07-23,CHANNEL,surge_mismatch,SA,Total,94448,8,0.01,2026-08-31 16:33:58.859 +0300
2026-07-23,SCENARIO,beyondB,SA,DMM,5705,0,0.00,2026-08-31 16:33:58.859 +0300
2026-07-23,SCENARIO,beyondB,SA,JED,26891,3,0.01,2026-08-31 16:33:58.859 +0300
2026-07-23,SCENARIO,beyondB,SA,MAD,9738,1,0.01,2026-08-31 16:33:58.859 +0300
2026-07-23,SCENARIO,beyondB,SA,MEC,5270,0,0.00,2026-08-31 16:33:58.859 +0300
2026-07-23,SCENARIO,beyondB,SA,Others,10719,2,0.02,2026-08-31 16:33:58.859 +0300
2026-07-23,SCENARIO,beyondB,SA,RUH,36125,14,0.04,2026-08-31 16:33:58.859 +0300
2026-07-23,SCENARIO,beyondB,SA,Total,94448,20,0.02,2026-08-31 16:33:58.859 +0300
2026-07-23,SCENARIO,withinA_at_dest,SA,DMM,5705,985,17.27,2026-08-31 16:33:58.859 +0300
2026-07-23,SCENARIO,withinA_at_dest,SA,JED,26891,5506,20.48,2026-08-31 16:33:58.859 +0300
2026-07-23,SCENARIO,withinA_at_dest,SA,MAD,9738,1751,17.98,2026-08-31 16:33:58.859 +0300
2026-07-23,SCENARIO,withinA_at_dest,SA,MEC,5270,1140,21.63,2026-08-31 16:33:58.859 +0300
2026-07-23,SCENARIO,withinA_at_dest,SA,Others,10719,1951,18.20,2026-08-31 16:33:58.859 +0300
2026-07-23,SCENARIO,withinA_at_dest,SA,RUH,36125,6708,18.57,2026-08-31 16:33:58.859 +0300
2026-07-23,SCENARIO,withinA_at_dest,SA,Total,94448,18041,19.10,2026-08-31 16:33:58.859 +0300
2026-07-23,SCENARIO,withinA_not_dest,SA,DMM,5705,144,2.52,2026-08-31 16:33:58.859 +0300
2026-07-23,SCENARIO,withinA_not_dest,SA,JED,26891,544,2.02,2026-08-31 16:33:58.859 +0300
2026-07-23,SCENARIO,withinA_not_dest,SA,MAD,9738,395,4.06,2026-08-31 16:33:58.859 +0300
2026-07-23,SCENARIO,withinA_not_dest,SA,MEC,5270,174,3.30,2026-08-31 16:33:58.859 +0300
2026-07-23,SCENARIO,withinA_not_dest,SA,Others,10719,397,3.70,2026-08-31 16:33:58.859 +0300
2026-07-23,SCENARIO,withinA_not_dest,SA,RUH,36125,892,2.47,2026-08-31 16:33:58.859 +0300
2026-07-23,SCENARIO,withinA_not_dest,SA,Total,94448,2546,2.70,2026-08-31 16:33:58.859 +0300
2026-07-23,SCENARIO,withinB_at_dest,SA,DMM,5705,591,10.36,2026-08-31 16:33:58.859 +0300
2026-07-23,SCENARIO,withinB_at_dest,SA,JED,26891,3013,11.20,2026-08-31 16:33:58.859 +0300
2026-07-23,SCENARIO,withinB_at_dest,SA,MAD,9738,879,9.03,2026-08-31 16:33:58.859 +0300
2026-07-23,SCENARIO,withinB_at_dest,SA,MEC,5270,527,10.00,2026-08-31 16:33:58.859 +0300
2026-07-23,SCENARIO,withinB_at_dest,SA,Others,10719,1050,9.80,2026-08-31 16:33:58.859 +0300
2026-07-23,SCENARIO,withinB_at_dest,SA,RUH,36125,2065,5.72,2026-08-31 16:33:58.859 +0300
2026-07-23,SCENARIO,withinB_at_dest,SA,Total,94448,8125,8.60,2026-08-31 16:33:58.859 +0300
2026-07-23,SCENARIO,withinB_not_dest,SA,DMM,5705,162,2.84,2026-08-31 16:33:58.859 +0300
2026-07-23,SCENARIO,withinB_not_dest,SA,JED,26891,775,2.88,2026-08-31 16:33:58.859 +0300
2026-07-23,SCENARIO,withinB_not_dest,SA,MAD,9738,366,3.76,2026-08-31 16:33:58.859 +0300
2026-07-23,SCENARIO,withinB_not_dest,SA,MEC,5270,199,3.78,2026-08-31 16:33:58.859 +0300
2026-07-23,SCENARIO,withinB_not_dest,SA,Others,10719,583,5.44,2026-08-31 16:33:58.859 +0300
2026-07-23,SCENARIO,withinB_not_dest,SA,RUH,36125,936,2.59,2026-08-31 16:33:58.859 +0300
2026-07-23,SCENARIO,withinB_not_dest,SA,Total,94448,3021,3.20,2026-08-31 16:33:58.859 +0300
2026-07-24,CAUSE_MIX,beyondB,JO,Total,14455,42,0.29,2026-08-31 16:33:58.859 +0300
2026-07-24,CAUSE_MIX,pd_mismatch,JO,Total,14455,1,0.01,2026-08-31 16:33:58.859 +0300
2026-07-24,CAUSE_MIX,previous_wallet_balance,JO,Total,14455,821,5.68,2026-08-31 16:33:58.859 +0300
2026-07-24,CAUSE_MIX,surcharge_mismatch,JO,Total,14455,13,0.09,2026-08-31 16:33:58.859 +0300
2026-07-24,CAUSE_MIX,surge_mismatch,JO,Total,14455,5,0.03,2026-08-31 16:33:58.859 +0300
2026-07-24,CAUSE_MIX,waiting_time,JO,Total,14455,6052,41.87,2026-08-31 16:33:58.859 +0300
2026-07-24,CAUSE_MIX,withinA_at_dest,JO,Total,14455,772,5.34,2026-08-31 16:33:58.859 +0300
2026-07-24,CAUSE_MIX,withinA_not_dest,JO,Total,14455,1968,13.61,2026-08-31 16:33:58.859 +0300
2026-07-24,CAUSE_MIX,withinB_at_dest,JO,Total,14455,3162,21.87,2026-08-31 16:33:58.859 +0300
2026-07-24,CAUSE_MIX,withinB_not_dest,JO,Total,14455,1619,11.20,2026-08-31 16:33:58.859 +0300
2026-07-24,CHANNEL,cumulative_price_shocks_net,JO,AMM,35120,8082,23.01,2026-08-31 16:33:58.859 +0300
2026-07-24,CHANNEL,cumulative_price_shocks_net,JO,IRB,7486,2411,32.21,2026-08-31 16:33:58.859 +0300
2026-07-24,CHANNEL,cumulative_price_shocks_net,JO,Others,1208,304,25.17,2026-08-31 16:33:58.859 +0300
2026-07-24,CHANNEL,cumulative_price_shocks_net,JO,Total,55954,13633,24.36,2026-08-31 16:33:58.859 +0300
2026-07-24,CHANNEL,cumulative_price_shocks_net,JO,ZRQ,12140,2836,23.36,2026-08-31 16:33:58.859 +0300
2026-07-24,CHANNEL,pd_mismatch,JO,AMM,35120,2,0.01,2026-08-31 16:33:58.859 +0300
2026-07-24,CHANNEL,pd_mismatch,JO,IRB,7486,0,0.00,2026-08-31 16:33:58.859 +0300
2026-07-24,CHANNEL,pd_mismatch,JO,Others,1208,0,0.00,2026-08-31 16:33:58.859 +0300
2026-07-24,CHANNEL,pd_mismatch,JO,Total,55954,2,0.00,2026-08-31 16:33:58.859 +0300
2026-07-24,CHANNEL,pd_mismatch,JO,ZRQ,12140,0,0.00,2026-08-31 16:33:58.859 +0300
2026-07-24,CHANNEL,pickup_mismatch,JO,AMM,35120,0,0.00,2026-08-31 16:33:58.859 +0300
2026-07-24,CHANNEL,pickup_mismatch,JO,IRB,7486,0,0.00,2026-08-31 16:33:58.859 +0300
2026-07-24,CHANNEL,pickup_mismatch,JO,Others,1208,0,0.00,2026-08-31 16:33:58.859 +0300
2026-07-24,CHANNEL,pickup_mismatch,JO,Total,55954,0,0.00,2026-08-31 16:33:58.859 +0300
2026-07-24,CHANNEL,pickup_mismatch,JO,ZRQ,12140,0,0.00,2026-08-31 16:33:58.859 +0300
2026-07-24,CHANNEL,residual_fare_increase_net,JO,AMM,35120,4211,11.99,2026-08-31 16:33:58.859 +0300
2026-07-24,CHANNEL,residual_fare_increase_net,JO,IRB,7486,1782,23.80,2026-08-31 16:33:58.859 +0300
2026-07-24,CHANNEL,residual_fare_increase_net,JO,Others,1208,180,14.90,2026-08-31 16:33:58.859 +0300
2026-07-24,CHANNEL,residual_fare_increase_net,JO,Total,55954,7854,14.04,2026-08-31 16:33:58.859 +0300
2026-07-24,CHANNEL,residual_fare_increase_net,JO,ZRQ,12140,1681,13.85,2026-08-31 16:33:58.859 +0300
2026-07-24,CHANNEL,rounding_error,JO,AMM,35120,405,1.15,2026-08-31 16:33:58.859 +0300
2026-07-24,CHANNEL,rounding_error,JO,IRB,7486,86,1.15,2026-08-31 16:33:58.859 +0300
2026-07-24,CHANNEL,rounding_error,JO,Others,1208,15,1.24,2026-08-31 16:33:58.859 +0300
2026-07-24,CHANNEL,rounding_error,JO,Total,55954,635,1.13,2026-08-31 16:33:58.859 +0300
2026-07-24,CHANNEL,rounding_error,JO,ZRQ,12140,129,1.06,2026-08-31 16:33:58.859 +0300
2026-07-24,CHANNEL,spillover_recovery,JO,AMM,35120,696,1.98,2026-08-31 16:33:58.859 +0300
2026-07-24,CHANNEL,spillover_recovery,JO,IRB,7486,110,1.47,2026-08-31 16:33:58.859 +0300
2026-07-24,CHANNEL,spillover_recovery,JO,Others,1208,4,0.33,2026-08-31 16:33:58.859 +0300
2026-07-24,CHANNEL,spillover_recovery,JO,Total,55954,863,1.54,2026-08-31 16:33:58.859 +0300
2026-07-24,CHANNEL,spillover_recovery,JO,ZRQ,12140,53,0.44,2026-08-31 16:33:58.859 +0300
2026-07-24,CHANNEL,surcharge_mismatch,JO,AMM,35120,10,0.03,2026-08-31 16:33:58.859 +0300
2026-07-24,CHANNEL,surcharge_mismatch,JO,IRB,7486,0,0.00,2026-08-31 16:33:58.859 +0300
2026-07-24,CHANNEL,surcharge_mismatch,JO,Others,1208,1,0.08,2026-08-31 16:33:58.859 +0300
2026-07-24,CHANNEL,surcharge_mismatch,JO,Total,55954,20,0.04,2026-08-31 16:33:58.859 +0300
2026-07-24,CHANNEL,surcharge_mismatch,JO,ZRQ,12140,9,0.07,2026-08-31 16:33:58.859 +0300
2026-07-24,CHANNEL,surge_mismatch,JO,AMM,35120,5,0.01,2026-08-31 16:33:58.859 +0300
2026-07-24,CHANNEL,surge_mismatch,JO,IRB,7486,0,0.00,2026-08-31 16:33:58.859 +0300
2026-07-24,CHANNEL,surge_mismatch,JO,Others,1208,0,0.00,2026-08-31 16:33:58.859 +0300
2026-07-24,CHANNEL,surge_mismatch,JO,Total,55954,6,0.01,2026-08-31 16:33:58.859 +0300
2026-07-24,CHANNEL,surge_mismatch,JO,ZRQ,12140,1,0.01,2026-08-31 16:33:58.859 +0300
2026-07-24,SCENARIO,beyondB,JO,AMM,35120,27,0.08,2026-08-31 16:33:58.859 +0300
2026-07-24,SCENARIO,beyondB,JO,IRB,7486,11,0.15,2026-08-31 16:33:58.859 +0300
2026-07-24,SCENARIO,beyondB,JO,Others,1208,1,0.08,2026-08-31 16:33:58.859 +0300
2026-07-24,SCENARIO,beyondB,JO,Total,55954,46,0.08,2026-08-31 16:33:58.859 +0300
2026-07-24,SCENARIO,beyondB,JO,ZRQ,12140,7,0.06,2026-08-31 16:33:58.859 +0300
2026-07-24,SCENARIO,withinA_at_dest,JO,AMM,35120,3787,10.78,2026-08-31 16:33:58.859 +0300
2026-07-24,SCENARIO,withinA_at_dest,JO,IRB,7486,583,7.79,2026-08-31 16:33:58.859 +0300
2026-07-24,SCENARIO,withinA_at_dest,JO,Others,1208,116,9.60,2026-08-31 16:33:58.859 +0300
2026-07-24,SCENARIO,withinA_at_dest,JO,Total,55954,5614,10.03,2026-08-31 16:33:58.859 +0300
2026-07-24,SCENARIO,withinA_at_dest,JO,ZRQ,12140,1128,9.29,2026-08-31 16:33:58.859 +0300
2026-07-24,SCENARIO,withinA_not_dest,JO,AMM,35120,1294,3.68,2026-08-31 16:33:58.859 +0300
2026-07-24,SCENARIO,withinA_not_dest,JO,IRB,7486,598,7.99,2026-08-31 16:33:58.859 +0300
2026-07-24,SCENARIO,withinA_not_dest,JO,Others,1208,50,4.14,2026-08-31 16:33:58.859 +0300
2026-07-24,SCENARIO,withinA_not_dest,JO,Total,55954,2418,4.32,2026-08-31 16:33:58.859 +0300
2026-07-24,SCENARIO,withinA_not_dest,JO,ZRQ,12140,476,3.92,2026-08-31 16:33:58.859 +0300
2026-07-24,SCENARIO,withinB_at_dest,JO,AMM,35120,1932,5.50,2026-08-31 16:33:58.859 +0300
2026-07-24,SCENARIO,withinB_at_dest,JO,IRB,7486,718,9.59,2026-08-31 16:33:58.859 +0300
2026-07-24,SCENARIO,withinB_at_dest,JO,Others,1208,95,7.86,2026-08-31 16:33:58.859 +0300
2026-07-24,SCENARIO,withinB_at_dest,JO,Total,55954,3646,6.52,2026-08-31 16:33:58.859 +0300
2026-07-24,SCENARIO,withinB_at_dest,JO,ZRQ,12140,901,7.42,2026-08-31 16:33:58.859 +0300
2026-07-24,SCENARIO,withinB_not_dest,JO,AMM,35120,1042,2.97,2026-08-31 16:33:58.859 +0300
2026-07-24,SCENARIO,withinB_not_dest,JO,IRB,7486,501,6.69,2026-08-31 16:33:58.859 +0300
2026-07-24,SCENARIO,withinB_not_dest,JO,Others,1208,42,3.48,2026-08-31 16:33:58.859 +0300
2026-07-24,SCENARIO,withinB_not_dest,JO,Total,55954,1909,3.41,2026-08-31 16:33:58.859 +0300
2026-07-24,SCENARIO,withinB_not_dest,JO,ZRQ,12140,324,2.67,2026-08-31 16:33:58.859 +0300
2026-07-24,CAUSE_MIX,beyondB,SA,Total,27421,14,0.05,2026-08-31 16:33:58.859 +0300
2026-07-24,CAUSE_MIX,pickup_mismatch,SA,Total,27421,3,0.01,2026-08-31 16:33:58.859 +0300
2026-07-24,CAUSE_MIX,previous_wallet_balance,SA,Total,27421,4106,14.97,2026-08-31 16:33:58.859 +0300
2026-07-24,CAUSE_MIX,surcharge_mismatch,SA,Total,27421,502,1.83,2026-08-31 16:33:58.859 +0300
2026-07-24,CAUSE_MIX,waiting_time,SA,Total,27421,13953,50.88,2026-08-31 16:33:58.859 +0300
2026-07-24,CAUSE_MIX,withinA_at_dest,SA,Total,27421,1827,6.66,2026-08-31 16:33:58.859 +0300
2026-07-24,CAUSE_MIX,withinA_not_dest,SA,Total,27421,1259,4.59,2026-08-31 16:33:58.859 +0300
2026-07-16,CHANNEL,pd_mismatch,JO,ZRQ,18455,0,0.00,2026-08-31 16:33:58.859 +0300
2026-07-16,CHANNEL,pickup_mismatch,JO,AMM,58182,0,0.00,2026-08-31 16:33:58.859 +0300
2026-07-16,CHANNEL,pickup_mismatch,JO,IRB,14186,1,0.01,2026-08-31 16:33:58.859 +0300
2026-07-16,CHANNEL,pickup_mismatch,JO,Others,2149,0,0.00,2026-08-31 16:33:58.859 +0300
2026-07-16,CHANNEL,pickup_mismatch,JO,Total,92972,1,0.00,2026-08-31 16:33:58.859 +0300
2026-07-16,CHANNEL,pickup_mismatch,JO,ZRQ,18455,0,0.00,2026-08-31 16:33:58.859 +0300
2026-07-16,CHANNEL,residual_fare_increase_net,JO,AMM,58182,9584,16.47,2026-08-31 16:33:58.859 +0300
2026-07-16,CHANNEL,residual_fare_increase_net,JO,IRB,14186,2972,20.95,2026-08-31 16:33:58.859 +0300
2026-07-16,CHANNEL,residual_fare_increase_net,JO,Others,2149,333,15.50,2026-08-31 16:33:58.859 +0300
2026-07-16,CHANNEL,residual_fare_increase_net,JO,Total,92972,15296,16.45,2026-08-31 16:33:58.859 +0300
2026-07-16,CHANNEL,residual_fare_increase_net,JO,ZRQ,18455,2407,13.04,2026-08-31 16:33:58.859 +0300
2026-07-16,CHANNEL,rounding_error,JO,AMM,58182,618,1.06,2026-08-31 16:33:58.859 +0300
2026-07-16,CHANNEL,rounding_error,JO,IRB,14186,165,1.16,2026-08-31 16:33:58.859 +0300
2026-07-16,CHANNEL,rounding_error,JO,Others,2149,32,1.49,2026-08-31 16:33:58.859 +0300
2026-07-16,CHANNEL,rounding_error,JO,Total,92972,1013,1.09,2026-08-31 16:33:58.859 +0300
2026-07-16,CHANNEL,rounding_error,JO,ZRQ,18455,198,1.07,2026-08-31 16:33:58.859 +0300
2026-07-16,CHANNEL,spillover_recovery,JO,AMM,58182,1249,2.15,2026-08-31 16:33:58.859 +0300
2026-07-16,CHANNEL,spillover_recovery,JO,IRB,14186,172,1.21,2026-08-31 16:33:58.859 +0300
2026-07-16,CHANNEL,spillover_recovery,JO,Others,2149,16,0.74,2026-08-31 16:33:58.859 +0300
2026-07-16,CHANNEL,spillover_recovery,JO,Total,92972,1504,1.62,2026-08-31 16:33:58.859 +0300
2026-07-16,CHANNEL,spillover_recovery,JO,ZRQ,18455,67,0.36,2026-08-31 16:33:58.859 +0300
2026-07-16,CHANNEL,surcharge_mismatch,JO,AMM,58182,21,0.04,2026-08-31 16:33:58.859 +0300
2026-07-16,CHANNEL,surcharge_mismatch,JO,IRB,14186,0,0.00,2026-08-31 16:33:58.859 +0300
2026-07-16,CHANNEL,surcharge_mismatch,JO,Others,2149,0,0.00,2026-08-31 16:33:58.859 +0300
2026-07-16,CHANNEL,surcharge_mismatch,JO,Total,92972,28,0.03,2026-08-31 16:33:58.859 +0300
2026-07-16,CHANNEL,surcharge_mismatch,JO,ZRQ,18455,7,0.04,2026-08-31 16:33:58.859 +0300
2026-07-16,CHANNEL,surge_mismatch,JO,AMM,58182,8,0.01,2026-08-31 16:33:58.859 +0300
2026-07-16,CHANNEL,surge_mismatch,JO,IRB,14186,0,0.00,2026-08-31 16:33:58.859 +0300
2026-07-16,CHANNEL,surge_mismatch,JO,Others,2149,0,0.00,2026-08-31 16:33:58.859 +0300
2026-07-16,CHANNEL,surge_mismatch,JO,Total,92972,10,0.01,2026-08-31 16:33:58.859 +0300
2026-07-16,CHANNEL,surge_mismatch,JO,ZRQ,18455,2,0.01,2026-08-31 16:33:58.859 +0300
2026-07-16,SCENARIO,beyondB,JO,AMM,58182,44,0.08,2026-08-31 16:33:58.859 +0300
2026-07-16,SCENARIO,beyondB,JO,IRB,14186,15,0.11,2026-08-31 16:33:58.859 +0300
2026-07-16,SCENARIO,beyondB,JO,Others,2149,1,0.05,2026-08-31 16:33:58.859 +0300
2026-07-16,SCENARIO,beyondB,JO,Total,92972,68,0.07,2026-08-31 16:33:58.859 +0300
2026-07-16,SCENARIO,beyondB,JO,ZRQ,18455,8,0.04,2026-08-31 16:33:58.859 +0300
2026-07-16,SCENARIO,withinA_at_dest,JO,AMM,58182,5529,9.50,2026-08-31 16:33:58.859 +0300
2026-07-16,SCENARIO,withinA_at_dest,JO,IRB,14186,1268,8.94,2026-08-31 16:33:58.859 +0300
2026-07-16,SCENARIO,withinA_at_dest,JO,Others,2149,208,9.68,2026-08-31 16:33:58.859 +0300
2026-07-16,SCENARIO,withinA_at_dest,JO,Total,92972,8705,9.36,2026-08-31 16:33:58.859 +0300
2026-07-16,SCENARIO,withinA_at_dest,JO,ZRQ,18455,1700,9.21,2026-08-31 16:33:58.859 +0300
2026-07-16,SCENARIO,withinA_not_dest,JO,AMM,58182,1773,3.05,2026-08-31 16:33:58.859 +0300
2026-07-16,SCENARIO,withinA_not_dest,JO,IRB,14186,1027,7.24,2026-08-31 16:33:58.859 +0300
2026-07-16,SCENARIO,withinA_not_dest,JO,Others,2149,72,3.35,2026-08-31 16:33:58.859 +0300
2026-07-16,SCENARIO,withinA_not_dest,JO,Total,92972,3503,3.77,2026-08-31 16:33:58.859 +0300
2026-07-16,SCENARIO,withinA_not_dest,JO,ZRQ,18455,631,3.42,2026-08-31 16:33:58.859 +0300
2026-07-16,SCENARIO,withinB_at_dest,JO,AMM,58182,6013,10.33,2026-08-31 16:33:58.859 +0300
2026-07-16,SCENARIO,withinB_at_dest,JO,IRB,14186,1194,8.42,2026-08-31 16:33:58.859 +0300
2026-07-16,SCENARIO,withinB_at_dest,JO,Others,2149,169,7.86,2026-08-31 16:33:58.859 +0300
2026-07-16,SCENARIO,withinB_at_dest,JO,Total,92972,8680,9.34,2026-08-31 16:33:58.859 +0300
2026-07-16,SCENARIO,withinB_at_dest,JO,ZRQ,18455,1304,7.07,2026-08-31 16:33:58.859 +0300
2026-07-16,SCENARIO,withinB_not_dest,JO,AMM,58182,1859,3.20,2026-08-31 16:33:58.859 +0300
2026-07-16,SCENARIO,withinB_not_dest,JO,IRB,14186,818,5.77,2026-08-31 16:33:58.859 +0300
2026-07-16,SCENARIO,withinB_not_dest,JO,Others,2149,97,4.51,2026-08-31 16:33:58.859 +0300
2026-07-16,SCENARIO,withinB_not_dest,JO,Total,92972,3289,3.54,2026-08-31 16:33:58.859 +0300
2026-07-16,SCENARIO,withinB_not_dest,JO,ZRQ,18455,515,2.79,2026-08-31 16:33:58.859 +0300
2026-07-16,CAUSE_MIX,beyondB,SA,Total,43480,26,0.06,2026-08-31 16:33:58.859 +0300
2026-07-16,CAUSE_MIX,pd_mismatch,SA,Total,43480,1,0.00,2026-08-31 16:33:58.859 +0300
2026-07-16,CAUSE_MIX,pickup_mismatch,SA,Total,43480,4,0.01,2026-08-31 16:33:58.859 +0300
2026-07-16,CAUSE_MIX,previous_wallet_balance,SA,Total,43480,7002,16.10,2026-08-31 16:33:58.859 +0300
2026-07-16,CAUSE_MIX,surcharge_mismatch,SA,Total,43480,739,1.70,2026-08-31 16:33:58.859 +0300
2026-07-16,CAUSE_MIX,surge_mismatch,SA,Total,43480,11,0.03,2026-08-31 16:33:58.859 +0300
2026-07-16,CAUSE_MIX,waiting_time,SA,Total,43480,20760,47.75,2026-08-31 16:33:58.859 +0300
2026-07-16,CAUSE_MIX,withinA_at_dest,SA,Total,43480,2921,6.72,2026-08-31 16:33:58.859 +0300
2026-07-16,CAUSE_MIX,withinA_not_dest,SA,Total,43480,1730,3.98,2026-08-31 16:33:58.859 +0300
2026-07-16,CAUSE_MIX,withinB_at_dest,SA,Total,43480,7782,17.90,2026-08-31 16:33:58.859 +0300
2026-07-16,CAUSE_MIX,withinB_not_dest,SA,Total,43480,2504,5.76,2026-08-31 16:33:58.859 +0300
2026-07-16,CHANNEL,cumulative_price_shocks_net,SA,DMM,6285,2112,33.60,2026-08-31 16:33:58.859 +0300
2026-07-16,CHANNEL,cumulative_price_shocks_net,SA,JED,30177,11032,36.56,2026-08-31 16:33:58.859 +0300
2026-07-16,CHANNEL,cumulative_price_shocks_net,SA,MAD,10393,3578,34.43,2026-08-31 16:33:58.859 +0300
2026-07-16,CHANNEL,cumulative_price_shocks_net,SA,MEC,5563,2198,39.51,2026-08-31 16:33:58.859 +0300
2026-07-16,CHANNEL,cumulative_price_shocks_net,SA,Others,11584,4258,36.76,2026-08-31 16:33:58.859 +0300
2026-07-16,CHANNEL,cumulative_price_shocks_net,SA,RUH,40395,13122,32.48,2026-08-31 16:33:58.859 +0300
2026-07-16,CHANNEL,cumulative_price_shocks_net,SA,Total,104397,36300,34.77,2026-08-31 16:33:58.859 +0300
2026-07-16,CHANNEL,pd_mismatch,SA,DMM,6285,1,0.02,2026-08-31 16:33:58.859 +0300
2026-07-16,CHANNEL,pd_mismatch,SA,JED,30177,0,0.00,2026-08-31 16:33:58.859 +0300
2026-07-16,CHANNEL,pd_mismatch,SA,MAD,10393,1,0.01,2026-08-31 16:33:58.859 +0300
2026-07-16,CHANNEL,pd_mismatch,SA,MEC,5563,1,0.02,2026-08-31 16:33:58.859 +0300
2026-07-16,CHANNEL,pd_mismatch,SA,Others,11584,0,0.00,2026-08-31 16:33:58.859 +0300
2026-07-16,CHANNEL,pd_mismatch,SA,RUH,40395,1,0.00,2026-08-31 16:33:58.859 +0300
2026-07-16,CHANNEL,pd_mismatch,SA,Total,104397,4,0.00,2026-08-31 16:33:58.859 +0300
2026-07-16,CHANNEL,pickup_mismatch,SA,DMM,6285,1,0.02,2026-08-31 16:33:58.859 +0300
2026-07-16,CHANNEL,pickup_mismatch,SA,JED,30177,0,0.00,2026-08-31 16:33:58.859 +0300
2026-07-16,CHANNEL,pickup_mismatch,SA,MAD,10393,1,0.01,2026-08-31 16:33:58.859 +0300
2026-07-16,CHANNEL,pickup_mismatch,SA,MEC,5563,0,0.00,2026-08-31 16:33:58.859 +0300
2026-07-16,CHANNEL,pickup_mismatch,SA,Others,11584,3,0.03,2026-08-31 16:33:58.859 +0300
2026-07-16,CHANNEL,pickup_mismatch,SA,RUH,40395,3,0.01,2026-08-31 16:33:58.859 +0300
2026-07-16,CHANNEL,pickup_mismatch,SA,Total,104397,8,0.01,2026-08-31 16:33:58.859 +0300
2026-07-16,CHANNEL,residual_fare_increase_net,SA,DMM,6285,1020,16.23,2026-08-31 16:33:58.859 +0300
2026-07-16,CHANNEL,residual_fare_increase_net,SA,JED,30177,5152,17.07,2026-08-31 16:33:58.859 +0300
2026-07-16,CHANNEL,residual_fare_increase_net,SA,MAD,10393,1766,16.99,2026-08-31 16:33:58.859 +0300
2026-07-16,CHANNEL,residual_fare_increase_net,SA,MEC,5563,980,17.62,2026-08-31 16:33:58.859 +0300
2026-07-16,CHANNEL,residual_fare_increase_net,SA,Others,11584,2252,19.44,2026-08-31 16:33:58.859 +0300
2026-07-16,CHANNEL,residual_fare_increase_net,SA,RUH,40395,6419,15.89,2026-08-31 16:33:58.859 +0300
2026-07-16,CHANNEL,residual_fare_increase_net,SA,Total,104397,17589,16.85,2026-08-31 16:33:58.859 +0300
2026-07-16,CHANNEL,rounding_error,SA,DMM,6285,99,1.58,2026-08-31 16:33:58.859 +0300
2026-07-16,CHANNEL,rounding_error,SA,JED,30177,787,2.61,2026-08-31 16:33:58.859 +0300
2026-07-16,CHANNEL,rounding_error,SA,MAD,10393,328,3.16,2026-08-31 16:33:58.859 +0300
2026-07-16,CHANNEL,rounding_error,SA,MEC,5563,85,1.53,2026-08-31 16:33:58.859 +0300
2026-07-16,CHANNEL,rounding_error,SA,Others,11584,226,1.95,2026-08-31 16:33:58.859 +0300
2026-07-16,CHANNEL,rounding_error,SA,RUH,40395,993,2.46,2026-08-31 16:33:58.859 +0300
2026-07-16,CHANNEL,rounding_error,SA,Total,104397,2518,2.41,2026-08-31 16:33:58.859 +0300
2026-07-16,CHANNEL,spillover_recovery,SA,DMM,6285,319,5.08,2026-08-31 16:33:58.859 +0300
2026-07-16,CHANNEL,spillover_recovery,SA,JED,30177,2571,8.52,2026-08-31 16:33:58.859 +0300
2026-07-16,CHANNEL,spillover_recovery,SA,MAD,10393,683,6.57,2026-08-31 16:33:58.859 +0300
2026-07-16,CHANNEL,spillover_recovery,SA,MEC,5563,331,5.95,2026-08-31 16:33:58.859 +0300
2026-07-16,CHANNEL,spillover_recovery,SA,Others,11584,592,5.11,2026-08-31 16:33:58.859 +0300
2026-07-16,CHANNEL,spillover_recovery,SA,RUH,40395,3195,7.91,2026-08-31 16:33:58.859 +0300
2026-07-16,CHANNEL,spillover_recovery,SA,Total,104397,7691,7.37,2026-08-31 16:33:58.859 +0300
2026-07-16,CHANNEL,surcharge_mismatch,SA,DMM,6285,136,2.16,2026-08-31 16:33:58.859 +0300
2026-07-16,CHANNEL,surcharge_mismatch,SA,JED,30177,713,2.36,2026-08-31 16:33:58.859 +0300
2026-07-16,CHANNEL,surcharge_mismatch,SA,MAD,10393,198,1.91,2026-08-31 16:33:58.859 +0300
2026-07-16,CHANNEL,surcharge_mismatch,SA,MEC,5563,45,0.81,2026-08-31 16:33:58.859 +0300
2026-07-16,CHANNEL,surcharge_mismatch,SA,Others,11584,183,1.58,2026-08-31 16:33:58.859 +0300
2026-07-16,CHANNEL,surcharge_mismatch,SA,RUH,40395,638,1.58,2026-08-31 16:33:58.859 +0300
2026-07-16,CHANNEL,surcharge_mismatch,SA,Total,104397,1913,1.83,2026-08-31 16:33:58.859 +0300
2026-07-16,CHANNEL,surge_mismatch,SA,DMM,6285,2,0.03,2026-08-31 16:33:58.859 +0300
2026-07-16,CHANNEL,surge_mismatch,SA,JED,30177,1,0.00,2026-08-31 16:33:58.859 +0300
2026-07-16,CHANNEL,surge_mismatch,SA,MAD,10393,2,0.02,2026-08-31 16:33:58.859 +0300
2026-07-16,CHANNEL,surge_mismatch,SA,MEC,5563,2,0.04,2026-08-31 16:33:58.859 +0300
2026-07-16,CHANNEL,surge_mismatch,SA,Others,11584,0,0.00,2026-08-31 16:33:58.859 +0300
2026-07-16,CHANNEL,surge_mismatch,SA,RUH,40395,10,0.02,2026-08-31 16:33:58.859 +0300
2026-07-16,CHANNEL,surge_mismatch,SA,Total,104397,17,0.02,2026-08-31 16:33:58.859 +0300
2026-07-16,SCENARIO,beyondB,SA,DMM,6285,1,0.02,2026-08-31 16:33:58.859 +0300
2026-07-16,SCENARIO,beyondB,SA,JED,30177,6,0.02,2026-08-31 16:33:58.859 +0300
2026-07-16,SCENARIO,beyondB,SA,MAD,10393,5,0.05,2026-08-31 16:33:58.859 +0300
2026-07-16,SCENARIO,beyondB,SA,MEC,5563,0,0.00,2026-08-31 16:33:58.859 +0300
2026-07-16,SCENARIO,beyondB,SA,Others,11584,11,0.09,2026-08-31 16:33:58.859 +0300
2026-07-16,SCENARIO,beyondB,SA,RUH,40395,15,0.04,2026-08-31 16:33:58.859 +0300
2026-07-16,SCENARIO,beyondB,SA,Total,104397,38,0.04,2026-08-31 16:33:58.859 +0300
2026-07-16,SCENARIO,withinA_at_dest,SA,DMM,6285,1115,17.74,2026-08-31 16:33:58.859 +0300
2026-07-16,SCENARIO,withinA_at_dest,SA,JED,30177,6062,20.09,2026-08-31 16:33:58.859 +0300
2026-07-16,SCENARIO,withinA_at_dest,SA,MAD,10393,1840,17.70,2026-08-31 16:33:58.859 +0300
2026-07-16,SCENARIO,withinA_at_dest,SA,MEC,5563,1217,21.88,2026-08-31 16:33:58.859 +0300
2026-07-16,SCENARIO,withinA_at_dest,SA,Others,11584,1990,17.18,2026-08-31 16:33:58.859 +0300
2026-07-16,SCENARIO,withinA_at_dest,SA,RUH,40395,7080,17.53,2026-08-31 16:33:58.859 +0300
2026-07-16,SCENARIO,withinA_at_dest,SA,Total,104397,19304,18.49,2026-08-31 16:33:58.859 +0300
2026-07-16,SCENARIO,withinA_not_dest,SA,DMM,6285,173,2.75,2026-08-31 16:33:58.859 +0300
2026-07-16,SCENARIO,withinA_not_dest,SA,JED,30177,648,2.15,2026-08-31 16:33:58.859 +0300
2026-07-16,SCENARIO,withinA_not_dest,SA,MAD,10393,432,4.16,2026-08-31 16:33:58.859 +0300
2026-07-16,SCENARIO,withinA_not_dest,SA,MEC,5563,163,2.93,2026-08-31 16:33:58.859 +0300
2026-07-16,SCENARIO,withinA_not_dest,SA,Others,11584,439,3.79,2026-08-31 16:33:58.859 +0300
2026-07-16,SCENARIO,withinA_not_dest,SA,RUH,40395,930,2.30,2026-08-31 16:33:58.859 +0300
2026-07-16,SCENARIO,withinA_not_dest,SA,Total,104397,2785,2.67,2026-08-31 16:33:58.859 +0300
2026-07-16,SCENARIO,withinB_at_dest,SA,DMM,6285,628,9.99,2026-08-31 16:33:58.859 +0300
2026-07-16,SCENARIO,withinB_at_dest,SA,JED,30177,3424,11.35,2026-08-31 16:33:58.859 +0300
2026-07-16,SCENARIO,withinB_at_dest,SA,MAD,10393,947,9.11,2026-08-31 16:33:58.859 +0300
2026-07-16,SCENARIO,withinB_at_dest,SA,MEC,5563,598,10.75,2026-08-31 16:33:58.859 +0300
2026-07-16,SCENARIO,withinB_at_dest,SA,Others,11584,1171,10.11,2026-08-31 16:33:58.859 +0300
2026-07-16,SCENARIO,withinB_at_dest,SA,RUH,40395,3888,9.62,2026-08-31 16:33:58.859 +0300
2026-07-16,SCENARIO,withinB_at_dest,SA,Total,104397,10656,10.21,2026-08-31 16:33:58.859 +0300
2026-07-16,SCENARIO,withinB_not_dest,SA,DMM,6285,195,3.10,2026-08-31 16:33:58.859 +0300
2026-08-30,CHANNEL,pickup_mismatch,JO,Total,82911,1,0.00,2026-08-31 16:33:58.859 +0300
2026-08-30,CHANNEL,pickup_mismatch,JO,ZRQ,15877,0,0.00,2026-08-31 16:33:58.859 +0300
2026-08-30,CHANNEL,residual_fare_increase_net,JO,AMM,52726,5619,10.66,2026-08-31 16:33:58.859 +0300
2026-08-30,CHANNEL,residual_fare_increase_net,JO,IRB,12245,2018,16.48,2026-08-31 16:33:58.859 +0300
2026-08-30,CHANNEL,residual_fare_increase_net,JO,Others,2063,290,14.06,2026-08-31 16:33:58.859 +0300
2026-08-30,CHANNEL,residual_fare_increase_net,JO,Total,82911,9775,11.79,2026-08-31 16:33:58.859 +0300
2026-08-30,CHANNEL,residual_fare_increase_net,JO,ZRQ,15877,1848,11.64,2026-08-31 16:33:58.859 +0300
2026-08-30,CHANNEL,rounding_error,JO,AMM,52726,622,1.18,2026-08-31 16:33:58.859 +0300
2026-08-30,CHANNEL,rounding_error,JO,IRB,12245,151,1.23,2026-08-31 16:33:58.859 +0300
2026-08-30,CHANNEL,rounding_error,JO,Others,2063,16,0.78,2026-08-31 16:33:58.859 +0300
2026-08-30,CHANNEL,rounding_error,JO,Total,82911,972,1.17,2026-08-31 16:33:58.859 +0300
2026-08-30,CHANNEL,rounding_error,JO,ZRQ,15877,183,1.15,2026-08-31 16:33:58.859 +0300
2026-08-30,CHANNEL,spillover_recovery,JO,AMM,52726,965,1.83,2026-08-31 16:33:58.859 +0300
2026-08-30,CHANNEL,spillover_recovery,JO,IRB,12245,129,1.05,2026-08-31 16:33:58.859 +0300
2026-08-30,CHANNEL,spillover_recovery,JO,Others,2063,9,0.44,2026-08-31 16:33:58.859 +0300
2026-08-30,CHANNEL,spillover_recovery,JO,Total,82911,1177,1.42,2026-08-31 16:33:58.859 +0300
2026-08-30,CHANNEL,spillover_recovery,JO,ZRQ,15877,74,0.47,2026-08-31 16:33:58.859 +0300
2026-08-30,CHANNEL,surcharge_mismatch,JO,AMM,52726,26,0.05,2026-08-31 16:33:58.859 +0300
2026-08-30,CHANNEL,surcharge_mismatch,JO,IRB,12245,0,0.00,2026-08-31 16:33:58.859 +0300
2026-08-30,CHANNEL,surcharge_mismatch,JO,Others,2063,1,0.05,2026-08-31 16:33:58.859 +0300
2026-08-30,CHANNEL,surcharge_mismatch,JO,Total,82911,34,0.04,2026-08-31 16:33:58.859 +0300
2026-08-30,CHANNEL,surcharge_mismatch,JO,ZRQ,15877,7,0.04,2026-08-31 16:33:58.859 +0300
2026-08-30,CHANNEL,surge_mismatch,JO,AMM,52726,5,0.01,2026-08-31 16:33:58.859 +0300
2026-08-30,CHANNEL,surge_mismatch,JO,IRB,12245,1,0.01,2026-08-31 16:33:58.859 +0300
2026-08-30,CHANNEL,surge_mismatch,JO,Others,2063,0,0.00,2026-08-31 16:33:58.859 +0300
2026-08-30,CHANNEL,surge_mismatch,JO,Total,82911,10,0.01,2026-08-31 16:33:58.859 +0300
2026-08-30,CHANNEL,surge_mismatch,JO,ZRQ,15877,4,0.03,2026-08-31 16:33:58.859 +0300
2026-08-30,SCENARIO,beyondB,JO,AMM,52726,32,0.06,2026-08-31 16:33:58.859 +0300
2026-08-30,SCENARIO,beyondB,JO,IRB,12245,16,0.13,2026-08-31 16:33:58.859 +0300
2026-08-30,SCENARIO,beyondB,JO,Others,2063,0,0.00,2026-08-31 16:33:58.859 +0300
2026-08-30,SCENARIO,beyondB,JO,Total,82911,54,0.07,2026-08-31 16:33:58.859 +0300
2026-08-30,SCENARIO,beyondB,JO,ZRQ,15877,6,0.04,2026-08-31 16:33:58.859 +0300
2026-08-30,SCENARIO,withinA_at_dest,JO,AMM,52726,5479,10.39,2026-08-31 16:33:58.859 +0300
2026-08-30,SCENARIO,withinA_at_dest,JO,IRB,12245,1097,8.96,2026-08-31 16:33:58.859 +0300
2026-08-30,SCENARIO,withinA_at_dest,JO,Others,2063,207,10.03,2026-08-31 16:33:58.859 +0300
2026-08-30,SCENARIO,withinA_at_dest,JO,Total,82911,8348,10.07,2026-08-31 16:33:58.859 +0300
2026-08-30,SCENARIO,withinA_at_dest,JO,ZRQ,15877,1565,9.86,2026-08-31 16:33:58.859 +0300
2026-08-30,SCENARIO,withinA_not_dest,JO,AMM,52726,1505,2.85,2026-08-31 16:33:58.859 +0300
2026-08-30,SCENARIO,withinA_not_dest,JO,IRB,12245,756,6.17,2026-08-31 16:33:58.859 +0300
2026-08-30,SCENARIO,withinA_not_dest,JO,Others,2063,61,2.96,2026-08-31 16:33:58.859 +0300
2026-08-30,SCENARIO,withinA_not_dest,JO,Total,82911,2777,3.35,2026-08-31 16:33:58.859 +0300
2026-08-30,SCENARIO,withinA_not_dest,JO,ZRQ,15877,455,2.87,2026-08-31 16:33:58.859 +0300
2026-08-30,SCENARIO,withinB_at_dest,JO,AMM,52726,2909,5.52,2026-08-31 16:33:58.859 +0300
2026-08-30,SCENARIO,withinB_at_dest,JO,IRB,12245,738,6.03,2026-08-31 16:33:58.859 +0300
2026-08-30,SCENARIO,withinB_at_dest,JO,Others,2063,158,7.66,2026-08-31 16:33:58.859 +0300
2026-08-30,SCENARIO,withinB_at_dest,JO,Total,82911,4830,5.83,2026-08-31 16:33:58.859 +0300
2026-08-30,SCENARIO,withinB_at_dest,JO,ZRQ,15877,1025,6.46,2026-08-31 16:33:58.859 +0300
2026-08-30,SCENARIO,withinB_not_dest,JO,AMM,52726,1271,2.41,2026-08-31 16:33:58.859 +0300
2026-08-30,SCENARIO,withinB_not_dest,JO,IRB,12245,554,4.52,2026-08-31 16:33:58.859 +0300
2026-08-30,SCENARIO,withinB_not_dest,JO,Others,2063,79,3.83,2026-08-31 16:33:58.859 +0300
2026-08-30,SCENARIO,withinB_not_dest,JO,Total,82911,2298,2.77,2026-08-31 16:33:58.859 +0300
2026-08-30,SCENARIO,withinB_not_dest,JO,ZRQ,15877,394,2.48,2026-08-31 16:33:58.859 +0300
2026-08-30,CAUSE_MIX,beyondB,SA,Total,47718,55,0.12,2026-08-31 16:33:58.859 +0300
2026-08-30,CAUSE_MIX,pickup_mismatch,SA,Total,47718,3,0.01,2026-08-31 16:33:58.859 +0300
2026-08-30,CAUSE_MIX,previous_wallet_balance,SA,Total,47718,7416,15.54,2026-08-31 16:33:58.859 +0300
2026-08-30,CAUSE_MIX,surcharge_mismatch,SA,Total,47718,772,1.62,2026-08-31 16:33:58.859 +0300
2026-08-30,CAUSE_MIX,surge_mismatch,SA,Total,47718,105,0.22,2026-08-31 16:33:58.859 +0300
2026-08-30,CAUSE_MIX,waiting_time,SA,Total,47718,21320,44.68,2026-08-31 16:33:58.859 +0300
2026-08-30,CAUSE_MIX,withinA_at_dest,SA,Total,47718,4387,9.19,2026-08-31 16:33:58.859 +0300
2026-08-30,CAUSE_MIX,withinA_not_dest,SA,Total,47718,1787,3.74,2026-08-31 16:33:58.859 +0300
2026-08-30,CAUSE_MIX,withinB_at_dest,SA,Total,47718,8818,18.48,2026-08-31 16:33:58.859 +0300
2026-08-30,CAUSE_MIX,withinB_not_dest,SA,Total,47718,3055,6.40,2026-08-31 16:33:58.859 +0300
2026-08-30,CHANNEL,cumulative_price_shocks_net,SA,DMM,7635,2645,34.64,2026-08-31 16:33:58.859 +0300
2026-08-30,CHANNEL,cumulative_price_shocks_net,SA,JED,33137,11671,35.22,2026-08-31 16:33:58.859 +0300
2026-08-30,CHANNEL,cumulative_price_shocks_net,SA,MAD,10189,3419,33.56,2026-08-31 16:33:58.859 +0300
2026-08-30,CHANNEL,cumulative_price_shocks_net,SA,MEC,5178,2021,39.03,2026-08-31 16:33:58.859 +0300
2026-08-30,CHANNEL,cumulative_price_shocks_net,SA,Others,13764,4892,35.54,2026-08-31 16:33:58.859 +0300
2026-08-30,CHANNEL,cumulative_price_shocks_net,SA,RUH,48254,15480,32.08,2026-08-31 16:33:58.859 +0300
2026-08-30,CHANNEL,cumulative_price_shocks_net,SA,Total,118157,40128,33.96,2026-08-31 16:33:58.859 +0300
2026-08-30,CHANNEL,pd_mismatch,SA,DMM,7635,0,0.00,2026-08-31 16:33:58.859 +0300
2026-08-30,CHANNEL,pd_mismatch,SA,JED,33137,0,0.00,2026-08-31 16:33:58.859 +0300
2026-08-30,CHANNEL,pd_mismatch,SA,MAD,10189,0,0.00,2026-08-31 16:33:58.859 +0300
2026-08-30,CHANNEL,pd_mismatch,SA,MEC,5178,0,0.00,2026-08-31 16:33:58.859 +0300
2026-08-30,CHANNEL,pd_mismatch,SA,Others,13764,0,0.00,2026-08-31 16:33:58.859 +0300
2026-08-30,CHANNEL,pd_mismatch,SA,RUH,48254,0,0.00,2026-08-31 16:33:58.859 +0300
2026-08-30,CHANNEL,pd_mismatch,SA,Total,118157,0,0.00,2026-08-31 16:33:58.859 +0300
2026-08-30,CHANNEL,pickup_mismatch,SA,DMM,7635,1,0.01,2026-08-31 16:33:58.859 +0300
2026-08-30,CHANNEL,pickup_mismatch,SA,JED,33137,2,0.01,2026-08-31 16:33:58.859 +0300
2026-08-30,CHANNEL,pickup_mismatch,SA,MAD,10189,0,0.00,2026-08-31 16:33:58.859 +0300
2026-08-30,CHANNEL,pickup_mismatch,SA,MEC,5178,0,0.00,2026-08-31 16:33:58.859 +0300
2026-08-30,CHANNEL,pickup_mismatch,SA,Others,13764,3,0.02,2026-08-31 16:33:58.859 +0300
2026-08-30,CHANNEL,pickup_mismatch,SA,RUH,48254,2,0.00,2026-08-31 16:33:58.859 +0300
2026-08-30,CHANNEL,pickup_mismatch,SA,Total,118157,8,0.01,2026-08-31 16:33:58.859 +0300
2026-08-30,CHANNEL,residual_fare_increase_net,SA,DMM,7635,1410,18.47,2026-08-31 16:33:58.859 +0300
2026-08-30,CHANNEL,residual_fare_increase_net,SA,JED,33137,5544,16.73,2026-08-31 16:33:58.859 +0300
2026-08-30,CHANNEL,residual_fare_increase_net,SA,MAD,10189,1607,15.77,2026-08-31 16:33:58.859 +0300
2026-08-30,CHANNEL,residual_fare_increase_net,SA,MEC,5178,900,17.38,2026-08-31 16:33:58.859 +0300
2026-08-30,CHANNEL,residual_fare_increase_net,SA,Others,13764,2402,17.45,2026-08-31 16:33:58.859 +0300
2026-08-30,CHANNEL,residual_fare_increase_net,SA,RUH,48254,7674,15.90,2026-08-31 16:33:58.859 +0300
2026-08-30,CHANNEL,residual_fare_increase_net,SA,Total,118157,19537,16.53,2026-08-31 16:33:58.859 +0300
2026-08-30,CHANNEL,rounding_error,SA,DMM,7635,104,1.36,2026-08-31 16:33:58.859 +0300
2026-08-30,CHANNEL,rounding_error,SA,JED,33137,799,2.41,2026-08-31 16:33:58.859 +0300
2026-08-30,CHANNEL,rounding_error,SA,MAD,10189,238,2.34,2026-08-31 16:33:58.859 +0300
2026-08-30,CHANNEL,rounding_error,SA,MEC,5178,82,1.58,2026-08-31 16:33:58.859 +0300
2026-08-30,CHANNEL,rounding_error,SA,Others,13764,257,1.87,2026-08-31 16:33:58.859 +0300
2026-08-30,CHANNEL,rounding_error,SA,RUH,48254,1074,2.23,2026-08-31 16:33:58.859 +0300
2026-08-30,CHANNEL,rounding_error,SA,Total,118157,2554,2.16,2026-08-31 16:33:58.859 +0300
2026-08-30,CHANNEL,spillover_recovery,SA,DMM,7635,394,5.16,2026-08-31 16:33:58.859 +0300
2026-08-30,CHANNEL,spillover_recovery,SA,JED,33137,2863,8.64,2026-08-31 16:33:58.859 +0300
2026-08-30,CHANNEL,spillover_recovery,SA,MAD,10189,655,6.43,2026-08-31 16:33:58.859 +0300
2026-08-30,CHANNEL,spillover_recovery,SA,MEC,5178,338,6.53,2026-08-31 16:33:58.859 +0300
2026-08-30,CHANNEL,spillover_recovery,SA,Others,13764,643,4.67,2026-08-31 16:33:58.859 +0300
2026-08-30,CHANNEL,spillover_recovery,SA,RUH,48254,3200,6.63,2026-08-31 16:33:58.859 +0300
2026-08-30,CHANNEL,spillover_recovery,SA,Total,118157,8093,6.85,2026-08-31 16:33:58.859 +0300
2026-08-30,CHANNEL,surcharge_mismatch,SA,DMM,7635,89,1.17,2026-08-31 16:33:58.859 +0300
2026-08-30,CHANNEL,surcharge_mismatch,SA,JED,33137,829,2.50,2026-08-31 16:33:58.859 +0300
2026-08-30,CHANNEL,surcharge_mismatch,SA,MAD,10189,128,1.26,2026-08-31 16:33:58.859 +0300
2026-08-30,CHANNEL,surcharge_mismatch,SA,MEC,5178,37,0.71,2026-08-31 16:33:58.859 +0300
2026-08-30,CHANNEL,surcharge_mismatch,SA,Others,13764,199,1.45,2026-08-31 16:33:58.859 +0300
2026-08-30,CHANNEL,surcharge_mismatch,SA,RUH,48254,706,1.46,2026-08-31 16:33:58.859 +0300
2026-08-30,CHANNEL,surcharge_mismatch,SA,Total,118157,1988,1.68,2026-08-31 16:33:58.859 +0300
2026-08-30,CHANNEL,surge_mismatch,SA,DMM,7635,10,0.13,2026-08-31 16:33:58.859 +0300
2026-08-30,CHANNEL,surge_mismatch,SA,JED,33137,31,0.09,2026-08-31 16:33:58.859 +0300
2026-08-30,CHANNEL,surge_mismatch,SA,MAD,10189,25,0.25,2026-08-31 16:33:58.859 +0300
2026-08-30,CHANNEL,surge_mismatch,SA,MEC,5178,7,0.14,2026-08-31 16:33:58.859 +0300
2026-08-30,CHANNEL,surge_mismatch,SA,Others,13764,0,0.00,2026-08-31 16:33:58.859 +0300
2026-08-30,CHANNEL,surge_mismatch,SA,RUH,48254,122,0.25,2026-08-31 16:33:58.859 +0300
2026-08-30,CHANNEL,surge_mismatch,SA,Total,118157,195,0.17,2026-08-31 16:33:58.859 +0300
2026-08-30,SCENARIO,beyondB,SA,DMM,7635,6,0.08,2026-08-31 16:33:58.859 +0300
2026-08-30,SCENARIO,beyondB,SA,JED,33137,16,0.05,2026-08-31 16:33:58.859 +0300
2026-08-30,SCENARIO,beyondB,SA,MAD,10189,12,0.12,2026-08-31 16:33:58.859 +0300
2026-08-30,SCENARIO,beyondB,SA,MEC,5178,1,0.02,2026-08-31 16:33:58.859 +0300
2026-08-30,SCENARIO,beyondB,SA,Others,13764,13,0.09,2026-08-31 16:33:58.859 +0300
2026-08-30,SCENARIO,beyondB,SA,RUH,48254,32,0.07,2026-08-31 16:33:58.859 +0300
2026-08-30,SCENARIO,beyondB,SA,Total,118157,80,0.07,2026-08-31 16:33:58.859 +0300
2026-08-30,SCENARIO,withinA_at_dest,SA,DMM,7635,1264,16.56,2026-08-31 16:33:58.859 +0300
2026-08-30,SCENARIO,withinA_at_dest,SA,JED,33137,6324,19.08,2026-08-31 16:33:58.859 +0300
2026-08-30,SCENARIO,withinA_at_dest,SA,MAD,10189,1836,18.02,2026-08-31 16:33:58.859 +0300
2026-08-30,SCENARIO,withinA_at_dest,SA,MEC,5178,1119,21.61,2026-08-31 16:33:58.859 +0300
2026-08-30,SCENARIO,withinA_at_dest,SA,Others,13764,2501,18.17,2026-08-31 16:33:58.859 +0300
2026-08-30,SCENARIO,withinA_at_dest,SA,RUH,48254,8414,17.44,2026-08-31 16:33:58.859 +0300
2026-08-30,SCENARIO,withinA_at_dest,SA,Total,118157,21458,18.16,2026-08-31 16:33:58.859 +0300
2026-08-30,SCENARIO,withinA_not_dest,SA,DMM,7635,200,2.62,2026-08-31 16:33:58.859 +0300
2026-08-30,SCENARIO,withinA_not_dest,SA,JED,33137,581,1.75,2026-08-31 16:33:58.859 +0300
2026-08-30,SCENARIO,withinA_not_dest,SA,MAD,10189,352,3.45,2026-08-31 16:33:58.859 +0300
2026-08-30,SCENARIO,withinA_not_dest,SA,MEC,5178,128,2.47,2026-08-31 16:33:58.859 +0300
2026-08-30,SCENARIO,withinA_not_dest,SA,Others,13764,425,3.09,2026-08-31 16:33:58.859 +0300
2026-08-30,SCENARIO,withinA_not_dest,SA,RUH,48254,1082,2.24,2026-08-31 16:33:58.859 +0300
2026-08-30,SCENARIO,withinA_not_dest,SA,Total,118157,2768,2.34,2026-08-31 16:33:58.859 +0300
2026-08-30,SCENARIO,withinB_at_dest,SA,DMM,7635,924,12.10,2026-08-31 16:33:58.859 +0300
2026-08-30,SCENARIO,withinB_at_dest,SA,JED,33137,3728,11.25,2026-08-31 16:33:58.859 +0300
2026-08-30,SCENARIO,withinB_at_dest,SA,MAD,10189,808,7.93,2026-08-31 16:33:58.859 +0300
2026-08-30,SCENARIO,withinB_at_dest,SA,MEC,5178,558,10.78,2026-08-31 16:33:58.859 +0300
2026-08-30,SCENARIO,withinB_at_dest,SA,Others,13764,1238,8.99,2026-08-31 16:33:58.859 +0300
2026-08-30,SCENARIO,withinB_at_dest,SA,RUH,48254,4364,9.04,2026-08-31 16:33:58.859 +0300
2026-08-30,SCENARIO,withinB_at_dest,SA,Total,118157,11620,9.83,2026-08-31 16:33:58.859 +0300
2026-08-30,SCENARIO,withinB_not_dest,SA,DMM,7635,251,3.29,2026-08-31 16:33:58.859 +0300
2026-08-30,SCENARIO,withinB_not_dest,SA,JED,33137,1022,3.08,2026-08-31 16:33:58.859 +0300
2026-08-30,SCENARIO,withinB_not_dest,SA,MAD,10189,411,4.03,2026-08-31 16:33:58.859 +0300
2026-08-30,SCENARIO,withinB_not_dest,SA,MEC,5178,215,4.15,2026-08-31 16:33:58.859 +0300
2026-08-30,SCENARIO,withinB_not_dest,SA,Others,13764,715,5.19,2026-08-31 16:33:58.859 +0300
2026-08-30,SCENARIO,withinB_not_dest,SA,RUH,48254,1588,3.29,2026-08-31 16:33:58.859 +0300
2026-08-30,SCENARIO,withinB_not_dest,SA,Total,118157,4202,3.56,2026-08-31 16:33:58.859 +0300
2026-07-08,CHANNEL,residual_fare_increase_net,SA,DMM,6310,1025,16.24,2026-08-31 16:33:58.859 +0300
2026-07-08,CHANNEL,residual_fare_increase_net,SA,JED,31467,5415,17.21,2026-08-31 16:33:58.859 +0300
2026-07-08,CHANNEL,residual_fare_increase_net,SA,MAD,10742,1855,17.27,2026-08-31 16:33:58.859 +0300
2026-07-08,CHANNEL,residual_fare_increase_net,SA,MEC,5606,933,16.64,2026-08-31 16:33:58.859 +0300
2026-07-08,CHANNEL,residual_fare_increase_net,SA,Others,11579,2251,19.44,2026-08-31 16:33:58.859 +0300
2026-07-08,CHANNEL,residual_fare_increase_net,SA,RUH,43187,6913,16.01,2026-08-31 16:33:58.859 +0300
2026-07-08,CHANNEL,residual_fare_increase_net,SA,Total,108891,18392,16.89,2026-08-31 16:33:58.859 +0300
2026-07-08,CHANNEL,rounding_error,SA,DMM,6310,122,1.93,2026-08-31 16:33:58.859 +0300
2026-07-08,CHANNEL,rounding_error,SA,JED,31467,849,2.70,2026-08-31 16:33:58.859 +0300
2026-07-08,CHANNEL,rounding_error,SA,MAD,10742,318,2.96,2026-08-31 16:33:58.859 +0300
2026-07-08,CHANNEL,rounding_error,SA,MEC,5606,102,1.82,2026-08-31 16:33:58.859 +0300
2026-07-08,CHANNEL,rounding_error,SA,Others,11579,229,1.98,2026-08-31 16:33:58.859 +0300
2026-07-08,CHANNEL,rounding_error,SA,RUH,43187,1065,2.47,2026-08-31 16:33:58.859 +0300
2026-07-08,CHANNEL,rounding_error,SA,Total,108891,2685,2.47,2026-08-31 16:33:58.859 +0300
2026-07-08,CHANNEL,spillover_recovery,SA,DMM,6310,330,5.23,2026-08-31 16:33:58.859 +0300
2026-07-08,CHANNEL,spillover_recovery,SA,JED,31467,2669,8.48,2026-08-31 16:33:58.859 +0300
2026-07-08,CHANNEL,spillover_recovery,SA,MAD,10742,720,6.70,2026-08-31 16:33:58.859 +0300
2026-07-08,CHANNEL,spillover_recovery,SA,MEC,5606,376,6.71,2026-08-31 16:33:58.859 +0300
2026-07-08,CHANNEL,spillover_recovery,SA,Others,11579,593,5.12,2026-08-31 16:33:58.859 +0300
2026-07-08,CHANNEL,spillover_recovery,SA,RUH,43187,3343,7.74,2026-08-31 16:33:58.859 +0300
2026-07-08,CHANNEL,spillover_recovery,SA,Total,108891,8031,7.38,2026-08-31 16:33:58.859 +0300
2026-07-08,CHANNEL,surcharge_mismatch,SA,DMM,6310,113,1.79,2026-08-31 16:33:58.859 +0300
2026-07-08,CHANNEL,surcharge_mismatch,SA,JED,31467,746,2.37,2026-08-31 16:33:58.859 +0300
2026-07-08,CHANNEL,surcharge_mismatch,SA,MAD,10742,173,1.61,2026-08-31 16:33:58.859 +0300
2026-07-08,CHANNEL,surcharge_mismatch,SA,MEC,5606,34,0.61,2026-08-31 16:33:58.859 +0300
2026-07-08,CHANNEL,surcharge_mismatch,SA,Others,11579,157,1.36,2026-08-31 16:33:58.859 +0300
2026-07-08,CHANNEL,surcharge_mismatch,SA,RUH,43187,678,1.57,2026-08-31 16:33:58.859 +0300
2026-07-08,CHANNEL,surcharge_mismatch,SA,Total,108891,1901,1.75,2026-08-31 16:33:58.859 +0300
2026-07-08,CHANNEL,surge_mismatch,SA,DMM,6310,1,0.02,2026-08-31 16:33:58.859 +0300
2026-07-08,CHANNEL,surge_mismatch,SA,JED,31467,14,0.04,2026-08-31 16:33:58.859 +0300
2026-07-08,CHANNEL,surge_mismatch,SA,MAD,10742,9,0.08,2026-08-31 16:33:58.859 +0300
2026-07-08,CHANNEL,surge_mismatch,SA,MEC,5606,2,0.04,2026-08-31 16:33:58.859 +0300
2026-07-08,CHANNEL,surge_mismatch,SA,Others,11579,0,0.00,2026-08-31 16:33:58.859 +0300
2026-07-08,CHANNEL,surge_mismatch,SA,RUH,43187,7,0.02,2026-08-31 16:33:58.859 +0300
2026-07-08,CHANNEL,surge_mismatch,SA,Total,108891,33,0.03,2026-08-31 16:33:58.859 +0300
2026-07-08,SCENARIO,beyondB,SA,DMM,6310,2,0.03,2026-08-31 16:33:58.859 +0300
2026-07-08,SCENARIO,beyondB,SA,JED,31467,10,0.03,2026-08-31 16:33:58.859 +0300
2026-07-08,SCENARIO,beyondB,SA,MAD,10742,2,0.02,2026-08-31 16:33:58.859 +0300
2026-07-08,SCENARIO,beyondB,SA,MEC,5606,1,0.02,2026-08-31 16:33:58.859 +0300
2026-07-08,SCENARIO,beyondB,SA,Others,11579,2,0.02,2026-08-31 16:33:58.859 +0300
2026-07-08,SCENARIO,beyondB,SA,RUH,43187,11,0.03,2026-08-31 16:33:58.859 +0300
2026-07-08,SCENARIO,beyondB,SA,Total,108891,28,0.03,2026-08-31 16:33:58.859 +0300
2026-07-08,SCENARIO,withinA_at_dest,SA,DMM,6310,1095,17.35,2026-08-31 16:33:58.859 +0300
2026-07-08,SCENARIO,withinA_at_dest,SA,JED,31467,6211,19.74,2026-08-31 16:33:58.859 +0300
2026-07-08,SCENARIO,withinA_at_dest,SA,MAD,10742,1846,17.18,2026-08-31 16:33:58.859 +0300
2026-07-08,SCENARIO,withinA_at_dest,SA,MEC,5606,1278,22.80,2026-08-31 16:33:58.859 +0300
2026-07-08,SCENARIO,withinA_at_dest,SA,Others,11579,2018,17.43,2026-08-31 16:33:58.859 +0300
2026-07-08,SCENARIO,withinA_at_dest,SA,RUH,43187,7620,17.64,2026-08-31 16:33:58.859 +0300
2026-07-08,SCENARIO,withinA_at_dest,SA,Total,108891,20068,18.43,2026-08-31 16:33:58.859 +0300
2026-07-08,SCENARIO,withinA_not_dest,SA,DMM,6310,180,2.85,2026-08-31 16:33:58.859 +0300
2026-07-08,SCENARIO,withinA_not_dest,SA,JED,31467,634,2.01,2026-08-31 16:33:58.859 +0300
2026-07-08,SCENARIO,withinA_not_dest,SA,MAD,10742,461,4.29,2026-08-31 16:33:58.859 +0300
2026-07-08,SCENARIO,withinA_not_dest,SA,MEC,5606,179,3.19,2026-08-31 16:33:58.859 +0300
2026-07-08,SCENARIO,withinA_not_dest,SA,Others,11579,406,3.51,2026-08-31 16:33:58.859 +0300
2026-07-08,SCENARIO,withinA_not_dest,SA,RUH,43187,1041,2.41,2026-08-31 16:33:58.859 +0300
2026-07-08,SCENARIO,withinA_not_dest,SA,Total,108891,2901,2.66,2026-08-31 16:33:58.859 +0300
2026-07-08,SCENARIO,withinB_at_dest,SA,DMM,6310,634,10.05,2026-08-31 16:33:58.859 +0300
2026-07-08,SCENARIO,withinB_at_dest,SA,JED,31467,3664,11.64,2026-08-31 16:33:58.859 +0300
2026-07-08,SCENARIO,withinB_at_dest,SA,MAD,10742,955,8.89,2026-08-31 16:33:58.859 +0300
2026-07-08,SCENARIO,withinB_at_dest,SA,MEC,5606,543,9.69,2026-08-31 16:33:58.859 +0300
2026-07-08,SCENARIO,withinB_at_dest,SA,Others,11579,1178,10.17,2026-08-31 16:33:58.859 +0300
2026-07-08,SCENARIO,withinB_at_dest,SA,RUH,43187,4043,9.36,2026-08-31 16:33:58.859 +0300
2026-07-08,SCENARIO,withinB_at_dest,SA,Total,108891,11017,10.12,2026-08-31 16:33:58.859 +0300
2026-07-08,SCENARIO,withinB_not_dest,SA,DMM,6310,170,2.69,2026-08-31 16:33:58.859 +0300
2026-07-08,SCENARIO,withinB_not_dest,SA,JED,31467,868,2.76,2026-08-31 16:33:58.859 +0300
2026-07-08,SCENARIO,withinB_not_dest,SA,MAD,10742,382,3.56,2026-08-31 16:33:58.859 +0300
2026-07-08,SCENARIO,withinB_not_dest,SA,MEC,5606,209,3.73,2026-08-31 16:33:58.859 +0300
2026-07-08,SCENARIO,withinB_not_dest,SA,Others,11579,653,5.64,2026-08-31 16:33:58.859 +0300
2026-07-08,SCENARIO,withinB_not_dest,SA,RUH,43187,1316,3.05,2026-08-31 16:33:58.859 +0300
2026-07-08,SCENARIO,withinB_not_dest,SA,Total,108891,3598,3.30,2026-08-31 16:33:58.859 +0300
2026-07-09,CAUSE_MIX,beyondB,JO,Total,23904,53,0.22,2026-08-31 16:33:58.859 +0300
2026-07-09,CAUSE_MIX,pickup_mismatch,JO,Total,23904,1,0.00,2026-08-31 16:33:58.859 +0300
2026-07-09,CAUSE_MIX,previous_wallet_balance,JO,Total,23904,1280,5.35,2026-08-31 16:33:58.859 +0300
2026-07-09,CAUSE_MIX,surcharge_mismatch,JO,Total,23904,16,0.07,2026-08-31 16:33:58.859 +0300
2026-07-09,CAUSE_MIX,surge_mismatch,JO,Total,23904,5,0.02,2026-08-31 16:33:58.859 +0300
2026-07-09,CAUSE_MIX,waiting_time,JO,Total,23904,9784,40.93,2026-08-31 16:33:58.859 +0300
2026-07-09,CAUSE_MIX,withinA_at_dest,JO,Total,23904,1002,4.19,2026-08-31 16:33:58.859 +0300
2026-07-09,CAUSE_MIX,withinA_not_dest,JO,Total,23904,2894,12.11,2026-08-31 16:33:58.859 +0300
2026-07-09,CAUSE_MIX,withinB_at_dest,JO,Total,23904,6397,26.76,2026-08-31 16:33:58.859 +0300
2026-07-09,CAUSE_MIX,withinB_not_dest,JO,Total,23904,2472,10.34,2026-08-31 16:33:58.859 +0300
2026-07-09,CHANNEL,cumulative_price_shocks_net,JO,AMM,53966,13894,25.75,2026-08-31 16:33:58.859 +0300
2026-07-09,CHANNEL,cumulative_price_shocks_net,JO,IRB,13712,4051,29.54,2026-08-31 16:33:58.859 +0300
2026-07-09,CHANNEL,cumulative_price_shocks_net,JO,Others,1838,477,25.95,2026-08-31 16:33:58.859 +0300
2026-07-09,CHANNEL,cumulative_price_shocks_net,JO,Total,87445,22624,25.87,2026-08-31 16:33:58.859 +0300
2026-07-09,CHANNEL,cumulative_price_shocks_net,JO,ZRQ,17929,4202,23.44,2026-08-31 16:33:58.859 +0300
2026-07-09,CHANNEL,pd_mismatch,JO,AMM,53966,2,0.00,2026-08-31 16:33:58.859 +0300
2026-07-09,CHANNEL,pd_mismatch,JO,IRB,13712,0,0.00,2026-08-31 16:33:58.859 +0300
2026-07-09,CHANNEL,pd_mismatch,JO,Others,1838,0,0.00,2026-08-31 16:33:58.859 +0300
2026-07-09,CHANNEL,pd_mismatch,JO,Total,87445,2,0.00,2026-08-31 16:33:58.859 +0300
2026-07-09,CHANNEL,pd_mismatch,JO,ZRQ,17929,0,0.00,2026-08-31 16:33:58.859 +0300
2026-07-09,CHANNEL,pickup_mismatch,JO,AMM,53966,1,0.00,2026-08-31 16:33:58.859 +0300
2026-07-09,CHANNEL,pickup_mismatch,JO,IRB,13712,0,0.00,2026-08-31 16:33:58.859 +0300
2026-07-09,CHANNEL,pickup_mismatch,JO,Others,1838,0,0.00,2026-08-31 16:33:58.859 +0300
2026-07-09,CHANNEL,pickup_mismatch,JO,Total,87445,1,0.00,2026-08-31 16:33:58.859 +0300
2026-07-09,CHANNEL,pickup_mismatch,JO,ZRQ,17929,0,0.00,2026-08-31 16:33:58.859 +0300
2026-07-09,CHANNEL,residual_fare_increase_net,JO,AMM,53966,8480,15.71,2026-08-31 16:33:58.859 +0300
2026-07-09,CHANNEL,residual_fare_increase_net,JO,IRB,13712,2752,20.07,2026-08-31 16:33:58.859 +0300
2026-07-09,CHANNEL,residual_fare_increase_net,JO,Others,1838,307,16.70,2026-08-31 16:33:58.859 +0300
2026-07-09,CHANNEL,residual_fare_increase_net,JO,Total,87445,13898,15.89,2026-08-31 16:33:58.859 +0300
2026-07-09,CHANNEL,residual_fare_increase_net,JO,ZRQ,17929,2359,13.16,2026-08-31 16:33:58.859 +0300
2026-07-09,CHANNEL,rounding_error,JO,AMM,53966,646,1.20,2026-08-31 16:33:58.859 +0300
2026-07-09,CHANNEL,rounding_error,JO,IRB,13712,155,1.13,2026-08-31 16:33:58.859 +0300
2026-07-09,CHANNEL,rounding_error,JO,Others,1838,14,0.76,2026-08-31 16:33:58.859 +0300
2026-07-09,CHANNEL,rounding_error,JO,Total,87445,1000,1.14,2026-08-31 16:33:58.859 +0300
2026-07-09,CHANNEL,rounding_error,JO,ZRQ,17929,185,1.03,2026-08-31 16:33:58.859 +0300
2026-07-09,CHANNEL,spillover_recovery,JO,AMM,53966,1146,2.12,2026-08-31 16:33:58.859 +0300
2026-07-09,CHANNEL,spillover_recovery,JO,IRB,13712,129,0.94,2026-08-31 16:33:58.859 +0300
2026-07-09,CHANNEL,spillover_recovery,JO,Others,1838,14,0.76,2026-08-31 16:33:58.859 +0300
2026-07-09,CHANNEL,spillover_recovery,JO,Total,87445,1360,1.56,2026-08-31 16:33:58.859 +0300
2026-07-09,CHANNEL,spillover_recovery,JO,ZRQ,17929,71,0.40,2026-08-31 16:33:58.859 +0300
2026-07-09,CHANNEL,surcharge_mismatch,JO,AMM,53966,15,0.03,2026-08-31 16:33:58.859 +0300
2026-07-09,CHANNEL,surcharge_mismatch,JO,IRB,13712,0,0.00,2026-08-31 16:33:58.859 +0300
2026-07-09,CHANNEL,surcharge_mismatch,JO,Others,1838,1,0.05,2026-08-31 16:33:58.859 +0300
2026-07-09,CHANNEL,surcharge_mismatch,JO,Total,87445,24,0.03,2026-08-31 16:33:58.859 +0300
2026-07-09,CHANNEL,surcharge_mismatch,JO,ZRQ,17929,8,0.04,2026-08-31 16:33:58.859 +0300
2026-07-09,CHANNEL,surge_mismatch,JO,AMM,53966,5,0.01,2026-08-31 16:33:58.859 +0300
2026-07-09,CHANNEL,surge_mismatch,JO,IRB,13712,0,0.00,2026-08-31 16:33:58.859 +0300
2026-07-09,CHANNEL,surge_mismatch,JO,Others,1838,0,0.00,2026-08-31 16:33:58.859 +0300
2026-07-09,CHANNEL,surge_mismatch,JO,Total,87445,7,0.01,2026-08-31 16:33:58.859 +0300
2026-07-09,CHANNEL,surge_mismatch,JO,ZRQ,17929,2,0.01,2026-08-31 16:33:58.859 +0300
2026-07-09,SCENARIO,beyondB,JO,AMM,53966,37,0.07,2026-08-31 16:33:58.859 +0300
2026-07-09,SCENARIO,beyondB,JO,IRB,13712,11,0.08,2026-08-31 16:33:58.859 +0300
2026-07-09,SCENARIO,beyondB,JO,Others,1838,1,0.05,2026-08-31 16:33:58.859 +0300
2026-07-09,SCENARIO,beyondB,JO,Total,87445,55,0.06,2026-08-31 16:33:58.859 +0300
2026-07-09,SCENARIO,beyondB,JO,ZRQ,17929,6,0.03,2026-08-31 16:33:58.859 +0300
2026-07-09,SCENARIO,withinA_at_dest,JO,AMM,53966,5335,9.89,2026-08-31 16:33:58.859 +0300
2026-07-09,SCENARIO,withinA_at_dest,JO,IRB,13712,1227,8.95,2026-08-31 16:33:58.859 +0300
2026-07-09,SCENARIO,withinA_at_dest,JO,Others,1838,163,8.87,2026-08-31 16:33:58.859 +0300
2026-07-09,SCENARIO,withinA_at_dest,JO,Total,87445,8534,9.76,2026-08-31 16:33:58.859 +0300
2026-07-09,SCENARIO,withinA_at_dest,JO,ZRQ,17929,1809,10.09,2026-08-31 16:33:58.859 +0300
2026-07-09,SCENARIO,withinA_not_dest,JO,AMM,53966,1743,3.23,2026-08-31 16:33:58.859 +0300
2026-07-09,SCENARIO,withinA_not_dest,JO,IRB,13712,1094,7.98,2026-08-31 16:33:58.859 +0300
2026-07-09,SCENARIO,withinA_not_dest,JO,Others,1838,95,5.17,2026-08-31 16:33:58.859 +0300
2026-07-09,SCENARIO,withinA_not_dest,JO,Total,87445,3609,4.13,2026-08-31 16:33:58.859 +0300
2026-07-09,SCENARIO,withinA_not_dest,JO,ZRQ,17929,677,3.78,2026-08-31 16:33:58.859 +0300
2026-07-09,SCENARIO,withinB_at_dest,JO,AMM,53966,5142,9.53,2026-08-31 16:33:58.859 +0300
2026-07-09,SCENARIO,withinB_at_dest,JO,IRB,13712,978,7.13,2026-08-31 16:33:58.859 +0300
2026-07-09,SCENARIO,withinB_at_dest,JO,Others,1838,130,7.07,2026-08-31 16:33:58.859 +0300
2026-07-09,SCENARIO,withinB_at_dest,JO,Total,87445,7446,8.52,2026-08-31 16:33:58.859 +0300
2026-07-09,SCENARIO,withinB_at_dest,JO,ZRQ,17929,1196,6.67,2026-08-31 16:33:58.859 +0300
2026-07-09,SCENARIO,withinB_not_dest,JO,AMM,53966,1637,3.03,2026-08-31 16:33:58.859 +0300
2026-07-09,SCENARIO,withinB_not_dest,JO,IRB,13712,741,5.40,2026-08-31 16:33:58.859 +0300
2026-07-09,SCENARIO,withinB_not_dest,JO,Others,1838,88,4.79,2026-08-31 16:33:58.859 +0300
2026-07-09,SCENARIO,withinB_not_dest,JO,Total,87445,2980,3.41,2026-08-31 16:33:58.859 +0300
2026-07-09,SCENARIO,withinB_not_dest,JO,ZRQ,17929,514,2.87,2026-08-31 16:33:58.859 +0300
2026-07-09,CAUSE_MIX,beyondB,SA,Total,48972,25,0.05,2026-08-31 16:33:58.859 +0300
2026-07-09,CAUSE_MIX,pickup_mismatch,SA,Total,48972,5,0.01,2026-08-31 16:33:58.859 +0300
2026-07-09,CAUSE_MIX,previous_wallet_balance,SA,Total,48972,7473,15.26,2026-08-31 16:33:58.859 +0300
2026-07-09,CAUSE_MIX,surcharge_mismatch,SA,Total,48972,888,1.81,2026-08-31 16:33:58.859 +0300
2026-07-09,CAUSE_MIX,surge_mismatch,SA,Total,48972,44,0.09,2026-08-31 16:33:58.859 +0300
2026-07-09,CAUSE_MIX,waiting_time,SA,Total,48972,22505,45.95,2026-08-31 16:33:58.859 +0300
2026-07-09,CAUSE_MIX,withinA_at_dest,SA,Total,48972,3933,8.03,2026-08-31 16:33:58.859 +0300
2026-08-22,CHANNEL,pickup_mismatch,SA,Total,82059,3,0.00,2026-08-31 16:33:58.859 +0300
2026-08-22,CHANNEL,residual_fare_increase_net,SA,DMM,5403,875,16.19,2026-08-31 16:33:58.859 +0300
2026-08-22,CHANNEL,residual_fare_increase_net,SA,JED,24269,3636,14.98,2026-08-31 16:33:58.859 +0300
2026-08-22,CHANNEL,residual_fare_increase_net,SA,MAD,8571,1328,15.49,2026-08-31 16:33:58.859 +0300
2026-08-22,CHANNEL,residual_fare_increase_net,SA,MEC,4336,726,16.74,2026-08-31 16:33:58.859 +0300
2026-08-22,CHANNEL,residual_fare_increase_net,SA,Others,10338,1894,18.32,2026-08-31 16:33:58.859 +0300
2026-08-22,CHANNEL,residual_fare_increase_net,SA,RUH,29142,3617,12.41,2026-08-31 16:33:58.859 +0300
2026-08-22,CHANNEL,residual_fare_increase_net,SA,Total,82059,12076,14.72,2026-08-31 16:33:58.859 +0300
2026-08-22,CHANNEL,rounding_error,SA,DMM,5403,87,1.61,2026-08-31 16:33:58.859 +0300
2026-08-22,CHANNEL,rounding_error,SA,JED,24269,629,2.59,2026-08-31 16:33:58.859 +0300
2026-08-22,CHANNEL,rounding_error,SA,MAD,8571,228,2.66,2026-08-31 16:33:58.859 +0300
2026-08-22,CHANNEL,rounding_error,SA,MEC,4336,84,1.94,2026-08-31 16:33:58.859 +0300
2026-08-22,CHANNEL,rounding_error,SA,Others,10338,195,1.89,2026-08-31 16:33:58.859 +0300
2026-08-22,CHANNEL,rounding_error,SA,RUH,29142,722,2.48,2026-08-31 16:33:58.859 +0300
2026-08-22,CHANNEL,rounding_error,SA,Total,82059,1945,2.37,2026-08-31 16:33:58.859 +0300
2026-08-22,CHANNEL,spillover_recovery,SA,DMM,5403,268,4.96,2026-08-31 16:33:58.859 +0300
2026-08-22,CHANNEL,spillover_recovery,SA,JED,24269,2143,8.83,2026-08-31 16:33:58.859 +0300
2026-08-22,CHANNEL,spillover_recovery,SA,MAD,8571,591,6.90,2026-08-31 16:33:58.859 +0300
2026-08-22,CHANNEL,spillover_recovery,SA,MEC,4336,291,6.71,2026-08-31 16:33:58.859 +0300
2026-08-22,CHANNEL,spillover_recovery,SA,Others,10338,485,4.69,2026-08-31 16:33:58.859 +0300
2026-08-22,CHANNEL,spillover_recovery,SA,RUH,29142,2048,7.03,2026-08-31 16:33:58.859 +0300
2026-08-22,CHANNEL,spillover_recovery,SA,Total,82059,5826,7.10,2026-08-31 16:33:58.859 +0300
2026-08-22,CHANNEL,surcharge_mismatch,SA,DMM,5403,90,1.67,2026-08-31 16:33:58.859 +0300
2026-08-22,CHANNEL,surcharge_mismatch,SA,JED,24269,649,2.67,2026-08-31 16:33:58.859 +0300
2026-08-22,CHANNEL,surcharge_mismatch,SA,MAD,8571,149,1.74,2026-08-31 16:33:58.859 +0300
2026-08-22,CHANNEL,surcharge_mismatch,SA,MEC,4336,44,1.01,2026-08-31 16:33:58.859 +0300
2026-08-22,CHANNEL,surcharge_mismatch,SA,Others,10338,178,1.72,2026-08-31 16:33:58.859 +0300
2026-08-22,CHANNEL,surcharge_mismatch,SA,RUH,29142,434,1.49,2026-08-31 16:33:58.859 +0300
2026-08-22,CHANNEL,surcharge_mismatch,SA,Total,82059,1544,1.88,2026-08-31 16:33:58.859 +0300
2026-08-22,CHANNEL,surge_mismatch,SA,DMM,5403,1,0.02,2026-08-31 16:33:58.859 +0300
2026-08-22,CHANNEL,surge_mismatch,SA,JED,24269,12,0.05,2026-08-31 16:33:58.859 +0300
2026-08-22,CHANNEL,surge_mismatch,SA,MAD,8571,7,0.08,2026-08-31 16:33:58.859 +0300
2026-08-22,CHANNEL,surge_mismatch,SA,MEC,4336,3,0.07,2026-08-31 16:33:58.859 +0300
2026-08-22,CHANNEL,surge_mismatch,SA,Others,10338,0,0.00,2026-08-31 16:33:58.859 +0300
2026-08-22,CHANNEL,surge_mismatch,SA,RUH,29142,32,0.11,2026-08-31 16:33:58.859 +0300
2026-08-22,CHANNEL,surge_mismatch,SA,Total,82059,55,0.07,2026-08-31 16:33:58.859 +0300
2026-08-22,SCENARIO,beyondB,SA,DMM,5403,0,0.00,2026-08-31 16:33:58.859 +0300
2026-08-22,SCENARIO,beyondB,SA,JED,24269,4,0.02,2026-08-31 16:33:58.859 +0300
2026-08-22,SCENARIO,beyondB,SA,MAD,8571,3,0.04,2026-08-31 16:33:58.859 +0300
2026-08-22,SCENARIO,beyondB,SA,MEC,4336,1,0.02,2026-08-31 16:33:58.859 +0300
2026-08-22,SCENARIO,beyondB,SA,Others,10338,7,0.07,2026-08-31 16:33:58.859 +0300
2026-08-22,SCENARIO,beyondB,SA,RUH,29142,5,0.02,2026-08-31 16:33:58.859 +0300
2026-08-22,SCENARIO,beyondB,SA,Total,82059,20,0.02,2026-08-31 16:33:58.859 +0300
2026-08-22,SCENARIO,withinA_at_dest,SA,DMM,5403,970,17.95,2026-08-31 16:33:58.859 +0300
2026-08-22,SCENARIO,withinA_at_dest,SA,JED,24269,5053,20.82,2026-08-31 16:33:58.859 +0300
2026-08-22,SCENARIO,withinA_at_dest,SA,MAD,8571,1611,18.80,2026-08-31 16:33:58.859 +0300
2026-08-22,SCENARIO,withinA_at_dest,SA,MEC,4336,966,22.28,2026-08-31 16:33:58.859 +0300
2026-08-22,SCENARIO,withinA_at_dest,SA,Others,10338,1957,18.93,2026-08-31 16:33:58.859 +0300
2026-08-22,SCENARIO,withinA_at_dest,SA,RUH,29142,5397,18.52,2026-08-31 16:33:58.859 +0300
2026-08-22,SCENARIO,withinA_at_dest,SA,Total,82059,15954,19.44,2026-08-31 16:33:58.859 +0300
2026-08-22,SCENARIO,withinA_not_dest,SA,DMM,5403,123,2.28,2026-08-31 16:33:58.859 +0300
2026-08-22,SCENARIO,withinA_not_dest,SA,JED,24269,537,2.21,2026-08-31 16:33:58.859 +0300
2026-08-22,SCENARIO,withinA_not_dest,SA,MAD,8571,309,3.61,2026-08-31 16:33:58.859 +0300
2026-08-22,SCENARIO,withinA_not_dest,SA,MEC,4336,141,3.25,2026-08-31 16:33:58.859 +0300
2026-08-22,SCENARIO,withinA_not_dest,SA,Others,10338,385,3.72,2026-08-31 16:33:58.859 +0300
2026-08-22,SCENARIO,withinA_not_dest,SA,RUH,29142,808,2.77,2026-08-31 16:33:58.859 +0300
2026-08-22,SCENARIO,withinA_not_dest,SA,Total,82059,2303,2.81,2026-08-31 16:33:58.859 +0300
2026-08-22,SCENARIO,withinB_at_dest,SA,DMM,5403,561,10.38,2026-08-31 16:33:58.859 +0300
2026-08-22,SCENARIO,withinB_at_dest,SA,JED,24269,2343,9.65,2026-08-31 16:33:58.859 +0300
2026-08-22,SCENARIO,withinB_at_dest,SA,MAD,8571,686,8.00,2026-08-31 16:33:58.859 +0300
2026-08-22,SCENARIO,withinB_at_dest,SA,MEC,4336,445,10.26,2026-08-31 16:33:58.859 +0300
2026-08-22,SCENARIO,withinB_at_dest,SA,Others,10338,940,9.09,2026-08-31 16:33:58.859 +0300
2026-08-22,SCENARIO,withinB_at_dest,SA,RUH,29142,1729,5.93,2026-08-31 16:33:58.859 +0300
2026-08-22,SCENARIO,withinB_at_dest,SA,Total,82059,6704,8.17,2026-08-31 16:33:58.859 +0300
2026-08-22,SCENARIO,withinB_not_dest,SA,DMM,5403,168,3.11,2026-08-31 16:33:58.859 +0300
2026-08-22,SCENARIO,withinB_not_dest,SA,JED,24269,689,2.84,2026-08-31 16:33:58.859 +0300
2026-08-22,SCENARIO,withinB_not_dest,SA,MAD,8571,325,3.79,2026-08-31 16:33:58.859 +0300
2026-08-22,SCENARIO,withinB_not_dest,SA,MEC,4336,154,3.55,2026-08-31 16:33:58.859 +0300
2026-08-22,SCENARIO,withinB_not_dest,SA,Others,10338,559,5.41,2026-08-31 16:33:58.859 +0300
2026-08-22,SCENARIO,withinB_not_dest,SA,RUH,29142,853,2.93,2026-08-31 16:33:58.859 +0300
2026-08-22,SCENARIO,withinB_not_dest,SA,Total,82059,2748,3.35,2026-08-31 16:33:58.859 +0300
2026-08-23,CAUSE_MIX,beyondB,JO,Total,20584,45,0.22,2026-08-31 16:33:58.859 +0300
2026-08-23,CAUSE_MIX,pickup_mismatch,JO,Total,20584,1,0.00,2026-08-31 16:33:58.859 +0300
2026-08-23,CAUSE_MIX,previous_wallet_balance,JO,Total,20584,1073,5.21,2026-08-31 16:33:58.859 +0300
2026-08-23,CAUSE_MIX,surcharge_mismatch,JO,Total,20584,15,0.07,2026-08-31 16:33:58.859 +0300
2026-08-23,CAUSE_MIX,surge_mismatch,JO,Total,20584,8,0.04,2026-08-31 16:33:58.859 +0300
2026-08-23,CAUSE_MIX,waiting_time,JO,Total,20584,9341,45.38,2026-08-31 16:33:58.859 +0300
2026-08-23,CAUSE_MIX,withinA_at_dest,JO,Total,20584,1155,5.61,2026-08-31 16:33:58.859 +0300
2026-08-23,CAUSE_MIX,withinA_not_dest,JO,Total,20584,2447,11.89,2026-08-31 16:33:58.859 +0300
2026-08-23,CAUSE_MIX,withinB_at_dest,JO,Total,20584,4256,20.68,2026-08-31 16:33:58.859 +0300
2026-08-23,CAUSE_MIX,withinB_not_dest,JO,Total,20584,2243,10.90,2026-08-31 16:33:58.859 +0300
2026-08-23,CHANNEL,cumulative_price_shocks_net,JO,AMM,55079,11426,20.74,2026-08-31 16:33:58.859 +0300
2026-08-23,CHANNEL,cumulative_price_shocks_net,JO,IRB,15074,3969,26.33,2026-08-31 16:33:58.859 +0300
2026-08-23,CHANNEL,cumulative_price_shocks_net,JO,Others,2109,521,24.70,2026-08-31 16:33:58.859 +0300
2026-08-23,CHANNEL,cumulative_price_shocks_net,JO,Total,89442,19511,21.81,2026-08-31 16:33:58.859 +0300
2026-08-23,CHANNEL,cumulative_price_shocks_net,JO,ZRQ,17180,3595,20.93,2026-08-31 16:33:58.859 +0300
2026-08-23,CHANNEL,pd_mismatch,JO,AMM,55079,0,0.00,2026-08-31 16:33:58.859 +0300
2026-08-23,CHANNEL,pd_mismatch,JO,IRB,15074,0,0.00,2026-08-31 16:33:58.859 +0300
2026-08-23,CHANNEL,pd_mismatch,JO,Others,2109,0,0.00,2026-08-31 16:33:58.859 +0300
2026-08-23,CHANNEL,pd_mismatch,JO,Total,89442,0,0.00,2026-08-31 16:33:58.859 +0300
2026-08-23,CHANNEL,pd_mismatch,JO,ZRQ,17180,0,0.00,2026-08-31 16:33:58.859 +0300
2026-08-23,CHANNEL,pickup_mismatch,JO,AMM,55079,1,0.00,2026-08-31 16:33:58.859 +0300
2026-08-23,CHANNEL,pickup_mismatch,JO,IRB,15074,0,0.00,2026-08-31 16:33:58.859 +0300
2026-08-23,CHANNEL,pickup_mismatch,JO,Others,2109,0,0.00,2026-08-31 16:33:58.859 +0300
2026-08-23,CHANNEL,pickup_mismatch,JO,Total,89442,1,0.00,2026-08-31 16:33:58.859 +0300
2026-08-23,CHANNEL,pickup_mismatch,JO,ZRQ,17180,0,0.00,2026-08-31 16:33:58.859 +0300
2026-08-23,CHANNEL,residual_fare_increase_net,JO,AMM,55079,5521,10.02,2026-08-31 16:33:58.859 +0300
2026-08-23,CHANNEL,residual_fare_increase_net,JO,IRB,15074,2643,17.53,2026-08-31 16:33:58.859 +0300
2026-08-23,CHANNEL,residual_fare_increase_net,JO,Others,2109,296,14.04,2026-08-31 16:33:58.859 +0300
2026-08-23,CHANNEL,residual_fare_increase_net,JO,Total,89442,10482,11.72,2026-08-31 16:33:58.859 +0300
2026-08-23,CHANNEL,residual_fare_increase_net,JO,ZRQ,17180,2022,11.77,2026-08-31 16:33:58.859 +0300
2026-08-23,CHANNEL,rounding_error,JO,AMM,55079,640,1.16,2026-08-31 16:33:58.859 +0300
2026-08-23,CHANNEL,rounding_error,JO,IRB,15074,180,1.19,2026-08-31 16:33:58.859 +0300
2026-08-23,CHANNEL,rounding_error,JO,Others,2109,21,1.00,2026-08-31 16:33:58.859 +0300
2026-08-23,CHANNEL,rounding_error,JO,Total,89442,1012,1.13,2026-08-31 16:33:58.859 +0300
2026-08-23,CHANNEL,rounding_error,JO,ZRQ,17180,171,1.00,2026-08-31 16:33:58.859 +0300
2026-08-23,CHANNEL,spillover_recovery,JO,AMM,55079,898,1.63,2026-08-31 16:33:58.859 +0300
2026-08-23,CHANNEL,spillover_recovery,JO,IRB,15074,169,1.12,2026-08-31 16:33:58.859 +0300
2026-08-23,CHANNEL,spillover_recovery,JO,Others,2109,12,0.57,2026-08-31 16:33:58.859 +0300
2026-08-23,CHANNEL,spillover_recovery,JO,Total,89442,1157,1.29,2026-08-31 16:33:58.859 +0300
2026-08-23,CHANNEL,spillover_recovery,JO,ZRQ,17180,78,0.45,2026-08-31 16:33:58.859 +0300
2026-08-23,CHANNEL,surcharge_mismatch,JO,AMM,55079,16,0.03,2026-08-31 16:33:58.859 +0300
2026-08-23,CHANNEL,surcharge_mismatch,JO,IRB,15074,0,0.00,2026-08-31 16:33:58.859 +0300
2026-08-23,CHANNEL,surcharge_mismatch,JO,Others,2109,1,0.05,2026-08-31 16:33:58.859 +0300
2026-08-23,CHANNEL,surcharge_mismatch,JO,Total,89442,26,0.03,2026-08-31 16:33:58.859 +0300
2026-08-23,CHANNEL,surcharge_mismatch,JO,ZRQ,17180,9,0.05,2026-08-31 16:33:58.859 +0300
2026-08-23,CHANNEL,surge_mismatch,JO,AMM,55079,12,0.02,2026-08-31 16:33:58.859 +0300
2026-08-23,CHANNEL,surge_mismatch,JO,IRB,15074,0,0.00,2026-08-31 16:33:58.859 +0300
2026-08-23,CHANNEL,surge_mismatch,JO,Others,2109,0,0.00,2026-08-31 16:33:58.859 +0300
2026-08-23,CHANNEL,surge_mismatch,JO,Total,89442,14,0.02,2026-08-31 16:33:58.859 +0300
2026-08-23,CHANNEL,surge_mismatch,JO,ZRQ,17180,2,0.01,2026-08-31 16:33:58.859 +0300
2026-08-23,SCENARIO,beyondB,JO,AMM,55079,30,0.05,2026-08-31 16:33:58.859 +0300
2026-08-23,SCENARIO,beyondB,JO,IRB,15074,14,0.09,2026-08-31 16:33:58.859 +0300
2026-08-23,SCENARIO,beyondB,JO,Others,2109,2,0.09,2026-08-31 16:33:58.859 +0300
2026-08-23,SCENARIO,beyondB,JO,Total,89442,50,0.06,2026-08-31 16:33:58.859 +0300
2026-08-23,SCENARIO,beyondB,JO,ZRQ,17180,4,0.02,2026-08-31 16:33:58.859 +0300
2026-08-23,SCENARIO,withinA_at_dest,JO,AMM,55079,5792,10.52,2026-08-31 16:33:58.859 +0300
2026-08-23,SCENARIO,withinA_at_dest,JO,IRB,15074,1251,8.30,2026-08-31 16:33:58.859 +0300
2026-08-23,SCENARIO,withinA_at_dest,JO,Others,2109,219,10.38,2026-08-31 16:33:58.859 +0300
2026-08-23,SCENARIO,withinA_at_dest,JO,Total,89442,8804,9.84,2026-08-31 16:33:58.859 +0300
2026-08-23,SCENARIO,withinA_at_dest,JO,ZRQ,17180,1542,8.98,2026-08-31 16:33:58.859 +0300
2026-08-23,SCENARIO,withinA_not_dest,JO,AMM,55079,1555,2.82,2026-08-31 16:33:58.859 +0300
2026-08-23,SCENARIO,withinA_not_dest,JO,IRB,15074,937,6.22,2026-08-31 16:33:58.859 +0300
2026-08-23,SCENARIO,withinA_not_dest,JO,Others,2109,70,3.32,2026-08-31 16:33:58.859 +0300
2026-08-23,SCENARIO,withinA_not_dest,JO,Total,89442,3074,3.44,2026-08-31 16:33:58.859 +0300
2026-08-23,SCENARIO,withinA_not_dest,JO,ZRQ,17180,512,2.98,2026-08-31 16:33:58.859 +0300
2026-08-23,SCENARIO,withinB_at_dest,JO,AMM,55079,2669,4.85,2026-08-31 16:33:58.859 +0300
2026-08-23,SCENARIO,withinB_at_dest,JO,IRB,15074,1037,6.88,2026-08-31 16:33:58.859 +0300
2026-08-23,SCENARIO,withinB_at_dest,JO,Others,2109,145,6.88,2026-08-31 16:33:58.859 +0300
2026-08-23,SCENARIO,withinB_at_dest,JO,Total,89442,4933,5.52,2026-08-31 16:33:58.859 +0300
2026-08-23,SCENARIO,withinB_at_dest,JO,ZRQ,17180,1082,6.30,2026-08-31 16:33:58.859 +0300
2026-08-23,SCENARIO,withinB_not_dest,JO,AMM,55079,1380,2.51,2026-08-31 16:33:58.859 +0300
2026-08-23,SCENARIO,withinB_not_dest,JO,IRB,15074,730,4.84,2026-08-31 16:33:58.859 +0300
2026-08-23,SCENARIO,withinB_not_dest,JO,Others,2109,85,4.03,2026-08-31 16:33:58.859 +0300
2026-08-23,SCENARIO,withinB_not_dest,JO,Total,89442,2650,2.96,2026-08-31 16:33:58.859 +0300
2026-08-23,SCENARIO,withinB_not_dest,JO,ZRQ,17180,455,2.65,2026-08-31 16:33:58.859 +0300
2026-08-23,CAUSE_MIX,beyondB,SA,Total,38646,32,0.08,2026-08-31 16:33:58.859 +0300
2026-08-23,CAUSE_MIX,pickup_mismatch,SA,Total,38646,2,0.01,2026-08-31 16:33:58.859 +0300
2026-08-23,CAUSE_MIX,previous_wallet_balance,SA,Total,38646,6477,16.76,2026-08-31 16:33:58.859 +0300
2026-08-23,CAUSE_MIX,surcharge_mismatch,SA,Total,38646,672,1.74,2026-08-31 16:33:58.859 +0300
2026-08-23,CAUSE_MIX,surge_mismatch,SA,Total,38646,31,0.08,2026-08-31 16:33:58.859 +0300
2026-08-23,CAUSE_MIX,waiting_time,SA,Total,38646,18731,48.47,2026-08-31 16:33:58.859 +0300
2026-07-26,SCENARIO,withinB_at_dest,JO,AMM,58070,4268,7.35,2026-08-31 16:33:58.859 +0300
2026-07-26,SCENARIO,withinB_at_dest,JO,IRB,14774,1382,9.35,2026-08-31 16:33:58.859 +0300
2026-07-26,SCENARIO,withinB_at_dest,JO,Others,2175,166,7.63,2026-08-31 16:33:58.859 +0300
2026-07-26,SCENARIO,withinB_at_dest,JO,Total,92231,7018,7.61,2026-08-31 16:33:58.859 +0300
2026-07-26,SCENARIO,withinB_at_dest,JO,ZRQ,17212,1202,6.98,2026-08-31 16:33:58.859 +0300
2026-07-26,SCENARIO,withinB_not_dest,JO,AMM,58070,1608,2.77,2026-08-31 16:33:58.859 +0300
2026-07-26,SCENARIO,withinB_not_dest,JO,IRB,14774,800,5.41,2026-08-31 16:33:58.859 +0300
2026-07-26,SCENARIO,withinB_not_dest,JO,Others,2175,101,4.64,2026-08-31 16:33:58.859 +0300
2026-07-26,SCENARIO,withinB_not_dest,JO,Total,92231,2990,3.24,2026-08-31 16:33:58.859 +0300
2026-07-26,SCENARIO,withinB_not_dest,JO,ZRQ,17212,481,2.79,2026-08-31 16:33:58.859 +0300
2026-07-26,CAUSE_MIX,beyondB,SA,Total,35116,20,0.06,2026-08-31 16:33:58.859 +0300
2026-07-26,CAUSE_MIX,pd_mismatch,SA,Total,35116,3,0.01,2026-08-31 16:33:58.859 +0300
2026-07-26,CAUSE_MIX,pickup_mismatch,SA,Total,35116,3,0.01,2026-08-31 16:33:58.859 +0300
2026-07-26,CAUSE_MIX,previous_wallet_balance,SA,Total,35116,6215,17.70,2026-08-31 16:33:58.859 +0300
2026-07-26,CAUSE_MIX,surcharge_mismatch,SA,Total,35116,619,1.76,2026-08-31 16:33:58.859 +0300
2026-07-26,CAUSE_MIX,surge_mismatch,SA,Total,35116,11,0.03,2026-08-31 16:33:58.859 +0300
2026-07-26,CAUSE_MIX,waiting_time,SA,Total,35116,17128,48.78,2026-08-31 16:33:58.859 +0300
2026-07-26,CAUSE_MIX,withinA_at_dest,SA,Total,35116,2510,7.15,2026-08-31 16:33:58.859 +0300
2026-07-26,CAUSE_MIX,withinA_not_dest,SA,Total,35116,1368,3.90,2026-08-31 16:33:58.859 +0300
2026-07-26,CAUSE_MIX,withinB_at_dest,SA,Total,35116,5286,15.05,2026-08-31 16:33:58.859 +0300
2026-07-26,CAUSE_MIX,withinB_not_dest,SA,Total,35116,1953,5.56,2026-08-31 16:33:58.859 +0300
2026-07-26,CHANNEL,cumulative_price_shocks_net,SA,DMM,5162,1660,32.16,2026-08-31 16:33:58.859 +0300
2026-07-26,CHANNEL,cumulative_price_shocks_net,SA,JED,25520,8915,34.93,2026-08-31 16:33:58.859 +0300
2026-07-26,CHANNEL,cumulative_price_shocks_net,SA,MAD,9044,2991,33.07,2026-08-31 16:33:58.859 +0300
2026-07-26,CHANNEL,cumulative_price_shocks_net,SA,MEC,4838,1845,38.14,2026-08-31 16:33:58.859 +0300
2026-07-26,CHANNEL,cumulative_price_shocks_net,SA,Others,10307,3604,34.97,2026-08-31 16:33:58.859 +0300
2026-07-26,CHANNEL,cumulative_price_shocks_net,SA,RUH,33586,9734,28.98,2026-08-31 16:33:58.859 +0300
2026-07-26,CHANNEL,cumulative_price_shocks_net,SA,Total,88457,28749,32.50,2026-08-31 16:33:58.859 +0300
2026-07-26,CHANNEL,pd_mismatch,SA,DMM,5162,0,0.00,2026-08-31 16:33:58.859 +0300
2026-07-26,CHANNEL,pd_mismatch,SA,JED,25520,2,0.01,2026-08-31 16:33:58.859 +0300
2026-07-26,CHANNEL,pd_mismatch,SA,MAD,9044,0,0.00,2026-08-31 16:33:58.859 +0300
2026-07-26,CHANNEL,pd_mismatch,SA,MEC,4838,1,0.02,2026-08-31 16:33:58.859 +0300
2026-07-26,CHANNEL,pd_mismatch,SA,Others,10307,3,0.03,2026-08-31 16:33:58.859 +0300
2026-07-26,CHANNEL,pd_mismatch,SA,RUH,33586,0,0.00,2026-08-31 16:33:58.859 +0300
2026-07-26,CHANNEL,pd_mismatch,SA,Total,88457,6,0.01,2026-08-31 16:33:58.859 +0300
2026-07-26,CHANNEL,pickup_mismatch,SA,DMM,5162,0,0.00,2026-08-31 16:33:58.859 +0300
2026-07-26,CHANNEL,pickup_mismatch,SA,JED,25520,2,0.01,2026-08-31 16:33:58.859 +0300
2026-07-26,CHANNEL,pickup_mismatch,SA,MAD,9044,1,0.01,2026-08-31 16:33:58.859 +0300
2026-07-26,CHANNEL,pickup_mismatch,SA,MEC,4838,1,0.02,2026-08-31 16:33:58.859 +0300
2026-07-26,CHANNEL,pickup_mismatch,SA,Others,10307,0,0.00,2026-08-31 16:33:58.859 +0300
2026-07-26,CHANNEL,pickup_mismatch,SA,RUH,33586,0,0.00,2026-08-31 16:33:58.859 +0300
2026-07-26,CHANNEL,pickup_mismatch,SA,Total,88457,4,0.00,2026-08-31 16:33:58.859 +0300
2026-07-26,CHANNEL,residual_fare_increase_net,SA,DMM,5162,785,15.21,2026-08-31 16:33:58.859 +0300
2026-07-26,CHANNEL,residual_fare_increase_net,SA,JED,25520,3918,15.35,2026-08-31 16:33:58.859 +0300
2026-07-26,CHANNEL,residual_fare_increase_net,SA,MAD,9044,1377,15.23,2026-08-31 16:33:58.859 +0300
2026-07-26,CHANNEL,residual_fare_increase_net,SA,MEC,4838,800,16.54,2026-08-31 16:33:58.859 +0300
2026-07-26,CHANNEL,residual_fare_increase_net,SA,Others,10307,1847,17.92,2026-08-31 16:33:58.859 +0300
2026-07-26,CHANNEL,residual_fare_increase_net,SA,RUH,33586,3839,11.43,2026-08-31 16:33:58.859 +0300
2026-07-26,CHANNEL,residual_fare_increase_net,SA,Total,88457,12566,14.21,2026-08-31 16:33:58.859 +0300
2026-07-26,CHANNEL,rounding_error,SA,DMM,5162,72,1.39,2026-08-31 16:33:58.859 +0300
2026-07-26,CHANNEL,rounding_error,SA,JED,25520,640,2.51,2026-08-31 16:33:58.859 +0300
2026-07-26,CHANNEL,rounding_error,SA,MAD,9044,248,2.74,2026-08-31 16:33:58.859 +0300
2026-07-26,CHANNEL,rounding_error,SA,MEC,4838,90,1.86,2026-08-31 16:33:58.859 +0300
2026-07-26,CHANNEL,rounding_error,SA,Others,10307,193,1.87,2026-08-31 16:33:58.859 +0300
2026-07-26,CHANNEL,rounding_error,SA,RUH,33586,823,2.45,2026-08-31 16:33:58.859 +0300
2026-07-26,CHANNEL,rounding_error,SA,Total,88457,2066,2.34,2026-08-31 16:33:58.859 +0300
2026-07-26,CHANNEL,spillover_recovery,SA,DMM,5162,279,5.40,2026-08-31 16:33:58.859 +0300
2026-07-26,CHANNEL,spillover_recovery,SA,JED,25520,2284,8.95,2026-08-31 16:33:58.859 +0300
2026-07-26,CHANNEL,spillover_recovery,SA,MAD,9044,607,6.71,2026-08-31 16:33:58.859 +0300
2026-07-26,CHANNEL,spillover_recovery,SA,MEC,4838,361,7.46,2026-08-31 16:33:58.859 +0300
2026-07-26,CHANNEL,spillover_recovery,SA,Others,10307,502,4.87,2026-08-31 16:33:58.859 +0300
2026-07-26,CHANNEL,spillover_recovery,SA,RUH,33586,2775,8.26,2026-08-31 16:33:58.859 +0300
2026-07-26,CHANNEL,spillover_recovery,SA,Total,88457,6808,7.70,2026-08-31 16:33:58.859 +0300
2026-07-26,CHANNEL,surcharge_mismatch,SA,DMM,5162,89,1.72,2026-08-31 16:33:58.859 +0300
2026-07-26,CHANNEL,surcharge_mismatch,SA,JED,25520,650,2.55,2026-08-31 16:33:58.859 +0300
2026-07-26,CHANNEL,surcharge_mismatch,SA,MAD,9044,141,1.56,2026-08-31 16:33:58.859 +0300
2026-07-26,CHANNEL,surcharge_mismatch,SA,MEC,4838,50,1.03,2026-08-31 16:33:58.859 +0300
2026-07-26,CHANNEL,surcharge_mismatch,SA,Others,10307,175,1.70,2026-08-31 16:33:58.859 +0300
2026-07-26,CHANNEL,surcharge_mismatch,SA,RUH,33586,481,1.43,2026-08-31 16:33:58.859 +0300
2026-07-26,CHANNEL,surcharge_mismatch,SA,Total,88457,1586,1.79,2026-08-31 16:33:58.859 +0300
2026-07-26,CHANNEL,surge_mismatch,SA,DMM,5162,2,0.04,2026-08-31 16:33:58.859 +0300
2026-07-26,CHANNEL,surge_mismatch,SA,JED,25520,6,0.02,2026-08-31 16:33:58.859 +0300
2026-07-26,CHANNEL,surge_mismatch,SA,MAD,9044,5,0.06,2026-08-31 16:33:58.859 +0300
2026-07-26,CHANNEL,surge_mismatch,SA,MEC,4838,1,0.02,2026-08-31 16:33:58.859 +0300
2026-07-26,CHANNEL,surge_mismatch,SA,Others,10307,0,0.00,2026-08-31 16:33:58.859 +0300
2026-07-26,CHANNEL,surge_mismatch,SA,RUH,33586,3,0.01,2026-08-31 16:33:58.859 +0300
2026-07-26,CHANNEL,surge_mismatch,SA,Total,88457,17,0.02,2026-08-31 16:33:58.859 +0300
2026-07-26,SCENARIO,beyondB,SA,DMM,5162,3,0.06,2026-08-31 16:33:58.859 +0300
2026-07-26,SCENARIO,beyondB,SA,JED,25520,6,0.02,2026-08-31 16:33:58.859 +0300
2026-07-26,SCENARIO,beyondB,SA,MAD,9044,2,0.02,2026-08-31 16:33:58.859 +0300
2026-07-26,SCENARIO,beyondB,SA,MEC,4838,2,0.04,2026-08-31 16:33:58.859 +0300
2026-07-26,SCENARIO,beyondB,SA,Others,10307,7,0.07,2026-08-31 16:33:58.859 +0300
2026-07-26,SCENARIO,beyondB,SA,RUH,33586,10,0.03,2026-08-31 16:33:58.859 +0300
2026-07-26,SCENARIO,beyondB,SA,Total,88457,30,0.03,2026-08-31 16:33:58.859 +0300
2026-07-26,SCENARIO,withinA_at_dest,SA,DMM,5162,893,17.30,2026-08-31 16:33:58.859 +0300
2026-07-26,SCENARIO,withinA_at_dest,SA,JED,25520,5094,19.96,2026-08-31 16:33:58.859 +0300
2026-07-26,SCENARIO,withinA_at_dest,SA,MAD,9044,1641,18.14,2026-08-31 16:33:58.859 +0300
2026-07-26,SCENARIO,withinA_at_dest,SA,MEC,4838,1040,21.50,2026-08-31 16:33:58.859 +0300
2026-07-26,SCENARIO,withinA_at_dest,SA,Others,10307,1742,16.90,2026-08-31 16:33:58.859 +0300
2026-07-26,SCENARIO,withinA_at_dest,SA,RUH,33586,6119,18.22,2026-08-31 16:33:58.859 +0300
2026-07-26,SCENARIO,withinA_at_dest,SA,Total,88457,16529,18.69,2026-08-31 16:33:58.859 +0300
2026-07-26,SCENARIO,withinA_not_dest,SA,DMM,5162,118,2.29,2026-08-31 16:33:58.859 +0300
2026-07-26,SCENARIO,withinA_not_dest,SA,JED,25520,502,1.97,2026-08-31 16:33:58.859 +0300
2026-07-26,SCENARIO,withinA_not_dest,SA,MAD,9044,324,3.58,2026-08-31 16:33:58.859 +0300
2026-07-26,SCENARIO,withinA_not_dest,SA,MEC,4838,134,2.77,2026-08-31 16:33:58.859 +0300
2026-07-26,SCENARIO,withinA_not_dest,SA,Others,10307,384,3.73,2026-08-31 16:33:58.859 +0300
2026-07-26,SCENARIO,withinA_not_dest,SA,RUH,33586,752,2.24,2026-08-31 16:33:58.859 +0300
2026-07-26,SCENARIO,withinA_not_dest,SA,Total,88457,2214,2.50,2026-08-31 16:33:58.859 +0300
2026-07-26,SCENARIO,withinB_at_dest,SA,DMM,5162,493,9.55,2026-08-31 16:33:58.859 +0300
2026-07-26,SCENARIO,withinB_at_dest,SA,JED,25520,2622,10.27,2026-08-31 16:33:58.859 +0300
2026-07-26,SCENARIO,withinB_at_dest,SA,MAD,9044,728,8.05,2026-08-31 16:33:58.859 +0300
2026-07-26,SCENARIO,withinB_at_dest,SA,MEC,4838,485,10.02,2026-08-31 16:33:58.859 +0300
2026-07-26,SCENARIO,withinB_at_dest,SA,Others,10307,932,9.04,2026-08-31 16:33:58.859 +0300
2026-07-26,SCENARIO,withinB_at_dest,SA,RUH,33586,1961,5.84,2026-08-31 16:33:58.859 +0300
2026-07-26,SCENARIO,withinB_at_dest,SA,Total,88457,7221,8.16,2026-08-31 16:33:58.859 +0300
2026-07-26,SCENARIO,withinB_not_dest,SA,DMM,5162,153,2.96,2026-08-31 16:33:58.859 +0300
2026-07-26,SCENARIO,withinB_not_dest,SA,JED,25520,691,2.71,2026-08-31 16:33:58.859 +0300
2026-07-26,SCENARIO,withinB_not_dest,SA,MAD,9044,296,3.27,2026-08-31 16:33:58.859 +0300
2026-07-26,SCENARIO,withinB_not_dest,SA,MEC,4838,184,3.80,2026-08-31 16:33:58.859 +0300
2026-07-26,SCENARIO,withinB_not_dest,SA,Others,10307,539,5.23,2026-08-31 16:33:58.859 +0300
2026-07-26,SCENARIO,withinB_not_dest,SA,RUH,33586,892,2.66,2026-08-31 16:33:58.859 +0300
2026-07-26,SCENARIO,withinB_not_dest,SA,Total,88457,2755,3.11,2026-08-31 16:33:58.859 +0300
2026-07-27,CAUSE_MIX,beyondB,JO,Total,23038,49,0.21,2026-08-31 16:33:58.859 +0300
2026-07-27,CAUSE_MIX,pd_mismatch,JO,Total,23038,1,0.00,2026-08-31 16:33:58.859 +0300
2026-07-27,CAUSE_MIX,previous_wallet_balance,JO,Total,23038,1304,5.66,2026-08-31 16:33:58.859 +0300
2026-07-27,CAUSE_MIX,surcharge_mismatch,JO,Total,23038,13,0.06,2026-08-31 16:33:58.859 +0300
2026-07-27,CAUSE_MIX,surge_mismatch,JO,Total,23038,14,0.06,2026-08-31 16:33:58.859 +0300
2026-07-27,CAUSE_MIX,waiting_time,JO,Total,23038,9579,41.58,2026-08-31 16:33:58.859 +0300
2026-07-27,CAUSE_MIX,withinA_at_dest,JO,Total,23038,1150,4.99,2026-08-31 16:33:58.859 +0300
2026-07-27,CAUSE_MIX,withinA_not_dest,JO,Total,23038,2484,10.78,2026-08-31 16:33:58.859 +0300
2026-07-27,CAUSE_MIX,withinB_at_dest,JO,Total,23038,6130,26.61,2026-08-31 16:33:58.859 +0300
2026-07-27,CAUSE_MIX,withinB_not_dest,JO,Total,23038,2314,10.04,2026-08-31 16:33:58.859 +0300
2026-07-27,CHANNEL,cumulative_price_shocks_net,JO,AMM,58435,13811,23.63,2026-08-31 16:33:58.859 +0300
2026-07-27,CHANNEL,cumulative_price_shocks_net,JO,IRB,13449,3781,28.11,2026-08-31 16:33:58.859 +0300
2026-07-27,CHANNEL,cumulative_price_shocks_net,JO,Others,2100,525,25.00,2026-08-31 16:33:58.859 +0300
2026-07-27,CHANNEL,cumulative_price_shocks_net,JO,Total,90781,21734,23.94,2026-08-31 16:33:58.859 +0300
2026-07-27,CHANNEL,cumulative_price_shocks_net,JO,ZRQ,16797,3617,21.53,2026-08-31 16:33:58.859 +0300
2026-07-27,CHANNEL,pd_mismatch,JO,AMM,58435,2,0.00,2026-08-31 16:33:58.859 +0300
2026-07-27,CHANNEL,pd_mismatch,JO,IRB,13449,0,0.00,2026-08-31 16:33:58.859 +0300
2026-07-27,CHANNEL,pd_mismatch,JO,Others,2100,0,0.00,2026-08-31 16:33:58.859 +0300
2026-07-27,CHANNEL,pd_mismatch,JO,Total,90781,2,0.00,2026-08-31 16:33:58.859 +0300
2026-07-27,CHANNEL,pd_mismatch,JO,ZRQ,16797,0,0.00,2026-08-31 16:33:58.859 +0300
2026-07-27,CHANNEL,pickup_mismatch,JO,AMM,58435,0,0.00,2026-08-31 16:33:58.859 +0300
2026-07-27,CHANNEL,pickup_mismatch,JO,IRB,13449,0,0.00,2026-08-31 16:33:58.859 +0300
2026-07-27,CHANNEL,pickup_mismatch,JO,Others,2100,0,0.00,2026-08-31 16:33:58.859 +0300
2026-07-27,CHANNEL,pickup_mismatch,JO,Total,90781,0,0.00,2026-08-31 16:33:58.859 +0300
2026-07-27,CHANNEL,pickup_mismatch,JO,ZRQ,16797,0,0.00,2026-08-31 16:33:58.859 +0300
2026-07-27,CHANNEL,residual_fare_increase_net,JO,AMM,58435,7939,13.59,2026-08-31 16:33:58.859 +0300
2026-07-27,CHANNEL,residual_fare_increase_net,JO,IRB,13449,2545,18.92,2026-08-31 16:33:58.859 +0300
2026-07-27,CHANNEL,residual_fare_increase_net,JO,Others,2100,308,14.67,2026-08-31 16:33:58.859 +0300
2026-07-27,CHANNEL,residual_fare_increase_net,JO,Total,90781,12813,14.11,2026-08-31 16:33:58.859 +0300
2026-07-27,CHANNEL,residual_fare_increase_net,JO,ZRQ,16797,2021,12.03,2026-08-31 16:33:58.859 +0300
2026-07-27,CHANNEL,rounding_error,JO,AMM,58435,609,1.04,2026-08-31 16:33:58.859 +0300
2026-07-27,CHANNEL,rounding_error,JO,IRB,13449,145,1.08,2026-08-31 16:33:58.859 +0300
2026-07-27,CHANNEL,rounding_error,JO,Others,2100,22,1.05,2026-08-31 16:33:58.859 +0300
2026-07-27,CHANNEL,rounding_error,JO,Total,90781,966,1.06,2026-08-31 16:33:58.859 +0300
2026-07-27,CHANNEL,rounding_error,JO,ZRQ,16797,190,1.13,2026-08-31 16:33:58.859 +0300
2026-07-27,CHANNEL,spillover_recovery,JO,AMM,58435,1119,1.91,2026-08-31 16:33:58.859 +0300
2026-07-27,CHANNEL,spillover_recovery,JO,IRB,13449,180,1.34,2026-08-31 16:33:58.859 +0300
2026-07-27,CHANNEL,spillover_recovery,JO,Others,2100,11,0.52,2026-08-31 16:33:58.859 +0300
2026-07-27,CHANNEL,spillover_recovery,JO,Total,90781,1390,1.53,2026-08-31 16:33:58.859 +0300
2026-07-27,CHANNEL,spillover_recovery,JO,ZRQ,16797,80,0.48,2026-08-31 16:33:58.859 +0300
2026-07-27,CHANNEL,surcharge_mismatch,JO,AMM,58435,15,0.03,2026-08-31 16:33:58.859 +0300
2026-07-27,CHANNEL,surcharge_mismatch,JO,IRB,13449,0,0.00,2026-08-31 16:33:58.859 +0300
2026-07-27,CHANNEL,surcharge_mismatch,JO,Others,2100,0,0.00,2026-08-31 16:33:58.859 +0300
2026-07-27,CHANNEL,surcharge_mismatch,JO,Total,90781,20,0.02,2026-08-31 16:33:58.859 +0300
2026-07-27,CHANNEL,surcharge_mismatch,JO,ZRQ,16797,5,0.03,2026-08-31 16:33:58.859 +0300
2026-07-27,CHANNEL,surge_mismatch,JO,AMM,58435,19,0.03,2026-08-31 16:33:58.859 +0300
2026-07-27,CHANNEL,surge_mismatch,JO,IRB,13449,1,0.01,2026-08-31 16:33:58.859 +0300
2026-07-27,CHANNEL,surge_mismatch,JO,Others,2100,0,0.00,2026-08-31 16:33:58.859 +0300
2026-07-27,CHANNEL,surge_mismatch,JO,Total,90781,23,0.03,2026-08-31 16:33:58.859 +0300
2026-07-27,CHANNEL,surge_mismatch,JO,ZRQ,16797,3,0.02,2026-08-31 16:33:58.859 +0300
2026-07-27,SCENARIO,beyondB,JO,AMM,58435,33,0.06,2026-08-31 16:33:58.859 +0300
2026-07-27,SCENARIO,beyondB,JO,IRB,13449,11,0.08,2026-08-31 16:33:58.859 +0300
2026-07-27,SCENARIO,beyondB,JO,Others,2100,2,0.10,2026-08-31 16:33:58.859 +0300
2026-07-27,SCENARIO,beyondB,JO,Total,90781,51,0.06,2026-08-31 16:33:58.859 +0300
2026-07-27,SCENARIO,beyondB,JO,ZRQ,16797,5,0.03,2026-08-31 16:33:58.859 +0300
2026-07-27,SCENARIO,withinA_at_dest,JO,AMM,58435,5798,9.92,2026-08-31 16:33:58.859 +0300
2026-07-27,SCENARIO,withinA_at_dest,JO,IRB,13449,1167,8.68,2026-08-31 16:33:58.859 +0300
2026-07-27,SCENARIO,withinA_at_dest,JO,Others,2100,206,9.81,2026-08-31 16:33:58.859 +0300
2026-07-27,SCENARIO,withinA_at_dest,JO,Total,90781,8735,9.62,2026-08-31 16:33:58.859 +0300
2026-07-27,SCENARIO,withinA_at_dest,JO,ZRQ,16797,1564,9.31,2026-08-31 16:33:58.859 +0300
2026-07-27,SCENARIO,withinA_not_dest,JO,AMM,58435,1617,2.77,2026-08-31 16:33:58.859 +0300
2026-07-27,SCENARIO,withinA_not_dest,JO,IRB,13449,814,6.05,2026-08-31 16:33:58.859 +0300
2026-07-27,SCENARIO,withinA_not_dest,JO,Others,2100,87,4.14,2026-08-31 16:33:58.859 +0300
2026-07-27,SCENARIO,withinA_not_dest,JO,Total,90781,3058,3.37,2026-08-31 16:33:58.859 +0300
2026-07-27,SCENARIO,withinA_not_dest,JO,ZRQ,16797,540,3.21,2026-08-31 16:33:58.859 +0300
2026-07-27,SCENARIO,withinB_at_dest,JO,AMM,58435,4762,8.15,2026-08-31 16:33:58.859 +0300
2026-07-27,SCENARIO,withinB_at_dest,JO,IRB,13449,1135,8.44,2026-08-31 16:33:58.859 +0300
2026-07-27,SCENARIO,withinB_at_dest,JO,Others,2100,149,7.10,2026-08-31 16:33:58.859 +0300
2026-07-27,SCENARIO,withinB_at_dest,JO,Total,90781,7115,7.84,2026-08-31 16:33:58.859 +0300
2026-07-27,SCENARIO,withinB_at_dest,JO,ZRQ,16797,1069,6.36,2026-08-31 16:33:58.859 +0300
2026-07-27,SCENARIO,withinB_not_dest,JO,AMM,58435,1601,2.74,2026-08-31 16:33:58.859 +0300
2026-07-27,SCENARIO,withinB_not_dest,JO,IRB,13449,654,4.86,2026-08-31 16:33:58.859 +0300
2026-07-27,SCENARIO,withinB_not_dest,JO,Others,2100,81,3.86,2026-08-31 16:33:58.859 +0300
2026-07-27,SCENARIO,withinB_not_dest,JO,Total,90781,2775,3.06,2026-08-31 16:33:58.859 +0300
2026-07-27,SCENARIO,withinB_not_dest,JO,ZRQ,16797,439,2.61,2026-08-31 16:33:58.859 +0300
2026-07-27,CAUSE_MIX,beyondB,SA,Total,39774,18,0.05,2026-08-31 16:33:58.859 +0300
2026-07-27,CAUSE_MIX,pickup_mismatch,SA,Total,39774,4,0.01,2026-08-31 16:33:58.859 +0300
2026-07-27,CAUSE_MIX,previous_wallet_balance,SA,Total,39774,6756,16.99,2026-08-31 16:33:58.859 +0300
2026-07-27,CAUSE_MIX,surcharge_mismatch,SA,Total,39774,665,1.67,2026-08-31 16:33:58.859 +0300
2026-07-27,CAUSE_MIX,surge_mismatch,SA,Total,39774,27,0.07,2026-08-31 16:33:58.859 +0300
2026-07-27,CAUSE_MIX,waiting_time,SA,Total,39774,18565,46.68,2026-08-31 16:33:58.859 +0300
2026-07-27,CAUSE_MIX,withinA_at_dest,SA,Total,39774,3001,7.55,2026-08-31 16:33:58.859 +0300
2026-07-27,CAUSE_MIX,withinA_not_dest,SA,Total,39774,1605,4.04,2026-08-31 16:33:58.859 +0300
2026-07-27,CAUSE_MIX,withinB_at_dest,SA,Total,39774,6846,17.21,2026-08-31 16:33:58.859 +0300
2026-07-27,CAUSE_MIX,withinB_not_dest,SA,Total,39774,2287,5.75,2026-08-31 16:33:58.859 +0300
2026-07-27,CHANNEL,cumulative_price_shocks_net,SA,DMM,5520,1882,34.09,2026-08-31 16:33:58.859 +0300
2026-07-27,CHANNEL,cumulative_price_shocks_net,SA,JED,28289,10401,36.77,2026-08-31 16:33:58.859 +0300
2026-07-27,CHANNEL,cumulative_price_shocks_net,SA,MAD,9599,3338,34.77,2026-08-31 16:33:58.859 +0300
2026-07-27,CHANNEL,cumulative_price_shocks_net,SA,MEC,5071,1979,39.03,2026-08-31 16:33:58.859 +0300
2026-07-27,CHANNEL,cumulative_price_shocks_net,SA,Others,11215,4171,37.19,2026-08-31 16:33:58.859 +0300
2026-07-27,CHANNEL,cumulative_price_shocks_net,SA,RUH,37125,11061,29.79,2026-08-31 16:33:58.859 +0300
2026-07-27,CHANNEL,cumulative_price_shocks_net,SA,Total,96819,32832,33.91,2026-08-31 16:33:58.859 +0300
2026-07-27,CHANNEL,pd_mismatch,SA,DMM,5520,0,0.00,2026-08-31 16:33:58.859 +0300
2026-07-27,CHANNEL,pd_mismatch,SA,JED,28289,2,0.01,2026-08-31 16:33:58.859 +0300
2026-07-27,CHANNEL,pd_mismatch,SA,MAD,9599,0,0.00,2026-08-31 16:33:58.859 +0300
2026-07-27,CHANNEL,pd_mismatch,SA,MEC,5071,0,0.00,2026-08-31 16:33:58.859 +0300
2026-07-27,CHANNEL,pd_mismatch,SA,Others,11215,3,0.03,2026-08-31 16:33:58.859 +0300
2026-07-27,CHANNEL,pd_mismatch,SA,RUH,37125,0,0.00,2026-08-31 16:33:58.859 +0300
2026-07-27,CHANNEL,pd_mismatch,SA,Total,96819,5,0.01,2026-08-31 16:33:58.859 +0300
2026-07-27,CHANNEL,pickup_mismatch,SA,DMM,5520,0,0.00,2026-08-31 16:33:58.859 +0300
2026-07-27,CHANNEL,pickup_mismatch,SA,JED,28289,1,0.00,2026-08-31 16:33:58.859 +0300
2026-07-27,CHANNEL,pickup_mismatch,SA,MAD,9599,1,0.01,2026-08-31 16:33:58.859 +0300
2026-07-27,CHANNEL,pickup_mismatch,SA,MEC,5071,1,0.02,2026-08-31 16:33:58.859 +0300
2026-07-27,CHANNEL,pickup_mismatch,SA,Others,11215,0,0.00,2026-08-31 16:33:58.859 +0300
2026-07-27,CHANNEL,pickup_mismatch,SA,RUH,37125,3,0.01,2026-08-31 16:33:58.859 +0300
2026-07-27,CHANNEL,pickup_mismatch,SA,Total,96819,6,0.01,2026-08-31 16:33:58.859 +0300
2026-07-27,CHANNEL,residual_fare_increase_net,SA,DMM,5520,951,17.23,2026-08-31 16:33:58.859 +0300
2026-07-27,CHANNEL,residual_fare_increase_net,SA,JED,28289,5159,18.24,2026-08-31 16:33:58.859 +0300
2026-07-27,CHANNEL,residual_fare_increase_net,SA,MAD,9599,1643,17.12,2026-08-31 16:33:58.859 +0300
2026-07-27,CHANNEL,residual_fare_increase_net,SA,MEC,5071,890,17.55,2026-08-31 16:33:58.859 +0300
2026-07-27,CHANNEL,residual_fare_increase_net,SA,Others,11215,2256,20.12,2026-08-31 16:33:58.859 +0300
2026-07-27,CHANNEL,residual_fare_increase_net,SA,RUH,37125,4627,12.46,2026-08-31 16:33:58.859 +0300
2026-07-27,CHANNEL,residual_fare_increase_net,SA,Total,96819,15526,16.04,2026-08-31 16:33:58.859 +0300
2026-07-27,CHANNEL,rounding_error,SA,DMM,5520,70,1.27,2026-08-31 16:33:58.859 +0300
2026-07-27,CHANNEL,rounding_error,SA,JED,28289,682,2.41,2026-08-31 16:33:58.859 +0300
2026-07-27,CHANNEL,rounding_error,SA,MAD,9599,255,2.66,2026-08-31 16:33:58.859 +0300
2026-07-27,CHANNEL,rounding_error,SA,MEC,5071,67,1.32,2026-08-31 16:33:58.859 +0300
2026-07-27,CHANNEL,rounding_error,SA,Others,11215,207,1.85,2026-08-31 16:33:58.859 +0300
2026-07-27,CHANNEL,rounding_error,SA,RUH,37125,853,2.30,2026-08-31 16:33:58.859 +0300
2026-07-27,CHANNEL,rounding_error,SA,Total,96819,2134,2.20,2026-08-31 16:33:58.859 +0300
2026-07-27,CHANNEL,spillover_recovery,SA,DMM,5520,288,5.22,2026-08-31 16:33:58.859 +0300
2026-07-27,CHANNEL,spillover_recovery,SA,JED,28289,2520,8.91,2026-08-31 16:33:58.859 +0300
2026-07-27,CHANNEL,spillover_recovery,SA,MAD,9599,631,6.57,2026-08-31 16:33:58.859 +0300
2026-07-27,CHANNEL,spillover_recovery,SA,MEC,5071,380,7.49,2026-08-31 16:33:58.859 +0300
2026-07-27,CHANNEL,spillover_recovery,SA,Others,11215,516,4.60,2026-08-31 16:33:58.859 +0300
2026-07-27,CHANNEL,spillover_recovery,SA,RUH,37125,3084,8.31,2026-08-31 16:33:58.859 +0300
2026-07-27,CHANNEL,spillover_recovery,SA,Total,96819,7419,7.66,2026-08-31 16:33:58.859 +0300
2026-07-27,CHANNEL,surcharge_mismatch,SA,DMM,5520,77,1.39,2026-08-31 16:33:58.859 +0300
2026-07-27,CHANNEL,surcharge_mismatch,SA,JED,28289,701,2.48,2026-08-31 16:33:58.859 +0300
2026-07-27,CHANNEL,surcharge_mismatch,SA,MAD,9599,144,1.50,2026-08-31 16:33:58.859 +0300
2026-07-27,CHANNEL,surcharge_mismatch,SA,MEC,5071,46,0.91,2026-08-31 16:33:58.859 +0300
2026-07-27,CHANNEL,surcharge_mismatch,SA,Others,11215,136,1.21,2026-08-31 16:33:58.859 +0300
2026-07-27,CHANNEL,surcharge_mismatch,SA,RUH,37125,572,1.54,2026-08-31 16:33:58.859 +0300
2026-07-27,CHANNEL,surcharge_mismatch,SA,Total,96819,1676,1.73,2026-08-31 16:33:58.859 +0300
2026-07-27,CHANNEL,surge_mismatch,SA,DMM,5520,2,0.04,2026-08-31 16:33:58.859 +0300
2026-07-27,CHANNEL,surge_mismatch,SA,JED,28289,12,0.04,2026-08-31 16:33:58.859 +0300
2026-07-27,CHANNEL,surge_mismatch,SA,MAD,9599,12,0.13,2026-08-31 16:33:58.859 +0300
2026-07-27,CHANNEL,surge_mismatch,SA,MEC,5071,2,0.04,2026-08-31 16:33:58.859 +0300
2026-07-27,CHANNEL,surge_mismatch,SA,Others,11215,0,0.00,2026-08-31 16:33:58.859 +0300
2026-07-27,CHANNEL,surge_mismatch,SA,RUH,37125,15,0.04,2026-08-31 16:33:58.859 +0300
2026-07-27,CHANNEL,surge_mismatch,SA,Total,96819,43,0.04,2026-08-31 16:33:58.859 +0300
2026-07-27,SCENARIO,beyondB,SA,DMM,5520,1,0.02,2026-08-31 16:33:58.859 +0300
2026-07-27,SCENARIO,beyondB,SA,JED,28289,7,0.02,2026-08-31 16:33:58.859 +0300
2026-07-27,SCENARIO,beyondB,SA,MAD,9599,1,0.01,2026-08-31 16:33:58.859 +0300
2026-07-27,SCENARIO,beyondB,SA,MEC,5071,4,0.08,2026-08-31 16:33:58.859 +0300
2026-07-27,SCENARIO,beyondB,SA,Others,11215,6,0.05,2026-08-31 16:33:58.859 +0300
2026-07-27,SCENARIO,beyondB,SA,RUH,37125,15,0.04,2026-08-31 16:33:58.859 +0300
2026-07-27,SCENARIO,beyondB,SA,Total,96819,34,0.04,2026-08-31 16:33:58.859 +0300
2026-07-27,SCENARIO,withinA_at_dest,SA,DMM,5520,959,17.37,2026-08-31 16:33:58.859 +0300
2026-07-27,SCENARIO,withinA_at_dest,SA,JED,28289,5397,19.08,2026-08-31 16:33:58.859 +0300
2026-07-27,SCENARIO,withinA_at_dest,SA,MAD,9599,1743,18.16,2026-08-31 16:33:58.859 +0300
2026-07-27,SCENARIO,withinA_at_dest,SA,MEC,5071,1098,21.65,2026-08-31 16:33:58.859 +0300
2026-07-27,SCENARIO,withinA_at_dest,SA,Others,11215,1900,16.94,2026-08-31 16:33:58.859 +0300
2026-07-27,SCENARIO,withinA_at_dest,SA,RUH,37125,6802,18.32,2026-08-31 16:33:58.859 +0300
2026-07-27,SCENARIO,withinA_at_dest,SA,Total,96819,17899,18.49,2026-08-31 16:33:58.859 +0300
2026-07-27,SCENARIO,withinA_not_dest,SA,DMM,5520,144,2.61,2026-08-31 16:33:58.859 +0300
2026-07-27,SCENARIO,withinA_not_dest,SA,JED,28289,549,1.94,2026-08-31 16:33:58.859 +0300
2026-07-27,SCENARIO,withinA_not_dest,SA,MAD,9599,372,3.88,2026-08-31 16:33:58.859 +0300
2026-07-27,SCENARIO,withinA_not_dest,SA,MEC,5071,152,3.00,2026-08-31 16:33:58.859 +0300
2026-07-27,SCENARIO,withinA_not_dest,SA,Others,11215,437,3.90,2026-08-31 16:33:58.859 +0300
2026-07-27,SCENARIO,withinA_not_dest,SA,RUH,37125,822,2.21,2026-08-31 16:33:58.859 +0300
2026-07-27,SCENARIO,withinA_not_dest,SA,Total,96819,2476,2.56,2026-08-31 16:33:58.859 +0300
2026-07-27,SCENARIO,withinB_at_dest,SA,DMM,5520,633,11.47,2026-08-31 16:33:58.859 +0300
2026-07-27,SCENARIO,withinB_at_dest,SA,JED,28289,3619,12.79,2026-08-31 16:33:58.859 +0300
2026-07-27,SCENARIO,withinB_at_dest,SA,MAD,9599,875,9.12,2026-08-31 16:33:58.859 +0300
2026-07-27,SCENARIO,withinB_at_dest,SA,MEC,5071,526,10.37,2026-08-31 16:33:58.859 +0300
2026-07-27,SCENARIO,withinB_at_dest,SA,Others,11215,1171,10.44,2026-08-31 16:33:58.859 +0300
2026-07-27,SCENARIO,withinB_at_dest,SA,RUH,37125,2356,6.35,2026-08-31 16:33:58.859 +0300
2026-07-27,SCENARIO,withinB_at_dest,SA,Total,96819,9180,9.48,2026-08-31 16:33:58.859 +0300
2026-07-27,SCENARIO,withinB_not_dest,SA,DMM,5520,145,2.63,2026-08-31 16:33:58.859 +0300
2026-07-27,SCENARIO,withinB_not_dest,SA,JED,28289,829,2.93,2026-08-31 16:33:58.859 +0300
2026-07-27,SCENARIO,withinB_not_dest,SA,MAD,9599,347,3.61,2026-08-31 16:33:58.859 +0300
2026-07-27,SCENARIO,withinB_not_dest,SA,MEC,5071,199,3.92,2026-08-31 16:33:58.859 +0300
2026-07-27,SCENARIO,withinB_not_dest,SA,Others,11215,657,5.86,2026-08-31 16:33:58.859 +0300
2026-07-27,SCENARIO,withinB_not_dest,SA,RUH,37125,1066,2.87,2026-08-31 16:33:58.859 +0300
2026-07-27,SCENARIO,withinB_not_dest,SA,Total,96819,3243,3.35,2026-08-31 16:33:58.859 +0300
2026-07-28,CAUSE_MIX,beyondB,JO,Total,22984,41,0.18,2026-08-31 16:33:58.859 +0300
2026-07-28,CAUSE_MIX,pickup_mismatch,JO,Total,22984,1,0.00,2026-08-31 16:33:58.859 +0300
2026-07-28,CAUSE_MIX,previous_wallet_balance,JO,Total,22984,1414,6.15,2026-08-31 16:33:58.859 +0300
2026-07-28,CAUSE_MIX,surcharge_mismatch,JO,Total,22984,14,0.06,2026-08-31 16:33:58.859 +0300
2026-07-28,CAUSE_MIX,surge_mismatch,JO,Total,22984,7,0.03,2026-08-31 16:33:58.859 +0300
2026-07-28,CAUSE_MIX,waiting_time,JO,Total,22984,9532,41.47,2026-08-31 16:33:58.859 +0300
2026-07-28,CAUSE_MIX,withinA_at_dest,JO,Total,22984,1133,4.93,2026-08-31 16:33:58.859 +0300
2026-07-28,CAUSE_MIX,withinA_not_dest,JO,Total,22984,2448,10.65,2026-08-31 16:33:58.859 +0300
2026-07-28,CAUSE_MIX,withinB_at_dest,JO,Total,22984,5933,25.81,2026-08-31 16:33:58.859 +0300
2026-07-28,CAUSE_MIX,withinB_not_dest,JO,Total,22984,2461,10.71,2026-08-31 16:33:58.859 +0300
2026-07-28,CHANNEL,cumulative_price_shocks_net,JO,AMM,58714,13212,22.50,2026-08-31 16:33:58.859 +0300
2026-07-28,CHANNEL,cumulative_price_shocks_net,JO,IRB,14086,4018,28.52,2026-08-31 16:33:58.859 +0300
2026-07-28,CHANNEL,cumulative_price_shocks_net,JO,Others,2078,533,25.65,2026-08-31 16:33:58.859 +0300
2026-07-28,CHANNEL,cumulative_price_shocks_net,JO,Total,92245,21569,23.38,2026-08-31 16:33:58.859 +0300
2026-07-28,CHANNEL,cumulative_price_shocks_net,JO,ZRQ,17367,3806,21.92,2026-08-31 16:33:58.859 +0300
2026-07-28,CHANNEL,pd_mismatch,JO,AMM,58714,2,0.00,2026-08-31 16:33:58.859 +0300
2026-07-28,CHANNEL,pd_mismatch,JO,IRB,14086,0,0.00,2026-08-31 16:33:58.859 +0300
2026-07-28,CHANNEL,pd_mismatch,JO,Others,2078,0,0.00,2026-08-31 16:33:58.859 +0300
2026-07-28,CHANNEL,pd_mismatch,JO,Total,92245,2,0.00,2026-08-31 16:33:58.859 +0300
2026-07-28,CHANNEL,pd_mismatch,JO,ZRQ,17367,0,0.00,2026-08-31 16:33:58.859 +0300
2026-07-28,CHANNEL,pickup_mismatch,JO,AMM,58714,1,0.00,2026-08-31 16:33:58.859 +0300
2026-07-28,CHANNEL,pickup_mismatch,JO,IRB,14086,0,0.00,2026-08-31 16:33:58.859 +0300
2026-07-28,CHANNEL,pickup_mismatch,JO,Others,2078,0,0.00,2026-08-31 16:33:58.859 +0300
2026-07-28,CHANNEL,pickup_mismatch,JO,Total,92245,1,0.00,2026-08-31 16:33:58.859 +0300
2026-07-28,CHANNEL,pickup_mismatch,JO,ZRQ,17367,0,0.00,2026-08-31 16:33:58.859 +0300
2026-07-28,CHANNEL,residual_fare_increase_net,JO,AMM,58714,7436,12.66,2026-08-31 16:33:58.859 +0300
2026-07-28,CHANNEL,residual_fare_increase_net,JO,IRB,14086,2758,19.58,2026-08-31 16:33:58.859 +0300
2026-07-28,CHANNEL,residual_fare_increase_net,JO,Others,2078,320,15.40,2026-08-31 16:33:58.859 +0300
2026-07-28,CHANNEL,residual_fare_increase_net,JO,Total,92245,12728,13.80,2026-08-31 16:33:58.859 +0300
2026-07-28,CHANNEL,residual_fare_increase_net,JO,ZRQ,17367,2214,12.75,2026-08-31 16:33:58.859 +0300
2026-07-28,CHANNEL,rounding_error,JO,AMM,58714,653,1.11,2026-08-31 16:33:58.859 +0300
2026-07-28,CHANNEL,rounding_error,JO,IRB,14086,158,1.12,2026-08-31 16:33:58.859 +0300
2026-07-28,CHANNEL,rounding_error,JO,Others,2078,25,1.20,2026-08-31 16:33:58.859 +0300
2026-07-28,CHANNEL,rounding_error,JO,Total,92245,1011,1.10,2026-08-31 16:33:58.859 +0300
2026-07-28,CHANNEL,rounding_error,JO,ZRQ,17367,175,1.01,2026-08-31 16:33:58.859 +0300
2026-07-28,CHANNEL,spillover_recovery,JO,AMM,58714,1188,2.02,2026-08-31 16:33:58.859 +0300
2026-07-28,CHANNEL,spillover_recovery,JO,IRB,14086,213,1.51,2026-08-31 16:33:58.859 +0300
2026-07-28,CHANNEL,spillover_recovery,JO,Others,2078,11,0.53,2026-08-31 16:33:58.859 +0300
2026-07-28,CHANNEL,spillover_recovery,JO,Total,92245,1497,1.62,2026-08-31 16:33:58.859 +0300
2026-07-28,CHANNEL,spillover_recovery,JO,ZRQ,17367,85,0.49,2026-08-31 16:33:58.859 +0300
2026-07-28,CHANNEL,surcharge_mismatch,JO,AMM,58714,13,0.02,2026-08-31 16:33:58.859 +0300
2026-07-28,CHANNEL,surcharge_mismatch,JO,IRB,14086,0,0.00,2026-08-31 16:33:58.859 +0300
2026-07-28,CHANNEL,surcharge_mismatch,JO,Others,2078,2,0.10,2026-08-31 16:33:58.859 +0300
2026-07-28,CHANNEL,surcharge_mismatch,JO,Total,92245,26,0.03,2026-08-31 16:33:58.859 +0300
2026-07-28,CHANNEL,surcharge_mismatch,JO,ZRQ,17367,11,0.06,2026-08-31 16:33:58.859 +0300
2026-07-28,CHANNEL,surge_mismatch,JO,AMM,58714,11,0.02,2026-08-31 16:33:58.859 +0300
2026-07-28,CHANNEL,surge_mismatch,JO,IRB,14086,0,0.00,2026-08-31 16:33:58.859 +0300
2026-07-28,CHANNEL,surge_mismatch,JO,Others,2078,0,0.00,2026-08-31 16:33:58.859 +0300
2026-07-28,CHANNEL,surge_mismatch,JO,Total,92245,12,0.01,2026-08-31 16:33:58.859 +0300
2026-07-28,CHANNEL,surge_mismatch,JO,ZRQ,17367,1,0.01,2026-08-31 16:33:58.859 +0300
2026-07-28,SCENARIO,beyondB,JO,AMM,58714,28,0.05,2026-08-31 16:33:58.859 +0300
2026-07-28,SCENARIO,beyondB,JO,IRB,14086,8,0.06,2026-08-31 16:33:58.859 +0300
2026-07-28,SCENARIO,beyondB,JO,Others,2078,1,0.05,2026-08-31 16:33:58.859 +0300
2026-07-28,SCENARIO,beyondB,JO,Total,92245,49,0.05,2026-08-31 16:33:58.859 +0300
2026-07-28,SCENARIO,beyondB,JO,ZRQ,17367,12,0.07,2026-08-31 16:33:58.859 +0300
2026-07-28,SCENARIO,withinA_at_dest,JO,AMM,58714,5682,9.68,2026-08-31 16:33:58.859 +0300
2026-07-28,SCENARIO,withinA_at_dest,JO,IRB,14086,1207,8.57,2026-08-31 16:33:58.859 +0300
2026-07-28,SCENARIO,withinA_at_dest,JO,Others,2078,204,9.82,2026-08-31 16:33:58.859 +0300
2026-07-28,SCENARIO,withinA_at_dest,JO,Total,92245,8656,9.38,2026-08-31 16:33:58.859 +0300
2026-07-28,SCENARIO,withinA_at_dest,JO,ZRQ,17367,1563,9.00,2026-08-31 16:33:58.859 +0300
2026-07-28,SCENARIO,withinA_not_dest,JO,AMM,58714,1593,2.71,2026-08-31 16:33:58.859 +0300
2026-07-28,SCENARIO,withinA_not_dest,JO,IRB,14086,827,5.87,2026-08-31 16:33:58.859 +0300
2026-07-28,SCENARIO,withinA_not_dest,JO,Others,2078,82,3.95,2026-08-31 16:33:58.859 +0300
2026-07-28,SCENARIO,withinA_not_dest,JO,Total,92245,3075,3.33,2026-08-31 16:33:58.859 +0300
2026-07-28,SCENARIO,withinA_not_dest,JO,ZRQ,17367,573,3.30,2026-08-31 16:33:58.859 +0300
2026-07-28,SCENARIO,withinB_at_dest,JO,AMM,58714,4302,7.33,2026-08-31 16:33:58.859 +0300
2026-07-28,SCENARIO,withinB_at_dest,JO,IRB,14086,1218,8.65,2026-08-31 16:33:58.859 +0300
2026-07-28,SCENARIO,withinB_at_dest,JO,Others,2078,144,6.93,2026-08-31 16:33:58.859 +0300
2026-07-28,SCENARIO,withinB_at_dest,JO,Total,92245,6854,7.43,2026-08-31 16:33:58.859 +0300
2026-07-28,SCENARIO,withinB_at_dest,JO,ZRQ,17367,1190,6.85,2026-08-31 16:33:58.859 +0300
2026-07-28,SCENARIO,withinB_not_dest,JO,AMM,58714,1607,2.74,2026-08-31 16:33:58.859 +0300
2026-07-28,SCENARIO,withinB_not_dest,JO,IRB,14086,758,5.38,2026-08-31 16:33:58.859 +0300
2026-07-28,SCENARIO,withinB_not_dest,JO,Others,2078,102,4.91,2026-08-31 16:33:58.859 +0300
2026-07-28,SCENARIO,withinB_not_dest,JO,Total,92245,2935,3.18,2026-08-31 16:33:58.859 +0300
2026-07-28,SCENARIO,withinB_not_dest,JO,ZRQ,17367,468,2.69,2026-08-31 16:33:58.859 +0300
2026-07-28,CAUSE_MIX,beyondB,SA,Total,41206,29,0.07,2026-08-31 16:33:58.859 +0300
2026-07-28,CAUSE_MIX,pd_mismatch,SA,Total,41206,2,0.00,2026-08-31 16:33:58.859 +0300
2026-07-28,CAUSE_MIX,pickup_mismatch,SA,Total,41206,3,0.01,2026-08-31 16:33:58.859 +0300
2026-07-28,CAUSE_MIX,previous_wallet_balance,SA,Total,41206,6965,16.90,2026-08-31 16:33:58.859 +0300
2026-07-28,CAUSE_MIX,surcharge_mismatch,SA,Total,41206,739,1.79,2026-08-31 16:33:58.859 +0300
2026-07-28,CAUSE_MIX,surge_mismatch,SA,Total,41206,15,0.04,2026-08-31 16:33:58.859 +0300
2026-07-28,CAUSE_MIX,waiting_time,SA,Total,41206,19406,47.10,2026-08-31 16:33:58.859 +0300
2026-07-28,CAUSE_MIX,withinA_at_dest,SA,Total,41206,3113,7.55,2026-08-31 16:33:58.859 +0300
2026-07-28,CAUSE_MIX,withinA_not_dest,SA,Total,41206,1602,3.89,2026-08-31 16:33:58.859 +0300
2026-07-28,CAUSE_MIX,withinB_at_dest,SA,Total,41206,6946,16.86,2026-08-31 16:33:58.859 +0300
2026-07-28,CAUSE_MIX,withinB_not_dest,SA,Total,41206,2386,5.79,2026-08-31 16:33:58.859 +0300
2026-07-28,CHANNEL,cumulative_price_shocks_net,SA,DMM,5565,1828,32.85,2026-08-31 16:33:58.859 +0300
2026-07-28,CHANNEL,cumulative_price_shocks_net,SA,JED,29140,10775,36.98,2026-08-31 16:33:58.859 +0300
2026-07-28,CHANNEL,cumulative_price_shocks_net,SA,MAD,10029,3439,34.29,2026-08-31 16:33:58.859 +0300
2026-07-28,CHANNEL,cumulative_price_shocks_net,SA,MEC,5390,2070,38.40,2026-08-31 16:33:58.859 +0300
2026-07-28,CHANNEL,cumulative_price_shocks_net,SA,Others,11684,4367,37.38,2026-08-31 16:33:58.859 +0300
2026-07-28,CHANNEL,cumulative_price_shocks_net,SA,RUH,38386,11573,30.15,2026-08-31 16:33:58.859 +0300
2026-07-28,CHANNEL,cumulative_price_shocks_net,SA,Total,100194,34052,33.99,2026-08-31 16:33:58.859 +0300
2026-07-28,CHANNEL,pd_mismatch,SA,DMM,5565,1,0.02,2026-08-31 16:33:58.859 +0300
2026-07-28,CHANNEL,pd_mismatch,SA,JED,29140,0,0.00,2026-08-31 16:33:58.859 +0300
2026-07-28,CHANNEL,pd_mismatch,SA,MAD,10029,2,0.02,2026-08-31 16:33:58.859 +0300
2026-07-28,CHANNEL,pd_mismatch,SA,MEC,5390,3,0.06,2026-08-31 16:33:58.859 +0300
2026-07-28,CHANNEL,pd_mismatch,SA,Others,11684,2,0.02,2026-08-31 16:33:58.859 +0300
2026-07-28,CHANNEL,pd_mismatch,SA,RUH,38386,6,0.02,2026-08-31 16:33:58.859 +0300
2026-07-28,CHANNEL,pd_mismatch,SA,Total,100194,14,0.01,2026-08-31 16:33:58.859 +0300
2026-07-28,CHANNEL,pickup_mismatch,SA,DMM,5565,0,0.00,2026-08-31 16:33:58.859 +0300
2026-07-28,CHANNEL,pickup_mismatch,SA,JED,29140,2,0.01,2026-08-31 16:33:58.859 +0300
2026-07-28,CHANNEL,pickup_mismatch,SA,MAD,10029,0,0.00,2026-08-31 16:33:58.859 +0300
2026-07-28,CHANNEL,pickup_mismatch,SA,MEC,5390,0,0.00,2026-08-31 16:33:58.859 +0300
2026-07-28,CHANNEL,pickup_mismatch,SA,Others,11684,0,0.00,2026-08-31 16:33:58.859 +0300
2026-07-28,CHANNEL,pickup_mismatch,SA,RUH,38386,1,0.00,2026-08-31 16:33:58.859 +0300
2026-07-28,CHANNEL,pickup_mismatch,SA,Total,100194,3,0.00,2026-08-31 16:33:58.859 +0300
2026-07-28,CHANNEL,residual_fare_increase_net,SA,DMM,5565,956,17.18,2026-08-31 16:33:58.859 +0300
2026-07-28,CHANNEL,residual_fare_increase_net,SA,JED,29140,5315,18.24,2026-08-31 16:33:58.859 +0300
2026-07-28,CHANNEL,residual_fare_increase_net,SA,MAD,10029,1672,16.67,2026-08-31 16:33:58.859 +0300
2026-07-28,CHANNEL,residual_fare_increase_net,SA,MEC,5390,933,17.31,2026-08-31 16:33:58.859 +0300
2026-07-28,CHANNEL,residual_fare_increase_net,SA,Others,11684,2302,19.70,2026-08-31 16:33:58.859 +0300
2026-07-28,CHANNEL,residual_fare_increase_net,SA,RUH,38386,4719,12.29,2026-08-31 16:33:58.859 +0300
2026-07-28,CHANNEL,residual_fare_increase_net,SA,Total,100194,15897,15.87,2026-08-31 16:33:58.859 +0300
2026-07-28,CHANNEL,rounding_error,SA,DMM,5565,82,1.47,2026-08-31 16:33:58.859 +0300
2026-07-28,CHANNEL,rounding_error,SA,JED,29140,717,2.46,2026-08-31 16:33:58.859 +0300
2026-07-28,CHANNEL,rounding_error,SA,MAD,10029,244,2.43,2026-08-31 16:33:58.859 +0300
2026-07-28,CHANNEL,rounding_error,SA,MEC,5390,94,1.74,2026-08-31 16:33:58.859 +0300
2026-07-28,CHANNEL,rounding_error,SA,Others,11684,225,1.93,2026-08-31 16:33:58.859 +0300
2026-07-28,CHANNEL,rounding_error,SA,RUH,38386,916,2.39,2026-08-31 16:33:58.859 +0300
2026-07-28,CHANNEL,rounding_error,SA,Total,100194,2278,2.27,2026-08-31 16:33:58.859 +0300
2026-07-28,CHANNEL,spillover_recovery,SA,DMM,5565,290,5.21,2026-08-31 16:33:58.859 +0300
2026-07-28,CHANNEL,spillover_recovery,SA,JED,29140,2604,8.94,2026-08-31 16:33:58.859 +0300
2026-07-28,CHANNEL,spillover_recovery,SA,MAD,10029,700,6.98,2026-08-31 16:33:58.859 +0300
2026-07-28,CHANNEL,spillover_recovery,SA,MEC,5390,387,7.18,2026-08-31 16:33:58.859 +0300
2026-07-28,CHANNEL,spillover_recovery,SA,Others,11684,549,4.70,2026-08-31 16:33:58.859 +0300
2026-07-28,CHANNEL,spillover_recovery,SA,RUH,38386,3167,8.25,2026-08-31 16:33:58.859 +0300
2026-07-28,CHANNEL,spillover_recovery,SA,Total,100194,7697,7.68,2026-08-31 16:33:58.859 +0300
2026-07-28,CHANNEL,surcharge_mismatch,SA,DMM,5565,77,1.38,2026-08-31 16:33:58.859 +0300
2026-07-28,CHANNEL,surcharge_mismatch,SA,JED,29140,760,2.61,2026-08-31 16:33:58.859 +0300
2026-07-28,CHANNEL,surcharge_mismatch,SA,MAD,10029,151,1.51,2026-08-31 16:33:58.859 +0300
2026-07-28,CHANNEL,surcharge_mismatch,SA,MEC,5390,54,1.00,2026-08-31 16:33:58.859 +0300
2026-07-28,CHANNEL,surcharge_mismatch,SA,Others,11684,134,1.15,2026-08-31 16:33:58.859 +0300
2026-07-28,CHANNEL,surcharge_mismatch,SA,RUH,38386,610,1.59,2026-08-31 16:33:58.859 +0300
2026-07-28,CHANNEL,surcharge_mismatch,SA,Total,100194,1786,1.78,2026-08-31 16:33:58.859 +0300
2026-07-28,CHANNEL,surge_mismatch,SA,DMM,5565,1,0.02,2026-08-31 16:33:58.859 +0300
2026-07-28,CHANNEL,surge_mismatch,SA,JED,29140,1,0.00,2026-08-31 16:33:58.859 +0300
2026-07-28,CHANNEL,surge_mismatch,SA,MAD,10029,9,0.09,2026-08-31 16:33:58.859 +0300
2026-07-28,CHANNEL,surge_mismatch,SA,MEC,5390,4,0.07,2026-08-31 16:33:58.859 +0300
2026-07-28,CHANNEL,surge_mismatch,SA,Others,11684,0,0.00,2026-08-31 16:33:58.859 +0300
2026-07-28,CHANNEL,surge_mismatch,SA,RUH,38386,9,0.02,2026-08-31 16:33:58.859 +0300
2026-07-28,CHANNEL,surge_mismatch,SA,Total,100194,24,0.02,2026-08-31 16:33:58.859 +0300
2026-07-28,SCENARIO,beyondB,SA,DMM,5565,2,0.04,2026-08-31 16:33:58.859 +0300
2026-07-28,SCENARIO,beyondB,SA,JED,29140,7,0.02,2026-08-31 16:33:58.859 +0300
2026-07-28,SCENARIO,beyondB,SA,MAD,10029,1,0.01,2026-08-31 16:33:58.859 +0300
2026-07-28,SCENARIO,beyondB,SA,MEC,5390,2,0.04,2026-08-31 16:33:58.859 +0300
2026-07-28,SCENARIO,beyondB,SA,Others,11684,8,0.07,2026-08-31 16:33:58.859 +0300
2026-07-28,SCENARIO,beyondB,SA,RUH,38386,21,0.05,2026-08-31 16:33:58.859 +0300
2026-07-28,SCENARIO,beyondB,SA,Total,100194,41,0.04,2026-08-31 16:33:58.859 +0300
2026-07-28,SCENARIO,withinA_at_dest,SA,DMM,5565,871,15.65,2026-08-31 16:33:58.859 +0300
2026-07-28,SCENARIO,withinA_at_dest,SA,JED,29140,5640,19.35,2026-08-31 16:33:58.859 +0300
2026-07-28,SCENARIO,withinA_at_dest,SA,MAD,10029,1816,18.11,2026-08-31 16:33:58.859 +0300
2026-07-28,SCENARIO,withinA_at_dest,SA,MEC,5390,1127,20.91,2026-08-31 16:33:58.859 +0300
2026-07-28,SCENARIO,withinA_at_dest,SA,Others,11684,2039,17.45,2026-08-31 16:33:58.859 +0300
2026-07-28,SCENARIO,withinA_at_dest,SA,RUH,38386,7194,18.74,2026-08-31 16:33:58.859 +0300
2026-07-28,SCENARIO,withinA_at_dest,SA,Total,100194,18687,18.65,2026-08-31 16:33:58.859 +0300
2026-07-28,SCENARIO,withinA_not_dest,SA,DMM,5565,158,2.84,2026-08-31 16:33:58.859 +0300
2026-07-28,SCENARIO,withinA_not_dest,SA,JED,29140,512,1.76,2026-08-31 16:33:58.859 +0300
2026-07-28,SCENARIO,withinA_not_dest,SA,MAD,10029,406,4.05,2026-08-31 16:33:58.859 +0300
2026-07-28,SCENARIO,withinA_not_dest,SA,MEC,5390,152,2.82,2026-08-31 16:33:58.859 +0300
2026-07-28,SCENARIO,withinA_not_dest,SA,Others,11684,449,3.84,2026-08-31 16:33:58.859 +0300
2026-07-28,SCENARIO,withinA_not_dest,SA,RUH,38386,888,2.31,2026-08-31 16:33:58.859 +0300
2026-07-28,SCENARIO,withinA_not_dest,SA,Total,100194,2565,2.56,2026-08-31 16:33:58.859 +0300
2026-07-28,SCENARIO,withinB_at_dest,SA,DMM,5565,623,11.19,2026-08-31 16:33:58.859 +0300
2026-07-28,SCENARIO,withinB_at_dest,SA,JED,29140,3747,12.86,2026-08-31 16:33:58.859 +0300
2026-07-28,SCENARIO,withinB_at_dest,SA,MAD,10029,846,8.44,2026-08-31 16:33:58.859 +0300
2026-07-28,SCENARIO,withinB_at_dest,SA,MEC,5390,588,10.91,2026-08-31 16:33:58.859 +0300
2026-07-28,SCENARIO,withinB_at_dest,SA,Others,11684,1201,10.28,2026-08-31 16:33:58.859 +0300
2026-07-28,SCENARIO,withinB_at_dest,SA,RUH,38386,2389,6.22,2026-08-31 16:33:58.859 +0300
2026-07-28,SCENARIO,withinB_at_dest,SA,Total,100194,9394,9.38,2026-08-31 16:33:58.859 +0300
2026-07-28,SCENARIO,withinB_not_dest,SA,DMM,5565,174,3.13,2026-08-31 16:33:58.859 +0300
2026-07-28,SCENARIO,withinB_not_dest,SA,JED,29140,869,2.98,2026-08-31 16:33:58.859 +0300
2026-07-28,SCENARIO,withinB_not_dest,SA,MAD,10029,370,3.69,2026-08-31 16:33:58.859 +0300
2026-07-28,SCENARIO,withinB_not_dest,SA,MEC,5390,201,3.73,2026-08-31 16:33:58.859 +0300
2026-07-28,SCENARIO,withinB_not_dest,SA,Others,11684,670,5.73,2026-08-31 16:33:58.859 +0300
2026-07-28,SCENARIO,withinB_not_dest,SA,RUH,38386,1081,2.82,2026-08-31 16:33:58.859 +0300
2026-07-28,SCENARIO,withinB_not_dest,SA,Total,100194,3365,3.36,2026-08-31 16:33:58.859 +0300
2026-07-29,CAUSE_MIX,beyondB,JO,Total,22671,58,0.26,2026-08-31 16:33:58.859 +0300
2026-07-29,CAUSE_MIX,pd_mismatch,JO,Total,22671,1,0.00,2026-08-31 16:33:58.859 +0300
2026-07-29,CAUSE_MIX,pickup_mismatch,JO,Total,22671,1,0.00,2026-08-31 16:33:58.859 +0300
2026-07-29,CAUSE_MIX,previous_wallet_balance,JO,Total,22671,1345,5.93,2026-08-31 16:33:58.859 +0300
2026-07-29,CAUSE_MIX,surcharge_mismatch,JO,Total,22671,18,0.08,2026-08-31 16:33:58.859 +0300
2026-07-29,CAUSE_MIX,surge_mismatch,JO,Total,22671,10,0.04,2026-08-31 16:33:58.859 +0300
2026-07-29,CAUSE_MIX,waiting_time,JO,Total,22671,9493,41.87,2026-08-31 16:33:58.859 +0300
2026-07-29,CAUSE_MIX,withinA_at_dest,JO,Total,22671,1158,5.11,2026-08-31 16:33:58.859 +0300
2026-07-29,CAUSE_MIX,withinA_not_dest,JO,Total,22671,2532,11.17,2026-08-31 16:33:58.859 +0300
2026-07-29,CAUSE_MIX,withinB_at_dest,JO,Total,22671,5725,25.25,2026-08-31 16:33:58.859 +0300
2026-07-29,CAUSE_MIX,withinB_not_dest,JO,Total,22671,2330,10.28,2026-08-31 16:33:58.859 +0300
2026-07-29,CHANNEL,cumulative_price_shocks_net,JO,AMM,57651,13295,23.06,2026-08-31 16:33:58.859 +0300
2026-07-29,CHANNEL,cumulative_price_shocks_net,JO,IRB,13609,3868,28.42,2026-08-31 16:33:58.859 +0300
2026-07-29,CHANNEL,cumulative_price_shocks_net,JO,Others,1914,503,26.28,2026-08-31 16:33:58.859 +0300
2026-07-29,CHANNEL,cumulative_price_shocks_net,JO,Total,89269,21326,23.89,2026-08-31 16:33:58.859 +0300
2026-07-29,CHANNEL,cumulative_price_shocks_net,JO,ZRQ,16095,3660,22.74,2026-08-31 16:33:58.859 +0300
2026-07-29,CHANNEL,pd_mismatch,JO,AMM,57651,2,0.00,2026-08-31 16:33:58.859 +0300
2026-07-29,CHANNEL,pd_mismatch,JO,IRB,13609,0,0.00,2026-08-31 16:33:58.859 +0300
2026-07-29,CHANNEL,pd_mismatch,JO,Others,1914,0,0.00,2026-08-31 16:33:58.859 +0300
2026-07-29,CHANNEL,pd_mismatch,JO,Total,89269,2,0.00,2026-08-31 16:33:58.859 +0300
2026-07-29,CHANNEL,pd_mismatch,JO,ZRQ,16095,0,0.00,2026-08-31 16:33:58.859 +0300
2026-07-29,CHANNEL,pickup_mismatch,JO,AMM,57651,1,0.00,2026-08-31 16:33:58.859 +0300
2026-07-29,CHANNEL,pickup_mismatch,JO,IRB,13609,1,0.01,2026-08-31 16:33:58.859 +0300
2026-07-29,CHANNEL,pickup_mismatch,JO,Others,1914,0,0.00,2026-08-31 16:33:58.859 +0300
2026-07-29,CHANNEL,pickup_mismatch,JO,Total,89269,2,0.00,2026-08-31 16:33:58.859 +0300
2026-07-29,CHANNEL,pickup_mismatch,JO,ZRQ,16095,0,0.00,2026-08-31 16:33:58.859 +0300
2026-07-29,CHANNEL,residual_fare_increase_net,JO,AMM,57651,7409,12.85,2026-08-31 16:33:58.859 +0300
2026-07-29,CHANNEL,residual_fare_increase_net,JO,IRB,13609,2628,19.31,2026-08-31 16:33:58.859 +0300
2026-07-29,CHANNEL,residual_fare_increase_net,JO,Others,1914,289,15.10,2026-08-31 16:33:58.859 +0300
2026-07-29,CHANNEL,residual_fare_increase_net,JO,Total,89269,12410,13.90,2026-08-31 16:33:58.859 +0300
2026-07-29,CHANNEL,residual_fare_increase_net,JO,ZRQ,16095,2084,12.95,2026-08-31 16:33:58.859 +0300
2026-07-29,CHANNEL,rounding_error,JO,AMM,57651,638,1.11,2026-08-31 16:33:58.859 +0300
2026-07-29,CHANNEL,rounding_error,JO,IRB,13609,171,1.26,2026-08-31 16:33:58.859 +0300
2026-07-29,CHANNEL,rounding_error,JO,Others,1914,21,1.10,2026-08-31 16:33:58.859 +0300
2026-07-29,CHANNEL,rounding_error,JO,Total,89269,994,1.11,2026-08-31 16:33:58.859 +0300
2026-07-29,CHANNEL,rounding_error,JO,ZRQ,16095,164,1.02,2026-08-31 16:33:58.859 +0300
2026-07-29,CHANNEL,spillover_recovery,JO,AMM,57651,1155,2.00,2026-08-31 16:33:58.859 +0300
2026-07-29,CHANNEL,spillover_recovery,JO,IRB,13609,198,1.45,2026-08-31 16:33:58.859 +0300
2026-07-29,CHANNEL,spillover_recovery,JO,Others,1914,9,0.47,2026-08-31 16:33:58.859 +0300
2026-07-29,CHANNEL,spillover_recovery,JO,Total,89269,1436,1.61,2026-08-31 16:33:58.859 +0300
2026-07-29,CHANNEL,spillover_recovery,JO,ZRQ,16095,74,0.46,2026-08-31 16:33:58.859 +0300
2026-07-29,CHANNEL,surcharge_mismatch,JO,AMM,57651,19,0.03,2026-08-31 16:33:58.859 +0300
2026-07-29,CHANNEL,surcharge_mismatch,JO,IRB,13609,0,0.00,2026-08-31 16:33:58.859 +0300
2026-07-29,CHANNEL,surcharge_mismatch,JO,Others,1914,1,0.05,2026-08-31 16:33:58.859 +0300
2026-07-29,CHANNEL,surcharge_mismatch,JO,Total,89269,32,0.04,2026-08-31 16:33:58.859 +0300
2026-07-29,CHANNEL,surcharge_mismatch,JO,ZRQ,16095,12,0.07,2026-08-31 16:33:58.859 +0300
2026-07-29,CHANNEL,surge_mismatch,JO,AMM,57651,16,0.03,2026-08-31 16:33:58.859 +0300
2026-07-29,CHANNEL,surge_mismatch,JO,IRB,13609,1,0.01,2026-08-31 16:33:58.859 +0300
2026-07-29,CHANNEL,surge_mismatch,JO,Others,1914,0,0.00,2026-08-31 16:33:58.859 +0300
2026-07-29,CHANNEL,surge_mismatch,JO,Total,89269,18,0.02,2026-08-31 16:33:58.859 +0300
2026-07-29,CHANNEL,surge_mismatch,JO,ZRQ,16095,1,0.01,2026-08-31 16:33:58.859 +0300
2026-07-29,SCENARIO,beyondB,JO,AMM,57651,44,0.08,2026-08-31 16:33:58.859 +0300
2026-07-29,SCENARIO,beyondB,JO,IRB,13609,11,0.08,2026-08-31 16:33:58.859 +0300
2026-07-29,SCENARIO,beyondB,JO,Others,1914,3,0.16,2026-08-31 16:33:58.859 +0300
2026-07-29,SCENARIO,beyondB,JO,Total,89269,63,0.07,2026-08-31 16:33:58.859 +0300
2026-07-29,SCENARIO,beyondB,JO,ZRQ,16095,5,0.03,2026-08-31 16:33:58.859 +0300
2026-07-29,SCENARIO,withinA_at_dest,JO,AMM,57651,5794,10.05,2026-08-31 16:33:58.859 +0300
2026-07-29,SCENARIO,withinA_at_dest,JO,IRB,13609,1186,8.71,2026-08-31 16:33:58.859 +0300
2026-07-29,SCENARIO,withinA_at_dest,JO,Others,1914,203,10.61,2026-08-31 16:33:58.859 +0300
2026-07-29,SCENARIO,withinA_at_dest,JO,Total,89269,8729,9.78,2026-08-31 16:33:58.859 +0300
2026-07-29,SCENARIO,withinA_at_dest,JO,ZRQ,16095,1546,9.61,2026-08-31 16:33:58.859 +0300
2026-07-29,SCENARIO,withinA_not_dest,JO,AMM,57651,1674,2.90,2026-08-31 16:33:58.859 +0300
2026-07-29,SCENARIO,withinA_not_dest,JO,IRB,13609,815,5.99,2026-08-31 16:33:58.859 +0300
2026-07-29,SCENARIO,withinA_not_dest,JO,Others,1914,65,3.40,2026-08-31 16:33:58.859 +0300
2026-07-29,SCENARIO,withinA_not_dest,JO,Total,89269,3097,3.47,2026-08-31 16:33:58.859 +0300
2026-07-29,SCENARIO,withinA_not_dest,JO,ZRQ,16095,543,3.37,2026-08-31 16:33:58.859 +0300
2026-07-29,SCENARIO,withinB_at_dest,JO,AMM,57651,4259,7.39,2026-08-31 16:33:58.859 +0300
2026-07-29,SCENARIO,withinB_at_dest,JO,IRB,13609,1140,8.38,2026-08-31 16:33:58.859 +0300
2026-07-29,SCENARIO,withinB_at_dest,JO,Others,1914,157,8.20,2026-08-31 16:33:58.859 +0300
2026-07-29,SCENARIO,withinB_at_dest,JO,Total,89269,6680,7.48,2026-08-31 16:33:58.859 +0300
2026-07-29,SCENARIO,withinB_at_dest,JO,ZRQ,16095,1124,6.98,2026-08-31 16:33:58.859 +0300
2026-07-29,SCENARIO,withinB_not_dest,JO,AMM,57651,1524,2.64,2026-08-31 16:33:58.859 +0300
2026-07-29,SCENARIO,withinB_not_dest,JO,IRB,13609,716,5.26,2026-08-31 16:33:58.859 +0300
2026-07-29,SCENARIO,withinB_not_dest,JO,Others,1914,75,3.92,2026-08-31 16:33:58.859 +0300
2026-07-29,SCENARIO,withinB_not_dest,JO,Total,89269,2757,3.09,2026-08-31 16:33:58.859 +0300
2026-07-29,SCENARIO,withinB_not_dest,JO,ZRQ,16095,442,2.75,2026-08-31 16:33:58.859 +0300
2026-07-29,CAUSE_MIX,beyondB,SA,Total,41987,22,0.05,2026-08-31 16:33:58.859 +0300
2026-07-29,CAUSE_MIX,pd_mismatch,SA,Total,41987,9,0.02,2026-08-31 16:33:58.859 +0300
2026-07-29,CAUSE_MIX,pickup_mismatch,SA,Total,41987,4,0.01,2026-08-31 16:33:58.859 +0300
2026-07-29,CAUSE_MIX,previous_wallet_balance,SA,Total,41987,7135,16.99,2026-08-31 16:33:58.859 +0300
2026-07-29,CAUSE_MIX,surcharge_mismatch,SA,Total,41987,657,1.56,2026-08-31 16:33:58.859 +0300
2026-07-29,CAUSE_MIX,surge_mismatch,SA,Total,41987,10,0.02,2026-08-31 16:33:58.859 +0300
2026-07-29,CAUSE_MIX,waiting_time,SA,Total,41987,19792,47.14,2026-08-31 16:33:58.859 +0300
2026-07-29,CAUSE_MIX,withinA_at_dest,SA,Total,41987,3195,7.61,2026-08-31 16:33:58.859 +0300
2026-07-29,CAUSE_MIX,withinA_not_dest,SA,Total,41987,1726,4.11,2026-08-31 16:33:58.859 +0300
2026-07-29,CAUSE_MIX,withinB_at_dest,SA,Total,41987,7023,16.73,2026-08-31 16:33:58.859 +0300
2026-07-29,CAUSE_MIX,withinB_not_dest,SA,Total,41987,2414,5.75,2026-08-31 16:33:58.859 +0300
2026-07-29,CHANNEL,cumulative_price_shocks_net,SA,DMM,5814,1939,33.35,2026-08-31 16:33:58.859 +0300
2026-07-29,CHANNEL,cumulative_price_shocks_net,SA,JED,30590,11264,36.82,2026-08-31 16:33:58.859 +0300
2026-07-29,CHANNEL,cumulative_price_shocks_net,SA,MAD,9999,3450,34.50,2026-08-31 16:33:58.859 +0300
2026-07-29,CHANNEL,cumulative_price_shocks_net,SA,MEC,5248,2047,39.01,2026-08-31 16:33:58.859 +0300
2026-07-29,CHANNEL,cumulative_price_shocks_net,SA,Others,11238,4193,37.31,2026-08-31 16:33:58.859 +0300
2026-07-29,CHANNEL,cumulative_price_shocks_net,SA,RUH,39500,11812,29.90,2026-08-31 16:33:58.859 +0300
2026-07-29,CHANNEL,cumulative_price_shocks_net,SA,Total,102389,34705,33.90,2026-08-31 16:33:58.859 +0300
2026-07-29,CHANNEL,pd_mismatch,SA,DMM,5814,3,0.05,2026-08-31 16:33:58.859 +0300
2026-07-29,CHANNEL,pd_mismatch,SA,JED,30590,9,0.03,2026-08-31 16:33:58.859 +0300
2026-07-29,CHANNEL,pd_mismatch,SA,MAD,9999,5,0.05,2026-08-31 16:33:58.859 +0300
2026-07-29,CHANNEL,pd_mismatch,SA,MEC,5248,1,0.02,2026-08-31 16:33:58.859 +0300
2026-07-29,CHANNEL,pd_mismatch,SA,Others,11238,2,0.02,2026-08-31 16:33:58.859 +0300
2026-07-29,CHANNEL,pd_mismatch,SA,RUH,39500,24,0.06,2026-08-31 16:33:58.859 +0300
2026-07-29,CHANNEL,pd_mismatch,SA,Total,102389,44,0.04,2026-08-31 16:33:58.859 +0300
2026-07-29,CHANNEL,pickup_mismatch,SA,DMM,5814,0,0.00,2026-08-31 16:33:58.859 +0300
2026-07-29,CHANNEL,pickup_mismatch,SA,JED,30590,1,0.00,2026-08-31 16:33:58.859 +0300
2026-07-29,CHANNEL,pickup_mismatch,SA,MAD,9999,1,0.01,2026-08-31 16:33:58.859 +0300
2026-07-29,CHANNEL,pickup_mismatch,SA,MEC,5248,2,0.04,2026-08-31 16:33:58.859 +0300
2026-07-29,CHANNEL,pickup_mismatch,SA,Others,11238,1,0.01,2026-08-31 16:33:58.859 +0300
2026-07-29,CHANNEL,pickup_mismatch,SA,RUH,39500,1,0.00,2026-08-31 16:33:58.859 +0300
2026-07-29,CHANNEL,pickup_mismatch,SA,Total,102389,6,0.01,2026-08-31 16:33:58.859 +0300
2026-07-29,CHANNEL,residual_fare_increase_net,SA,DMM,5814,1006,17.30,2026-08-31 16:33:58.859 +0300
2026-07-29,CHANNEL,residual_fare_increase_net,SA,JED,30590,5409,17.68,2026-08-31 16:33:58.859 +0300
2026-07-29,CHANNEL,residual_fare_increase_net,SA,MAD,9999,1625,16.25,2026-08-31 16:33:58.859 +0300
2026-07-29,CHANNEL,residual_fare_increase_net,SA,MEC,5248,922,17.57,2026-08-31 16:33:58.859 +0300
2026-07-29,CHANNEL,residual_fare_increase_net,SA,Others,11238,2230,19.84,2026-08-31 16:33:58.859 +0300
2026-07-29,CHANNEL,residual_fare_increase_net,SA,RUH,39500,4908,12.43,2026-08-31 16:33:58.859 +0300
2026-07-29,CHANNEL,residual_fare_increase_net,SA,Total,102389,16100,15.72,2026-08-31 16:33:58.859 +0300
2026-07-29,CHANNEL,rounding_error,SA,DMM,5814,93,1.60,2026-08-31 16:33:58.859 +0300
2026-07-29,CHANNEL,rounding_error,SA,JED,30590,679,2.22,2026-08-31 16:33:58.859 +0300
2026-07-29,CHANNEL,rounding_error,SA,MAD,9999,243,2.43,2026-08-31 16:33:58.859 +0300
2026-07-29,CHANNEL,rounding_error,SA,MEC,5248,97,1.85,2026-08-31 16:33:58.859 +0300
2026-07-29,CHANNEL,rounding_error,SA,Others,11238,216,1.92,2026-08-31 16:33:58.859 +0300
2026-07-29,CHANNEL,rounding_error,SA,RUH,39500,1006,2.55,2026-08-31 16:33:58.859 +0300
2026-07-29,CHANNEL,rounding_error,SA,Total,102389,2334,2.28,2026-08-31 16:33:58.859 +0300
2026-07-29,CHANNEL,spillover_recovery,SA,DMM,5814,316,5.44,2026-08-31 16:33:58.859 +0300
2026-07-29,CHANNEL,spillover_recovery,SA,JED,30590,2721,8.90,2026-08-31 16:33:58.859 +0300
2026-07-29,CHANNEL,spillover_recovery,SA,MAD,9999,648,6.48,2026-08-31 16:33:58.859 +0300
2026-07-29,CHANNEL,spillover_recovery,SA,MEC,5248,405,7.72,2026-08-31 16:33:58.859 +0300
2026-07-29,CHANNEL,spillover_recovery,SA,Others,11238,511,4.55,2026-08-31 16:33:58.859 +0300
2026-07-29,CHANNEL,spillover_recovery,SA,RUH,39500,3230,8.18,2026-08-31 16:33:58.859 +0300
2026-07-29,CHANNEL,spillover_recovery,SA,Total,102389,7831,7.65,2026-08-31 16:33:58.859 +0300
2026-07-29,CHANNEL,surcharge_mismatch,SA,DMM,5814,107,1.84,2026-08-31 16:33:58.859 +0300
2026-07-29,CHANNEL,surcharge_mismatch,SA,JED,30590,612,2.00,2026-08-31 16:33:58.859 +0300
2026-07-29,CHANNEL,surcharge_mismatch,SA,MAD,9999,136,1.36,2026-08-31 16:33:58.859 +0300
2026-07-29,CHANNEL,surcharge_mismatch,SA,MEC,5248,48,0.91,2026-08-31 16:33:58.859 +0300
2026-07-29,CHANNEL,surcharge_mismatch,SA,Others,11238,168,1.49,2026-08-31 16:33:58.859 +0300
2026-07-29,CHANNEL,surcharge_mismatch,SA,RUH,39500,591,1.50,2026-08-31 16:33:58.859 +0300
2026-07-29,CHANNEL,surcharge_mismatch,SA,Total,102389,1662,1.62,2026-08-31 16:33:58.859 +0300
2026-07-29,CHANNEL,surge_mismatch,SA,DMM,5814,1,0.02,2026-08-31 16:33:58.859 +0300
2026-07-29,CHANNEL,surge_mismatch,SA,JED,30590,2,0.01,2026-08-31 16:33:58.859 +0300
2026-07-29,CHANNEL,surge_mismatch,SA,MAD,9999,5,0.05,2026-08-31 16:33:58.859 +0300
2026-07-29,CHANNEL,surge_mismatch,SA,MEC,5248,3,0.06,2026-08-31 16:33:58.859 +0300
2026-07-29,CHANNEL,surge_mismatch,SA,Others,11238,0,0.00,2026-08-31 16:33:58.859 +0300
2026-07-29,CHANNEL,surge_mismatch,SA,RUH,39500,3,0.01,2026-08-31 16:33:58.859 +0300
2026-07-29,CHANNEL,surge_mismatch,SA,Total,102389,14,0.01,2026-08-31 16:33:58.859 +0300
2026-07-29,SCENARIO,beyondB,SA,DMM,5814,2,0.03,2026-08-31 16:33:58.859 +0300
2026-07-29,SCENARIO,beyondB,SA,JED,30590,8,0.03,2026-08-31 16:33:58.859 +0300
2026-07-29,SCENARIO,beyondB,SA,MAD,9999,2,0.02,2026-08-31 16:33:58.859 +0300
2026-07-29,SCENARIO,beyondB,SA,MEC,5248,1,0.02,2026-08-31 16:33:58.859 +0300
2026-07-29,SCENARIO,beyondB,SA,Others,11238,4,0.04,2026-08-31 16:33:58.859 +0300
2026-07-29,SCENARIO,beyondB,SA,RUH,39500,17,0.04,2026-08-31 16:33:58.859 +0300
2026-07-29,SCENARIO,beyondB,SA,Total,102389,34,0.03,2026-08-31 16:33:58.859 +0300
2026-07-29,SCENARIO,withinA_at_dest,SA,DMM,5814,952,16.37,2026-08-31 16:33:58.859 +0300
2026-07-29,SCENARIO,withinA_at_dest,SA,JED,30590,5978,19.54,2026-08-31 16:33:58.859 +0300
2026-07-29,SCENARIO,withinA_at_dest,SA,MAD,9999,1855,18.55,2026-08-31 16:33:58.859 +0300
2026-07-29,SCENARIO,withinA_at_dest,SA,MEC,5248,1125,21.44,2026-08-31 16:33:58.859 +0300
2026-07-29,SCENARIO,withinA_at_dest,SA,Others,11238,1953,17.38,2026-08-31 16:33:58.859 +0300
2026-07-29,SCENARIO,withinA_at_dest,SA,RUH,39500,7230,18.30,2026-08-31 16:33:58.859 +0300
2026-07-29,SCENARIO,withinA_at_dest,SA,Total,102389,19093,18.65,2026-08-31 16:33:58.859 +0300
2026-07-29,SCENARIO,withinA_not_dest,SA,DMM,5814,146,2.51,2026-08-31 16:33:58.859 +0300
2026-07-29,SCENARIO,withinA_not_dest,SA,JED,30590,612,2.00,2026-08-31 16:33:58.859 +0300
2026-07-29,SCENARIO,withinA_not_dest,SA,MAD,9999,400,4.00,2026-08-31 16:33:58.859 +0300
2026-07-29,SCENARIO,withinA_not_dest,SA,MEC,5248,172,3.28,2026-08-31 16:33:58.859 +0300
2026-07-29,SCENARIO,withinA_not_dest,SA,Others,11238,410,3.65,2026-08-31 16:33:58.859 +0300
2026-07-29,SCENARIO,withinA_not_dest,SA,RUH,39500,943,2.39,2026-08-31 16:33:58.859 +0300
2026-07-29,SCENARIO,withinA_not_dest,SA,Total,102389,2683,2.62,2026-08-31 16:33:58.859 +0300
2026-07-29,SCENARIO,withinB_at_dest,SA,DMM,5814,645,11.09,2026-08-31 16:33:58.859 +0300
2026-07-29,SCENARIO,withinB_at_dest,SA,JED,30590,3708,12.12,2026-08-31 16:33:58.859 +0300
2026-07-29,SCENARIO,withinB_at_dest,SA,MAD,9999,827,8.27,2026-08-31 16:33:58.859 +0300
2026-07-29,SCENARIO,withinB_at_dest,SA,MEC,5248,549,10.46,2026-08-31 16:33:58.859 +0300
2026-07-29,SCENARIO,withinB_at_dest,SA,Others,11238,1178,10.48,2026-08-31 16:33:58.859 +0300
2026-07-29,SCENARIO,withinB_at_dest,SA,RUH,39500,2555,6.47,2026-08-31 16:33:58.859 +0300
2026-07-29,SCENARIO,withinB_at_dest,SA,Total,102389,9462,9.24,2026-08-31 16:33:58.859 +0300
2026-07-29,SCENARIO,withinB_not_dest,SA,DMM,5814,194,3.34,2026-08-31 16:33:58.859 +0300
2026-07-29,SCENARIO,withinB_not_dest,SA,JED,30590,958,3.13,2026-08-31 16:33:58.859 +0300
2026-07-29,SCENARIO,withinB_not_dest,SA,MAD,9999,366,3.66,2026-08-31 16:33:58.859 +0300
2026-07-29,SCENARIO,withinB_not_dest,SA,MEC,5248,200,3.81,2026-08-31 16:33:58.859 +0300
2026-07-29,SCENARIO,withinB_not_dest,SA,Others,11238,648,5.77,2026-08-31 16:33:58.859 +0300
2026-07-29,SCENARIO,withinB_not_dest,SA,RUH,39500,1067,2.70,2026-08-31 16:33:58.859 +0300
2026-07-29,SCENARIO,withinB_not_dest,SA,Total,102389,3433,3.35,2026-08-31 16:33:58.859 +0300
2026-07-30,CAUSE_MIX,beyondB,JO,Total,24951,60,0.24,2026-08-31 16:33:58.859 +0300
2026-07-30,CAUSE_MIX,pickup_mismatch,JO,Total,24951,1,0.00,2026-08-31 16:33:58.859 +0300
2026-07-30,CAUSE_MIX,previous_wallet_balance,JO,Total,24951,1229,4.93,2026-08-31 16:33:58.859 +0300
2026-07-30,CAUSE_MIX,surcharge_mismatch,JO,Total,24951,15,0.06,2026-08-31 16:33:58.859 +0300
2026-07-30,CAUSE_MIX,surge_mismatch,JO,Total,24951,24,0.10,2026-08-31 16:33:58.859 +0300
2026-07-30,CAUSE_MIX,waiting_time,JO,Total,24951,9960,39.92,2026-08-31 16:33:58.859 +0300
2026-07-30,CAUSE_MIX,withinA_at_dest,JO,Total,24951,1345,5.39,2026-08-31 16:33:58.859 +0300
2026-07-30,CAUSE_MIX,withinA_not_dest,JO,Total,24951,2982,11.95,2026-08-31 16:33:58.859 +0300
2026-07-30,CAUSE_MIX,withinB_at_dest,JO,Total,24951,6498,26.04,2026-08-31 16:33:58.859 +0300
2026-07-30,CAUSE_MIX,withinB_not_dest,JO,Total,24951,2837,11.37,2026-08-31 16:33:58.859 +0300
2026-07-30,CHANNEL,cumulative_price_shocks_net,JO,AMM,60027,14319,23.85,2026-08-31 16:33:58.859 +0300
2026-07-30,CHANNEL,cumulative_price_shocks_net,JO,IRB,15880,4963,31.25,2026-08-31 16:33:58.859 +0300
2026-07-30,CHANNEL,cumulative_price_shocks_net,JO,Others,2100,567,27.00,2026-08-31 16:33:58.859 +0300
2026-07-30,CHANNEL,cumulative_price_shocks_net,JO,Total,94794,23721,25.02,2026-08-31 16:33:58.859 +0300
2026-07-30,CHANNEL,cumulative_price_shocks_net,JO,ZRQ,16787,3872,23.07,2026-08-31 16:33:58.859 +0300
2026-07-30,CHANNEL,pd_mismatch,JO,AMM,60027,0,0.00,2026-08-31 16:33:58.859 +0300
2026-07-30,CHANNEL,pd_mismatch,JO,IRB,15880,0,0.00,2026-08-31 16:33:58.859 +0300
2026-07-30,CHANNEL,pd_mismatch,JO,Others,2100,0,0.00,2026-08-31 16:33:58.859 +0300
2026-07-30,CHANNEL,pd_mismatch,JO,Total,94794,0,0.00,2026-08-31 16:33:58.859 +0300
2026-07-30,CHANNEL,pd_mismatch,JO,ZRQ,16787,0,0.00,2026-08-31 16:33:58.859 +0300
2026-07-30,CHANNEL,pickup_mismatch,JO,AMM,60027,3,0.00,2026-08-31 16:33:58.859 +0300
2026-07-30,CHANNEL,pickup_mismatch,JO,IRB,15880,0,0.00,2026-08-31 16:33:58.859 +0300
2026-07-30,CHANNEL,pickup_mismatch,JO,Others,2100,0,0.00,2026-08-31 16:33:58.859 +0300
2026-07-30,CHANNEL,pickup_mismatch,JO,Total,94794,3,0.00,2026-08-31 16:33:58.859 +0300
2026-07-30,CHANNEL,pickup_mismatch,JO,ZRQ,16787,0,0.00,2026-08-31 16:33:58.859 +0300
2026-07-30,CHANNEL,residual_fare_increase_net,JO,AMM,60027,8185,13.64,2026-08-31 16:33:58.859 +0300
2026-07-30,CHANNEL,residual_fare_increase_net,JO,IRB,15880,3568,22.47,2026-08-31 16:33:58.859 +0300
2026-07-30,CHANNEL,residual_fare_increase_net,JO,Others,2100,331,15.76,2026-08-31 16:33:58.859 +0300
2026-07-30,CHANNEL,residual_fare_increase_net,JO,Total,94794,14443,15.24,2026-08-31 16:33:58.859 +0300
2026-07-30,CHANNEL,residual_fare_increase_net,JO,ZRQ,16787,2359,14.05,2026-08-31 16:33:58.859 +0300
2026-07-30,CHANNEL,rounding_error,JO,AMM,60027,671,1.12,2026-08-31 16:33:58.859 +0300
2026-07-30,CHANNEL,rounding_error,JO,IRB,15880,173,1.09,2026-08-31 16:33:58.859 +0300
2026-07-30,CHANNEL,rounding_error,JO,Others,2100,31,1.48,2026-08-31 16:33:58.859 +0300
2026-07-30,CHANNEL,rounding_error,JO,Total,94794,1033,1.09,2026-08-31 16:33:58.859 +0300
2026-07-30,CHANNEL,rounding_error,JO,ZRQ,16787,158,0.94,2026-08-31 16:33:58.859 +0300
2026-07-30,CHANNEL,spillover_recovery,JO,AMM,60027,1067,1.78,2026-08-31 16:33:58.859 +0300
2026-07-30,CHANNEL,spillover_recovery,JO,IRB,15880,173,1.09,2026-08-31 16:33:58.859 +0300
2026-07-30,CHANNEL,spillover_recovery,JO,Others,2100,11,0.52,2026-08-31 16:33:58.859 +0300
2026-07-30,CHANNEL,spillover_recovery,JO,Total,94794,1307,1.38,2026-08-31 16:33:58.859 +0300
2026-07-30,CHANNEL,spillover_recovery,JO,ZRQ,16787,56,0.33,2026-08-31 16:33:58.859 +0300
2026-07-30,CHANNEL,surcharge_mismatch,JO,AMM,60027,21,0.03,2026-08-31 16:33:58.859 +0300
2026-07-30,CHANNEL,surcharge_mismatch,JO,IRB,15880,0,0.00,2026-08-31 16:33:58.859 +0300
2026-07-30,CHANNEL,surcharge_mismatch,JO,Others,2100,3,0.14,2026-08-31 16:33:58.859 +0300
2026-07-30,CHANNEL,surcharge_mismatch,JO,Total,94794,30,0.03,2026-08-31 16:33:58.859 +0300
2026-07-30,CHANNEL,surcharge_mismatch,JO,ZRQ,16787,6,0.04,2026-08-31 16:33:58.859 +0300
2026-07-30,CHANNEL,surge_mismatch,JO,AMM,60027,31,0.05,2026-08-31 16:33:58.859 +0300
2026-07-30,CHANNEL,surge_mismatch,JO,IRB,15880,3,0.02,2026-08-31 16:33:58.859 +0300
2026-07-30,CHANNEL,surge_mismatch,JO,Others,2100,0,0.00,2026-08-31 16:33:58.859 +0300
2026-07-30,CHANNEL,surge_mismatch,JO,Total,94794,42,0.04,2026-08-31 16:33:58.859 +0300
2026-07-30,CHANNEL,surge_mismatch,JO,ZRQ,16787,8,0.05,2026-08-31 16:33:58.859 +0300
2026-07-30,SCENARIO,beyondB,JO,AMM,60027,45,0.07,2026-08-31 16:33:58.859 +0300
2026-07-30,SCENARIO,beyondB,JO,IRB,15880,15,0.09,2026-08-31 16:33:58.859 +0300
2026-07-30,SCENARIO,beyondB,JO,Others,2100,0,0.00,2026-08-31 16:33:58.859 +0300
2026-07-30,SCENARIO,beyondB,JO,Total,94794,62,0.07,2026-08-31 16:33:58.859 +0300
2026-07-30,SCENARIO,beyondB,JO,ZRQ,16787,2,0.01,2026-08-31 16:33:58.859 +0300
2026-07-30,SCENARIO,withinA_at_dest,JO,AMM,60027,6054,10.09,2026-08-31 16:33:58.859 +0300
2026-07-30,SCENARIO,withinA_at_dest,JO,IRB,15880,1314,8.27,2026-08-31 16:33:58.859 +0300
2026-07-30,SCENARIO,withinA_at_dest,JO,Others,2100,222,10.57,2026-08-31 16:33:58.859 +0300
2026-07-30,SCENARIO,withinA_at_dest,JO,Total,94794,9056,9.55,2026-08-31 16:33:58.859 +0300
2026-07-30,SCENARIO,withinA_at_dest,JO,ZRQ,16787,1466,8.73,2026-08-31 16:33:58.859 +0300
2026-07-30,SCENARIO,withinA_not_dest,JO,AMM,60027,1977,3.29,2026-08-31 16:33:58.859 +0300
2026-07-30,SCENARIO,withinA_not_dest,JO,IRB,15880,1047,6.59,2026-08-31 16:33:58.859 +0300
2026-07-30,SCENARIO,withinA_not_dest,JO,Others,2100,92,4.38,2026-08-31 16:33:58.859 +0300
2026-07-30,SCENARIO,withinA_not_dest,JO,Total,94794,3714,3.92,2026-08-31 16:33:58.859 +0300
2026-07-30,SCENARIO,withinA_not_dest,JO,ZRQ,16787,598,3.56,2026-08-31 16:33:58.859 +0300
2026-07-30,SCENARIO,withinB_at_dest,JO,AMM,60027,4434,7.39,2026-08-31 16:33:58.859 +0300
2026-07-30,SCENARIO,withinB_at_dest,JO,IRB,15880,1632,10.28,2026-08-31 16:33:58.859 +0300
2026-07-30,SCENARIO,withinB_at_dest,JO,Others,2100,158,7.52,2026-08-31 16:33:58.859 +0300
2026-07-30,SCENARIO,withinB_at_dest,JO,Total,94794,7528,7.94,2026-08-31 16:33:58.859 +0300
2026-07-30,SCENARIO,withinB_at_dest,JO,ZRQ,16787,1304,7.77,2026-08-31 16:33:58.859 +0300
2026-07-30,SCENARIO,withinB_not_dest,JO,AMM,60027,1809,3.01,2026-08-31 16:33:58.859 +0300
2026-07-30,SCENARIO,withinB_not_dest,JO,IRB,15880,955,6.01,2026-08-31 16:33:58.859 +0300
2026-07-30,SCENARIO,withinB_not_dest,JO,Others,2100,95,4.52,2026-08-31 16:33:58.859 +0300
2026-07-30,SCENARIO,withinB_not_dest,JO,Total,94794,3361,3.55,2026-08-31 16:33:58.859 +0300
2026-07-30,SCENARIO,withinB_not_dest,JO,ZRQ,16787,502,2.99,2026-08-31 16:33:58.859 +0300
2026-07-30,CAUSE_MIX,beyondB,SA,Total,48566,19,0.04,2026-08-31 16:33:58.859 +0300
2026-07-30,CAUSE_MIX,pd_mismatch,SA,Total,48566,10,0.02,2026-08-31 16:33:58.859 +0300
2026-07-30,CAUSE_MIX,pickup_mismatch,SA,Total,48566,5,0.01,2026-08-31 16:33:58.859 +0300
2026-07-30,CAUSE_MIX,previous_wallet_balance,SA,Total,48566,7590,15.63,2026-08-31 16:33:58.859 +0300
2026-07-30,CAUSE_MIX,surcharge_mismatch,SA,Total,48566,761,1.57,2026-08-31 16:33:58.859 +0300
2026-07-30,CAUSE_MIX,surge_mismatch,SA,Total,48566,48,0.10,2026-08-31 16:33:58.859 +0300
2026-07-30,CAUSE_MIX,waiting_time,SA,Total,48566,22738,46.82,2026-08-31 16:33:58.859 +0300
2026-07-30,CAUSE_MIX,withinA_at_dest,SA,Total,48566,3819,7.86,2026-08-31 16:33:58.859 +0300
2026-07-30,CAUSE_MIX,withinA_not_dest,SA,Total,48566,2012,4.14,2026-08-31 16:33:58.859 +0300
2026-07-30,CAUSE_MIX,withinB_at_dest,SA,Total,48566,8517,17.54,2026-08-31 16:33:58.859 +0300
2026-07-30,CAUSE_MIX,withinB_not_dest,SA,Total,48566,3047,6.27,2026-08-31 16:33:58.859 +0300
2026-07-30,CHANNEL,cumulative_price_shocks_net,SA,DMM,6994,2402,34.34,2026-08-31 16:33:58.859 +0300
2026-07-30,CHANNEL,cumulative_price_shocks_net,SA,JED,34888,13181,37.78,2026-08-31 16:33:58.859 +0300
2026-07-30,CHANNEL,cumulative_price_shocks_net,SA,MAD,10740,3706,34.51,2026-08-31 16:33:58.859 +0300
2026-07-30,CHANNEL,cumulative_price_shocks_net,SA,MEC,5774,2272,39.35,2026-08-31 16:33:58.859 +0300
2026-07-30,CHANNEL,cumulative_price_shocks_net,SA,Others,12659,4875,38.51,2026-08-31 16:33:58.859 +0300
2026-07-30,CHANNEL,cumulative_price_shocks_net,SA,RUH,46283,14384,31.08,2026-08-31 16:33:58.859 +0300
2026-07-30,CHANNEL,cumulative_price_shocks_net,SA,Total,117338,40820,34.79,2026-08-31 16:33:58.859 +0300
2026-07-30,CHANNEL,pd_mismatch,SA,DMM,6994,7,0.10,2026-08-31 16:33:58.859 +0300
2026-07-30,CHANNEL,pd_mismatch,SA,JED,34888,7,0.02,2026-08-31 16:33:58.859 +0300
2026-07-30,CHANNEL,pd_mismatch,SA,MAD,10740,2,0.02,2026-08-31 16:33:58.859 +0300
2026-07-30,CHANNEL,pd_mismatch,SA,MEC,5774,0,0.00,2026-08-31 16:33:58.859 +0300
2026-07-30,CHANNEL,pd_mismatch,SA,Others,12659,4,0.03,2026-08-31 16:33:58.859 +0300
2026-07-30,CHANNEL,pd_mismatch,SA,RUH,46283,18,0.04,2026-08-31 16:33:58.859 +0300
2026-07-30,CHANNEL,pd_mismatch,SA,Total,117338,38,0.03,2026-08-31 16:33:58.859 +0300
2026-07-30,CHANNEL,pickup_mismatch,SA,DMM,6994,1,0.01,2026-08-31 16:33:58.859 +0300
2026-07-30,CHANNEL,pickup_mismatch,SA,JED,34888,2,0.01,2026-08-31 16:33:58.859 +0300
2026-07-30,CHANNEL,pickup_mismatch,SA,MAD,10740,2,0.02,2026-08-31 16:33:58.859 +0300
2026-07-30,CHANNEL,pickup_mismatch,SA,MEC,5774,1,0.02,2026-08-31 16:33:58.859 +0300
2026-07-30,CHANNEL,pickup_mismatch,SA,Others,12659,0,0.00,2026-08-31 16:33:58.859 +0300
2026-07-30,CHANNEL,pickup_mismatch,SA,RUH,46283,1,0.00,2026-08-31 16:33:58.859 +0300
2026-07-30,CHANNEL,pickup_mismatch,SA,Total,117338,7,0.01,2026-08-31 16:33:58.859 +0300
2026-07-30,CHANNEL,residual_fare_increase_net,SA,DMM,6994,1321,18.89,2026-08-31 16:33:58.859 +0300
2026-07-30,CHANNEL,residual_fare_increase_net,SA,JED,34888,6466,18.53,2026-08-31 16:33:58.859 +0300
2026-07-30,CHANNEL,residual_fare_increase_net,SA,MAD,10740,1908,17.77,2026-08-31 16:33:58.859 +0300
2026-07-30,CHANNEL,residual_fare_increase_net,SA,MEC,5774,1073,18.58,2026-08-31 16:33:58.859 +0300
2026-07-30,CHANNEL,residual_fare_increase_net,SA,Others,12659,2665,21.05,2026-08-31 16:33:58.859 +0300
2026-07-30,CHANNEL,residual_fare_increase_net,SA,RUH,46283,6255,13.51,2026-08-31 16:33:58.859 +0300
2026-07-30,CHANNEL,residual_fare_increase_net,SA,Total,117338,19688,16.78,2026-08-31 16:33:58.859 +0300
2026-07-30,CHANNEL,rounding_error,SA,DMM,6994,100,1.43,2026-08-31 16:33:58.859 +0300
2026-07-30,CHANNEL,rounding_error,SA,JED,34888,716,2.05,2026-08-31 16:33:58.859 +0300
2026-07-30,CHANNEL,rounding_error,SA,MAD,10740,259,2.41,2026-08-31 16:33:58.859 +0300
2026-07-30,CHANNEL,rounding_error,SA,MEC,5774,81,1.40,2026-08-31 16:33:58.859 +0300
2026-07-30,CHANNEL,rounding_error,SA,Others,12659,224,1.77,2026-08-31 16:33:58.859 +0300
2026-07-30,CHANNEL,rounding_error,SA,RUH,46283,1171,2.53,2026-08-31 16:33:58.859 +0300
2026-07-30,CHANNEL,rounding_error,SA,Total,117338,2551,2.17,2026-08-31 16:33:58.859 +0300
2026-07-30,CHANNEL,spillover_recovery,SA,DMM,6994,328,4.69,2026-08-31 16:33:58.859 +0300
2026-07-30,CHANNEL,spillover_recovery,SA,JED,34888,2856,8.19,2026-08-31 16:33:58.859 +0300
2026-07-30,CHANNEL,spillover_recovery,SA,MAD,10740,625,5.82,2026-08-31 16:33:58.859 +0300
2026-07-30,CHANNEL,spillover_recovery,SA,MEC,5774,411,7.12,2026-08-31 16:33:58.859 +0300
2026-07-30,CHANNEL,spillover_recovery,SA,Others,12659,478,3.78,2026-08-31 16:33:58.859 +0300
2026-07-30,CHANNEL,spillover_recovery,SA,RUH,46283,3668,7.93,2026-08-31 16:33:58.859 +0300
2026-07-30,CHANNEL,spillover_recovery,SA,Total,117338,8366,7.13,2026-08-31 16:33:58.859 +0300
2026-07-30,CHANNEL,surcharge_mismatch,SA,DMM,6994,145,2.07,2026-08-31 16:33:58.859 +0300
2026-07-30,CHANNEL,surcharge_mismatch,SA,JED,34888,668,1.91,2026-08-31 16:33:58.859 +0300
2026-07-30,CHANNEL,surcharge_mismatch,SA,MAD,10740,155,1.44,2026-08-31 16:33:58.859 +0300
2026-07-30,CHANNEL,surcharge_mismatch,SA,MEC,5774,43,0.74,2026-08-31 16:33:58.859 +0300
2026-07-30,CHANNEL,surcharge_mismatch,SA,Others,12659,178,1.41,2026-08-31 16:33:58.859 +0300
2026-07-30,CHANNEL,surcharge_mismatch,SA,RUH,46283,786,1.70,2026-08-31 16:33:58.859 +0300
2026-07-30,CHANNEL,surcharge_mismatch,SA,Total,117338,1975,1.68,2026-08-31 16:33:58.859 +0300
2026-07-30,CHANNEL,surge_mismatch,SA,DMM,6994,4,0.06,2026-08-31 16:33:58.859 +0300
2026-07-30,CHANNEL,surge_mismatch,SA,JED,34888,38,0.11,2026-08-31 16:33:58.859 +0300
2026-07-30,CHANNEL,surge_mismatch,SA,MAD,10740,26,0.24,2026-08-31 16:33:58.859 +0300
2026-07-30,CHANNEL,surge_mismatch,SA,MEC,5774,13,0.23,2026-08-31 16:33:58.859 +0300
2026-07-30,CHANNEL,surge_mismatch,SA,Others,12659,0,0.00,2026-08-31 16:33:58.859 +0300
2026-07-30,CHANNEL,surge_mismatch,SA,RUH,46283,12,0.03,2026-08-31 16:33:58.859 +0300
2026-07-30,CHANNEL,surge_mismatch,SA,Total,117338,93,0.08,2026-08-31 16:33:58.859 +0300
2026-07-30,SCENARIO,beyondB,SA,DMM,6994,2,0.03,2026-08-31 16:33:58.859 +0300
2026-07-30,SCENARIO,beyondB,SA,JED,34888,7,0.02,2026-08-31 16:33:58.859 +0300
2026-07-30,SCENARIO,beyondB,SA,MAD,10740,2,0.02,2026-08-31 16:33:58.859 +0300
2026-07-30,SCENARIO,beyondB,SA,MEC,5774,1,0.02,2026-08-31 16:33:58.859 +0300
2026-07-30,SCENARIO,beyondB,SA,Others,12659,3,0.02,2026-08-31 16:33:58.859 +0300
2026-07-30,SCENARIO,beyondB,SA,RUH,46283,13,0.03,2026-08-31 16:33:58.859 +0300
2026-07-30,SCENARIO,beyondB,SA,Total,117338,28,0.02,2026-08-31 16:33:58.859 +0300
2026-07-30,SCENARIO,withinA_at_dest,SA,DMM,6994,1077,15.40,2026-08-31 16:33:58.859 +0300
2026-07-30,SCENARIO,withinA_at_dest,SA,JED,34888,6881,19.72,2026-08-31 16:33:58.859 +0300
2026-07-30,SCENARIO,withinA_at_dest,SA,MAD,10740,1842,17.15,2026-08-31 16:33:58.859 +0300
2026-07-30,SCENARIO,withinA_at_dest,SA,MEC,5774,1202,20.82,2026-08-31 16:33:58.859 +0300
2026-07-30,SCENARIO,withinA_at_dest,SA,Others,12659,2173,17.17,2026-08-31 16:33:58.859 +0300
2026-07-30,SCENARIO,withinA_at_dest,SA,RUH,46283,8509,18.38,2026-08-31 16:33:58.859 +0300
2026-07-30,SCENARIO,withinA_at_dest,SA,Total,117338,21684,18.48,2026-08-31 16:33:58.859 +0300
2026-07-30,SCENARIO,withinA_not_dest,SA,DMM,6994,198,2.83,2026-08-31 16:33:58.859 +0300
2026-07-30,SCENARIO,withinA_not_dest,SA,JED,34888,735,2.11,2026-08-31 16:33:58.859 +0300
2026-07-30,SCENARIO,withinA_not_dest,SA,MAD,10740,446,4.15,2026-08-31 16:33:58.859 +0300
2026-07-30,SCENARIO,withinA_not_dest,SA,MEC,5774,153,2.65,2026-08-31 16:33:58.859 +0300
2026-07-30,SCENARIO,withinA_not_dest,SA,Others,12659,440,3.48,2026-08-31 16:33:58.859 +0300
2026-07-30,SCENARIO,withinA_not_dest,SA,RUH,46283,1185,2.56,2026-08-31 16:33:58.859 +0300
2026-07-30,SCENARIO,withinA_not_dest,SA,Total,117338,3157,2.69,2026-08-31 16:33:58.859 +0300
2026-07-30,SCENARIO,withinB_at_dest,SA,DMM,6994,866,12.38,2026-08-31 16:33:58.859 +0300
2026-07-30,SCENARIO,withinB_at_dest,SA,JED,34888,4428,12.69,2026-08-31 16:33:58.859 +0300
2026-07-30,SCENARIO,withinB_at_dest,SA,MAD,10740,995,9.26,2026-08-31 16:33:58.859 +0300
2026-07-30,SCENARIO,withinB_at_dest,SA,MEC,5774,641,11.10,2026-08-31 16:33:58.859 +0300
2026-07-30,SCENARIO,withinB_at_dest,SA,Others,12659,1462,11.55,2026-08-31 16:33:58.859 +0300
2026-07-30,SCENARIO,withinB_at_dest,SA,RUH,46283,3197,6.91,2026-08-31 16:33:58.859 +0300
2026-07-30,SCENARIO,withinB_at_dest,SA,Total,117338,11589,9.88,2026-08-31 16:33:58.859 +0300
2026-07-30,SCENARIO,withinB_not_dest,SA,DMM,6994,259,3.70,2026-08-31 16:33:58.859 +0300
2026-07-30,SCENARIO,withinB_not_dest,SA,JED,34888,1130,3.24,2026-08-31 16:33:58.859 +0300
2026-07-30,SCENARIO,withinB_not_dest,SA,MAD,10740,421,3.92,2026-08-31 16:33:58.859 +0300
2026-07-30,SCENARIO,withinB_not_dest,SA,MEC,5774,275,4.76,2026-08-31 16:33:58.859 +0300
2026-07-30,SCENARIO,withinB_not_dest,SA,Others,12659,797,6.30,2026-08-31 16:33:58.859 +0300
2026-07-30,SCENARIO,withinB_not_dest,SA,RUH,46283,1480,3.20,2026-08-31 16:33:58.859 +0300
2026-07-30,SCENARIO,withinB_not_dest,SA,Total,117338,4362,3.72,2026-08-31 16:33:58.859 +0300
2026-07-31,CAUSE_MIX,beyondB,JO,Total,14598,36,0.25,2026-08-31 16:33:58.859 +0300
2026-07-31,CAUSE_MIX,pickup_mismatch,JO,Total,14598,2,0.01,2026-08-31 16:33:58.859 +0300
2026-07-31,CAUSE_MIX,previous_wallet_balance,JO,Total,14598,726,4.97,2026-08-31 16:33:58.859 +0300
2026-07-31,CAUSE_MIX,surcharge_mismatch,JO,Total,14598,13,0.09,2026-08-31 16:33:58.859 +0300
2026-07-31,CAUSE_MIX,surge_mismatch,JO,Total,14598,15,0.10,2026-08-31 16:33:58.859 +0300
2026-07-31,CAUSE_MIX,waiting_time,JO,Total,14598,6165,42.23,2026-08-31 16:33:58.859 +0300
2026-07-31,CAUSE_MIX,withinA_at_dest,JO,Total,14598,862,5.90,2026-08-31 16:33:58.859 +0300
2026-07-31,CAUSE_MIX,withinA_not_dest,JO,Total,14598,1964,13.45,2026-08-31 16:33:58.859 +0300
2026-07-31,CAUSE_MIX,withinB_at_dest,JO,Total,14598,3122,21.39,2026-08-31 16:33:58.859 +0300
2026-07-31,CAUSE_MIX,withinB_not_dest,JO,Total,14598,1693,11.60,2026-08-31 16:33:58.859 +0300
2026-07-31,CHANNEL,cumulative_price_shocks_net,JO,AMM,36097,8301,23.00,2026-08-31 16:33:58.859 +0300
2026-07-31,CHANNEL,cumulative_price_shocks_net,JO,IRB,8095,2595,32.06,2026-08-31 16:33:58.859 +0300
2026-07-31,CHANNEL,cumulative_price_shocks_net,JO,Others,1180,311,26.36,2026-08-31 16:33:58.859 +0300
2026-07-31,CHANNEL,cumulative_price_shocks_net,JO,Total,56416,13870,24.59,2026-08-31 16:33:58.859 +0300
2026-07-31,CHANNEL,cumulative_price_shocks_net,JO,ZRQ,11044,2663,24.11,2026-08-31 16:33:58.859 +0300
2026-07-31,CHANNEL,pd_mismatch,JO,AMM,36097,0,0.00,2026-08-31 16:33:58.859 +0300
2026-07-31,CHANNEL,pd_mismatch,JO,IRB,8095,0,0.00,2026-08-31 16:33:58.859 +0300
2026-07-31,CHANNEL,pd_mismatch,JO,Others,1180,0,0.00,2026-08-31 16:33:58.859 +0300
2026-07-31,CHANNEL,pd_mismatch,JO,Total,56416,0,0.00,2026-08-31 16:33:58.859 +0300
2026-07-31,CHANNEL,pd_mismatch,JO,ZRQ,11044,0,0.00,2026-08-31 16:33:58.859 +0300
2026-07-31,CHANNEL,pickup_mismatch,JO,AMM,36097,1,0.00,2026-08-31 16:33:58.859 +0300
2026-07-31,CHANNEL,pickup_mismatch,JO,IRB,8095,0,0.00,2026-08-31 16:33:58.859 +0300
2026-07-31,CHANNEL,pickup_mismatch,JO,Others,1180,1,0.08,2026-08-31 16:33:58.859 +0300
2026-07-31,CHANNEL,pickup_mismatch,JO,Total,56416,3,0.01,2026-08-31 16:33:58.859 +0300
2026-07-31,CHANNEL,pickup_mismatch,JO,ZRQ,11044,1,0.01,2026-08-31 16:33:58.859 +0300
2026-07-31,CHANNEL,residual_fare_increase_net,JO,AMM,36097,4345,12.04,2026-08-31 16:33:58.859 +0300
2026-07-31,CHANNEL,residual_fare_increase_net,JO,IRB,8095,1905,23.53,2026-08-31 16:33:58.859 +0300
2026-07-31,CHANNEL,residual_fare_increase_net,JO,Others,1180,197,16.69,2026-08-31 16:33:58.859 +0300
2026-07-31,CHANNEL,residual_fare_increase_net,JO,Total,56416,8040,14.25,2026-08-31 16:33:58.859 +0300
2026-07-31,CHANNEL,residual_fare_increase_net,JO,ZRQ,11044,1593,14.42,2026-08-31 16:33:58.859 +0300
2026-07-31,CHANNEL,rounding_error,JO,AMM,36097,395,1.09,2026-08-31 16:33:58.859 +0300
2026-07-31,CHANNEL,rounding_error,JO,IRB,8095,88,1.09,2026-08-31 16:33:58.859 +0300
2026-07-31,CHANNEL,rounding_error,JO,Others,1180,18,1.53,2026-08-31 16:33:58.859 +0300
2026-07-31,CHANNEL,rounding_error,JO,Total,56416,608,1.08,2026-08-31 16:33:58.859 +0300
2026-07-31,CHANNEL,rounding_error,JO,ZRQ,11044,107,0.97,2026-08-31 16:33:58.859 +0300
2026-07-31,CHANNEL,spillover_recovery,JO,AMM,36097,634,1.76,2026-08-31 16:33:58.859 +0300
2026-07-31,CHANNEL,spillover_recovery,JO,IRB,8095,98,1.21,2026-08-31 16:33:58.859 +0300
2026-07-31,CHANNEL,spillover_recovery,JO,Others,1180,3,0.25,2026-08-31 16:33:58.859 +0300
2026-07-31,CHANNEL,spillover_recovery,JO,Total,56416,778,1.38,2026-08-31 16:33:58.859 +0300
2026-07-31,CHANNEL,spillover_recovery,JO,ZRQ,11044,43,0.39,2026-08-31 16:33:58.859 +0300
2026-07-31,CHANNEL,surcharge_mismatch,JO,AMM,36097,10,0.03,2026-08-31 16:33:58.859 +0300
2026-07-31,CHANNEL,surcharge_mismatch,JO,IRB,8095,0,0.00,2026-08-31 16:33:58.859 +0300
2026-07-31,CHANNEL,surcharge_mismatch,JO,Others,1180,2,0.17,2026-08-31 16:33:58.859 +0300
2026-07-31,CHANNEL,surcharge_mismatch,JO,Total,56416,21,0.04,2026-08-31 16:33:58.859 +0300
2026-07-31,CHANNEL,surcharge_mismatch,JO,ZRQ,11044,9,0.08,2026-08-31 16:33:58.859 +0300
2026-07-31,CHANNEL,surge_mismatch,JO,AMM,36097,18,0.05,2026-08-31 16:33:58.859 +0300
2026-07-31,CHANNEL,surge_mismatch,JO,IRB,8095,1,0.01,2026-08-31 16:33:58.859 +0300
2026-07-31,CHANNEL,surge_mismatch,JO,Others,1180,0,0.00,2026-08-31 16:33:58.859 +0300
2026-07-31,CHANNEL,surge_mismatch,JO,Total,56416,23,0.04,2026-08-31 16:33:58.859 +0300
2026-07-31,CHANNEL,surge_mismatch,JO,ZRQ,11044,4,0.04,2026-08-31 16:33:58.859 +0300
2026-07-31,SCENARIO,beyondB,JO,AMM,36097,28,0.08,2026-08-31 16:33:58.859 +0300
2026-07-31,SCENARIO,beyondB,JO,IRB,8095,9,0.11,2026-08-31 16:33:58.859 +0300
2026-07-31,SCENARIO,beyondB,JO,Others,1180,0,0.00,2026-08-31 16:33:58.859 +0300
2026-07-31,SCENARIO,beyondB,JO,Total,56416,43,0.08,2026-08-31 16:33:58.859 +0300
2026-07-31,SCENARIO,beyondB,JO,ZRQ,11044,6,0.05,2026-08-31 16:33:58.859 +0300
2026-07-31,SCENARIO,withinA_at_dest,JO,AMM,36097,3884,10.76,2026-08-31 16:33:58.859 +0300
2026-07-31,SCENARIO,withinA_at_dest,JO,IRB,8095,661,8.17,2026-08-31 16:33:58.859 +0300
2026-07-31,SCENARIO,withinA_at_dest,JO,Others,1180,112,9.49,2026-08-31 16:33:58.859 +0300
2026-07-31,SCENARIO,withinA_at_dest,JO,Total,56416,5705,10.11,2026-08-31 16:33:58.859 +0300
2026-07-31,SCENARIO,withinA_at_dest,JO,ZRQ,11044,1048,9.49,2026-08-31 16:33:58.859 +0300
2026-07-31,SCENARIO,withinA_not_dest,JO,AMM,36097,1364,3.78,2026-08-31 16:33:58.859 +0300
2026-07-31,SCENARIO,withinA_not_dest,JO,IRB,8095,615,7.60,2026-08-31 16:33:58.859 +0300
2026-07-31,SCENARIO,withinA_not_dest,JO,Others,1180,51,4.32,2026-08-31 16:33:58.859 +0300
2026-07-31,SCENARIO,withinA_not_dest,JO,Total,56416,2441,4.33,2026-08-31 16:33:58.859 +0300
2026-07-31,SCENARIO,withinA_not_dest,JO,ZRQ,11044,411,3.72,2026-08-31 16:33:58.859 +0300
2026-07-31,SCENARIO,withinB_at_dest,JO,AMM,36097,1917,5.31,2026-08-31 16:33:58.859 +0300
2026-07-31,SCENARIO,withinB_at_dest,JO,IRB,8095,805,9.94,2026-08-31 16:33:58.859 +0300
2026-07-31,SCENARIO,withinB_at_dest,JO,Others,1180,98,8.31,2026-08-31 16:33:58.859 +0300
2026-07-31,SCENARIO,withinB_at_dest,JO,Total,56416,3657,6.48,2026-08-31 16:33:58.859 +0300
2026-07-31,SCENARIO,withinB_at_dest,JO,ZRQ,11044,837,7.58,2026-08-31 16:33:58.859 +0300
2026-07-31,SCENARIO,withinB_not_dest,JO,AMM,36097,1108,3.07,2026-08-31 16:33:58.859 +0300
2026-07-31,SCENARIO,withinB_not_dest,JO,IRB,8095,505,6.24,2026-08-31 16:33:58.859 +0300
2026-07-31,SCENARIO,withinB_not_dest,JO,Others,1180,50,4.24,2026-08-31 16:33:58.859 +0300
2026-07-31,SCENARIO,withinB_not_dest,JO,Total,56416,2024,3.59,2026-08-31 16:33:58.859 +0300
2026-07-31,SCENARIO,withinB_not_dest,JO,ZRQ,11044,361,3.27,2026-08-31 16:33:58.859 +0300
2026-07-31,CAUSE_MIX,beyondB,SA,Total,36725,23,0.06,2026-08-31 16:33:58.859 +0300
2026-07-31,CAUSE_MIX,pd_mismatch,SA,Total,36725,4,0.01,2026-08-31 16:33:58.859 +0300
2026-07-31,CAUSE_MIX,pickup_mismatch,SA,Total,36725,2,0.01,2026-08-31 16:33:58.859 +0300
2026-07-31,CAUSE_MIX,previous_wallet_balance,SA,Total,36725,5129,13.97,2026-08-31 16:33:58.859 +0300
2026-07-31,CAUSE_MIX,surcharge_mismatch,SA,Total,36725,623,1.70,2026-08-31 16:33:58.859 +0300
2026-07-31,CAUSE_MIX,surge_mismatch,SA,Total,36725,44,0.12,2026-08-31 16:33:58.859 +0300
2026-07-31,CAUSE_MIX,waiting_time,SA,Total,36725,17878,48.68,2026-08-31 16:33:58.859 +0300
2026-07-31,CAUSE_MIX,withinA_at_dest,SA,Total,36725,2986,8.13,2026-08-31 16:33:58.859 +0300
2026-07-31,CAUSE_MIX,withinA_not_dest,SA,Total,36725,1596,4.35,2026-08-31 16:33:58.859 +0300
2026-07-31,CAUSE_MIX,withinB_at_dest,SA,Total,36725,6094,16.59,2026-08-31 16:33:58.859 +0300
2026-07-31,CAUSE_MIX,withinB_not_dest,SA,Total,36725,2346,6.39,2026-08-31 16:33:58.859 +0300
2026-07-31,CHANNEL,cumulative_price_shocks_net,SA,DMM,4616,1764,38.21,2026-08-31 16:33:58.859 +0300
2026-07-31,CHANNEL,cumulative_price_shocks_net,SA,JED,25028,10107,40.38,2026-08-31 16:33:58.859 +0300
2026-07-31,CHANNEL,cumulative_price_shocks_net,SA,MAD,8724,3305,37.88,2026-08-31 16:33:58.859 +0300
2026-07-31,CHANNEL,cumulative_price_shocks_net,SA,MEC,4422,1898,42.92,2026-08-31 16:33:58.859 +0300
2026-07-31,CHANNEL,cumulative_price_shocks_net,SA,Others,10200,4025,39.46,2026-08-31 16:33:58.859 +0300
2026-07-31,CHANNEL,cumulative_price_shocks_net,SA,RUH,31072,10394,33.45,2026-08-31 16:33:58.859 +0300
2026-07-31,CHANNEL,cumulative_price_shocks_net,SA,Total,84062,31493,37.46,2026-08-31 16:33:58.859 +0300
2026-07-31,CHANNEL,pd_mismatch,SA,DMM,4616,6,0.13,2026-08-31 16:33:58.859 +0300
2026-07-31,CHANNEL,pd_mismatch,SA,JED,25028,0,0.00,2026-08-31 16:33:58.859 +0300
2026-07-31,CHANNEL,pd_mismatch,SA,MAD,8724,2,0.02,2026-08-31 16:33:58.859 +0300
2026-07-31,CHANNEL,pd_mismatch,SA,MEC,4422,0,0.00,2026-08-31 16:33:58.859 +0300
2026-07-31,CHANNEL,pd_mismatch,SA,Others,10200,1,0.01,2026-08-31 16:33:58.859 +0300
2026-07-31,CHANNEL,pd_mismatch,SA,RUH,31072,4,0.01,2026-08-31 16:33:58.859 +0300
2026-07-31,CHANNEL,pd_mismatch,SA,Total,84062,13,0.02,2026-08-31 16:33:58.859 +0300
2026-07-31,CHANNEL,pickup_mismatch,SA,DMM,4616,0,0.00,2026-08-31 16:33:58.859 +0300
2026-07-31,CHANNEL,pickup_mismatch,SA,JED,25028,1,0.00,2026-08-31 16:33:58.859 +0300
2026-07-31,CHANNEL,pickup_mismatch,SA,MAD,8724,0,0.00,2026-08-31 16:33:58.859 +0300
2026-07-31,CHANNEL,pickup_mismatch,SA,MEC,4422,1,0.02,2026-08-31 16:33:58.859 +0300
2026-07-31,CHANNEL,pickup_mismatch,SA,Others,10200,1,0.01,2026-08-31 16:33:58.859 +0300
2026-07-31,CHANNEL,pickup_mismatch,SA,RUH,31072,2,0.01,2026-08-31 16:33:58.859 +0300
2026-07-31,CHANNEL,pickup_mismatch,SA,Total,84062,5,0.01,2026-08-31 16:33:58.859 +0300
2026-07-31,CHANNEL,residual_fare_increase_net,SA,DMM,4616,926,20.06,2026-08-31 16:33:58.859 +0300
2026-07-31,CHANNEL,residual_fare_increase_net,SA,JED,25028,4880,19.50,2026-08-31 16:33:58.859 +0300
2026-07-31,CHANNEL,residual_fare_increase_net,SA,MAD,8724,1624,18.62,2026-08-31 16:33:58.859 +0300
2026-07-31,CHANNEL,residual_fare_increase_net,SA,MEC,4422,903,20.42,2026-08-31 16:33:58.859 +0300
2026-07-31,CHANNEL,residual_fare_increase_net,SA,Others,10200,2126,20.84,2026-08-31 16:33:58.859 +0300
2026-07-31,CHANNEL,residual_fare_increase_net,SA,RUH,31072,4546,14.63,2026-08-31 16:33:58.859 +0300
2026-07-31,CHANNEL,residual_fare_increase_net,SA,Total,84062,15005,17.85,2026-08-31 16:33:58.859 +0300
2026-07-31,CHANNEL,rounding_error,SA,DMM,4616,49,1.06,2026-08-31 16:33:58.859 +0300
2026-07-31,CHANNEL,rounding_error,SA,JED,25028,487,1.95,2026-08-31 16:33:58.859 +0300
2026-07-31,CHANNEL,rounding_error,SA,MAD,8724,204,2.34,2026-08-31 16:33:58.859 +0300
2026-07-31,CHANNEL,rounding_error,SA,MEC,4422,82,1.85,2026-08-31 16:33:58.859 +0300
2026-07-31,CHANNEL,rounding_error,SA,Others,10200,151,1.48,2026-08-31 16:33:58.859 +0300
2026-07-31,CHANNEL,rounding_error,SA,RUH,31072,774,2.49,2026-08-31 16:33:58.859 +0300
2026-07-31,CHANNEL,rounding_error,SA,Total,84062,1747,2.08,2026-08-31 16:33:58.859 +0300
2026-07-31,CHANNEL,spillover_recovery,SA,DMM,4616,223,4.83,2026-08-31 16:33:58.859 +0300
2026-07-31,CHANNEL,spillover_recovery,SA,JED,25028,2044,8.17,2026-08-31 16:33:58.859 +0300
2026-07-31,CHANNEL,spillover_recovery,SA,MAD,8724,493,5.65,2026-08-31 16:33:58.859 +0300
2026-07-31,CHANNEL,spillover_recovery,SA,MEC,4422,305,6.90,2026-08-31 16:33:58.859 +0300
2026-07-31,CHANNEL,spillover_recovery,SA,Others,10200,384,3.76,2026-08-31 16:33:58.859 +0300
2026-07-31,CHANNEL,spillover_recovery,SA,RUH,31072,2138,6.88,2026-08-31 16:33:58.859 +0300
2026-07-31,CHANNEL,spillover_recovery,SA,Total,84062,5587,6.65,2026-08-31 16:33:58.859 +0300
2026-07-31,CHANNEL,surcharge_mismatch,SA,DMM,4616,103,2.23,2026-08-31 16:33:58.859 +0300
2026-07-31,CHANNEL,surcharge_mismatch,SA,JED,25028,475,1.90,2026-08-31 16:33:58.859 +0300
2026-07-31,CHANNEL,surcharge_mismatch,SA,MAD,8724,142,1.63,2026-08-31 16:33:58.859 +0300
2026-07-31,CHANNEL,surcharge_mismatch,SA,MEC,4422,56,1.27,2026-08-31 16:33:58.859 +0300
2026-07-31,CHANNEL,surcharge_mismatch,SA,Others,10200,188,1.84,2026-08-31 16:33:58.859 +0300
2026-07-31,CHANNEL,surcharge_mismatch,SA,RUH,31072,573,1.84,2026-08-31 16:33:58.859 +0300
2026-07-31,CHANNEL,surcharge_mismatch,SA,Total,84062,1537,1.83,2026-08-31 16:33:58.859 +0300
2026-07-31,CHANNEL,surge_mismatch,SA,DMM,4616,9,0.19,2026-08-31 16:33:58.859 +0300
2026-07-31,CHANNEL,surge_mismatch,SA,JED,25028,28,0.11,2026-08-31 16:33:58.859 +0300
2026-07-31,CHANNEL,surge_mismatch,SA,MAD,8724,27,0.31,2026-08-31 16:33:58.859 +0300
2026-07-31,CHANNEL,surge_mismatch,SA,MEC,4422,0,0.00,2026-08-31 16:33:58.859 +0300
2026-07-31,CHANNEL,surge_mismatch,SA,Others,10200,0,0.00,2026-08-31 16:33:58.859 +0300
2026-07-31,CHANNEL,surge_mismatch,SA,RUH,31072,21,0.07,2026-08-31 16:33:58.859 +0300
2026-07-31,CHANNEL,surge_mismatch,SA,Total,84062,85,0.10,2026-08-31 16:33:58.859 +0300
2026-07-31,SCENARIO,beyondB,SA,DMM,4616,4,0.09,2026-08-31 16:33:58.859 +0300
2026-07-31,SCENARIO,beyondB,SA,JED,25028,9,0.04,2026-08-31 16:33:58.859 +0300
2026-07-31,SCENARIO,beyondB,SA,MAD,8724,4,0.05,2026-08-31 16:33:58.859 +0300
2026-07-31,SCENARIO,beyondB,SA,MEC,4422,2,0.05,2026-08-31 16:33:58.859 +0300
2026-07-31,SCENARIO,beyondB,SA,Others,10200,4,0.04,2026-08-31 16:33:58.859 +0300
2026-07-31,SCENARIO,beyondB,SA,RUH,31072,8,0.03,2026-08-31 16:33:58.859 +0300
2026-07-31,SCENARIO,beyondB,SA,Total,84062,31,0.04,2026-08-31 16:33:58.859 +0300
2026-07-31,SCENARIO,withinA_at_dest,SA,DMM,4616,849,18.39,2026-08-31 16:33:58.859 +0300
2026-07-31,SCENARIO,withinA_at_dest,SA,JED,25028,5312,21.22,2026-08-31 16:33:58.859 +0300
2026-07-31,SCENARIO,withinA_at_dest,SA,MAD,8724,1710,19.60,2026-08-31 16:33:58.859 +0300
2026-07-31,SCENARIO,withinA_at_dest,SA,MEC,4422,983,22.23,2026-08-31 16:33:58.859 +0300
2026-07-31,SCENARIO,withinA_at_dest,SA,Others,10200,1877,18.40,2026-08-31 16:33:58.859 +0300
2026-07-31,SCENARIO,withinA_at_dest,SA,RUH,31072,5947,19.14,2026-08-31 16:33:58.859 +0300
2026-07-31,SCENARIO,withinA_at_dest,SA,Total,84062,16678,19.84,2026-08-31 16:33:58.859 +0300
2026-07-31,SCENARIO,withinA_not_dest,SA,DMM,4616,154,3.34,2026-08-31 16:33:58.859 +0300
2026-07-31,SCENARIO,withinA_not_dest,SA,JED,25028,585,2.34,2026-08-31 16:33:58.859 +0300
2026-07-31,SCENARIO,withinA_not_dest,SA,MAD,8724,379,4.34,2026-08-31 16:33:58.859 +0300
2026-07-31,SCENARIO,withinA_not_dest,SA,MEC,4422,171,3.87,2026-08-31 16:33:58.859 +0300
2026-07-31,SCENARIO,withinA_not_dest,SA,Others,10200,416,4.08,2026-08-31 16:33:58.859 +0300
2026-07-31,SCENARIO,withinA_not_dest,SA,RUH,31072,955,3.07,2026-08-31 16:33:58.859 +0300
2026-07-31,SCENARIO,withinA_not_dest,SA,Total,84062,2660,3.16,2026-08-31 16:33:58.859 +0300
2026-07-31,SCENARIO,withinB_at_dest,SA,DMM,4616,576,12.48,2026-08-31 16:33:58.859 +0300
2026-07-31,SCENARIO,withinB_at_dest,SA,JED,25028,3260,13.03,2026-08-31 16:33:58.859 +0300
2026-07-31,SCENARIO,withinB_at_dest,SA,MAD,8724,835,9.57,2026-08-31 16:33:58.859 +0300
