RIDEID,PASSENGERID,DRIVERID,AREA_CODE,CREATED,UPDATED,CREATEDDATE,UPDATEDDATE,CREATEDHOUR,REQUESTED,OFFERED,ACCEPTED,ARRIVED,BOARDED,CANCELEDPASSENGER,CANCELEDDRIVER,CANCELEDBACKOFFICE,CANCELEDTIMEDOUT,REQUESTSTREET,REQUESTNEIGHBORHOOD,REQUESTREFERENCE,ACCEPTEDDISTANCE,CANCELEDPASSENGERREASON,CANCELEDDRIVERREASON,PAYMENTVOUCHERNAME,PAYMENTVOUCHERDISCOUNT,IS_ACCEPTED,IS_OFFERED,IS_ARRIVED,IS_BOARDED,IS_VOUCHER,REQUEST_SERVICE,ESTIMATEDAMOUNT,PAYMENTVALUE,TAXIMETERPRICE,TAXIMETERWAITTIME,TAXIMETERBOARDTOFINISHDISTANCE,TAXIMETERBOARDTOFINISHDURATION,RATINGCOMMENTS,RATINGSTARS,RATINGCATEGORY,REQUESTTOFINISHDURATION,CANCELLATIONFINE,MODEOFPAYMENT,PAYMENTWALLET,AUTHID,CAPID,AUTHAMOUNT,CAPAMOUNT,DRIVERAMOUNTCOLLECTED,AMOUNTPAID,AMOUNTDUE,AMOUNTADDEDTOWALLET,SURCHARGEAMOUNT,VATAMOUNT,SURGEMULTIPLIER,RIDESTATUS,DISTANCECOVEREDCANCELED,REQUESTLAT,REQUESTLONG,REQUESTEDDROPOFFLAT,REQUESTEDDROPOFFLONG,ESTIMATEDTRAVELTIME,ESTIMATEDDISTANCE,PAYMENTVOUCHERCODE,REQUESTGEOHASH,PASSENGERAPPVERSION,DRIVERAPPVERSION,DROPOFFGEOHASH,FD_RIDE,RATINGTIME,RATINGDATE,CANCELLATIONFINEOLD,OFFERSTRATEGY,OFFERSTRATEGYAB,SCOREFORMULA,CARDFLAG,SURGEREQNEIGHBORHOODID,SURGEREQNEIGHBORHOODTITLE,ESTIMATEDACCEPTEDTOARRIVEDDISTANCE,ESTIMATEDACCEPTEDTOARRIVEDTRAVELTIME,DRIVERVAT,TRACEID,DISCRIMINATIONMULTIPLIER,ACTUALDISCRIMINATIONMULTIPLIER,PRICEDISCRIMINATIONENABLED,PRICEDISCRIMINATIONCUSTOMERSEGMENT,PLANID,IS_DESTINATIONFILTER,USERMETPDCRITERIA,IS_REOFFERED,IS_FDRIDE,WALLETAUTHID,WALLETAUTHAMOUNT,WALLETCAPID,WALLETCAPAMOUNT,APPLEPAYREMAININGAMOUNT,APPLEPAYREMAININGSTATUS,OUTSTANDINGBALANCE,SUBSCRIPTIONID,BENEFITID,FDMDETECTIONSTATUS,DISTANCEFROMACCEPTEDTOARRIVEDMETERS,EXCESSIVECAPTUREATTEMPTED,EXCESSIVECAPTURESUCCESSFUL,EXCESSIVECAPTUREAMOUNT,PICKUPLANDMARKCATEGORY,PICKUPLOCATIONUSEDAT,DESTINATIONLANDMARKCATEGORY,DESTINATIONLOCATIONUSEDAT,ADJUSTFAREDIFFERENCE,DRIVERFACTOR,DRIVERPAYOUTENABLED,DRIVERFAREADJUSTMENT,BASEFARE,PICKUPLANDMARKNAME,PICKUPLANDMARKPOINTNAME,DESTINATIONLANDMARKNAME,DESTINATIONLANDMARKPOINTNAME,ACTUALPICKUPGEOHASH,ACTUALDROPOFFGEOHASH,SECUREDIGITALRIDE,ELMSUBMITTEDRIDE,ELMSUBMITTEDRIDESTATUS,PASSENGERIMEI,DRIVERIMEI,SUBSCRIBEDDURINGRIDE,LICENSEPLATE,DRIVERREQUESTTOCANCELDISTANCE,ELMRESULTCODE,DRIVERELMRESPONSE,PROCESS,AUTOMESSAGESTATE,CANCELEDDATETIME,CANCELEDBY,CANCELLATIONREASON,IS_RATED,PAYMENTCC,LASTRIDEWCANCELLATIONFINE,DRIVERPRIORDATE,PASSENGERPRIORDATE,PASSENGERPRIORREQUESTDATE,RIDESSHARE,RIDESSHAREJO,METERBUGCORRECTIONDISBURSED,METERBUGCORRECTIONCHARGED,UNIQUEFLAG,VALUEADDEDTAX,VALUEADDEDTAXREFUND,RIDESTATUSMODIFIED,RIDESTATUSORIGINAL,DRIVERPLANID,FEE,FEEJO,FEETYPE,PAYMENTVALUENMV,RIDEHAILINGSURCHARGE,DISCOUNTCONSUMED,PASSENGERAPPVERSIONTYPE,DESTINATIONGEOHASH,RIDEVALUE,VATONRIDEVALUE,SURCHARGE,VATONSURCHARGE,INTERCITYSURCHARGE,VATONINTERCITYSURCHARGE,CANCELLATIONFINERR,DISCOUNTRR,VATONCANCELLATIONFINE,SUBTOTAL,VATONDISCOUNT,TOTALAMOUNTWITHTAX,VATONRIDEHAILINGSURCHARGE,SURCHARGED_RIDESSHARE,FINISHEDTORATINGDUR,DESTINATIONAREACODE,DRIVEREARNINGS,REQUESTEDDESTINATIONAREACODE,PD_GROUP,REQUESTGEOHASH6,ACTUALPICKUPGEOHASH6,ACTUALDROPOFFGEOHASH6,DISPATCHRULEID,MOKAFAAEARNACCOUNTNUMBER,MOKAFAAESTIMATEDPOINTS,MOKAFAAPOINTSEARNED,MOKAFAAEARNSTATUS,PICKUPPLACEID,PICKUPPLACETYPES,DESTPLACEID,DESTPLACETYPES,HYPERPAYREFERENCEID,REOFFERRIDEID,IS_DINEOUT,DINEOUTPLACEID,ISSCHEDULED,SCHEDULEDBOOKINGID,CARDID,ACTUALDROPOFFLAT,ACTUALDROPOFFLON,ACTUALPICKUPLAT,ACTUALPICKUPLNG,DROPOFFSTREET,ADDRESSSOURCESPICKUP,ADDRESSSOURCESDESTINATION,ADDRESSSOURCESRIDEFEATURE,WAITINGTIME,SERVICEWAITINGTIMEENABLED,COURTESYTIME,COURTESYTIMEEXCEEDED,COURTESYTIMEEXPIRED,WAITINGTIMEAPPLICABLE,TOTALWAITINGTIME,CHARGEDWAITINGTIME,WAITINGTIMEFAREAPPLIED,MAXCHARGEABLEMINUTES,WAITTIMEFACTOR,PASSENGERABGROUP,ABTESTPASSENGER,CONTROLPERCENTAGE,WAITINGTIMEFEE,WALLETENABLED,PICKUPCATEGORY,DESTCATEGORY,COMMISSIONPERCENTAGE,INVOICESTATUS,INVOICEGENERATEDAT,INVOICESUBMITTEDAT,REQUIREDROPOFFMATCHALLOWANCE,MINIMUMSPEEDMATCHALLOWANCE,SPEEDMATCHPERCENTALLOWANCE,DRIVERCARSERVICE,DRIVERELMVERIFIED
6a4cb9464407f7fd1ee5ece9,6a4cb86ed48860dd0508faac,6a2faadf90495b2b6504b191,RUH,31:02.6,18:26.8,7/7/2026,7/9/2026,11,31:02.6,31:03.1,31:08.7,34:07.8,39:23.6,,,,,Nahawand,Dhahrat Laban,"RDLG8216, 8216 Nahawand, 3934, Dhahrat Laban, Riyadh 13782, Saudi Arabia",0.56363041,,,64c12ef149077d3e048b4568,2.83,TRUE,TRUE,TRUE,TRUE,TRUE,Ecolite,10.985,11.78,9.057,2,2.9564562,7.3,,,,17.333333,,Cash,0,,,,,6.22,7.07,7.07,0,0,1.43,1,Finished,,24.63999985,46.56313612,24.62566,46.54827,7,3.999,aamm,th3h5td30qx2,1013.39.1,23.14.2,th3h54zqv79z,TRUE,,,0,jeeny-dispatch-strategy,A,(loc_engine_eta),,6891b6504b7aadcc3e1d1e62,Blue3_August2025,1.182,3.333333333,,CDCB2A3D-DBB0-4820-A2C3-FC07C1DB7787,0.9,0.9,1,Group A,422,FALSE,TRUE,FALSE,FALSE,,,,,,,,,,AUTO_PASSED,512.667,FALSE,FALSE,,,,,,TRUE,1,TRUE,1.01,10.06,,,,,th3h5td2bv1c,th3h54zrn7e2,FALSE,FALSE,FALSE,05B3779E-24E0-48EB-B9B8-1C67C28231DB,9109a32ed3aa8da2,,LNR-6377,,,,,TRUE,,,,FALSE,,FALSE,51:09.8,,,2.73,2.73,,,TRUE,0.93,,Finished,Finished,422,0.22,0.22,percentage,6.14,0.5,4.1,OldAndroid,th3h54,9.05,1.36,0,0,0,0,0,4.1,0,10.24,0.61,11.17,0.075,2.73,,RUH,8.02,RUH,,th3h5t,th3h5t,th3h54,6a4a30a0ee859529f8951790,,,,,ChIJVQ-oCtAeLz4R4UuKlB6xJuM,"premise ,  street_address",ChIJ7x_9WiwfLz4R5j0lvasBOM4,"establishment ,  health ,  point_of_interest",,,0,,0,,,24.6257017,46.548315,24.6397433,46.5631833,مركز صحي لبن الثاني، الكهف,manual_pin,search,where_to,TRUE,TRUE,3,TRUE,1783413424,TRUE,5.3,2.3,TRUE,60,0.3,TREATMENT,TRUE,0,0.69,1,RESIDENTIAL,MEDICAL,28,submitted,50:31.0,51:07.5,TRUE,0,70.89,easygoevo,FALSE
6a4cc69e4407f7fd1ef03698,6a498856e60bf2b49308f4c7,6a46605ce4629954ba08f0b5,RUH,27:58.8,31:30.0,7/7/2026,7/9/2026,12,27:58.8,27:59.0,28:05.1,34:28.0,37:15.9,,,,,Kouraish Al Madani,Ash Shifa,"حي, RLFC2545, 2545 Kouraish Al Madani, 7870, Ash Shifa, Riyadh 14721, Saudi Arabia",0.920506279,,,5847197c95abff8840e8f395,10,TRUE,TRUE,TRUE,TRUE,TRUE,Ecolite,41.315,50.46,35.43,9.27243017,25.86058366,41.616667,,,,53.383333,,Cash,0,,,,,33.43,40.45,40.45,0,0,4.73,1,Finished,,24.55499623,46.67903711,24.70135,46.80122,40.78333333,26.076,friendce3h85,th35wnnehq2q,1013.39.1,2.41.0,th3k8bxxg3qu,TRUE,,,8,jeeny-dispatch-strategy,A,(loc_engine_eta),,6891b651a47b6644d30c23e5,Yellow3_August2025,1.112,2.7,,D044542B-537B-4539-BD70-7B3A35CD4D45,0.9,0.9,1,Group A,422,FALSE,TRUE,FALSE,FALSE,,,,,,,,,,AUTO_PASSED,899.337,FALSE,FALSE,,,,,,TRUE,1,TRUE,3.94,39.37,,,,,th35wnnu3xe2,th3k8bxkfug4,FALSE,FALSE,FALSE,326947EE-3B81-417A-8B6D-70A1B239F216,5A991ECA-F4DA-428F-927F-95F590530ADA,,XLR-4982,,,,,,,,,FALSE,,FALSE,18:53.1,,,8.01,8.01,,,TRUE,4.23,,Finished,Finished,422,0.22,0.22,percentage,36.22,0.5,8.7,OldAndroid,th3k8b,35.43,5.31,0,0,0,0,8,8.7,0,44.91,1.31,49.15,0.075,8.01,,RUH,32.34,RUH,,th35wn,th35wn,th3k8b,6a4a30a0ee859529f8951790,,,,,ChIJHYKDd9MPLz4RRHkjEkQeoPU,"premise ,  street_address",,,,,0,,0,,,24.70085351,46.80084997,24.55521325,46.67926064,"Near RQWA4696, Al Adl",manual_pin,saved_address,where_to,TRUE,TRUE,3,TRUE,1783416839,TRUE,6.27,3.27,TRUE,60,0.3,TREATMENT,TRUE,0,0.981,1,RESIDENTIAL,GENERAL,22,submitted,25:40.3,25:45.0,TRUE,0,97.23,easygo,FALSE
6a4cdb54c5d6742eb7ad4252,6a4cd93312c697ebfa06a6c6,6a082a18144d871bed03e24b,RUH,56:20.7,50:38.9,7/7/2026,7/9/2026,13,56:20.7,56:20.9,56:25.7,02:04.3,09:00.3,,,,,Al Naboulsi,Al-Shemaysi,,0.77710352,,,64c12ef149077d3e048b4568,8,TRUE,TRUE,TRUE,TRUE,TRUE,Ecolite,19.535,29.66,21.381,14,10.290859,29.266667,,,,42.016667,,Cash,1,,,,,15.1,20.66,21.66,0,0,3.34,1,Finished,,24.618018,46.703532,24.67723,46.65617,16.98333333,10.11,aaa4,th3hnc82z9yw,21.29.0,23.15.0,th3hmsmgr91f,TRUE,,,0,jeeny-dispatch-strategy,A,(loc_engine_eta),,6891b6512b984bc8151bac3a,Yellow6_August2025,2.313,4.466666667,,d53d5a1e-8698-4432-875e-75ad98cc7f71,0.9,0.9,1,Group A,428,FALSE,TRUE,FALSE,FALSE,,,,,,,,,,AUTO_PASSED,727.269,FALSE,FALSE,,,,,,TRUE,1,TRUE,2.68,26.78,,,,,th3hnc88epfw,th3hmsmbyd7y,FALSE,FALSE,FALSE,b83c57cd8ba9b7cb,db763195e290d503,,AJS-4301,,,,,TRUE,,,,FALSE,,FALSE,08:06.8,,,7.08,7.08,,,TRUE,2.84,,Finished,Finished,428,0.28,0.28,percentage,18.82,0.5,6.96,NewAndroid,th3hms,24.1,3.62,0,0,0,0,0,6.96,0,25.78,1.04,28.62,0.075,7.08,,RUH,20.88,RUH,,th3hnc,th3hnc,th3hms,6a4a30a0ee859529f8951790,,,,,,street_address,,route,,,0,,0,,,24.6768082,46.6561299,24.6177433,46.7036997,King Khalid Road,manual_pin,search,proxy,TRUE,TRUE,3,TRUE,1783422304,TRUE,6.92,3.92,TRUE,60,0.3,TREATMENT,TRUE,0,1.176,1,GENERAL,GENERAL,28,submitted,40:31.7,40:38.6,TRUE,0,59.1,airport_nm,FALSE
6a4cdbc7c5d6742eb7adacc1,6a4cd1caae0c0b994e0c1e3b,694914163207b07d08592259,RUH,58:15.2,51:19.3,7/7/2026,7/9/2026,13,58:15.2,58:15.3,58:19.4,02:22.1,05:29.5,,,,,طريق الامير محمد بن سلمان بن عبدالعزيز الفرعي,حي الرمال,,1.314702631,,,686d06153be51a02b5c59218,8,TRUE,TRUE,TRUE,TRUE,TRUE,Ecolite,68.115,68.17,58.73,4.33373158,52.53572935,59.65,,,,68.733333,,Cash,0,,,,,50.73,60.17,60.17,0,0,8.35,1,Finished,,24.855134,46.820198,24.55,46.67242,51.76666667,50.294,pl80,th3m3ktrtunz,21.29.0,2.41.0,th35wj1y45ww,TRUE,,,0,jeeny-dispatch-strategy,A,(loc_engine_eta),,6891b651a3c679064f5961e1,Red63_August2025,1.658,4.3,,c2927f02-dfc5-46ec-a2a5-f67c1e7a567c,0.9,0.9,1,Group A,428,FALSE,TRUE,FALSE,FALSE,,,,,,,,,,AUTO_PASSED,1306.553,FALSE,FALSE,,,,,,TRUE,1,TRUE,6.53,65.26,,,,,th3m3ktrefdj,th35wj1vjz72,FALSE,FALSE,FALSE,95439290db6cf002,1FEC596C-A561-47EF-871B-94894978FDBE,,RZK-119,,,,,,,,,FALSE,,FALSE,58:08.4,,52:57.3,16.46,16.46,,,TRUE,7.85,,Finished,Finished,428,0.28,0.28,percentage,52.32,0.5,6.96,NewAndroid,th35wj,58.73,8.81,0,0,0,0,0,6.96,0,59.27,1.04,67.13,0.075,16.46,,RUH,48.84,RUH,,th3m3k,th3m3k,th35wj,6a4a30a0ee859529f8951790,,,,,,street_address,,street_address,,,0,,0,,,24.54984751,46.67257628,24.85512258,46.82011763,505 7364,manual_pin,search,proxy,TRUE,TRUE,3,TRUE,1783422322,TRUE,3.12,0.12,TRUE,60,0.3,TREATMENT,TRUE,0,0.036,1,GENERAL,GENERAL,28,submitted,10:44.2,10:48.8,TRUE,0,90.65,easygo,FALSE
6a4cecb94407f7fd1e121387,6a490e16f25cee0ab908a921,5e540c051050cb0917661fd8,RUH,10:32.9,10:32.5,7/7/2026,7/9/2026,15,10:32.9,10:33.4,10:37.0,21:11.2,21:39.3,,,,,جعفر بن محمد,Al Aqiq,"2458 جعفر بن محمد، Al Aqiq, Riyadh 13511, Saudi Arabia",2.535843999,,,5847197c95abff8840e8f395,8.29,TRUE,TRUE,TRUE,TRUE,TRUE,Ecolite,17.715,17.88,14.9,1.8332406,11.40032784,17.95,,,,29.1,,Applepay,,19ab2ee6-4b10-4274-b926-5838649a9c67,19ab2ee6-4b10-4274-b926-5838649a9c67,8.86,8.86,6.61,0,8.94,,0,1.67,1,Finished,,24.76788453,46.61536668,24.72939,46.65044,15.1,10.209,friendmrtsh4,th3huub72u2u,1013.39.1,2.41.0,th3httcg4h3m,TRUE,,,0,jeeny-dispatch-strategy,A,(loc_engine_eta),MADA,6891b6512b984bd05d467870,Yellow1_August2025,3.974,7.666666667,,25CC99BE-4F75-427A-85A9-A1D41BEDE391,0.9,0.9,1,Group A,426,FALSE,TRUE,FALSE,FALSE,,,,,0,,0.08,,,AUTO_PASSED,2577.994,FALSE,FALSE,,,,,,TRUE,1,TRUE,1.66,16.56,,,,,th3huub7012w,th3httfhb0gm,FALSE,FALSE,FALSE,4834D551-59B6-4C66-84EC-305FA2C9E0B8,BE94472D-CA9F-48CA-82AE-79BB4FFBF26A,,BHJ-7140,,,,,TRUE,,,,FALSE,,FALSE,42:40.6,,,3.31,3.31,,,TRUE,1.17,,Finished,Finished,426,0,0,percentage,7.77,0.5,7.77,OldAndroid,th3htt,14.9,2.24,0,0,0,0,0,7.77,0,15.54,1.17,16.71,0.075,3.31,,RUH,13.39,RUH,,th3huu,th3huu,th3htt,6a4a30a0ee859529f8951790,,,,,EjgyNDU4INis2LnZgdixINio2YYg2YXYrdmF2K_YjCBSaXlhZGggMTM1MTEsIFNhdWRpIEFyYWJpYSIbEhkKFAoSCdtqzuOs4y4-EbJW2Z_XcsESEJoT,street_address,ChIJDSLGc3UdLz4RgoHzMss--ic,"establishment ,  point_of_interest ,  store",6a4cecb6093edb4207260941,,0,,0,,,24.72967171,46.65070047,24.76782624,46.61533452,مخازن العناية، حي,manual_pin,search,where_to,TRUE,TRUE,3,TRUE,1783426870,TRUE,3.47,0.47,TRUE,60,0.3,TREATMENT,TRUE,0,0.141,1,GENERAL,RETAIL,22,submitted,40:36.1,41:02.2,TRUE,0,94.03,easygo,FALSE
6a47b21f7ae76b85a3f578b6,6a47b1b4561e146b480ca856,698c30af7e2e5f05ad0c8a6d,RUH,59:11.2,41:36.0,7/3/2026,7/5/2026,15,59:11.2,59:11.3,59:14.7,03:54.8,07:39.2,,,,,Bilal Ibn Rabah,Aluraija Al Gharbiyah,,1.453691146,,,65e99a9f42886e3c0e8b4568,5.31,TRUE,TRUE,TRUE,TRUE,TRUE,Ecolite,21.025,21.28,21.946,5,14.575329,22.75,,,,31.533333,,Cash,0,,,,,12.47,13.28,13.28,0,0,2.24,0.9,Finished,,24.59128,46.598661,24.53762,46.68992,21.53333333,14.713,k137,th35uksne365,21.29.0,23.15.0,th35w6ytczzs,TRUE,,,0,jeeny-dispatch-strategy,B,(loc_engine_eta),,6891b6515cbf304401265966,Yellow5_August2025,1.968,4.8,,15121843-52da-4987-a7b7-f00f6fa378ce,0.9,0.9,1,Group A,428,FALSE,TRUE,FALSE,FALSE,,,,,,,,,,AUTO_PASSED,1494.335,FALSE,FALSE,,,,,,TRUE,1,TRUE,1.98,21.96,,,,,th35uksnbv1e,th35w6ywc9fp,FALSE,FALSE,FALSE,6a95f586b94be751,14523b3f5c84c4f6,,HUR-8998,,,,,TRUE,,,,FALSE,,FALSE,45:04.5,,,5.04,5.04,,,TRUE,1.74,,Finished,Finished,428,0.28,0.28,percentage,11.54,0.5,6.96,NewAndroid,th35w6,17.78,2.67,0,0,0,0,0,6.96,0,18.5,1.04,20.24,0.075,5.04,,RUH,14.94,RUH,,th35uk,th35uk,th35w6,6a4646800378a2bdbb73a9d8,,,,,,street_address,,"establishment ,  home_goods_store ,  point_of_interest ,  shopping_mall ,  store",,,0,,0,,,24.53776,46.6899017,24.591335,46.598545,"العروبة سنتر، Al Imam Muslim, Riyadh Saudi Arabia",manual_pin,search,where_to,TRUE,TRUE,3,TRUE,1783084014,TRUE,3.73,0.73,TRUE,60,0.3,TREATMENT,TRUE,0,0.219,1,GENERAL,MALL,28,submitted,35:41.3,35:53.8,TRUE,0,93.77,airport_nm,FALSE
6a47cd09c22d83bd74e26888,6a47cc95b8046b399605d77f,6a339aebafde3f368a0cc42e,RUH,54:01.9,07:36.0,7/3/2026,7/5/2026,17,54:01.9,54:02.1,54:12.3,58:51.6,04:08.6,,,,,الامير محمد ابن سلمان ابن عبدالعزيز,حي الفلاح,"RAFC4176، 4176 الامير محمد ابن سلمان ابن عبدالعزيز، حي الفلاح، الرياض 13318, Saudi Arabia",1.70141045,,,65e99a9f42886e3c0e8b4568,8,TRUE,TRUE,TRUE,TRUE,TRUE,Ecolite,27.175,35.37,29.212,2,22.037582,25.016667,,,,41.733333,,Cash,0,,,,,21.55,27.37,27.37,0,0,4.07,0.9,Finished,,24.80611003,46.70452187,24.7789,46.83156,22.11666667,22.012,ka66,th3jngc4n4p9,1013.39.1,23.14.2,th3kcwvew3y0,TRUE,,,0,jeeny-dispatch-strategy,A,(loc_engine_eta),,6891b65132cc9ec573100d04,Yellow7_August2025,7.42,10.63333333,,D70BFD20-FE21-487A-8E59-827535DA76CC,0.9,0.9,1,Group A,422,FALSE,TRUE,FALSE,FALSE,,,,,,,,,,AUTO_PASSED,1681.259,FALSE,FALSE,,universities,pickup,,,TRUE,1,TRUE,3.28,36.48,Imam Mohammad Ibn Saud Islamic University,"Near RAFC4176, الامير محمد ابن سلمان ابن عبدالعزيز",,,th3jngcv0m36,th3kcvtm76nr,FALSE,FALSE,FALSE,7114455B-5CD2-4480-ABFE-CDDEB0909647,2f2922bf3e64e5f2,,RUD-4506,,,,,TRUE,,,,FALSE,,FALSE,53:29.8,,,6.66,6.66,,,TRUE,3.57,,Finished,Finished,422,0.22,0.22,percentage,23.8,0.5,6.96,OldAndroid,th3kcw,29.55,4.43,0,0,0,0,0,6.96,0,30.75,1.04,34.33,0.075,6.66,,RUH,26.87,RUH,,th3jng,th3jng,th3kcv,6a4646800378a2bdbb73a9d8,,,,,ChIJF4gqglj8Lj4Ruqbvh1fMpRY,street_address,ChIJXbtFDpmqLz4RKmeMZ_jIk1I,"establishment ,  food ,  point_of_interest ,  restaurant",,,0,,0,,,24.7723366,46.8420746,24.8066425,46.7052967,مطعم ليمونة، الشيخ جابر الاحمد الصباح، Riyadh Saudi Arabia,manual_pin,search,where_to,TRUE,TRUE,3,TRUE,1783090907,TRUE,5.33,2.33,TRUE,60,0.3,TREATMENT,TRUE,0,0.699,1,GENERAL,DINING,22,submitted,40:50.1,40:59.5,TRUE,0,72.34,easygo,FALSE
6a4f9088c737923ca9380b22,6a4f8db494af6232ba037c43,6a436ac4f14120af2604f6a4,RUH,14:00.3,10:38.0,7/9/2026,7/11/2026,15,14:00.3,14:00.4,14:02.2,16:39.3,26:44.1,,,,,King Abdulaziz Road,Al Khalidiyah,,0.645267506,,,5847197c95abff8840e8f395,7.22,TRUE,TRUE,TRUE,TRUE,TRUE,Ecolite,20.035,24.44,18.186,0,12.5768,13.633333,,,,27.216667,,Cash,0,,,,,9.7,14.43,14.43,0,1.7,2.39,1,Finished,,24.748427,46.571851,24.68772,46.63914,15.26666667,12.708,friendcq2mzd,th3hgc29dk6z,21.29.0,23.15.0,th3hmq386sx6,TRUE,,,0,jeeny-dispatch-strategy,A,(loc_engine_eta),,6891b6512b984bd05d467870,Yellow1_August2025,1.237,2.883333333,,18af926e-5965-4698-b187-b3206457aef3,0.9,0.9,1,Group A,428,FALSE,TRUE,FALSE,FALSE,,,,,,,,,,AUTO_PASSED,656.342,FALSE,FALSE,,,,,,TRUE,1,TRUE,1.88,18.8,,,,,th3hgc29cjpf,th3hmq38q9nh,FALSE,FALSE,FALSE,8769371619bc8e57,74d8f9b3b10cc6fd,,GVR-4654,,,,,TRUE,,,,FALSE,,FALSE,43:22.8,,,5.81,5.81,,,TRUE,1.89,,Finished,Finished,428,0.28,0.28,percentage,12.54,0.5,8.7,NewAndroid,th3hmq,16.92,2.54,1.7,0.26,0,0,0,8.7,0,21.24,1.31,23.13,0.075,5.81,,RUH,16.81,RUH,,th3hgc,th3hgc,th3hmq,6a4382bfa2aa3337168e3a63,,,,,,"establishment ,  food ,  point_of_interest",,"premise ,  street_address",,,0,,0,,,24.6877017,46.63931,24.748405,46.571785,Munifah RGUA2986,manual_pin,manual_pin,where_to,TRUE,TRUE,3,TRUE,1783599579,TRUE,10.07,7.07,TRUE,60,0.3,TREATMENT,TRUE,0,2.121,1,DINING,RESIDENTIAL,28,submitted,45:31.7,45:58.0,TRUE,0,89.18,easygo,FALSE
6a4f99e8c737923ca9433418,6a4f989afb52df1dc2084812,6a1ec345aa265775480800fb,RUH,54:00.5,24:32.9,7/9/2026,7/11/2026,15,54:00.5,54:00.7,54:32.5,02:06.8,06:26.2,,,,,,Al Maather,,12.4106237,,,64c12ef149077d3e048b4568,8,TRUE,TRUE,TRUE,TRUE,TRUE,Ecolite,25.495,30.91,25.359,9,14.933134,36.2,,,,51.05,,Cash,0,,,,,17.97,22.91,22.91,0,0,3.5,1,Finished,,24.565485,46.689908,24.56547,46.68998,29.11666667,15.209,aa4l,th3hq5r6jmfs,21.29.0,23.15.0,th35y2n85rs2,TRUE,,,0,jeeny-dispatch-strategy,B,(loc_engine_eta),,6891b650464f40084c6496ee,Blue1_August2025,1.064,2.05,,bd91984f-5e54-4128-8b67-60ed35c01525,0.9,0.9,1,Group A,434,FALSE,TRUE,FALSE,TRUE,,,,,,,,,,AUTO_PASSED,724.16,FALSE,FALSE,,,,,,TRUE,1,TRUE,2.88,28.85,,,,,th3hq5r6k504,th35y2n8gugq,FALSE,FALSE,FALSE,ef1d5eec700c40de,28fad1edb5111909,,HBS-8864,,,,,TRUE,,,,FALSE,,FALSE,52:37.4,,52:11.2,7.38,7.38,,,TRUE,3,,Finished,Finished,434,0,0,percentage,19.91,0.5,6.96,NewAndroid,th35y2,25.97,3.9,0,0,0,0,0,6.96,0,26.87,1.04,29.87,0.075,7.38,,RUH,21.87,RUH,,th3hq5,th3hq5,th35y2,6a4382bfa2aa3337168e3a63,,,,,,"premise ,  street_address",,street_address,,,0,,0,,,24.565585,46.69,24.6715759,46.6800501,Al Fadilah RLFA2998,manual_pin,manual_pin,where_to,TRUE,TRUE,3,TRUE,1783602306,TRUE,4.32,1.32,TRUE,60,0.3,TREATMENT,TRUE,0,0.396,1,RESIDENTIAL,GENERAL,28,submitted,45:35.5,45:47.2,TRUE,0,79.01,easygoevo,FALSE
6a4fa533c737923ca9523628,6a4fa3eaf0987d59250a7ab6,69722b1d0defae983a6f7c9f,RUH,42:11.1,42:25.3,7/9/2026,7/11/2026,16,42:11.1,42:11.3,42:36.9,49:12.9,53:03.3,,,,,King Khalid Branch Road,Umm Al Hamam Al Gharbi,,1.024749682,,,64c12ef149077d3e048b4568,8,TRUE,TRUE,TRUE,TRUE,TRUE,Ecolite,25.405,30.83,26.05,7.27359707,15.41645899,29.783333,,,,41.75,,Cash,0,,,,,18.05,22.83,22.83,0,0,3.49,1,Finished,,24.691631,46.635376,24.64332,46.58156,22.43333333,16.772,aa4l,th3hmntuukb1,21.29.0,2.40.1,th3h5ypttpb9,TRUE,,,0,jeeny-dispatch-strategy,B,(loc_engine_eta),,6891b6512b984bd05d467870,Yellow1_August2025,3.02,7,,350e78dd-db93-4e9c-b4ce-112552457c8f,0.9,0.9,1,Group A,422,FALSE,TRUE,FALSE,FALSE,,,,,,,,,,AUTO_PASSED,1276.188,FALSE,FALSE,,attractions,pickup,,,TRUE,1,TRUE,2.89,28.94,Laysen Valley,Pickup point 3,,,th3hmnw0qz5r,th3h5ypsvw5t,FALSE,FALSE,FALSE,420c25d041212829,AB9669F6-9254-4413-B30F-E78D75676CAD,,KKR-8306,,,,,,,,,FALSE,,FALSE,28:29.5,,40:46.9,5.79,5.79,,,TRUE,2.99,,Finished,Finished,422,0.22,0.22,percentage,19.84,0.5,6.96,NewAndroid,th3h5y,26.05,3.91,0,0,0,0,0,6.96,0,26.8,1.04,29.79,0.075,5.79,,RUH,23.4,RUH,,th3hmn,th3hmn,th3h5y,6a4382bfa2aa3337168e3a63,,,,,,street_address,,street_address,,,0,,0,,,24.64318242,46.58158544,24.68910754,46.63451035,الفرش RDLA7990,manual_pin,manual_pin,where_to,TRUE,TRUE,3,TRUE,1783605132,TRUE,3.83,0.83,TRUE,60,0.3,TREATMENT,TRUE,0,0.249,1,GENERAL,GENERAL,22,submitted,25:39.9,25:58.1,TRUE,0,69.27,smart_ecolitesaudi,FALSE
6a4fab73b0e119efe86473ae,6a4faaf360291b68720a7f16,6a0df11906f36a864400a619,RUH,08:51.0,53:30.9,7/9/2026,7/11/2026,17,08:51.0,08:51.3,08:53.9,09:00.6,12:55.6,,,,,Abi Jafar Al Mansur,Al Yarmuk,,0.029006051,,,686d06153be51a02b5c59218,8,TRUE,TRUE,TRUE,TRUE,TRUE,Ecolite,35.075,35.39,28.83,2,18.855257,36.833333,,,,41.866667,,Cash,0,,,,,22,27.39,27.39,0,0,4.08,1,Finished,,24.807266,46.784971,24.6879,46.70269,40.13333333,22.903,pl84,th3m0s5b9q3h,21.29.0,23.14.2,th3hqwrc7w1e,TRUE,,,0,jeeny-dispatch-strategy,B,(loc_engine_eta),,6891b650ff313265af58e418,Blue5_August2025,0.027,0.033333333,,4bdabe43-1204-4e12-b895-1fddb23baf55,0.9,0.9,1,Group A,422,FALSE,TRUE,FALSE,FALSE,,,,,,,,,,AUTO_PASSED,0.045,FALSE,FALSE,,,,,,TRUE,1,TRUE,3.33,33.33,,,,,th3m0s5c41u2,th3hqy1w74xy,FALSE,FALSE,FALSE,b3b6f3caedde39c6,ded5c2f9c0b447c0,,VJS-9132,,,,,TRUE,,,,FALSE,,FALSE,02:44.9,,,8.48,8.48,,,TRUE,3.58,,Finished,Finished,422,0.22,0.22,percentage,23.81,0.5,6.96,NewAndroid,th3hqw,30,4.5,0,0,0,0,0,6.96,0,30.77,1.04,34.35,0.075,8.48,,RUH,25.12,RUH,,th3m0s,th3m0s,th3hqy,6a4382bfa2aa3337168e3a63,,,,,,street_address,,street_address,,,0,,0,,,24.6873667,46.70508,24.80731,46.7850267,Soufian Al Thawri 2883,manual_pin,search,where_to,TRUE,TRUE,3,TRUE,1783606320,TRUE,3.9,0.9,TRUE,60,0.3,TREATMENT,TRUE,0,0.27,1,GENERAL,GENERAL,28,submitted,55:38.6,55:55.4,TRUE,0,89.7,easygo,FALSE
6a4fbddcc737923ca9787a2c,6a4a8f2575af86fa240613ed,64b829229e8c752a22717625,RUH,27:24.2,23:30.9,7/9/2026,7/11/2026,18,27:24.2,27:24.4,27:27.9,28:45.7,37:09.1,,,,,Masalah,Al Yarmuk,"3398 Masalah, Al Yarmuk, Riyadh 13251, Saudi Arabia",0.169335627,,,64c12ef149077d3e048b4568,4.56,TRUE,TRUE,TRUE,TRUE,TRUE,Ecolite,17.115,18.99,15.323,3,8.590456,16.333333,,,,26.9,,Cash,0,,,,,9.82,11.4,11.4,0,0,1.99,1,Finished,,24.81323728,46.78300667,24.81503,46.83567,16.13333333,9.295,aa83,th3m0t4740x9,1013.39.1,23.15.0,th3m1v2wn0yg,TRUE,,,0,jeeny-dispatch-strategy,A,(loc_engine_eta),,6891b650ff313265af58e418,Blue5_August2025,0.159,0.383333333,,70356C86-86A1-47AD-BD6C-7E9379FFC7E9,0.9,0.9,1,Group A,428,FALSE,TRUE,FALSE,FALSE,,,,,,,,,,AUTO_PASSED,133.568,FALSE,FALSE,,,,,,TRUE,1,TRUE,1.6,15.98,,,,,th3m0t44zm16,th3m1v2sufud,FALSE,FALSE,FALSE,761DD613-CF14-4E0A-82FE-11B151F95CFA,324543793a714329,,STB-3234,,,,,TRUE,,,,FALSE,,FALSE,05:54.7,,,4.48,4.48,,,TRUE,1.49,,Finished,Finished,428,0.28,0.28,percentage,9.91,0.5,6.6,OldAndroid,th3m1v,14.38,2.16,0,0,0,0,0,6.6,0,16.51,0.99,18,0.075,4.48,,RUH,13.13,RUH,,th3m0t,th3m0t,th3m1v,6a4382bfa2aa3337168e3a63,,,,,EjMzMzk4IE1hc2FsYWgsIEFsIFlhcm11aywgUml5YWRoIDEzMjUxLCBTYXVkaSBBcmFiaWEiGxIZChQKEgkFqkVdsv8uPhF4qTuLrLmNsRDGGg,street_address,ChIJD1cicQCrLz4RZQF_OkF77Vw,"cafe ,  establishment ,  food ,  point_of_interest ,  store",,,0,,0,,,24.814826,46.8356136,24.8131213,46.7828448,زاوية كوفي غمزة corner winks coffee، Sultan Qaboos Bin Said Road,manual_pin,search,where_to,TRUE,TRUE,3,TRUE,1783611102,TRUE,8.43,5.43,TRUE,60,0.3,TREATMENT,TRUE,0,1.629,1,GENERAL,RETAIL,28,submitted,55:41.0,56:32.6,TRUE,0,91.29,easygo,FALSE
6a4a55317ef6256af718be0d,6a49865774378379b1064fcb,6a38d557e4db0fa4e60f66df,RUH,59:29.4,28:16.1,7/5/2026,7/7/2026,15,59:29.4,59:29.6,59:34.2,03:44.6,17:42.6,,,,,,Al Maather,"2645, 7787, Al Maather, Riyadh 12713, Saudi Arabia",0.943374654,,,5847197c95abff8840e8f395,10,TRUE,TRUE,TRUE,TRUE,TRUE,Ecolite,24.435,47.17,48.051,16,33.078106,66.516667,,,,87.066667,,Cash,0,,,,,26.85,37.16,37.16,0,0,5.35,1,Finished,,24.67188891,46.67469713,24.75232,46.67984,22.65,15.666,6cz9h3,th3hq5kuud2d,1013.39.1,23.15.0,th3hy4p0xngk,TRUE,,,0,jeeny-dispatch-strategy,A,(loc_engine_eta),,6891b650464f40084c6496ee,Blue1_August2025,1.106,4.416666667,,444CC37A-C4C2-437A-87D8-E1E181C692DD,0.9,0.9,1,Group A,422,FALSE,TRUE,FALSE,FALSE,,,,,,,,,,AUTO_PASSED,864.887,FALSE,FALSE,,hospitals,pickup,,,TRUE,1,TRUE,4.09,40.94,King Faisal Specialist Hospital,Main Gate,,,th3hq5knxwb9,th3m42y3e44u,FALSE,FALSE,FALSE,E2BE3DE3-9BB7-4D49-955F-F7098AF2DBE1,822fb3ac64423b75,,NBS-1379,,,,,TRUE,,,,FALSE,,FALSE,33:18.2,,,11.34,11.34,,,TRUE,4.85,,Finished,Finished,422,0.22,0.22,percentage,32.31,0.5,8.7,OldAndroid,th3hy4,36.85,5.53,0,0,0,0,0,8.7,0,41,1.31,45.86,0.075,11.34,,RUH,33.25,RUH,,th3hq5,th3hq5,th3m42,6a4a30a0ee859529f8951790,,,,,ChIJmbvzAFQDLz4RSIcUtPxA4Pc,"premise ,  street_address",ChIJN_3hTDT9Lj4RA9Sff2s6rL4,"establishment ,  mosque ,  place_of_worship ,  point_of_interest",,,0,,0,,,24.7895451,46.8654052,24.6723254,46.6757379,مسجد النور,manual_pin,search,where_to,TRUE,TRUE,3,TRUE,1783256732,TRUE,15.15,12.15,TRUE,60,0.3,TREATMENT,TRUE,0,3.645,1,RESIDENTIAL,RELIGIOUS,28,submitted,30:51.4,30:55.5,TRUE,0,99.07,easygoevo,FALSE
6a4a60037ef6256af727aacf,6a4a5f9acb53e56e2d0306df,6a281eeccc37e07f710cb0a5,RUH,45:39.3,45:30.9,7/5/2026,7/7/2026,16,45:39.3,45:39.5,45:43.5,49:51.9,52:46.7,,,,,عسير,Al Jaradiyah,"6710 عسير، 4388, Al Jaradiyah, Riyadh 12747, Saudi Arabia",0.453357597,,,65e99a9f42886e3c0e8b4568,8,TRUE,TRUE,TRUE,TRUE,TRUE,Ecolite,52.655,52.68,41.236,18,27.375353,58.216667,,,,65.65,,Cash,0,,,,,37.29,44.68,44.68,0,0,6.33,1,Finished,,24.61734475,46.69756457,24.75161,46.82374,48.88333333,39.924,ka4,th3hn9knkm9q,1013.39.1,23.15.0,th3kc9bh84x0,TRUE,,,0,jeeny-dispatch-strategy,A,(loc_engine_eta),,6891b650464f40084c6496ee,Blue1_August2025,0.707,3.366666667,,12DC5661-AE40-428B-9AA9-FCE48FD98941,0.9,0.9,1,Group A,434,FALSE,TRUE,FALSE,FALSE,,,,,,,,,,AUTO_PASSED,429.064,FALSE,FALSE,,,,,,TRUE,1,TRUE,5.03,50.32,,,,,th3hn9kn1b01,th3kc3zx1bpt,FALSE,FALSE,FALSE,A0883684-568C-4E48-9F2A-A4E9652F1983,e101be5483bf109a,,VRS-7516,,,,,TRUE,,,,FALSE,,FALSE,11:03.5,,,12.69,12.69,,,TRUE,5.83,,Finished,Finished,434,0,0,percentage,38.85,0.5,6.96,OldAndroid,th3kc9,45.29,6.79,0,0,0,0,0,6.96,0,45.81,1.04,51.64,0.075,12.69,,RUH,37.65,RUH,,th3hn9,th3hn9,th3kc3,6a4a30a0ee859529f8951790,,,,,ChIJa5TFSm0FLz4RNvoGCeuJ0aM,street_address,ChIJQxhG7oIALz4RbbohXCyV_ts,"car_repair ,  establishment ,  point_of_interest",,,0,,0,,,24.7520266,46.8231291,24.6172717,46.6974631,كيا للصيانة الجبر خريص، Kharis Branch Road,manual_pin,search,proxy,TRUE,TRUE,3,TRUE,1783259561,TRUE,3.07,0.07,TRUE,60,0.3,TREATMENT,TRUE,0,0.021,1,GENERAL,GENERAL,28,submitted,55:47.0,55:57.3,TRUE,0,57.59,easygo,FALSE
6a47dbc2c22d83bd74f0b42a,6a47db58fc5fa530bc0d2ef3,6a3f865cf8ec8f954507279c,RUH,56:50.8,22:32.8,7/3/2026,7/5/2026,18,56:50.8,56:50.8,57:00.1,11:17.3,16:18.3,,,,,,Uraidh,,20.46052687,,,64c12ef149077d3e048b4568,8,TRUE,TRUE,TRUE,TRUE,TRUE,Ecolite,45.815,51.04,48.003,11,33.523827,64.283333,,,,84.45,,Cash,0,,,,,31.34,43.04,43.04,0,3.93,6.12,0.9,Finished,,24.68926,46.653508,24.68926,46.65351,65.15,33.882,aa7l,th3725svz064,21.29.0,23.14.2,th3hmws13edk,TRUE,,,0,jeeny-dispatch-strategy,A,(loc_engine_eta),,6891b651cd50e22cba5d56dd,Red53_August2025,11.399,16.61666667,,35be675d-d972-426b-a21e-8667641557d7,0.9,0.9,1,Group A,422,FALSE,TRUE,FALSE,FALSE,,,,,,,,,,AUTO_PASSED,3675.92,FALSE,FALSE,,,,,,TRUE,1,TRUE,4.37,48.57,,,,,th3725exwfch,th3hmwdcc4hr,FALSE,FALSE,FALSE,54eee3440f50dbb5,74e1ae3ea8671182,,TNJ-5580,,,,,TRUE,,,,FALSE,,FALSE,59:23.1,,,9.65,9.65,,,TRUE,5.62,,Finished,Finished,422,0.22,0.22,percentage,37.42,0.5,6.96,NewAndroid,th3hmw,39.34,5.9,3.93,0.59,0,0,0,6.96,0,44.38,1.04,50,0.075,9.65,,RUH,38.6,RUH,,th3725,th3725,th3hmw,6a4646800378a2bdbb73a9d8,,,,,,street_address,,street_address,,,0,,0,,,24.6893383,46.6517746,24.4980681,46.7629103,Prince Nawaf Ibn Abdul Aziz 4068,manual_pin,manual_pin,where_to,TRUE,TRUE,3,TRUE,1783095257,TRUE,5.02,2.02,TRUE,60,0.3,TREATMENT,TRUE,0,0.606,1,GENERAL,GENERAL,22,submitted,25:56.9,26:06.1,TRUE,0,99.72,easygo,FALSE
6a50fc7bc737923ca92e85e4,6a50f6b3619cc927f105ec7e,6a2fd983465a66d3f50a4644,RUH,06:51.7,51:32.3,7/10/2026,7/12/2026,17,06:51.7,06:51.8,07:04.2,16:03.1,22:20.7,,,,,محمد المنصوري,حي النرجس,"RAJB6853، 6853 محمد المنصوري، 3070، حي النرجس، Riyadh 13339, Saudi Arabia",1.391600302,,,64c12ef149077d3e048b4568,6.97,TRUE,TRUE,TRUE,TRUE,TRUE,Ecolite,9.515,23.71,12.687,0,6.861485,11.266667,نصاب لا احد يركب معاه يجلس يدور بالشوارع لين يرتفع السعر,1,Other,28.183333,,Cash,0,,,,,13.16,17.43,17.43,0,0,1.73,0.9,Finished,,24.88288412,46.64117129,24.88906,46.62019,6.683333333,3.609,aa83,th3jt3g161cb,1013.39.1,23.16.0,th3jsfgv31j4,TRUE,36:18.2,7/10/2026,8,jeeny-dispatch-strategy,A,(loc_engine_eta),,6891b651008d57c7b830139f,Red61_August2025,3.761,6.983333333,,5E742BE8-A737-442D-BF18-2E79DB7B599D,0.9,0.9,1,Group A,434,FALSE,TRUE,FALSE,FALSE,,,,,,,,,,AUTO_PASSED,1372.79,FALSE,FALSE,,,,,,TRUE,1,TRUE,1.35,14.98,,,,,th3jt3f3fdgs,th3jmqgjwm3w,FALSE,FALSE,FALSE,D326F362-BF6E-48F1-929D-DA2FA6DAF615,ce59b96f08304033,,DRR-4849,,,,,TRUE,,,,TRUE,,FALSE,37:42.7,,47:42.9,3.68,3.68,,,TRUE,1.23,,Finished,Finished,434,0,0,percentage,16.2,0.5,5.46,OldAndroid,th3jsf,12.13,1.82,0,0,0,0,8,5.46,0,21.66,0.82,22.89,0.075,3.68,183,RUH,10.83,RUH,,th3jt3,th3jt3,th3jmq,6a4382bfa2aa3337168e3a63,,,,,ChIJl50Qg33lLj4RVt1b8JwnsHc,"premise ,  street_address",ChIJ9d94PgDvLj4Rc2Cc8lloalc,"establishment ,  health ,  pharmacy ,  point_of_interest ,  store",,,0,,0,,,24.8671538,46.6413533,24.8829758,46.6401648,صيدلية النهدي، Riyadh Saudi Arabia,manual_pin,recent,recent,TRUE,TRUE,3,TRUE,1783693135,TRUE,6.42,3.42,TRUE,60,0.3,TREATMENT,TRUE,0,1.026,1,RESIDENTIAL,MEDICAL,28,submitted,35:32.5,35:58.0,TRUE,0,88.01,evo_airportnm,FALSE
6a5103c5c737923ca9347544,6a50c9cc746c6e6a3401c225,6a0304f9c31d6294a40afe91,RUH,37:58.0,58:17.5,7/10/2026,7/12/2026,17,37:58.0,37:58.3,38:00.4,43:33.4,52:50.2,,,,,علي بن أبي طاهر,حي السعادة,,,,,65e99a9f42886e3c0e8b4568,8,TRUE,TRUE,TRUE,TRUE,TRUE,Ecolite,22.075,36.5,28.21,13,19.155176,32.833333,,,,47.95,,Cash,0,,,,,18.69,28.5,28.5,0,2.67,4.22,0.9,Finished,,,,24.81068,46.87029,22.78333333,15.667,ka30,th3k9bf4jdek,21.29.0,23.14.2,th3m4s9usvvr,TRUE,,,0,jeeny-dispatch-strategy,A,(loc_engine_eta),,6891b6528351f3291d5567ec,Yellow2_August2025,1.703,3.65,,88cec41e-ddd6-450e-9640-5ec275686a4d,0.9,0.9,1,Group A,428,FALSE,TRUE,FALSE,FALSE,,,,,,,,,,AUTO_PASSED,965.987,FALSE,FALSE,,,,,,TRUE,1,TRUE,2.96,32.94,,,,,th3kd0qhfkh8,th3m4sfd1u3v,FALSE,FALSE,FALSE,ea845413cdf3e0c7,534aa092363cca9f,,LKD-5130,,,,,TRUE,,,,FALSE,,FALSE,40:25.3,,36:58.4,8.75,8.75,,,TRUE,3.72,,Finished,Finished,428,0.28,0.28,percentage,24.78,0.5,6.96,NewAndroid,th3m4s,26.69,4,2.67,0.4,0,0,0,6.96,0,31.74,1.04,35.46,0.075,8.75,,RUH,25.45,RUH,,th3k9b,th3kd0,th3m4s,6a4382bfa2aa3337168e3a63,,,,,,"premise ,  street_address",,street_address,,,0,,0,,,24.8116158,46.8711866,24.6994758,46.8540457,Khurais - 522 9060,search,search,where_to,TRUE,TRUE,3,TRUE,1783694793,TRUE,9.27,6.27,TRUE,60,0.3,TREATMENT,TRUE,0,1.881,1,RESIDENTIAL,GENERAL,28,submitted,30:35.2,30:45.2,TRUE,0,84.88,airport_nm,FALSE
6a510474c737923ca93517b2,6a51038309929661e201c032,6921b08624da4326a5402391,RUH,40:52.3,58:35.2,7/10/2026,7/12/2026,17,40:52.3,40:52.5,40:56.5,46:53.5,50:27.6,,,,,An Nasr Road,حي العزيزية,"RMAB3181, 3181 An Nasr Rd, 8688، حي العزيزية، Riyadh 14515, Saudi Arabia",0.197177901,,,5847197c95abff8840e8f395,2.57,TRUE,TRUE,TRUE,TRUE,TRUE,Ecolite,9.515,10.28,8.63,0,1.6081016,4.933333,,,,15.283333,,Cash,0,,,,,5.2,5.14,5.14,0,0,1.17,0.9,Finished,,24.58727403,46.76080699,24.59059,46.76687,4.216666667,1.959,friendcz2daf,th37b5fpxy2j,1013.39.2,23.14.2,th37bhwde41z,TRUE,,,0,jeeny-dispatch-strategy,B,(loc_engine_eta),,6891b650a2084e6905526bd7,Blue6_August2025,0.862,1.733333333,,B311954F-AF3D-4DBB-93FE-2A406A76177A,0.9,0.9,1,Group A,428,FALSE,TRUE,FALSE,FALSE,,,,,,,,,,AUTO_PASSED,170.3,FALSE,FALSE,,,,,,TRUE,1,TRUE,0.86,8.63,,,,,th37bh42j76w,th37bhwer0xd,FALSE,TRUE,TRUE,865A90DA-DF2A-4F10-924B-48D20D171C74,7bb57858bd0bdb38,,RXD-5831,,success,Rejected,ELMSQLDaily,FALSE,,,,FALSE,,FALSE,39:54.2,,,2.36,2.36,,,TRUE,0.67,,Finished,Finished,428,0.28,0.28,percentage,4.47,0.5,4.47,OldAndroid,th37bh,7.77,1.17,0,0,0,0,0,4.47,0,8.93,0.67,9.61,0.075,2.36,,RUH,6.93,RUH,,th37b5,th37bh,th37bh,6a4382bfa2aa3337168e3a63,,,,,ChIJT6lVM9gILz4RYAHlxTEfQVg,street_address,ChIJdYwfGx4JLz4RlWhd3XHBRGA,"cafe ,  establishment ,  food ,  point_of_interest ,  restaurant ,  store",,,0,,0,,,24.5907099,46.7670494,24.5874208,46.7611311,Zoni coffee   زوني، An Nasr Road,manual_pin,search,where_to,TRUE,TRUE,3,TRUE,1783694895,TRUE,5.2,2.2,TRUE,60,0.3,TREATMENT,TRUE,0,0.66,1,GENERAL,RETAIL,28,submitted,00:32.2,05:51.8,TRUE,0,70.16,airport_nm,TRUE
6a510840c737923ca9386ec4,6a4e7a0158e88ac92e069b02,5b3a35c564686e23234ab1c8,RUH,57:04.2,02:21.8,7/10/2026,7/12/2026,17,57:04.2,57:04.3,57:26.6,03:51.3,07:32.5,,,,,علي الدارقطني,Ar Rimal,"RURA8955، 8955 علي الدارقطني، 4325, Ar Rimal, Riyadh 13265, Saudi Arabia",2.985962054,,,5847197c95abff8840e8f395,7.53,TRUE,TRUE,TRUE,TRUE,TRUE,Ecolite,12.935,16.42,13.49,1.707669429,6.787569387,12.883333,,5,,23.4,,Cash,0,,,,,5.96,8.21,8.21,0,0,1.57,0.9,Finished,,24.86100785,46.84406266,24.83894,46.80806,7.866666667,8.317,friende4cb9a,th3m3vvcmc9w,1013.39.1,2.41.0,th3m31u96f52,TRUE,21:19.6,7/10/2026,0,jeeny-dispatch-strategy,A,(loc_engine_eta),,6891b6528351f3291d5567ec,Yellow2_August2025,3.479,5.616666667,,2F8AFE85-6BA2-4660-AD0A-B43FA17294F0,0.9,0.9,1,Group A,422,FALSE,TRUE,FALSE,FALSE,,,,,,,,,,AUTO_PASSED,2875.004,FALSE,FALSE,,,,,,TRUE,1,TRUE,1.5,16.66,,,,,th3m3vys5bsr,th3m31sct3hd,FALSE,FALSE,FALSE,EF38F548-1485-4C56-AB7E-6556A0A211C7,18316ADB-99E7-4331-9D34-C50F82605718,,XVJ-7143,,,,,,,,,TRUE,,FALSE,07:43.4,,,3.03,3.03,,,TRUE,1.07,,Finished,Finished,422,0.22,0.22,percentage,7.14,0.5,7.14,OldAndroid,th3m31,13.49,2.02,0,0,0,0,0,7.14,0,14.28,1.07,15.35,0.075,3.03,181,RUH,12.25,RUH,,th3m3v,th3m3v,th3m31,6a4382bfa2aa3337168e3a63,,,,,ChIJKfZU379VLj4RJDMfrTgtH54,"premise ,  street_address",ChIJlem0m37_Lj4R9YDUB2O9YPY,"establishment ,  florist ,  home_goods_store ,  point_of_interest ,  store",,,0,,0,,,24.83760458,46.80851239,24.86137776,46.84381012,سكة الزهور للورود و تنسيق الحفلات ( كوش ، تجهيز حفلات )، Riyadh Saudi Arabia,manual_pin,search,where_to,TRUE,TRUE,3,TRUE,1783695993,TRUE,3.98,0.98,TRUE,60,0.3,TREATMENT,TRUE,0,0.294,1,RESIDENTIAL,RETAIL,22,submitted,25:33.6,25:59.7,TRUE,0,49.9,easygo,FALSE
6a511050c737923ca93f9a66,6a4e55281913831cbf0ab2dc,66e05a13c9b2fc003d3a4e00,RUH,31:28.3,09:39.6,7/10/2026,7/12/2026,18,31:28.3,31:28.5,31:36.6,38:53.3,42:25.7,,,,,السويدي العام,سلطانة,4578 السويدي العام، سلطانة، الرياض 12775، السعودية,0.176244117,,,64c12ef149077d3e048b4568,2.74,TRUE,TRUE,TRUE,TRUE,TRUE,Ecolite,9.515,11.42,8.63,7,1.3575146,10.666667,,,,21.733333,,Cash,0,,,,,6.5,6.85,6.85,0,0,1.39,0.9,Finished,,24.6001465,46.69674825,24.59234,46.69152,6.533333333,1.61,aa83,th35yw51mgj5,1013.39.2,23.16.2,th35ykzsz22w,TRUE,,,0,jeeny-dispatch-strategy,A,(loc_engine_eta),,6891b6505eb33f45c82f0705,Green1_August2025,1.051,3.533333333,,24043C06-2BB8-420A-B6FE-1AB6A02FE7C6,0.9,0.9,1,Group A,435,FALSE,TRUE,FALSE,FALSE,,,,,,,,,,AUTO_PASSED,182.353,FALSE,FALSE,,,,,,TRUE,1,TRUE,1.03,11.41,,,,,th35yw50uqun,th35ykzv02sj,FALSE,FALSE,FALSE,EF9359A5-9202-420A-9D73-918AF4A826EF,8e20924c39e621a3,,ZDD-4200,,,,,TRUE,,,,FALSE,,FALSE,55:10.2,,,2.64,2.64,,,TRUE,0.89,,Finished,Finished,435,0.28,0.28,percentage,5.96,0.5,3.97,OldAndroid,th35yk,9.24,1.39,0,0,0,0,0,3.97,0,9.92,0.6,10.82,0.075,2.64,,RUH,7.81,RUH,,th35yw,th35yw,th35yk,6a4382bfa2aa3337168e3a63,,,,,EjM0NTc4IEFsIFNvdXdlaWRpIEFsIEFhbSwgUml5YWRoIDEyNzc1LCBTYXVkaSBBcmFiaWEiGxIZChQKEgkHEoxAYgUvPhGJe6XJQ734TBDiIw,street_address,EjQ4MTc2IFN1bGVpbWFuIEFsIE1vdXNhbGksIFJpeWFkaCAxMjc5NywgU2F1ZGkgQXJhYmlhIhsSGQoUChIJTzx2lfIPLz4Rj2z3cWSG4WUQ8D8,street_address,,,0,,0,,,24.5923841,46.6915675,24.5985547,46.6962023,Suleiman Al Mousali,manual_pin,manual_pin,proxy,TRUE,TRUE,3,TRUE,1783698109,TRUE,3.6,0.6,TRUE,60,0.3,TREATMENT,TRUE,0,0.18,1,GENERAL,GENERAL,28,submitted,55:36.2,56:22.6,TRUE,0,51.73,airport_nm,FALSE
6a5118e7b0e119efe84edb59,6a4992853550305fdc0a4e0f,6420273a97d04f2938257e65,RUH,08:06.3,17:31.2,7/10/2026,7/12/2026,19,08:06.3,08:07.8,08:26.7,16:56.3,20:19.0,,,,,علي بن شيبان,Dahiat Namar,"RKAB2748، 2748 علي بن شيبان، 6982, Dahiat Namar, Riyadh 14925, Saudi Arabia",1.987044518,,,64c12ef149077d3e048b4568,4.76,TRUE,TRUE,TRUE,TRUE,TRUE,Ecolite,12.545,12.7,10.41,1.747910881,5.7506371,12.766667,,,,25,,Applepay,,8ff72ac8-b43e-4c69-b1c2-049ff684d8aa,8ff72ac8-b43e-4c69-b1c2-049ff684d8aa,7.53,7.53,5.65,0,7.62,,0,1.5,0.9,Finished,,24.56267208,46.59340731,24.56435,46.54533,11.95,6.285,aard,th35sr2pdcqq,1013.39.1,2.41.0,th35epv38y9x,TRUE,,,0,jeeny-dispatch-strategy,B,(loc_engine_eta),MADA,6891b6515cbf304401265966,Yellow5_August2025,2.545,5.016666667,,47443EA9-8FCF-474A-8D63-24D885317D82,0.9,0.9,1,Group A,422,FALSE,TRUE,FALSE,FALSE,,,,,0,,0.09,,,AUTO_PASSED,1951.5,FALSE,FALSE,,,,,,TRUE,1,TRUE,1.16,12.86,,,,,th35sr80k8fd,th35eptwwrbe,FALSE,FALSE,FALSE,5DF4C0D2-11A3-4A03-84C6-8505C6A695D6,DBF5AD1D-D03F-478A-AAB0-CCFE7C8DBAE9,,RVR-6259,,,,,,,,,FALSE,,FALSE,23:59.2,,,2.32,2.32,,,TRUE,1,,Finished,Finished,422,0.22,0.22,percentage,6.62,0.5,4.42,OldAndroid,th35ep,10.41,1.56,0,0,0,0,0,4.42,0,11.04,0.66,12.04,0.075,2.32,,RUH,9.38,RUH,,th35sr,th35sr,th35ep,6a4382bfa2aa3337168e3a63,,,,,ChIJJ5_vNa8QLz4RQCCzEiWfEwg,"premise ,  street_address",ChIJKTF4F0cYLz4RPqJ1hZgQqFk,street_address,6a5118e28c33b5791d517b59,,0,,0,,,24.56384114,46.54590798,24.56273039,46.59321437,السنباطي,manual_pin,manual_pin,proxy,TRUE,TRUE,3,TRUE,1783700392,TRUE,3.43,0.43,TRUE,60,0.3,TREATMENT,TRUE,0,0.129,1,RESIDENTIAL,GENERAL,22,submitted,35:34.5,36:07.1,TRUE,0,85.76,evo_airportnm,FALSE
6a5353277c77b079cb3e01e2,6a5351c969b6605eac0b6304,62e108560333ca61b2014e2c,RUH,41:11.8,06:14.2,7/12/2026,7/12/2026,11,41:11.8,41:11.9,41:26.2,52:33.0,53:11.3,,,,,ابن حجر,حي الدار البيضاء,"RMDA3576، 3576 ابن حجر، 7373، حي الدار البيضاء، Riyadh 14517, Saudi Arabia",2.256018361,,,64c12ef149077d3e048b4568,3.52,TRUE,TRUE,TRUE,TRUE,TRUE,Ecolite,14.585,14.65,11.375,2,5.1205726,8.483333,,5,Well_dressed,20.8,,Cash,0,,,,,8.66,8.8,8.8,0,0,1.66,1,Finished,,24.5666863,46.79573441,24.58701,46.7623,13.08333333,6.096,aard,th37bb5xsc8u,1013.39.2,23.15.0,th37b5gm8wf5,TRUE,36:42.9,7/13/2026,0,jeeny-dispatch-strategy,A,(loc_engine_eta),,6891b650a2084e6905526bd7,Blue6_August2025,3.618,9,,55858784-FB6B-4359-89D0-7E579430E1ED,0.9,0.9,1,Group A,428,FALSE,TRUE,FALSE,FALSE,,,,,,,,,,AUTO_PASSED,2305.761,FALSE,FALSE,,,,,,TRUE,1,TRUE,1.35,13.53,,,,,th37b8vcq4st,th37b5dvgjnd,FALSE,FALSE,FALSE,2CDE75D1-3FA9-4D1E-9013-07BE011437CA,3.54359E+14,,ZJD-2745,,,,,TRUE,,,,TRUE,,FALSE,24:06.9,,,3.42,3.42,,,TRUE,1.16,,Finished,Finished,428,0.28,0.28,percentage,7.64,0.5,5.09,OldAndroid,th37b5,12.18,1.83,0,0,0,0,0,5.09,0,12.73,0.76,13.89,0.075,3.42,995,RUH,10.16,RUH,,th37bb,th37b8,th37b5,6a4a30a0ee859529f8951790,,,,,ChIJG3S8e44JLz4RoBUeQoZH-zY,"premise ,  street_address",ChIJCS4n1t4ILz4R3oQBaK7uZts,"establishment ,  point_of_interest ,  shopping_mall",,,0,,0,,,24.5856701,46.7617266,24.5697785,46.7879454,مجمّع تلد التجاري، Riyadh Saudi Arabia,manual_pin,search,proxy,TRUE,TRUE,3,TRUE,1783846381,TRUE,3.15,0.15,TRUE,60,0.3,TREATMENT,TRUE,0,0.045,1,RESIDENTIAL,MALL,28,submitted,05:36.2,06:14.2,TRUE,0,70.2,airport_nm,FALSE
6a5b8b73086b15be44f26902,6a5b8ad97693d51da803046f,6171b53e29614d73af6e05bd,HOF,19:31.1,46:11.4,7/18/2026,7/18/2026,17,19:31.1,19:31.3,19:37.1,24:41.3,28:12.1,,,,,Al Amir Muhammad Ibn Fahd,Munifah,"4339 Al Amir Muhammad Ibn Fahd, Munifah, Al Hofuf 36441, Saudi Arabia",0.855838471,,,64c12ef149077d3e048b4568,5.43,TRUE,TRUE,TRUE,TRUE,TRUE,Jeenyeco,14.305,14.48,11.94,0.666638152,9.453728396,12.5,,5,,21.233333,,Applepay,,5bfc682c-2387-4e2d-a270-b7a8f0dbf28c,5bfc682c-2387-4e2d-a270-b7a8f0dbf28c,8.59,8.59,6.51,0,8.68,,0,1.63,1,Finished,,25.34835207,49.55983562,25.31029,49.52786,16.38333333,11.929,aaa4,the0py82ggp5,1013.39.2,2.41.0,th7pzp954u10,TRUE,50:22.5,7/18/2026,0,jeeny-dispatch-strategy,A,(distance_pickup+distance_destination),MADA,DEFAULT_NEIGHBOURHOOD_HOF,,2.896,5.016666667,,22514C28-835B-41A6-9A83-472857A4BF98,0.8,0.8,1,Group A,422,FALSE,TRUE,FALSE,FALSE,,,,,0,,0.09,,,AUTO_PASSED,841.057,FALSE,FALSE,,,,,,TRUE,0.9,TRUE,1.5,14.93,,,,,the0py824gx9,th7pzp95rs8c,FALSE,FALSE,FALSE,7A7BFF37-A791-4CB6-BEE9-CB77A24A4672,F7D428F0-D125-4B06-B82A-A06497B99D45,,GHD-5743,,,,,,,,,TRUE,,FALSE,41:05.4,,,1.21,1.21,,,TRUE,1.13,,Finished,Finished,422,0.22,0.22,percentage,7.55,0.5,5.04,OldAndroid,th7pzp,11.94,1.79,0,0,0,0,0,5.04,0,12.59,0.76,13.72,0.075,1.21,250,HOF,12.38,HOF,,the0py,the0py,th7pzp,default_rule,,,,,Ejw0MzM5IEFsIEFtaXIgTXVoYW1tYWQgSWJuIEZhaGQsIEFsIEhvZnVmIDM2NDQxLCBTYXVkaSBBcmFiaWEiGxIZChQKEgnLY-MhKpE3PhHIu5Psyao4vhDzIQ,street_address,,,6a5b8b71102ced79f715fa01,,0,,0,,,25.31033569,49.52806359,25.34822458,49.55979768,"Near FHGD7641, خبيب ابن اساف",manual_pin,saved_address,proxy,TRUE,TRUE,3,TRUE,1784384861,TRUE,3.5,0.5,TRUE,60,0.3,TREATMENT,TRUE,0,0.15,1,GENERAL,GENERAL,10,submitted,45:33.5,46:11.4,TRUE,0,96.13,easygo,FALSE
6a47bcd77ae76b85a3fcd882,6a47a71159cfec7f310d2a33,677a66451501c06c854c618e,IRB,44:55.0,51:22.5,7/3/2026,7/5/2026,16,44:55.0,44:55.1,44:57.4,46:44.5,50:00.7,,,,,Al-Madares Street,,,0.448990073,,,65e4211042886e6a028b4573,0.5,TRUE,TRUE,TRUE,TRUE,TRUE,Ultraeconomy,2.55,2.4,3.011,0,8.314128,13.683333,,5,Clean_car,18.983333,,Cash,0,,,,,1.88,1.68,1.68,0,0,0,1,Finished,,32.516657,35.851361,32.46915,35.79502,16.41666667,9.238,u3,svc2zz6pnjyy,21.29.0,23.14.2,svc2wwc4s2m2,TRUE,48:04.9,7/3/2026,0,jeeny-dispatch-strategy,A,(distance_pickup+distance_destination),,6889fafda23918f088373faa,Yellow3_August2025,0.818,2.05,0.0544,c9e4c1ed-a141-4fa7-94b5-ee38c455d209,0.9,0.9,1,Group A,415,FALSE,TRUE,FALSE,FALSE,,,,,,,,,,AUTO_PASSED,421.583,FALSE,FALSE,,,,,,TRUE,1,TRUE,0.26,2.64,,,,,svc2zz6q8d14,svc2wxfcg3eg,FALSE,FALSE,FALSE,0219ceff2ad951b3,2214bf3686409b42,,49-96485,,,,,TRUE,,,,TRUE,,FALSE,19:09.4,,,0.34,0.34,,,TRUE,0.05,,Finished,Finished,415,0.14,0.14,percentage,1.68,0,0.72,NewAndroid,svc2ww,2.38,0,0,0,0,0,0,0.72,0,2.4,0,2.4,0,0.34,225,IRB,2.27,IRB,,svc2zz,svc2zz,svc2wx,default_rule,,,,,,"premise ,  street_address",,route,,,0,,0,,,32.4745217,35.7973783,32.5165383,35.8515017,Tariaq Bedon Esm,manual_pin,search,proxy,TRUE,TRUE,3,TRUE,1783086584,TRUE,3.27,0.27,TRUE,60,0.06,TREATMENT,TRUE,0,0.0162,1,RESIDENTIAL,GENERAL,,,,,TRUE,0,94.56,_ecoliteirb,FALSE
6a47e1287ae76b85a31ebce1,6a47dfa3abcbc06fcd05c6cc,685334795c3e5890311d1e5e,IRB,19:52.4,28:28.6,7/3/2026,7/5/2026,19,19:52.4,19:52.5,19:56.1,21:29.6,25:27.8,,,,,Bludan,,,0.950090656,,,64c22e6249077d7d048b4568,0.3,TRUE,TRUE,TRUE,TRUE,TRUE,Ultraeconomy,1.13,1.43,1.693,0,3.2261736,8.45,,,,14.166667,,Cash,0,,,,,1.07,1,1,0,0,0,1,Finished,,32.532405,35.849323,32.5377,35.85201,6.983333333,2.401,ar6n,svc3p99t15z7,21.29.0,23.12.3,svc3pg69u6uk,TRUE,,,0,jeeny-dispatch-strategy,A,(distance_pickup+distance_destination),,6889fafda23918f088373faa,Yellow3_August2025,0.67,2.116666667,0.032,69befbb7-ac9e-43b8-b4fd-916d388411fa,0.9,0.9,1,Group A,415,FALSE,TRUE,FALSE,FALSE,,,,,,,,,,AUTO_PASSED,225.897,FALSE,FALSE,,,,,,TRUE,1,TRUE,0.15,1.52,,,,,svc3p99t2uek,svc3pujetpbb,FALSE,FALSE,FALSE,6c4644454b56c610,8.67037E+14,,49-32472,,,,,TRUE,,,,FALSE,,FALSE,02:05.8,,,0.2,0.2,,,TRUE,0.03,,Finished,Finished,415,0.14,0.14,percentage,1,0,0.43,NewAndroid,svc3pg,1.37,0,0,0,0,0,0,0.43,0,1.43,0,1.43,0,0.2,,IRB,1.35,IRB,,svc3p9,svc3p9,svc3pu,default_rule,,,,,,street_address,,"street_address ,  subpremise",,,0,,0,,,32.5421463,35.8561574,32.5286971,35.8394991,Gaza Street 1,manual_pin,search,where_to,TRUE,TRUE,3,TRUE,1783095869,TRUE,3.97,0.97,TRUE,60,0.06,TREATMENT,TRUE,0,0.0582,1,GENERAL,GENERAL,,,,,TRUE,0,93.7,_ecoliteirb,FALSE
6a4835627ae76b85a3794328,6a48347cafdc6ce3ba038e99,6909fc54fe620b6a7e51f89b,IRB,19:14.5,07:40.3,7/4/2026,7/5/2026,1,19:14.5,19:14.6,19:15.7,19:26.7,28:14.4,,,,,King Abdullah II Street,,"King Abdullah II Street, Irbid, Jordan",0.022519569,,,5847458c49abff6549e8f976,1,TRUE,TRUE,TRUE,TRUE,TRUE,Ultraeconomy,3.74,5.32,5.641,0,19.311672,20.833333,,,,30.1,,Cash,0,,,,,3.97,4.32,4.32,0,0,0,1,Finished,,32.53690329,35.87019521,32.56101,36.00674,24.98333333,14.514,jordanze39bx,svc905pstyug,1013.39.1,23.15.0,svc95re39u5q,TRUE,,,0,jeeny-dispatch-strategy,A,(distance_pickup+distance_destination),,6889fafe0593d40c7a487f6f,Blue2_August2025,0.779,2.366666667,0.1184,8434EB2A-703E-4E30-873A-E01405140468,0.9,0.9,1,Group A,415,FALSE,TRUE,FALSE,FALSE,,,,,,,,,,AUTO_PASSED,1.574,FALSE,FALSE,,,,,,TRUE,1,TRUE,0.55,5.52,,,,,svc90733gh7v,svc95tbnsjv4,FALSE,FALSE,FALSE,04F8CCE3-E4C3-404E-AB53-D13F2553DE9A,20d4baa47f0d485a,,36-95430,,,,,TRUE,,,,FALSE,,FALSE,10:21.5,,,0.74,0.74,,,TRUE,0.12,,Finished,Finished,415,0.14,0.14,percentage,4.32,0,1,OldAndroid,svc95r,4.97,0,0,0,0,0,0,1,0,5.32,0,5.32,0,0.74,,IRB,5.01,IRB,,svc905,svc907,svc95t,default_rule,,,,,ChIJwZLUSI12HBURIiat0kRSW9M,route,ChIJ1U9BeKKMGxUR80md5pUMC8o,"geocode ,  locality ,  political",,,0,,0,,,32.552264,36.0133621,32.5377081,35.8722119,الرمثا، Jordan,manual_pin,search,where_to,TRUE,TRUE,3,TRUE,1783117340,TRUE,8.88,5.88,TRUE,60,0.06,TREATMENT,TRUE,0,0.3528,1,GENERAL,GENERAL,,,,,TRUE,0,94.06,_ecoliteirb,FALSE
6a4b455fc5d6742eb773d99f,6a36882e0e5650e403041e4d,65b63f0c49e373504a342b1f,IRB,04:15.1,04:29.3,7/6/2026,7/7/2026,9,04:15.1,04:15.1,04:18.1,09:50.5,16:03.9,,,,,Tariaq Bedon Esm,,"Tariaq Bedon Esm, Ar-Ramtha, Jordan",1.045067811,,,6a4668af3de35e52908e892b,0.06,TRUE,TRUE,TRUE,TRUE,TRUE,Ultraeconomy,1.42,1.62,1.737,0,3.7294147,7.816667,,,,19.85,,Cash,1,,,,,0.36,0.42,1.42,0,0,0,1,Finished,,32.56122893,35.98347896,32.55263,36.00955,8.733333333,3.79,agx,svc94ww35mqf,1013.39.1,23.15.0,svc95qj2g649,TRUE,,,0,jeeny-dispatch-strategy,A,(distance_pickup+distance_destination),,6889fafde2e10a3e92387dc6,Red1_August2025,2.327,4.833333333,0.0368,7E65755F-E1E0-44D2-9FCC-389B0A754C5F,0.9,0.9,1,Group A,415,FALSE,TRUE,FALSE,FALSE,,,,,,,,,,AUTO_PASSED,1830.476,FALSE,FALSE,,,,,,TRUE,1,TRUE,0.16,1.58,,,,,svc94wqpwzys,svc95qhdnjye,FALSE,FALSE,FALSE,FF0EE130-5B1C-4357-8409-8CD7F4A191AA,bde37aa50182963e,,42-75597,,,,,TRUE,,,,FALSE,,FALSE,45:53.0,33:59.1,25:25.9,0.23,0.23,,,TRUE,0.04,,Finished,Finished,415,0.14,0.14,percentage,1.42,0,0.2,OldAndroid,svc95q,1.42,0,0,0,0,0,0,0.2,0,1.62,0,1.62,0,0.23,,IRB,1.51,IRB,,svc94w,svc94w,svc95q,default_rule,,,,,ChIJxaIAB6GLGxURdrntPHubND8,route,ChIJQwD4WCGNGxUR_-AnfXbdcc8,street_address,,,0,,0,,,32.552865,36.0086433,32.5551933,35.9777767,As-Sakhrah Al-Musharrafah Street,manual_pin,manual_pin,where_to,TRUE,TRUE,3,TRUE,1783318367,TRUE,6.27,3.27,TRUE,60,0.06,TREATMENT,TRUE,0,0.1962,1,GENERAL,GENERAL,,,,,TRUE,0,89.82,_ecoliteIRB-Xpress,FALSE
6a4ead42b96502554665bd8a,6a4ea8e8665d61ef3e0348f0,695bd80530092ffdbd4a8b0e,RUH,04:18.0,41:27.9,7/8/2026,7/10/2026,23,04:18.0,04:18.2,04:23.1,09:54.7,17:10.1,,,,,Al Urubah Road,Al Wurud,,11.8242093,,,64c12ef149077d3e048b4568,7.66,TRUE,TRUE,TRUE,TRUE,TRUE,Ecolite,25.675,27.15,21.709,7,12.659804,25.55,,,,38.6,,Cash,0,,,,,14.17,19.15,19.15,0,0,3,1,Finished,,24.745018,46.780702,24.74502,46.78074,26.05,15.176,aard,th3hw4grb7nh,21.29.0,23.14.2,th3kb88wnnpc,TRUE,,,0,jeeny-dispatch-strategy,B,(loc_engine_eta),,6891b6505eb33f45c82f0705,Green1_August2025,1.765,4.866666667,,f8e5e263-123a-49c0-8f27-c7b1da4cf5e6,0.9,0.9,1,Group A,428,FALSE,TRUE,FALSE,FALSE,,,,,,,,,,AUTO_PASSED,664.487,FALSE,FALSE,,,,,,TRUE,1,TRUE,2.43,24.26,,,,,th3hw4grm4jr,th3kb8c2081m,FALSE,FALSE,FALSE,09e25505bbccb7d5,e6cc4b1085a688fb,,HVD-9506,,,,,TRUE,,,,FALSE,,FALSE,56:17.6,,,6.47,6.47,,,TRUE,2.5,,Finished,Finished,428,0.28,0.28,percentage,16.65,0.5,6.96,NewAndroid,th3kb8,21.83,3.27,0,0,0,0,0,6.96,0,23.61,1.04,26.11,0.075,6.47,,RUH,19.07,RUH,,th3hw4,th3hw4,th3kb8,6a4a2442862bb1d3d01672e7,,,,,,route,,"premise ,  street_address",,,0,,0,,,24.7453317,46.781525,24.7136283,46.6746067,عبدالله بن أبي سفيان RFSA7704,search,manual_pin,where_to,TRUE,TRUE,3,TRUE,1783541574,TRUE,7.25,4.25,TRUE,60,0.3,TREATMENT,TRUE,0,1.275,1,GENERAL,RESIDENTIAL,28,submitted,45:53.2,46:04.2,TRUE,0,85.05,evo_airportnm,FALSE
6a4ed4bdae56939540ff6f49,6a4ed1d07dcafdce7f0d28c0,6a0cd8e6cf6da7114a055743,RUH,52:45.0,03:31.1,7/9/2026,7/10/2026,1,52:45.1,52:45.2,52:54.4,56:30.4,02:05.9,,,,,زينب الثقفيه,Alawali,,1.747052075,,,65e99a9f42886e3c0e8b4568,8,TRUE,TRUE,TRUE,TRUE,TRUE,Ecolite,27.535,28.43,18.174,0,10.300994,27.416667,,,,36.783333,,Cash,0,,,,,15.44,20.43,20.43,0,0,3.18,1,Finished,,24.567711,46.598586,24.61135,46.50823,22.6,20.81,k180,th35u2khbpyf,21.29.0,23.14.2,th3h4267821v,TRUE,,,0,jeeny-dispatch-strategy,B,(loc_engine_eta),,6891b6515cbf304401265966,Yellow5_August2025,1.957,2.983333333,,134706c6-edf6-46cf-b4e5-e7f0ad1f3071,0.9,0.9,1,Group A,422,FALSE,TRUE,FALSE,FALSE,,,,,,,,,,AUTO_PASSED,1721.571,FALSE,FALSE,,,,,,TRUE,1,TRUE,2.6,26.04,,,,,th35u2kn22z8,th3h424009z7,FALSE,FALSE,FALSE,22399f84a511693e,5d95bf3769eb7028,,KXD-1353,,,,,TRUE,,,,FALSE,,FALSE,15:59.6,,,6.78,6.78,,,TRUE,2.68,,Finished,Finished,422,0.22,0.22,percentage,17.75,0.5,6.96,NewAndroid,th3h42,23.44,3.52,0,0,0,0,0,6.96,0,24.71,1.04,27.39,0.075,6.78,,RUH,20.03,RUH,,th35u2,th35u2,th3h42,6a4382cd24992ca1f44cb2f6,,,,,,,,,,,0,,0,,,24.609385,46.507905,24.56788,46.5985317,Yanbouh 3310,,,auto_map_link,TRUE,TRUE,3,TRUE,1783551570,TRUE,5.58,2.58,TRUE,60,0.3,TREATMENT,TRUE,0,0.774,1,,,28,submitted,30:34.5,30:43.9,TRUE,0,40.79,airport_nm,FALSE
6a4f099eb0e119efe8dc06e6,6a4f08d97401a900d4003412,64918e259783816749410593,RUH,38:22.5,39:14.7,7/9/2026,7/10/2026,5,38:22.5,38:22.7,38:27.2,45:15.6,48:56.6,,,,,محمد بن مبارك التكروري,حي القادسية,"RFJA8991، 8991 محمد بن مبارك التكروري، 4189، حي القادسية، Riyadh 13236, Saudi Arabia",0.558205879,,,5847197c95abff8840e8f395,10,TRUE,TRUE,TRUE,TRUE,TRUE,Airportdropoff,40.005,49.36,38.194,1,33.842293,29.166667,,,,40,,Cash,0,,,,,25.84,39.35,39.35,0,6.18,5.63,1,Finished,,24.81486155,46.83002021,24.95599,46.70225,32.66666667,32.738,friendjmqb69,th3m1tksby5q,1013.39.2,23.15.0,th3jyxpe1m9x,TRUE,,,0,jeeny-dispatch-strategy,B,(loc_engine_eta),,6891b6528351f3291d5567ec,Yellow2_August2025,1.945,4.166666667,,BFC41357-C5A7-49B2-ABB3-8341432E1C96,0.9,0.9,1,Group A,422,FALSE,TRUE,FALSE,FALSE,,,,,,,,,,AUTO_PASSED,545.378,FALSE,FALSE,,,,,,TRUE,1,TRUE,3.98,39.82,,,,,th3m1tuw1hr2,th3nn8nujrxm,FALSE,FALSE,FALSE,EF8842F9-FFFA-44C9-8A50-2B0138CEFF40,8.67564E+14,,ASD-1587,,,,,TRUE,,,,FALSE,,FALSE,47:44.6,,,9.33,9.33,,,TRUE,5.13,,Finished,Finished,422,0.22,0.22,percentage,34.22,0.5,8.7,OldAndroid,th3jyx,35.84,5.38,6.18,0.93,0,0,0,8.7,0,42.9,1.31,48.05,0.075,9.33,,RUA,37.05,RUA,,th3m1t,th3m1t,th3nn8,6a4382bfa2aa3337168e3a63,,,,,ChIJgQEV5VtVLj4R6smyN0uxKPU,"premise ,  street_address",ChIJ_W5Jr6XxLj4RTSBW0ID04e0,"establishment ,  point_of_interest ,  subway_station ,  transit_station",,,0,,0,,,24.9616653,46.7013995,24.8177948,46.829963,الصالة 3-4، Riyadh Saudi Arabia,manual_pin,search,where_to,TRUE,TRUE,3,TRUE,1783565258,TRUE,4.28,1.28,TRUE,60,0.3,TREATMENT,TRUE,0,0.384,1,RESIDENTIAL,TRANSIT,22,submitted,20:24.3,20:34.2,TRUE,0,94.6,airport_nm,FALSE
6a4d49514407f7fd1e8d5665,6a4d48f909bdc88b750bb053,60ae2949ec7f67418427dea9,RUH,45:37.0,33:25.1,7/7/2026,7/9/2026,21,45:37.0,45:37.7,45:48.3,48:55.3,52:40.1,,,,,Al Souweidi Al Aam,As Suwaidi,"7793 Al Souweidi Al Aam, 2839, As Suwaidi, Riyadh 12794, Saudi Arabia",0.637243399,,,5847197c95abff8840e8f395,10,TRUE,TRUE,TRUE,TRUE,TRUE,Ecolite,51.105,51.72,43.94,9.166643202,33.95847967,46.5,,,,53.65,,Applepay,,3e7facdb-f57e-450f-9464-0088d59bc3fb,3e7facdb-f57e-450f-9464-0088d59bc3fb,41.11,41.11,33.94,0,41.71,,0,5.94,1,Finished,,24.5823352,46.659933,24.72311,46.82717,43.68333333,37.508,friendmrtsh4,th35vg0drpx4,1013.37.0,2.41.0,th3k9sdw81sx,TRUE,,,0,jeeny-dispatch-strategy,B,(loc_engine_eta),MADA,6891b651a47b6644d30c23e5,Yellow3_August2025,0.874,2.4,,4F4C77C1-18E8-4DA6-8C36-77BA9C295F21,0.9,0.9,1,Group A,422,FALSE,TRUE,FALSE,FALSE,,,,,0,,0.6,,,AUTO_PASSED,623.246,FALSE,FALSE,,,,,,TRUE,1,TRUE,4.88,48.82,,,,,th35vg3bbs0t,th3k9sg22ukh,FALSE,FALSE,FALSE,77659977-F26D-4EF9-AFD1-8AFBA42DBAD9,6F5D1AAC-C2BA-4299-B921-BECD290CB3CE,,XJR-5654,,,,,TRUE,,,,FALSE,,FALSE,24:59.9,,,9.78,9.78,,,TRUE,5.44,,Finished,Finished,422,0.22,0.22,percentage,36.27,0.5,8.7,OldAndroid,th3k9s,43.94,6.59,0,0,0,0,0,8.7,0,44.96,1.31,50.41,0.075,9.78,,RUH,39.56,RUH,,th35vg,th35vg,th3k9s,6a4a2442862bb1d3d01672e7,,,,,ChIJHQjHJQEQLz4RKhCVZH-JLzc,street_address,ChIJPznoIkSrLz4RBfnt-1dvxOI,"establishment ,  food ,  point_of_interest ,  restaurant",6a4d494c904b003e0d9b25ed,,0,,0,,,24.72342455,46.82823133,24.58343356,46.66136115,ديب فرايز، Aktham Ibn Saifi,manual_pin,search,where_to,TRUE,TRUE,3,TRUE,1783450255,TRUE,4.73,1.73,TRUE,60,0.3,TREATMENT,TRUE,0,0.519,1,GENERAL,DINING,22,submitted,40:32.1,40:44.1,TRUE,0,85.05,easygo,FALSE
6a4d518fc5d6742eb741940f,6a4d4f985182db6b970a61a5,686bce8033e42801761c749e,RUH,20:47.7,43:25.6,7/7/2026,7/9/2026,22,20:47.7,20:47.9,20:50.5,24:27.2,28:07.2,,,,,Abi Jafar Al Mansur,Al Yarmuk,,,,,64c12ef149077d3e048b4568,7.88,TRUE,TRUE,TRUE,TRUE,TRUE,Ecolite,16.875,20.95,17.51,7.6250989,7.198932849,20.283333,,5,,28.133333,,Cash,0,,,,,9.63,12.95,12.95,0,0,2.2,1,Finished,,,,24.7703,46.76441,14.78333333,8.71,aa15,th3m0sv7dv7z,21.29.0,2.41.0,th3kbjkc3wx7,TRUE,00:14.8,7/8/2026,0,jeeny-dispatch-strategy,B,(loc_engine_eta),,6891b650ff313265af58e418,Blue5_August2025,1.801,4.5,,5a73e83c-6ae0-41ec-bedf-215ca99ec038,0.9,0.9,1,Group A,426,FALSE,TRUE,FALSE,FALSE,,,,,,,,,,AUTO_PASSED,925.136,FALSE,FALSE,,,,,,TRUE,1,TRUE,1.94,19.45,,,,,th3m0svm18p2,th3kbjm1ff20,FALSE,TRUE,TRUE,b5bf6991c3851169,FB9852E5-AEDB-4784-B38C-BB64CC802940,,NVR-7807,,bad_request,Registered,ELMSQLDaily,TRUE,,,,TRUE,,FALSE,08:59.0,,,3.9,3.9,,,TRUE,1.7,,Finished,Finished,426,0,0,percentage,11.25,0.5,6.96,NewAndroid,th3kbj,17.51,2.63,0,0,0,0,0,6.96,0,18.21,1.04,19.91,0.075,3.9,192,RUH,15.75,RUH,,th3m0s,th3m0s,th3kbj,6a4a2442862bb1d3d01672e7,,,,,,street_address,,street_address,,,0,,0,,,24.77036265,46.76479717,24.81210711,46.78706907,King Abdullah Branch Road 2805,manual_pin,search,where_to,TRUE,TRUE,3,TRUE,1783452447,TRUE,3.67,0.67,TRUE,60,0.3,TREATMENT,TRUE,0,0.201,1,GENERAL,GENERAL,22,submitted,50:38.7,51:15.8,TRUE,0,60.24,easygoevo,TRUE
6a4a61c2c5a77f251a5f1a09,6a4a604a0122c8ed4708bdf3,66cafb7249d271a7465149f1,RUH,53:07.0,48:22.0,7/5/2026,7/7/2026,16,53:07.0,53:07.0,53:08.8,58:35.3,01:51.0,,,,,Wadi Halfa,Ad Dar Al Baida,,0.611871092,,,65e99a9f42886e3c0e8b4568,5.81,TRUE,TRUE,TRUE,TRUE,TRUE,Ecolite,24.345,22.53,20.352,1,14.062189,17.333333,,,,29.183333,,Cash,0,,,,,13.2,14.53,14.53,0,0,2.4,1,Finished,,24.576037,46.792086,24.57102,46.70861,21.51666667,15.852,ka18,th37bcbvyeqk,21.29.0,23.15.0,th35ych0t6pg,TRUE,,,0,jeeny-dispatch-strategy,A,(loc_engine_eta),,6891b650a2084e6905526bd7,Blue6_August2025,0.834,2.016666667,,835135be-6fd3-47de-9085-2d0f3bcb877d,0.9,0.9,1,Group A,315,FALSE,TRUE,FALSE,FALSE,,,,,,,,,,AUTO_PASSED,576.66,FALSE,FALSE,,,,,,TRUE,1,TRUE,2.11,21.12,,,,,th37bccj48qq,th35z1keyq12,FALSE,FALSE,FALSE,28a3f40d39fa18ae,21cd3bc05da44ee2,,HAS-3529,,,,,TRUE,,,,FALSE,,FALSE,03:09.7,,50:57.0,4.2,4.2,,,TRUE,1.9,,Finished,Finished,315,0.15,0.15,percentage,12.63,0.5,6.96,NewAndroid,th35yc,19.01,2.85,0,0,0,0,0,6.96,0,19.59,1.04,21.49,0.075,4.2,,RUH,17,RUH,,th37bc,th37bc,th35z1,6a4a30a0ee859529f8951790,,,,,,street_address,,street_address,,,0,,0,,,24.5729721,46.720317,24.5759034,46.7922605,"3293 زيد بن علي الجريسي، 7043، الشفا، الرياض 14712, Saudi Arabia",manual_pin,search,where_to,TRUE,TRUE,3,TRUE,1783260095,TRUE,3.25,0.25,TRUE,60,0.3,TREATMENT,TRUE,0,0.075,1,GENERAL,GENERAL,22,submitted,25:46.4,26:26.6,TRUE,0,85.84,easygo,FALSE
6a4a75e1c5a77f251a7d65a5,6a3d76e2d321f805990dfb90,6a12f013fcc9d64a3905b7c4,RUH,18:57.0,20:24.2,7/5/2026,7/7/2026,18,18:57.0,18:57.3,19:01.0,22:16.0,26:53.0,,,,,النواس بن سمعان,حي طويق,,0.969487718,,,64c12ef149077d3e048b4568,7.5,TRUE,TRUE,TRUE,TRUE,TRUE,Ecolite,26.055,26.76,16.456,6,9.382128,18.966667,,,,27.116667,,Cash,0,,,,,14.66,18.76,18.76,0,0,2.95,1,Finished,,24.562907,46.533895,24.58776,46.60353,17.38333333,18.754,aaq4,th35dzscs2x3,21.29.0,23.14.2,th35ukpdhfwt,TRUE,,,0,jeeny-dispatch-strategy,B,(loc_engine_eta),,6891b6515cbf304401265966,Yellow5_August2025,1.82,2.983333333,,11b0b546-368e-4c22-8f6a-133c5f50bdd3,0.9,0.9,1,Group A,422,FALSE,TRUE,FALSE,FALSE,,,,,,,,,,AUTO_PASSED,990.092,FALSE,FALSE,,,,,,TRUE,1,TRUE,2.46,24.62,,,,,th35dzmpcrz4,th35ukp8hp5s,FALSE,FALSE,FALSE,b0dea7b064087cdc,e45303f3c3980b5a,,XGD-3241,,,,,FALSE,,,,FALSE,,FALSE,18:49.3,,,5.01,5.01,,,TRUE,2.45,,Finished,Finished,422,0.22,0.22,percentage,16.31,0.5,6.96,NewAndroid,th35uk,22.16,3.32,0,0,0,0,0,6.96,0,23.27,1.04,25.72,0.075,5.01,,RUH,20.22,RUH,,th35dz,th35dz,th35uk,6a4a2442862bb1d3d01672e7,,,,,,,,,,,0,,0,,,24.5874407,46.6034938,24.5626822,46.5340292,Bilal Ibn Rabah 7249,,,auto_map_link,TRUE,TRUE,3,TRUE,1783265091,TRUE,5.02,2.02,TRUE,60,0.3,TREATMENT,TRUE,0,0.606,1,,,22,submitted,50:51.4,51:33.1,TRUE,0,45.8,easygo,FALSE
6a5283c8aba5ca19618b71de,6a5280dcb228b357d708ee5f,67c56fd31eb49ba2503ebd38,RUH,56:24.2,40:44.9,7/11/2026,7/11/2026,20,56:24.2,56:24.4,56:41.0,01:04.7,06:48.4,,,,,Al Najma,As Sahafah,,0.090175416,,,65e99a9f42886e3c0e8b4568,8,TRUE,TRUE,TRUE,TRUE,TRUE,Ecolite,19.105,28.05,23.07,13.00005851,11.52799428,31.316667,,,,42.15,,Cash,0,,,,,15.07,20.05,20.05,0,0,3.12,0.9,Finished,,24.818442,46.64361,24.79364,46.69891,18.56666667,12.286,ka2,th3jjmuzpu91,21.30.1,2.42.0,th3jn9t17mrp,TRUE,,,0,jeeny-dispatch-strategy,B,(loc_engine_eta),,6891b6502b984bc6e61e0bf9,Blue4_August2025,0.769,3.25,,5cb58586-9299-47ed-89ad-be3f06f69fa7,0.9,0.9,1,Group A,428,FALSE,TRUE,FALSE,FALSE,,,,,,,,,,AUTO_PASSED,186.931,FALSE,FALSE,,,,,,TRUE,1,TRUE,2.56,28.48,,,,,th3jjqkh7r8j,th3jn9t9mgtv,FALSE,FALSE,FALSE,f2b320e68910afb1,CD022244-4441-4B2C-881F-DC33C4F9752B,,LND-4647,,,,,,,,,FALSE,,FALSE,13:57.6,,55:26.6,6.69,6.69,,,TRUE,2.62,,Finished,Finished,428,0.28,0.28,percentage,17.43,0.5,6.96,NewAndroid,th3jn9,23.07,3.46,0,0,0,0,0,6.96,0,24.39,1.04,27.01,0.075,6.69,,RUH,19.76,RUH,,th3jjm,th3jjq,th3jn9,6a4382edaf2cf26686318129,,,,,,street_address,,street_address,,,0,,0,,,24.7936303,46.69970241,24.82025932,46.64259582,Uthman Ibn Affan Road 7930,manual_pin,search,where_to,TRUE,TRUE,3,TRUE,1783793044,TRUE,5.72,2.72,TRUE,60,0.3,TREATMENT,TRUE,0,0.816,1,GENERAL,GENERAL,28,submitted,40:32.4,40:44.9,TRUE,0,55.66,airport_nm,FALSE
6a528812aba5ca1961901ef2,6a52850b5c70cc9b6e082a9f,6a3cd870b911e591dd00147b,RUH,14:41.9,31:47.9,7/11/2026,7/11/2026,21,14:42.0,14:42.6,14:45.3,17:28.6,23:26.0,,,,,Youssef Ibn Mouchakhass,Al Manar,"6999 Youssef Ibn Mouchakhass, Al Manar, Riyadh 14222, Saudi Arabia",0.407415797,,,5847197c95abff8840e8f395,4.49,TRUE,TRUE,TRUE,TRUE,TRUE,Ecolite,9.515,10.56,7.77,3.312619042,0.500690585,5.166667,,,,13.933333,,Applepay,,9533d44c-0cae-41c7-9547-8ea5ea3b4c65,9533d44c-0cae-41c7-9547-8ea5ea3b4c65,4.76,4.76,3.28,0,5.28,,0,1.2,0.9,Finished,,24.72213018,46.81123084,24.72497,46.81409,8.016666667,3.523,ammrs4qdt,th3k9hwb78np,1013.39.2,2.41.0,th3k9m0crk7x,TRUE,,,0,jeeny-dispatch-strategy,B,(loc_engine_eta),MADA,6891b6528351f3291d5567ec,Yellow2_August2025,0.431,1.7,,A2B8FBFA-8E8B-4A47-91C2-EB276BB4457E,0.9,0.9,1,Group A,422,FALSE,TRUE,FALSE,FALSE,,,,,0,,0.52,,,AUTO_PASSED,385.264,FALSE,FALSE,,,,,,TRUE,1,TRUE,0.86,9.42,,,,,th3k9hw3qn4j,th3k9m11ktwk,FALSE,FALSE,FALSE,55E3D356-42B1-46EE-B618-D85418141C68,F357509C-B45E-4E1E-A1F6-F1C93C2B1754,,RSR-5352,,,,,,,,,FALSE,,FALSE,16:39.6,,,1.91,1.91,,,TRUE,0.7,,Finished,Finished,422,0.22,0.22,percentage,4.58,0.5,4.59,OldAndroid,th3k9m,7.77,1.17,0,0,0,0,0,4.59,0,9.17,0.69,9.87,0.075,1.91,,RUH,7.62,RUH,,th3k9h,th3k9h,th3k9m,6a4382edaf2cf26686318129,,,,,ChIJbeoRJMwBLz4Rd_UB-9xRaE4,"establishment ,  point_of_interest ,  school",ChIJ_3eSTLAALz4RPAv-Nx_9Vvg,"establishment ,  point_of_interest ,  shopping_mall",6a52880cb90f86392acdea50,,0,,0,,,24.72497626,46.81431894,24.72223247,46.81060123,أسواق المنار مول، Al-Imam Ahmad Bin Hanbal Street,manual_pin,search,where_to,TRUE,TRUE,3,TRUE,1783794025,TRUE,6,3,TRUE,60,0.3,TREATMENT,TRUE,0,0.9,1,EDUCATION,MALL,22,submitted,30:34.2,31:47.9,TRUE,0,22.12,easygoevo,FALSE
6a529550aba5ca19619e9500,6a4b3b20d79287edf10cc3be,69ef4bf14b317bca2c098a7c,RUH,11:12.5,55:51.8,7/11/2026,7/11/2026,22,11:12.5,11:12.7,11:15.7,20:08.0,21:53.9,,,,,Abu Ashar,Umm Salim,"4790 Abu Ashar, Umm Salim, Riyadh 12744, Saudi Arabia",0.925293487,,,65e99a9f42886e3c0e8b4568,8,TRUE,TRUE,TRUE,TRUE,TRUE,Ecolite,31.375,32.93,33.494,2,23.742056,32.5,,,,43.716667,,Cash,0,,,,,18.78,24.93,24.93,0,0,3.76,0.9,Finished,,24.63420762,46.69517265,24.75223,46.80842,32.26666667,23.218,ka2,th3hnsd2smhw,1013.39.1,23.14.2,th3kc4hb5npe,TRUE,,,0,jeeny-dispatch-strategy,B,(loc_engine_eta),,6891b6512b984bc8151bac3a,Yellow6_August2025,1.254,4,,7EBF9ABB-007F-4355-A0AD-309C12EBA051,0.9,0.9,1,Group A,422,FALSE,TRUE,FALSE,FALSE,,,,,,,,,,AUTO_PASSED,909.497,FALSE,FALSE,,,,,,TRUE,1,TRUE,2.98,33.07,,,,,th3hns3zus9g,th3kc4hbp4kv,FALSE,FALSE,FALSE,E50C14C4-746E-4A26-828C-F9401A525A9A,7c340bdfd35abc3f,,DHD-1931,,,,,TRUE,,,,FALSE,,FALSE,57:08.6,,13:03.4,6.19,6.19,,,TRUE,3.26,,Finished,Finished,422,0.22,0.22,percentage,21.67,0.5,6.96,OldAndroid,th3kc4,26.78,4.02,0,0,0,0,0,6.96,0,28.63,1.04,31.89,0.075,6.19,,RUH,24.92,RUH,,th3hns,th3hns,th3kc4,6a4382edaf2cf26686318129,,,,,EjU0NzkwIEFidSBBc2hhciwgVW1tIFNhbGltLCBSaXlhZGggMTI3NDQsIFNhdWRpIEFyYWJpYSIbEhkKFAoSCe0aw4QDBS8-EfY9T1m593N4ELYl,street_address,Eio0MDE5IEFsIFRhbnppbSwgUml5YWRoIDEzMjIxLCBTYXVkaSBBcmFiaWEiGxIZChQKEglt_-4uigAvPhHwEt7oe-WOhRCzHw,street_address,,,0,,0,,,24.7522102,46.8085879,24.6340761,46.6944934,Al Tanzim,manual_pin,manual_pin,where_to,TRUE,TRUE,3,TRUE,1783797443,TRUE,7.5,4.5,TRUE,60,0.3,TREATMENT,TRUE,0,1.35,1,GENERAL,GENERAL,22,submitted,55:36.3,55:51.8,TRUE,0,98.42,easygo,FALSE
6a52b9812c3bad89f233b710,6a52b8f88fa512cb950efcb7,60d7373362043b2d211340ea,RUH,45:37.0,05:27.7,7/12/2026,7/13/2026,0,45:37.0,45:37.3,45:51.7,55:46.9,56:28.4,,,,,Prince Turki Bin Abdulaziz Al Awal Road,Al Malqa,"Aghna Building, 2954 Prince Turki Bin Abdulaziz Al Awal Rd, Al Malqa, Riyadh 13522, Saudi Arabia",2.529745485,,,64c12ef149077d3e048b4568,8,TRUE,TRUE,TRUE,TRUE,TRUE,Ecolite,41.435,51.96,40.56,3.499930811,35.59769871,36.616667,,5,,48.85,,Applepay,,95fdda57-872c-4fb8-875a-d9c435ce3b39,95fdda57-872c-4fb8-875a-d9c435ce3b39,36.99,36.99,32.56,0,43.96,,4.05,6.24,1,Finished,,24.78078962,46.59893878,24.59992,46.75406,31.96666667,34.562,aa4p,th3hurhq9fp6,1013.39.2,2.41.0,th35zym2bt3y,TRUE,36:01.8,7/12/2026,0,jeeny-dispatch-strategy,B,(loc_engine_eta),MADA,6891b651008d57c7b830139f,Red61_August2025,4.326,6.516666667,,4DEBBA45-8951-48F2-9827-D13C678218F3,0.9,0.9,1,Group A,422,FALSE,TRUE,FALSE,FALSE,,,,,6.97,paid,0,,,AUTO_PASSED,2503.239,FALSE,FALSE,,,,,,TRUE,1,TRUE,4.51,45.07,,,,,th3hurhnryj3,th35zvcgcmtj,FALSE,FALSE,FALSE,AADF38D1-4869-4D8C-9D35-FC65108EE8AA,5CA12C06-722F-4883-A06C-FFB048D47E9A,,GHJ-9610,,,,,FALSE,,,,TRUE,,FALSE,36:09.4,,,12.51,12.51,,,TRUE,5.74,,Finished,Finished,422,0.22,0.22,percentage,38.22,0.5,6.96,OldAndroid,th35zy,40.56,6.08,4.05,0.61,0,0,0,6.96,0,45.18,1.04,50.92,0.075,12.51,183,RUH,36.68,RUH,,th3hur,th3hur,th35zv,6a4382edaf2cf26686318129,,,,,ChIJ-YuZxuLjLj4RR5jdV2iKFEU,"street_address ,  subpremise",ChIJsy3kHzUPLz4R-21aPvE2_Hk,"establishment ,  point_of_interest",6a52b97db90f86392ace03fa,,0,,0,,,24.59768953,46.74928994,24.78076844,46.59885066,النقل الجماعي بالعزيزية، Southern Ring Branch Road,manual_pin,search,proxy,TRUE,TRUE,3,TRUE,1783806973,TRUE,3.23,0.23,TRUE,60,0.3,TREATMENT,TRUE,0,0.069,1,GENERAL,GENERAL,28,submitted,35:29.8,35:39.0,TRUE,0,79.16,easygo,FALSE
6a52c90a2c3bad89f238d0f0,6a52c7358851d4add50ece50,61be01e16e4a7e13560bf556,RUH,51:54.1,11:25.7,7/12/2026,7/13/2026,1,51:54.1,51:54.4,51:59.0,57:11.9,00:16.6,,,,,Metro Street 3,Al Aqiq,,2.951752237,,,64c12ef149077d3e048b4568,8,TRUE,TRUE,TRUE,TRUE,TRUE,Ecolite,27.685,27.75,23.57,1.306780644,22.61390373,21.316667,,,,29.8,,Applepay,,2fa461ef-288c-468c-9d56-46b18690c23b,2fa461ef-288c-468c-9d56-46b18690c23b,19.69,19.69,15.57,0,19.75,,0,3.09,1,Finished,,24.76495381,46.64009864,24.80815,46.78469,19.03333333,21.884,aa7l,th3hvk75bq3j,1013.39.2,2.41.0,th3m0s5tfq37,TRUE,,,0,jeeny-dispatch-strategy,B,(loc_engine_eta),VISA,6891b6502b984bc6e61e0bf9,Blue4_August2025,5.622,9.2,,9883BB94-F1CE-405B-9E97-7835030B19B3,0.9,0.9,1,Group A,422,FALSE,TRUE,FALSE,FALSE,,,,,,,0.06,,,AUTO_PASSED,2976.515,FALSE,FALSE,,attractions,pickup,,,TRUE,1,TRUE,2.62,26.19,KAFD City,Building 2.14,,,th3hvk673fnu,th3m0eu5hc65,FALSE,FALSE,FALSE,5EEA4BE4-954E-4FC9-BB71-56B3C3B49BDD,74E363DD-DE0E-4AC8-B342-1BBA8B17DE42,,AZR-8366,,,,,,,,,FALSE,,FALSE,12:48.5,,50:27.6,5.2,5.2,,,TRUE,2.59,,Finished,Finished,422,0.22,0.22,percentage,17.16,0.5,6.96,OldAndroid,th3m0s,23.57,3.54,0,0,0,0,0,6.96,0,24.12,1.04,26.71,0.075,5.2,,RUH,21.04,RUH,,th3hvk,th3hvk,th3m0e,6a4382edaf2cf26686318129,,,,,,,,,6a52c9078c33b5791d5233cb,,0,,0,,,24.80627786,46.78548513,24.76512625,46.64013714,شاهي ماجد 🌱🫖اليرموك، Muhammad Ali Junah,manual_pin,search,where_to,TRUE,TRUE,3,TRUE,1783810806,TRUE,3.17,0.17,TRUE,60,0.3,TREATMENT,TRUE,0,0.051,1,GENERAL,RETAIL,22,submitted,25:29.0,25:39.0,TRUE,0,92.34,evoprimetga,FALSE
6a4d046bc5d6742eb7dae280,6a4d0243984d97294200f42a,649445609783815d4174dad6,RUH,51:39.6,44:41.8,7/7/2026,7/9/2026,16,51:39.6,51:39.7,51:42.2,58:32.5,21:26.9,,,,,Khurais - 522,Al Nadwa,,11.79295982,,,65e99a9f42886e3c0e8b4568,8,TRUE,TRUE,TRUE,TRUE,TRUE,Ecolite,26.765,33.64,24.033,1,16.684622,23.133333,تعامل ممتاز بارك الله فيك وجزاك الله خير,5,,54.366667,,Cash,0,,,,,14.77,25.64,25.64,0,0,3.86,1,Finished,,24.701999,46.837617,24.70191,46.83813,21.95,18.378,ka30,th3m4s9usvyp,21.29.0,23.15.0,th3k9bf7p9c0,TRUE,46:44.4,7/7/2026,0,jeeny-dispatch-strategy,A,(loc_engine_eta),,6891b6528351f3291d5567ec,Yellow2_August2025,1.442,4.5,,227a8116-36a5-4f34-9d89-880298b2434b,0.9,0.9,1,Group A,422,FALSE,TRUE,FALSE,FALSE,,,,,,,,,,AUTO_PASSED,902.387,FALSE,FALSE,,,,,,TRUE,1,TRUE,2.53,25.3,,,,,th3m4sfyyyp3,th3k9bfk5tjw,FALSE,FALSE,FALSE,ea845413cdf3e0c7,8ea516811acd7662,,DZR-4432,,,,,TRUE,,,,TRUE,,FALSE,03:32.7,,48:15.2,8.05,8.05,,,TRUE,3.36,,Finished,Finished,422,0.22,0.22,percentage,22.28,0.5,6.96,NewAndroid,th3k9b,22.77,3.42,0,0,0,0,0,6.96,0,29.24,1.04,32.6,0.075,8.05,362,RUH,23.22,RUH,,th3m4s,th3m4s,th3k9b,6a4a30a0ee859529f8951790,,,,,,street_address,,"premise ,  street_address",,,0,,0,,,24.7021001,46.8379644,24.81244,46.871752,علي بن أبي طاهر RQAB4035,search,search,where_to,TRUE,TRUE,3,TRUE,1783432892,TRUE,22.9,19.9,TRUE,60,0.3,TREATMENT,TRUE,0,5.97,1,GENERAL,RESIDENTIAL,28,submitted,50:50.7,51:00.6,TRUE,0,86.2,easygo,FALSE
6a5140b9aba5ca1961ba1f26,6a4f8475e9d393c87502e4c8,6a4a0b7ed4cef7e32806fb86,RUH,58:01.3,03:19.2,7/10/2026,7/12/2026,21,58:01.3,58:09.7,58:13.1,01:56.4,14:08.8,,,,,Tamam Al Habshi,Al Wurud,"6792 Tamam Al Habshi, Al Wurud, Riyadh 12251, Saudi Arabia",3.525537892,,,5847197c95abff8840e8f395,7.84,TRUE,TRUE,TRUE,TRUE,TRUE,Ecolite,15.095,19.75,12.63,3.115574733,7.018296351,13.116667,تاخر في الوصول ووقف في مكان خطا انتظرته اكثر من 10 دقايق وللاسف مصر يقيف في مكان خطأ تجربة سيئة غير ان الشريك حضر فب سيارة مختلفه عن التطبيق,1,Started_ride_early,30.15,,Applepay,,d1ac4d34-7de2-4425-97f9-1720abc3ff08,d1ac4d34-7de2-4425-97f9-1720abc3ff08,8.18,8.18,4.79,0,9.87,,1.26,1.78,0.9,Finished,,24.69634458,46.6485066,24.69301,46.64223,13.53333333,8.869,friende4cb9a,th3hwhg64h0b,1013.39.1,2.41.0,th3hmr5z4wxq,TRUE,29:39.1,7/11/2026,0,jeeny-dispatch-strategy,A,(loc_engine_eta),MADA,6891b650464f40084c6496ee,Blue1_August2025,1.773,4.75,,F1CA09C1-D2E2-4371-992E-39B374BAEFE3,0.9,0.9,1,Group A,434,FALSE,TRUE,FALSE,FALSE,,,,,1.69,paid,0,,,AUTO_PASSED,817.982,FALSE,FALSE,,,,,,TRUE,1,TRUE,1.4,15.59,,,,,th3hwhge74nh,th3hmref6tcx,FALSE,FALSE,FALSE,92CA71D6-5E0A-441C-970A-01652DDFD6B4,6C191E50-CAB7-46B0-A5A3-9FDF3C66E328,,JLR-8858,,,,,,,,,TRUE,,FALSE,00:38.0,,,4.67,4.67,,,TRUE,1.28,,Finished,Finished,434,0,0,percentage,8.59,0.5,8.59,OldAndroid,th3hmr,12.63,1.89,1.26,0.19,0,0,0,8.59,0,17.17,1.29,18.46,0.075,4.67,182,RUH,13.4,RUH,,th3hwh,th3hwh,th3hmr,6a4382bfa2aa3337168e3a63,,,,,EjA2NzkyIFRhbWFtIEFsIEhhYnNoaSwgUml5YWRoIDEyMjUxLCBTYXVkaSBBcmFiaWEiGxIZChQKEgmjM_0UzwIvPhFh6fvSnPfjYhCINQ,street_address,EinZiNin2K_ZiiDZhdio2KfZiti22IwgUml5YWRoIFNhdWRpIEFyYWJpYSIuKiwKFAoSCW0Xl6TiHC8-EfiUvbrhr2N4EhQKEgmZk0gNiQMvPhHVn-eYHE2Xug,"geocode ,  route",6a5140b199f79456b7041a5c,,0,,0,,,24.69493743,46.64222213,24.72392753,46.67486549,وادي مبايض، Riyadh Saudi Arabia,manual_pin,search,where_to,TRUE,TRUE,3,TRUE,1783710291,TRUE,12.28,9.28,TRUE,60,0.3,TREATMENT,TRUE,0,2.784,1,GENERAL,GENERAL,28,submitted,30:37.0,31:16.6,TRUE,0,81.65,easygo,FALSE
6a515f842c3bad89f2504d8c,6a515933d47ee57f31098f5a,6a1fdb7bc46eeeb4ca030b2c,RUH,09:25.0,34:40.2,7/11/2026,7/12/2026,0,09:25.0,09:25.1,09:28.5,10:51.2,14:43.4,,,,,علي الزبيري,Tuwaiq,"RKQD2369، 2369 علي الزبيري، 6554, Tuwaiq, Riyadh 14929, Saudi Arabia",0.242236495,,,6a31245dfcd9e21746c9369e,42.32,TRUE,TRUE,TRUE,TRUE,TRUE,Priority,48.655,49.32,41.81,0,32.91932521,24.566667,,,,29.916667,,Applepay,,,,,,-0.51,0,0.01,,0,0.51,0.9,Finished,,24.56349615,46.51481255,24.73392,46.65098,27.5,34.178,jeeny26,th35drxh9xw3,1013.39.1,2.40.2,th3htwdjw8gg,TRUE,,,0,jeeny-dispatch-strategy,B,(loc_engine_eta),,6891b651cd50e239603948e2,Red62_August2025,0.303,0.4,,76A28566-5718-4BED-B247-48D9BA7DBB38,0.9,0.9,1,Group A,422,FALSE,TRUE,FALSE,FALSE,,,,,0,,0.01,,,AUTO_PASSED,263.077,FALSE,FALSE,,,,,,TRUE,1,TRUE,4.64,51.61,,,,,th35drxnmvhe,th3htwdtc964,FALSE,FALSE,FALSE,9A2561AF-BAFA-481D-9610-D2540FC58B0D,F22A2D6B-650B-440E-A962-70BFCACA3670,,ZDD-1953,,,,,,,,,FALSE,,FALSE,21:58.1,,08:38.3,11.87,11.87,,,TRUE,0.01,,Finished,Finished,422,0.22,0.22,percentage,0,0.5,42.88,OldAndroid,th3htw,41.81,6.27,0,0,0,0,0,42.88,0,42.88,6.43,42.89,0.075,11.87,,RUH,35.15,RUH,,th35dr,th35dr,th3htw,6a4382bfa2aa3337168e3a63,,,,,ChIJoTM4bpsiLz4RfxVPofmMYq4,street_address,ChIJdcwZGWEdLz4RQdv74fOeDqw,street_address,,,0,,0,,,24.73396539,46.6514497,24.56378342,46.51499306,زنجبار,manual_pin,search,proxy,TRUE,TRUE,3,TRUE,1783717968,TRUE,4.9,1.9,TRUE,60,0.3,TREATMENT,TRUE,0,0.57,1,GENERAL,GENERAL,28,submitted,40:39.7,41:16.7,TRUE,0,92.18,easygo,FALSE
6a44ddd694fcb2ed1a0c0625,6a44dc3ddfedefa63505b857,69d74d79128cbd695a0ff2b0,MEC,28:54.9,35:46.4,7/1/2026,7/3/2026,12,28:54.9,28:55.1,28:58.1,32:53.7,43:15.2,,,,,Al Anjal,Ar Rusayfah,,1.493083046,,,686d06153be51a02b5c59218,3.69,TRUE,TRUE,TRUE,TRUE,TRUE,Ultraeconomy,12.845,15.38,11.231,3,7.262172,13.883333,,,,28.266667,,Cash,0,,,,,6.98,9.23,9.23,0,0,1.71,1,Finished,,21.41312,39.793369,21.37896,39.79556,11.93333333,6.773,pl39,sgu3c3xxn45k,21.29.0,23.14.2,sgu39efjrybr,TRUE,,,0,jeeny-dispatch-strategy,A,(loc_engine_eta),,6889e5ece1156148565b12f2,Yellow1_August2025,2.351,4.966666667,,65efaf6b-63ab-44aa-b96e-d7c8bfdccab8,0.9,0.9,1,Group A,428,FALSE,TRUE,FALSE,FALSE,,,,,,,,,,AUTO_PASSED,1164.793,FALSE,FALSE,,,,,,TRUE,1,TRUE,1.19,11.86,,,,,sgu3cd0v0b8u,sgu39ecvfz48,FALSE,FALSE,FALSE,34281d07663fbcf2,43135dbcadb0dbd4,,UBS-9687,,,,,TRUE,,,,FALSE,,FALSE,03:51.2,,,3.6,3.6,,,TRUE,1.21,,Finished,Finished,428,0.28,0.28,percentage,8.02,0.5,5.35,NewAndroid,sgu39e,10.67,1.6,0,0,0,0,0,5.35,0,13.37,0.8,14.58,0.075,3.6,,MEC,10.46,MEC,,sgu3c3,sgu3cd,sgu39e,6a4384a5d595de3a1e1edc0e,,,,,,street_address,,"premise ,  street_address",,,0,,0,,,21.3790459,39.7950052,21.4132152,39.7935438,شارعرافع بن زيد بن كرز MDSB3869,manual_pin,search,where_to,TRUE,TRUE,3,TRUE,1782898553,TRUE,10.35,7.35,TRUE,60,0.3,TREATMENT,TRUE,0,2.205,1,GENERAL,RESIDENTIAL,28,submitted,00:41.1,00:56.7,TRUE,0,92.16,airport_nm,FALSE
6a45475657e084f58b969d80,6a44468a8574d143a4061de1,631dd98f749d7e78c01147a4,MEC,59:02.6,09:37.9,7/1/2026,7/3/2026,19,59:02.6,59:02.7,59:33.7,07:03.2,11:36.8,,,,,15,Alaziziyyah,,1.972115613,,,65e99a9f42886e3c0e8b4568,8,TRUE,TRUE,TRUE,TRUE,TRUE,Ultraeconomy,16.445,30.48,18.398,5,13.734521,24.45,,5,,37.55,,Cash,0,,,,,17.54,22.48,22.48,0,0,3.44,1.15,Finished,,21.415258,39.866966,21.43361,39.80658,13.11666667,8.153,ka66,sgu3ffzg92bu,21.29.0,23.14.2,sgu3cvf7bd3r,TRUE,06:57.6,7/2/2026,0,jeeny-dispatch-strategy,B,(loc_engine_eta),,6889e5ece84429566b6444da,Red1_August2025,3.539,5.7,,7d0be1d7-dcdc-4499-b910-2637ec103b6c,0.9,0.9,1,Group A,315,FALSE,TRUE,FALSE,TRUE,,,,,,,,,,AUTO_PASSED,2526.456,FALSE,FALSE,,,,,,TRUE,1,TRUE,2.84,24.68,,,,,sgu3g4bh1g3e,sgu61eyv5zqr,FALSE,FALSE,FALSE,46405b6249a0cfec,b3adeb402ab46981,,EJR-2618,,,,,TRUE,,,,TRUE,,FALSE,45:54.8,,,5.72,5.72,,,TRUE,2.94,,Finished,Finished,315,0.15,0.15,percentage,19.54,0.5,6.96,NewAndroid,sgu3cv,25.54,3.83,0,0,0,0,0,6.96,0,26.5,1.04,29.44,0.075,5.72,210,MEC,23.12,MEC,,sgu3ff,sgu3g4,sgu61e,6a4384a5d595de3a1e1edc0e,,,,,,street_address,,street_address,,,0,,0,,,21.4668103,39.8019197,21.4171781,39.8584756,2999,manual_pin,search,proxy,TRUE,TRUE,3,TRUE,1782925803,TRUE,4.55,1.55,TRUE,60,0.3,TREATMENT,TRUE,0,0.465,1,GENERAL,GENERAL,22,submitted,40:58.8,41:21.6,TRUE,0,63.45,easygo,FALSE
6a4551df57e084f58ba531be,6a45516ec2bbc1f7e00a8eb7,62a0c0c25c6d03275453f0a3,MEC,43:59.2,25:38.2,7/1/2026,7/3/2026,20,43:59.2,43:59.4,44:25.2,50:33.6,57:12.2,,,,,الحسين بن رواحه,حي الملك فهد,,1.011279869,,,65e99a9f42886e3c0e8b4568,5.13,TRUE,TRUE,TRUE,TRUE,TRUE,Ultraeconomy,19.575,20.83,16.214,0,13.433672,13.166667,,,,27.516667,,Cash,0,,,,,11.39,12.83,12.83,0,0,2.18,1,Finished,,21.368747,39.78095,21.40482,39.71351,13.26666667,13.706,ka64,sgu394p9gqfr,21.29.0,23.14.2,sgu1z8wkpgek,TRUE,,,0,jeeny-dispatch-strategy,B,(loc_engine_eta),,6889e5ece1156148565b12f2,Yellow1_August2025,2.67,4.833333333,,780f14a9-ccd6-41d7-82ac-8b7f5d0455b3,0.9,0.9,1,Group A,426,FALSE,TRUE,FALSE,TRUE,,,,,,,,,,AUTO_PASSED,980.17,FALSE,FALSE,,,,,,TRUE,1,TRUE,1.83,18.35,,,,,sgu394p9kqhy,sgu1z8wssvkg,FALSE,FALSE,FALSE,68e00ae4f16d167d,aa07bea28cc5d58d,,XDD-3834,,,,,TRUE,,,,FALSE,,FALSE,34:06.4,,,3.87,3.87,,,TRUE,1.68,,Finished,Finished,426,0,0,percentage,11.15,0.5,6.96,NewAndroid,sgu1z8,16.52,2.48,0,0,0,0,0,6.96,0,18.11,1.04,19.79,0.075,3.87,,MEC,15.57,MEC,,sgu394,sgu394,sgu1z8,6a4384a5d595de3a1e1edc0e,,,,,,"premise ,  street_address",,street_address,,,0,,0,,,21.404915,39.7137266,21.3686561,39.7809965,الامير محمد ابن نايف ابن عبدالعزيز الفرعي MDHA3959,manual_pin,search,where_to,TRUE,TRUE,3,TRUE,1782928413,TRUE,6.63,3.63,TRUE,60,0.3,TREATMENT,TRUE,0,1.089,1,RESIDENTIAL,GENERAL,22,submitted,16:01.2,16:39.1,TRUE,0,98.76,easygo,FALSE
6a512640c737923ca954ec64,6a5117e3cb6727f76b0b3d5a,5cbdd88e0dc7d201d12ca3c8,RUH,05:04.0,31:33.3,7/10/2026,7/12/2026,20,05:04.0,05:04.3,05:25.2,15:29.0,22:46.3,,,,,Wadi As Salif,Al Aziziyah,"RMAC3594, 3594 Wadi As Salif, 6634, Al Aziziyah, Riyadh 14511, Saudi Arabia",1.140655618,,,5847197c95abff8840e8f395,8.78,TRUE,TRUE,TRUE,TRUE,TRUE,Ecolite,25.785,27.56,27.559,8,16.279997,36.466667,,,,54.566667,,Cash,0,,,,,13.14,17.55,17.55,0,0,2.79,0.9,Finished,,24.59110849,46.77125904,24.57705,46.65508,33.41666667,16.366,friend98kaz4,th37bk9v96f3,1013.39.2,23.16.0,th35vdj5wnjj,TRUE,,,0,jeeny-dispatch-strategy,B,(loc_engine_eta),,6891b650a2084e6905526bd7,Blue6_August2025,2.459,6.616666667,,B3EEA1F9-350B-418C-BDC6-B4BC7C39065A,0.9,0.9,1,Group A,422,FALSE,TRUE,FALSE,FALSE,,,,,,,,,,AUTO_PASSED,1119.102,FALSE,FALSE,,,,,,TRUE,1,TRUE,2.43,27.05,,,,,th37bkcb4yuk,th35vdjn01xf,FALSE,FALSE,FALSE,60B594E6-9F42-4F9B-96C6-CEE4B216211B,cf1a55462953c99d,,VXJ-6959,,,,,TRUE,,,,FALSE,,FALSE,46:56.7,,,6.57,6.57,,,TRUE,2.29,,Finished,Finished,422,0.22,0.22,percentage,15.26,0.5,8.7,OldAndroid,th35vd,21.92,3.29,0,0,0,0,0,8.7,0,23.95,1.31,26.25,0.075,6.57,,RUH,19.31,RUH,,th37bk,th37bk,th35vd,6a4382bfa2aa3337168e3a63,,,,,ChIJ_-IA8eMILz4Rj8Aafee8p7c,street_address,EivZhdit2YXZiNivINin2YTYrdmE2YrYjCBSaXlhZGggU2F1ZGkgQXJhYmlhIi4qLAoUChIJvXDOuw0QLz4R1adDJBfiFM4SFAoSCZmTSA2JAy8-EdWf55gcTZe6,"geocode ,  route",,,0,,0,,,24.5774544,46.6548261,24.5915591,46.7713259,محمود الحلي، Riyadh Saudi Arabia,manual_pin,search,where_to,TRUE,TRUE,3,TRUE,1783703860,TRUE,8.1,5.1,TRUE,60,0.3,TREATMENT,TRUE,0,1.53,1,GENERAL,GENERAL,28,submitted,00:46.1,00:55.2,TRUE,0,91.15,easygo,FALSE
6a524ebb2c3bad89f2c9b29c,6a524bbcb422ccae0b0d3be8,6a1ec345aa265775480800fb,RUH,10:03.0,31:24.0,7/11/2026,7/11/2026,17,10:03.0,10:03.2,10:08.6,14:09.6,20:48.2,,,,,المصفاء,حي ظهرة لبن,"RDLB8000، 8000 المصفاء، 3012، حي ظهرة لبن، Riyadh 13784, Saudi Arabia",0.573688405,,,64c12ef149077d3e048b4568,2.59,TRUE,TRUE,TRUE,TRUE,TRUE,Ecolite,9.515,10.79,8.63,0,2.89168,5.733333,,5,,16.516667,,Cash,0,,,,,5.18,6.48,6.48,0,0,1.35,0.9,Finished,,24.63261731,46.53223671,24.6253,46.5423,4.333333333,1.788,aa85,th3h4u5z05je,1013.39.2,23.15.0,th3h54ghf0wh,TRUE,18:16.8,7/11/2026,0,jeeny-dispatch-strategy,A,(loc_engine_eta),,6891b6515cbf304401265966,Yellow5_August2025,1.841,3.9,,4240EB13-7A7A-4764-8164-28F6BD5C08CD,0.9,0.9,1,Group A,434,FALSE,TRUE,FALSE,FALSE,,,,,,,,,,AUTO_PASSED,548.214,FALSE,FALSE,,,,,,TRUE,1,TRUE,0.86,8.63,,,,,th3h4u5vsequ,th3h54gr18rk,FALSE,FALSE,FALSE,8FBA7233-0054-4D18-96B2-D5115104C6A8,28fad1edb5111909,,HBS-8864,,,,,TRUE,,,,TRUE,,FALSE,36:47.6,,,2.48,2.48,,,TRUE,0.85,,Finished,Finished,434,0,0,percentage,5.63,0.5,3.75,OldAndroid,th3h54,7.77,1.17,0,0,0,0,0,3.75,0,9.37,0.56,10.23,0.075,2.48,232,RUH,7.25,RUH,,th3h4u,th3h4u,th3h54,6a4382edaf2cf26686318129,,,,,ChIJd_WofD8fLz4R4OWEDuG7pcc,"premise ,  street_address",ChIJsb9-by0fLz4RzyjeetG2tQM,street_address,,,0,,0,,,24.625685,46.5426233,24.63231,46.5324517,Hail,manual_pin,manual_pin,proxy,TRUE,TRUE,3,TRUE,1783779427,TRUE,6.67,3.67,TRUE,60,0.3,TREATMENT,TRUE,0,1.101,1,RESIDENTIAL,GENERAL,28,submitted,30:28.1,31:24.0,TRUE,0,77.76,easygoevo,FALSE
6a52500e2c3bad89f2cb18e3,6a524e14d44e0512680e0d17,694914163207b07d08592259,RUH,15:42.0,55:37.7,7/11/2026,7/11/2026,17,15:42.0,15:42.3,15:52.0,17:51.3,21:42.1,,,,,ابو الفرج السمهودي,حي الرمال,"RURM2529، 2529 ابو الفرج السمهودي، 7912، حي الرمال، Riyadh 13265, Saudi Arabia",0.557428775,,,65e99a9f42886e3c0e8b4568,8,TRUE,TRUE,TRUE,TRUE,TRUE,Ecolite,24.745,45.68,21.02,1.33331246,20.17540375,24.75,,,,37.366667,,Applepay,,a1f3c24a-016e-4bd9-9632-2604c1c5a82c,a1f3c24a-016e-4bd9-9632-2604c1c5a82c,16.75,16.75,33.63,0,37.68,,0,2.73,0.9,Finished,,24.85177231,46.83075314,24.74395,46.85786,23.21666667,18.783,k135,th3m3sj1e0c9,1013.39.2,2.41.0,th3kf22zgq8g,TRUE,,,20.61,jeeny-dispatch-strategy,B,(loc_engine_eta),MADA,6891b6528351f3291d5567ec,Yellow2_August2025,1.087,2.166666667,,FA76E74C-178A-440D-ACAF-2B3E290101F7,0.9,0.9,1,Group A,428,FALSE,TRUE,FALSE,FALSE,,,,,20.93,finished_from_blade,20.93,,,AUTO_PASSED,520.283,FALSE,FALSE,,,,,,TRUE,1,TRUE,2.33,25.94,,,,,th3m3sj1d3w4,th3kf0xwtppg,FALSE,FALSE,FALSE,15ED1E96-4A09-4397-88FE-EEDC73C8A36C,1FEC596C-A561-47EF-871B-94894978FDBE,,RZK-119,,,,,,,,,FALSE,,FALSE,59:58.0,,,5.96,5.96,,,TRUE,2.23,,Finished,Finished,428,0.28,0.28,percentage,35.45,0.5,6.96,OldAndroid,th3kf2,21.02,3.15,0,0,0,0,20.61,6.96,0,42.41,1.04,44.64,0.075,5.96,,RUH,17.67,RUH,,th3m3s,th3m3s,th3kf0,6a4382edaf2cf26686318129,,,,,,,,,6a52500b8c33b5791d51f2a4,,,,0,,,24.74511149,46.85622786,24.85134016,46.83070186,مستشفى الحرس الوطني، Riyadh Saudi Arabia,manual_pin,search,proxy,TRUE,TRUE,3,TRUE,1783779645,TRUE,3.93,0.93,TRUE,60,0.3,TREATMENT,TRUE,0,0.279,,RESIDENTIAL,MEDICAL,28,submitted,55:26.3,55:37.7,TRUE,0,95.57,easygo,FALSE
6a4acd3bc5a77f251ad40887,6a429db81f40b88fb509263e,691979f62233f3cc03558048,RUH,31:38.5,56:20.9,7/6/2026,7/7/2026,0,31:38.5,31:39.5,31:42.2,31:52.5,36:47.2,,,,,شارع الشيخ عيسى بن سلمان آل خليفة,Al Maizilah,محطة استاد الملك فهد الدولي، Riyadh Saudi Arabia,7.019173277,,,6a4672aee32ce607e641f489,1.5,TRUE,TRUE,TRUE,TRUE,TRUE,Ecolite,20.255,20.95,17.11,0.500019185,13.73423487,14.366667,,5,,19.55,,Applepay,,bea72b08-b807-4b01-95fa-ffa073febad8,bea72b08-b807-4b01-95fa-ffa073febad8,18.76,18.76,15.61,0,19.45,,0,3.03,1,Finished,,24.85569335,46.82872619,24.85498,46.82906,17.31666667,13.71,ahn,th3m1c3jxr81,1013.39.1,2.41.0,th3m3seyu0jf,TRUE,51:49.7,7/6/2026,0,jeeny-dispatch-strategy,A,(loc_engine_eta),MADA,6891b651a3c679064f5961e1,Red63_August2025,0.031,0.033333333,,9F1FDB59-C47A-488E-B8BB-09E80F542B68,0.9,0.9,1,Group A,422,FALSE,TRUE,FALSE,FALSE,,,,,0,,0.69,,,AUTO_PASSED,0.032,FALSE,FALSE,,,,,,TRUE,1,TRUE,1.9,19.01,,,,,th3m1c3t2e2d,th3m3sdeu4zu,FALSE,TRUE,TRUE,24357341-99C7-466B-A246-68216C848912,7C8CD6E6-C6AA-4F51-AB30-33166001B99D,,RVR-8595,,success,Registered,ELMSQLDaily,,,,,TRUE,,FALSE,49:36.4,55:49.3,51:53.8,3.9,3.9,,,TRUE,2.53,,Finished,Finished,422,0.22,0.22,percentage,16.92,0.5,1.3,OldAndroid,th3m3s,17.11,2.57,0,0,0,0,0,1.3,0,18.21,0.2,20.75,0.075,3.9,180,RUH,15.71,RUH,,th3m1c,th3m1c,th3m3s,6a4a2442862bb1d3d01672e7,,,,,ChIJq6fZHLyrLz4RQzimLraV4Jc,"establishment ,  point_of_interest",ChIJFUwVI4pVLj4RvunacF2fDR0,"premise ,  street_address",6a4acd374244f8477d219f6d,,0,,0,,,24.85448002,46.82734575,24.79294185,46.83679901,ابو الفرج السمهودي,search,manual_pin,where_to,TRUE,TRUE,3,TRUE,1783287286,TRUE,5,2,TRUE,60,0.3,TREATMENT,TRUE,0,0.6,1,GENERAL,RESIDENTIAL,22,submitted,55:33.7,56:08.4,TRUE,0,79.45,evo_airportnm,TRUE
6a4b634a4407f7fd1ee041d3,6a4525a55ce1362b96005602,6288ecfeeff3587ad328a327,RUH,11:54.0,16:30.2,7/6/2026,7/8/2026,11,11:54.0,11:54.1,11:57.1,22:34.5,24:50.5,,,,,ابن قشيله,حي النظيم,,1.220318964,,,6a4672aee32ce607e641f489,1.5,TRUE,TRUE,TRUE,TRUE,TRUE,Ecolite,34.765,36.61,32.525,1,20.897055,29.65,,,,46.35,,Cash,10.91,,,,,17.32,24.2,35.11,0,0,5.08,1,Finished,,24.78694453,46.90471164,24.84561,46.78907,31.23333333,21.864,ahn,th3m526fwqb2,1013.39.1,23.14.2,th3m2enb0m7k,TRUE,,,0,jeeny-dispatch-strategy,B,(loc_engine_eta),,6891b651a3c679064f5961e1,Red63_August2025,1.601,5.066666667,,156AA4A8-8AAD-4A37-AFCA-06C349ACB446,0.9,0.9,1,Group A,428,FALSE,TRUE,FALSE,FALSE,,,,,,,,,,AUTO_PASSED,1192.318,FALSE,FALSE,,,,,,TRUE,1,TRUE,3.3,33.03,,,,,th3m52757tq9,th3m2enb05e6,FALSE,FALSE,FALSE,423F7EBD-7102-4C32-9D73-54D809EB2710,ee8d4a544f03664a,,XNB-3107,,,,,TRUE,,,,FALSE,,FALSE,47:28.2,44:54.2,28:48.7,8.77,8.77,,,TRUE,4.58,,Finished,Finished,428,0.28,0.28,percentage,30.53,0.5,1.3,OldAndroid,th3m2e,29.73,4.46,0,0,0,0,0,1.3,0,31.83,0.2,36.41,0.075,8.77,,RUH,25.86,RUH,,th3m52,th3m52,th3m2e,6a4a30a0ee859529f8951790,9.66552E+11,133,140,SUCCESS,,,,,,,0,,0,,,24.8456002,46.7890593,24.7871158,46.9049137,6857 الشيخ جابر الاحمد الصباح، Riyadh Saudi Arabia,manual_pin,recent,recent,TRUE,TRUE,3,TRUE,1783325969,TRUE,8.33,5.33,TRUE,60,0.3,TREATMENT,TRUE,0,1.599,1,RESIDENTIAL,GENERAL,28,submitted,00:40.7,00:50.0,TRUE,0,99.27,airport_nm,FALSE
6a490992c5a77f251a4db327,6a49084c3250ffc0700948ca,6977cbd770e10520b52c3fe2,RUH,24:34.4,12:29.2,7/4/2026,7/6/2026,16,24:34.4,24:34.5,24:36.7,28:43.8,32:23.5,,,,,قدامة بن جعفر,حي البيان,"RTBA9371، 9371 قدامة بن جعفر، 2633، حي البيان، Riyadh 13627, Saudi Arabia",1.409562086,,,64c12ef149077d3e048b4568,8,TRUE,TRUE,TRUE,TRUE,TRUE,Ecolite,30.275,30.54,25.83,4.666513928,20.92904143,29.55,,,,37.583333,,Cash,0,,,,,17.83,22.54,22.54,0,0,3.44,0.9,Finished,,24.89870845,46.87167109,24.78247,46.90508,32.96666667,23.074,aaa4,th3mdsdv7gr3,1013.39.1,2.41.0,th3kgre0re4x,TRUE,,,0,jeeny-dispatch-strategy,B,(loc_engine_eta),,6891b651a3c67904571bbad4,Red52_August2025,4.876,7.45,,26DAD5F4-7161-4228-B6F3-0CBFE5C01389,0.9,0.9,1,Group A,428,FALSE,TRUE,FALSE,FALSE,,,,,,,,,,AUTO_PASSED,1397.003,FALSE,FALSE,,,,,,TRUE,1,TRUE,2.87,31.89,,,,,th3mds5ppq2y,th3kgrd9rs7s,FALSE,FALSE,FALSE,1BF875D4-4539-4420-9254-1982F5DAC3DB,6A8D0B72-0A8E-4847-9E0B-DBB62A7A2408,,JJR-7395,,,,,FALSE,,,,FALSE,,FALSE,17:18.3,,,7.3,7.3,,,TRUE,2.94,,Finished,Finished,428,0.28,0.28,percentage,19.6,0.5,6.96,OldAndroid,th3kgr,25.83,3.87,0,0,0,0,0,6.96,0,26.56,1.04,29.5,0.075,7.3,,RUH,21.63,RUH,,th3mds,th3mds,th3kgr,6a4646800378a2bdbb73a9d8,,,,,ChIJlQZvUY9WLj4RYRscII-9fIY,"premise ,  street_address",ChIJzSWnwXmsLz4Rw65o_R6Tb6c,street_address,,,0,,0,,,24.78264772,46.9043946,24.89625578,46.8721079,الحرف,manual_pin,manual_pin,where_to,TRUE,TRUE,3,TRUE,1783171897,TRUE,3.77,0.77,TRUE,60,0.3,TREATMENT,TRUE,0,0.231,1,RESIDENTIAL,GENERAL,28,submitted,05:48.3,06:01.7,TRUE,0,98.93,evo_airportnm,FALSE
6a491cea7ef6256af72d454b,6a491454baf77ebac8003395,65d309a7f13aae043418ab6f,RUH,47:05.6,36:23.0,7/4/2026,7/6/2026,17,47:05.6,47:06.7,47:09.5,56:07.0,59:52.8,,,,,Abdul Rahman Ibn Awf Road,An Nasim Al Gharbi,"8799 Abdul Rahman Ibn Awf Rd, An Nasim Al Gharbi, Riyadh 14225, Saudi Arabia",0.609145659,,,64c12ef149077d3e048b4568,8,TRUE,TRUE,TRUE,TRUE,TRUE,Airportdropoff,45.915,55.91,,,,40.233333,,,,65.583333,,Applepay,,dad222ef-2738-4b52-84a1-d28cb674dc99,dad222ef-2738-4b52-84a1-d28cb674dc99,44.72,44.72,31,0,47.91,,6.73,6.76,0.9,Finished,,24.71504156,46.81308877,24.94303,46.71075,47.8,38.335,aa83,th3k970r8186,1013.38.2,23.14.2,th3jyutxxmg9,TRUE,,,0,jeeny-dispatch-strategy,A,(loc_engine_eta),MADA,6891b6528351f3291d5567ec,Yellow2_August2025,0.864,2.033333333,,5B4E3CE6-9C01-4B8B-A7C8-C23DD8AF1529,0.9,0.9,1,Group A,422,FALSE,TRUE,FALSE,FALSE,,,,,3.19,unpaid,3.19,,,AUTO_PASSED,612.977,FALSE,FALSE,,,,airports,destination,TRUE,1,TRUE,4.33,48.14,,,RUH   King Khalid International Airport,Terminal 5,th3k9722n1zm,th3jyyd74ys1,FALSE,FALSE,FALSE,364A6F75-9F9C-4FFC-A149-A22D5371F7D7,c04e783ee4cb0d2f,,VUD-7754,,,,,TRUE,,,,FALSE,,FALSE,31:32.9,,,0,0,,,TRUE,6.26,,Finished,Finished,422,0.22,0.22,percentage,41.65,0.5,6.96,OldAndroid,th3jyu,39,5.85,6.73,1.01,0,0,0,6.96,0,48.61,1.04,54.87,0.075,0,,RUA,52.44,RUA,,th3k97,th3k97,th3jyy,6a4646800378a2bdbb73a9d8,,,,,Ejg4Nzk5IEFiZHVsIFJhaG1hbiBJYm4gQXdmIFJkLCBSaXlhZGggMTQyMjUsIFNhdWRpIEFyYWJpYSIbEhkKFAoSCfvt701NBy8-EbreH_rwhmTxEN9E,street_address,,,6a491ce6b2be7d061901179b,,0,,0,,,24.9532478,46.7060942,24.7151287,46.8133548,Terminal 5,manual_pin,landmark,where_to,TRUE,TRUE,3,TRUE,1783176716,TRUE,10.93,7.93,TRUE,60,0.3,TREATMENT,TRUE,0,2.379,1,GENERAL,GENERAL,0,submitted,55:49.8,55:58.7,TRUE,0,86.88,easygoevo,FALSE
6a492bec7ef6256af73fad50,6a492a838cf4367d5a0d5654,67a9d4c15f356ca4b2784441,RUH,51:08.4,54:35.4,7/4/2026,7/6/2026,18,51:08.4,51:08.6,51:19.0,58:28.4,01:41.5,,,,,Al Maharaq,Alhazm,"7479 Al Maharaq, Alhazm, Riyadh 14964, Saudi Arabia",1.043490872,,,65e99a9f42886e3c0e8b4568,8,TRUE,TRUE,TRUE,TRUE,TRUE,Ecolite,22.515,32.28,27.674,15,17.04873,38.383333,,,,50.466667,,Cash,0,,,,,18.9,24.28,24.28,0,0,3.67,0.9,Finished,,24.54446761,46.65639721,24.58682,46.761,26.35,15.303,ka12,th35tsnpzxgb,1013.39.1,23.15.0,th37b5fkd72y,TRUE,,,0,jeeny-dispatch-strategy,A,(loc_engine_eta),,6891b6504b7aadcc3e1d1e62,Blue3_August2025,2.196,6.816666667,,CB5E2975-BCC5-40D2-A1F4-FAC67665E175,0.9,0.9,1,Group A,435,FALSE,TRUE,FALSE,FALSE,,,,,,,,,,AUTO_PASSED,1008.729,FALSE,FALSE,,,,,,TRUE,1,TRUE,2.99,33.21,,,,,th35tsq2008z,th37b5cu8pbv,FALSE,FALSE,FALSE,A458B9D1-2D31-4761-9463-1C2657447E27,84f11d1b39ef8639,,NAR-2531,,,,,TRUE,,,,FALSE,,FALSE,39:30.8,,,7.72,7.72,,,TRUE,3.17,,Finished,Finished,435,0.28,0.28,percentage,21.11,0.5,6.96,OldAndroid,th37b5,26.9,4.03,0,0,0,0,0,6.96,0,28.07,1.04,31.24,0.075,7.72,,RUH,22.84,RUH,,th35ts,th35ts,th37b5,6a4646800378a2bdbb73a9d8,,,,,EjM3NDc5IEFsIE1haGFyYXEsIEFsaGF6bSwgUml5YWRoIDE0OTY0LCBTYXVkaSBBcmFiaWEiGxIZChQKEgkvFXxlNRAvPhFv0AvddP_kBBC3Og,street_address,ChIJhym-MwAJLz4R4UuoOl2od1k,"establishment ,  point_of_interest",,,0,,0,,,24.586844,46.7602169,24.5448342,46.6565335,محطة مترو العزيزية، Riyadh Saudi Arabia,manual_pin,search,where_to,TRUE,TRUE,3,TRUE,1783180768,TRUE,5.22,2.22,TRUE,60,0.3,TREATMENT,TRUE,0,0.666,1,GENERAL,GENERAL,28,submitted,45:38.4,45:52.0,TRUE,0,76.51,airport_nm,FALSE
6a492e1d7ef6256af742656b,6a492ced2ec41d8bfb09ae23,57e0f11e8349d8c63d8c3281,RUH,00:28.0,57:24.1,7/4/2026,7/6/2026,19,00:28.1,00:29.2,00:34.3,04:20.5,08:21.1,,,,,Shaqra,Al Janadiriyah,"RTJA3571, 3571 Shaqra, 7823, Al Janadiriyah, Riyadh 13611, Saudi Arabia",0.853999445,,,65e99a9f42886e3c0e8b4568,3.11,TRUE,TRUE,TRUE,TRUE,TRUE,Ecolite,21.855,10.78,,,,2.533333,,,,29.383333,,Applepay,,75a588e4-3bed-483e-9bfc-2fd9ff2f6dd9,75a588e4-3bed-483e-9bfc-2fd9ff2f6dd9,13.86,13.86,4.66,0,6.48,,0.77,1.35,0.9,Finished,,24.80552745,46.85878357,24.7738,46.7764,25.26666667,14.759,k180,th3m479tk7cd,1013.39.1,23.14.2,th3kbmvtc55c,TRUE,,,0,jeeny-dispatch-strategy,A,(loc_engine_eta),MADA,6891b6528351f3291d5567ec,Yellow2_August2025,1.432,3.266666667,,54E1A5EA-8192-406E-BA2A-ADE42571A02C,0.9,0.9,1,Group A,428,FALSE,TRUE,FALSE,FALSE,,,,,0,,0,,,AUTO_PASSED,848.563,FALSE,FALSE,,,,,,TRUE,1,TRUE,0.86,9.18,,,,,th3m479sccwt,th3m471vx5nk,FALSE,FALSE,FALSE,37BC0B1A-5E6F-4B38-AC9F-FB7D19CF0676,06b81774f3cd43c8,,SXR-6436,,,,,TRUE,,,,FALSE,,FALSE,38:32.4,,,2.48,2.48,,,TRUE,0.85,,Finished,Finished,428,0.28,0.28,percentage,5.63,0.5,3.74,OldAndroid,th3kbm,7.77,1.17,0.77,0.12,0,0,0,3.74,0,9.36,0.56,10.22,0.075,2.48,,RUH,7.24,RUH,,th3m47,th3m47,th3m47,6a4646800378a2bdbb73a9d8,,,,,ChIJhQl18daqLz4RSCGXf42Yc2c,street_address,ChIJzeonetoBLz4Rsp7olYUxrls,"establishment ,  point_of_interest ,  shopping_mall",6a492e177aeaa20ee223d075,,0,,0,,,24.8025967,46.8594017,24.8052067,46.8588333,الحمراء مول سينومي، Al Cheikh Hasan Ibn Hussein Ibn Ali,manual_pin,search,where_to,TRUE,TRUE,3,TRUE,1783181236,TRUE,4.07,1.07,TRUE,60,0.3,TREATMENT,TRUE,0,0.321,1,GENERAL,MALL,28,submitted,30:46.9,31:20.5,TRUE,0,50.89,airport_nm,FALSE
6a493597c5a77f251a8240eb,6a49233fe5ed5a53eb0c5ff5,6a281ffafa0a81870b0369ad,RUH,32:23.3,06:36.1,7/4/2026,7/6/2026,19,32:23.3,32:23.5,32:31.3,42:50.5,47:44.8,,,,,Eastern Ring Branch Road,Ar Rawdah,"6831 Eastern Ring Branch Rd, Ar Rawdah, Riyadh 13211, Saudi Arabia",0.993175489,,,5847197c95abff8840e8f395,2.82,TRUE,TRUE,TRUE,TRUE,TRUE,Ecolite,9.515,11.27,8.63,2,0.9812384,4.15,,,,20.333333,,Cash,0,,,,,4.95,5.63,5.63,0,0,1.23,0.9,Finished,,24.72445752,46.76037491,24.72588,46.75527,5.1,1.536,friende4cb9a,th3k8hcysdyz,1013.39.1,23.14.2,th3hxvnnsy05,TRUE,,,0,jeeny-dispatch-strategy,A,(loc_engine_eta),,6891b6528351f3291d5567ec,Yellow2_August2025,1.677,4.816666667,,D7388D75-30B1-4EAF-89FB-C663A64E6B53,0.9,0.9,1,Group A,434,FALSE,TRUE,FALSE,FALSE,,,,,,,,,,AUTO_PASSED,991.402,FALSE,FALSE,,,,,,TRUE,1,TRUE,0.86,8.63,,,,,th3k8hfjc7pn,th3hxvnpxd70,FALSE,FALSE,FALSE,F8DB7206-375C-49BD-B520-4E1CDC6663CB,bd902ae4a1ec45c4,,GXR-7679,,,,,TRUE,,,,FALSE,,FALSE,59:01.4,,,2.6,2.6,,,TRUE,0.73,,Finished,Finished,434,0,0,percentage,4.9,0.5,4.9,OldAndroid,th3hxv,7.77,1.17,0,0,0,0,0,4.9,0,9.79,0.74,10.53,0.075,2.6,,RUH,7.55,RUH,,th3k8h,th3k8h,th3hxv,6a4646800378a2bdbb73a9d8,,,,,Ejc2ODMxIEVhc3Rlcm4gUmluZyBCcmFuY2ggUmQsIFJpeWFkaCAxMzIxMSwgU2F1ZGkgQXJhYmlhIhsSGQoUChIJW2icTm8BLz4RtuR2mEHnEh4QrzU,street_address,ChIJ-W0nrBMBLz4RHK2nHWfwG4Y,"establishment ,  furniture_store ,  home_goods_store ,  point_of_interest ,  store",,,0,,0,,,24.7260311,46.7553919,24.7243624,46.7606223,اثيثه، حي، Eastern Ring Road,manual_pin,search,where_to,TRUE,TRUE,3,TRUE,1783183358,TRUE,8.08,5.08,TRUE,60,0.3,TREATMENT,TRUE,0,1.524,1,GENERAL,RETAIL,28,submitted,55:27.1,56:23.1,TRUE,0,78.82,easygoevo,FALSE
6a4940cbc5a77f251a91948e,6a493e7eb2e678e385070202,69427d927b12a10a1266c4cb,RUH,20:11.9,22:28.5,7/4/2026,7/6/2026,20,20:11.9,20:12.2,20:15.8,28:11.3,31:17.2,,,,,محمد بن مبارك التكروري,حي القادسية,"RFJA8991، 8991 محمد بن مبارك التكروري، 4189، حي القادسية، Riyadh 13236, Saudi Arabia",1.45918276,,,65e99a9f42886e3c0e8b4568,7.2,TRUE,TRUE,TRUE,TRUE,TRUE,Ecolite,18.975,19.06,16,4.832837995,10.08861956,21.65,,5,,32.85,,Cash,0,,,,,8.8,11.44,11.44,0,0,2,0.9,Finished,,24.81317769,46.82519498,24.81447,46.89121,20.86666667,11.561,ss93,th3m1t154p2q,1013.39.1,2.41.0,th3m5j34u2kr,TRUE,53:31.9,7/4/2026,0,jeeny-dispatch-strategy,A,(loc_engine_eta),,6891b6528351f3291d5567ec,Yellow2_August2025,3.266,5.566666667,,9DA90974-7B17-4858-85B7-C8B7A07501F0,0.9,0.9,1,Group A,428,FALSE,TRUE,FALSE,FALSE,,,,,,,,,,AUTO_PASSED,1466.515,FALSE,FALSE,,,,,,TRUE,1,TRUE,1.78,19.75,,,,,th3m1t0ut6sx,th3m5j370nkw,FALSE,TRUE,TRUE,65B06A80-FDE6-4115-9DE6-D33E696CB74C,5D3538BB-0AE3-4D85-BE1C-06117AF285DB,,RLR-1190,,success,Registered,ELMSQLDaily,,,,,TRUE,,FALSE,21:32.1,,18:41.5,4.5,4.5,,,TRUE,1.5,,Finished,Finished,428,0.28,0.28,percentage,9.94,0.5,6.63,OldAndroid,th3m5j,16,2.4,0,0,0,0,0,6.63,0,16.57,0.99,18.07,0.075,4.5,181,RUH,13.35,RUH,,th3m1t,th3m1t,th3m5j,6a4646800378a2bdbb73a9d8,,,,,ChIJgQEV5VtVLj4R6smyN0uxKPU,"premise ,  street_address",ChIJHXsGrU-rLz4RBZpIT10Paf0,"beauty_salon ,  establishment ,  point_of_interest",,,0,,0,,,24.81454494,46.89137124,24.81340927,46.82499206,مركز شذا النسائي، Muhammad Ibn Al Ahmar,manual_pin,search,where_to,TRUE,TRUE,3,TRUE,1783186263,TRUE,3.22,0.22,TRUE,60,0.3,TREATMENT,TRUE,0,0.066,1,RESIDENTIAL,FITNESS_AND_BEAUTY,28,submitted,55:30.7,55:56.8,TRUE,0,84.11,airport_nm,TRUE
6a5018ffc737923ca9e91bca,6a4e126fe67cc36a0a0488d2,689d8a534b1da8be284e8c74,RUH,56:15.7,24:36.3,7/10/2026,7/11/2026,0,56:15.7,56:15.9,56:18.9,58:01.5,16:38.5,,,,,Abi Al Ala Al Maari,Al Malaz,,0.276208014,,,64c12ef149077d3e048b4568,6.94,TRUE,TRUE,TRUE,TRUE,TRUE,Ecolite,13.855,25.35,16.719,3,10.797845,18.983333,,5,,44.716667,,Cash,0,,,,,8.39,17.35,17.35,0,1.53,2.76,0.9,Finished,,24.673587,46.727374,24.62383,46.75574,14.66666667,8.688,aa24,th3hr79vmtg5,21.29.0,23.15.0,th3hpfwkpwwe,TRUE,30:26.8,7/10/2026,0,jeeny-dispatch-strategy,B,(loc_engine_eta),,6891b650464f40084c6496ee,Blue1_August2025,1.576,5.15,,ea08b86e-1dc4-4c68-a76e-7d762926a1bb,0.9,0.9,1,Group A,422,FALSE,TRUE,FALSE,FALSE,,,,,,,,,,AUTO_PASSED,290.432,FALSE,FALSE,,,,,,TRUE,1,TRUE,1.7,18.92,,,,,th3hr76n9h68,th3hpfj2rh1m,FALSE,FALSE,FALSE,f959d0546a17a6d5,cccc088ec54e2d44,,EBR-7372,,,,,TRUE,,,,TRUE,,FALSE,21:08.2,,,4.74,4.74,,,TRUE,2.26,,Finished,Finished,422,0.22,0.22,percentage,15.09,0.5,6.96,NewAndroid,th3hpf,15.33,2.3,1.53,0.23,0,0,0,6.96,0,22.04,1.04,24.31,0.075,4.74,835,RUH,18.5,RUH,,th3hr7,th3hr7,th3hpf,6a4382bfa2aa3337168e3a63,9.66542E+11,36,0,FAILED,,"premise ,  street_address",,street_address,,,0,,0,,,24.6204267,46.7543383,24.6723117,46.7276467,طريق الخرج الفرعي 3259,manual_pin,search,where_to,TRUE,TRUE,3,TRUE,1783634461,TRUE,18.6,15.6,TRUE,60,0.3,TREATMENT,TRUE,0,4.68,1,RESIDENTIAL,GENERAL,22,submitted,45:37.4,45:49.7,TRUE,0,96.11,easygoevo,FALSE
6a501cf1b0e119efe8f45015,6a501b7034acd515ea0d1112,62f2501643435201f00468ca,RUH,13:04.1,28:25.6,7/10/2026,7/11/2026,1,13:04.1,13:05.2,13:11.2,16:33.5,19:40.6,,,,,Ibn Rawaha,Al Mohammadiyyah,"4821-4845 Ibn Rawaha, Al Mohammadiyyah, Riyadh 12361, Saudi Arabia",0.677404403,,,64c12ef149077d3e048b4568,8,TRUE,TRUE,TRUE,TRUE,TRUE,Ecolite,35.695,56.31,48.29,24.33337682,34.9158192,59.516667,,,,67.366667,,Applepay,,aab5630a-a134-46f9-a692-6702b5b51f65,aab5630a-a134-46f9-a692-6702b5b51f65,27.7,27.7,40.29,0,48.31,,0,6.81,0.9,Finished,,24.72678918,46.66661008,24.85143,46.83088,29.31666667,33.091,aa7l,th3htvmf8dfd,1013.39.2,2.41.0,th3m3sj4nd74,TRUE,,,0,jeeny-dispatch-strategy,B,(loc_engine_eta),MADA,6891b6512b984bd05d467870,Yellow1_August2025,1.769,2.983333333,,01E195CB-D709-4738-ADBA-922EEBE121A9,0.9,0.9,1,Group A,428,FALSE,TRUE,FALSE,FALSE,,,,,20.61,finished_from_blade,20.61,,,AUTO_PASSED,596.849,FALSE,FALSE,,,,,,TRUE,1,TRUE,5.36,59.61,,,,,th3htvmbdkhf,th3m3sj4m8wc,FALSE,FALSE,FALSE,15ED1E96-4A09-4397-88FE-EEDC73C8A36C,70D94224-1A42-4F54-B144-41B9E986481E,,DTR-8425,,,,,,,,,FALSE,,FALSE,46:22.6,,,13.57,13.57,,,TRUE,6.31,,Finished,Finished,428,0.28,0.28,percentage,42,0.5,6.96,OldAndroid,th3m3s,48.29,7.24,0,0,0,0,0,6.96,0,48.96,1.04,55.27,0.075,13.57,,RUH,40.25,RUH,,th3htv,th3htv,th3m3s,6a4382bfa2aa3337168e3a63,,,,,,,,,6a501ced8c33b5791d513a74,,,,0,,,24.85146343,46.83084224,24.72621246,46.66693507,شارع محمد بن يوسف الشيبي، Riyadh Saudi Arabia,manual_pin,search,where_to,TRUE,TRUE,3,TRUE,1783635547,TRUE,3.55,0.55,TRUE,60,0.3,TREATMENT,TRUE,0,0.165,,GENERAL,GENERAL,28,submitted,21:52.7,21:59.7,TRUE,0,51.97,easygo,FALSE
6a50cea8b0e119efe81cbb3d,6a50c9bf4acb0ee7e005f69f,63c004deb1919722c55c4141,RUH,51:20.9,19:26.3,7/10/2026,7/12/2026,13,51:20.9,51:21.0,51:27.6,55:49.7,59:30.4,,,,,Northern Ring Branch Road,Al Aqiq,"حي, 6332 Northern Ring Br Rd, Al Aqiq, Riyadh 13511, Saudi Arabia",0.303273064,,,5847197c95abff8840e8f395,10,TRUE,TRUE,TRUE,TRUE,TRUE,Ecolite,49.565,50.49,42.6,0.16662281,46.91952941,35.883333,,,,44.2,,Cash,0,,,,,32.6,40.48,40.48,0,0,5.77,0.9,Finished,,24.75572191,46.62923499,24.93208,46.78701,32.58333333,41.902,friendmrtsh4,th3hv4drg588,1013.39.2,2.41.0,th3mbdtrbke4,TRUE,,,0,jeeny-dispatch-strategy,B,(loc_engine_eta),,6891b6505eb33f45c82f0705,Green1_August2025,0.931,2.866666667,,B4A17174-C326-4C7C-B0F3-6DBAE1E159E1,0.9,0.9,1,Group A,422,FALSE,TRUE,FALSE,FALSE,,,,,,,,,,AUTO_PASSED,280.783,FALSE,FALSE,,malls,pickup,,,TRUE,1,TRUE,4.73,52.59,Riyadh Park Mall,Riyadh Park Mall-Gate 2,,,th3hv4drewud,th3mbdtpexcw,FALSE,FALSE,FALSE,AAA9CFD6-C353-4C70-BCD6-724637CFDFE8,CC15895A-A728-44C2-B3DF-718BBCD0B472,,ZBD-3716,,,,,,,,,FALSE,,FALSE,30:11.0,,,9.55,9.55,,,TRUE,5.27,,Finished,Finished,422,0.22,0.22,percentage,35.21,0.5,8.7,OldAndroid,th3mbd,42.6,6.39,0,0,0,0,0,8.7,0,43.89,1.31,49.18,0.075,9.55,,RUH,38.57,RUH,,th3hv4,th3hv4,th3mbd,6a4382bfa2aa3337168e3a63,,,,,ChIJ9SKa9mLjLj4RzG8OcZWULvw,street_address,ChIJU1v-gWH5Lj4RHffbjCD4cEY,"cafe ,  establishment ,  food ,  point_of_interest ,  store",,,0,,0,,,24.93205526,46.78680393,24.75626798,46.62922276,قهوة لوب لاب   LOOP LAB COFFEE، يزيد بن مزيد الشيباني، Riyadh Saudi Arabia,manual_pin,search,where_to,TRUE,TRUE,3,TRUE,1783681011,TRUE,5.65,2.65,TRUE,60,0.3,TREATMENT,TRUE,0,0.795,1,GENERAL,RETAIL,22,submitted,40:30.2,40:36.1,TRUE,0,98.32,easygo,FALSE
6a563136c3c2a38be2b6c9de,6a535ec22a32114ed90c37a9,6326e9ee749d7e23f30635c1,ZRQ,53:10.6,15:48.9,7/14/2026,7/14/2026,15,53:10.6,53:10.8,53:19.3,55:56.0,59:49.5,,,,,Tariaq Bedon Esm,,,0.706381895,,,5847458c49abff6549e8f976,0.57,TRUE,TRUE,TRUE,TRUE,TRUE,Ultraeconomy,2.08,2.13,2.487,0,6.482443,12.85,,,,20.783333,,Cash,0,,,,,1.51,1.13,1.13,0,0,0,1,Finished,,32.093862,36.061957,32.05005,36.07064,11.93333333,5.929,jordan9khmrz,sv9wsd5m6d3c,21.30.1,23.15.0,sv9wkf9c4f6e,TRUE,,,0,jeeny-dispatch-strategy,A,(distance_pickup+distance_destination),,68877a86e5e726aaf963973a,Red2_August2025,2.732,3.783333333,0.0688,799cf73d-88ef-4724-9828-6d717ca143b2,0.9,0.9,1,Group A,413,FALSE,TRUE,FALSE,FALSE,,,,,,,,,,AUTO_PASSED,525.101,FALSE,FALSE,,,,,,TRUE,1,TRUE,0.23,2.31,,,,,sv9wsde151tt,sv9wkf9ctv79,FALSE,FALSE,FALSE,dec2c21dce135807,d504f06369bc49a4,,47-38191,,,,,TRUE,,,,FALSE,,FALSE,35:50.0,,,0.43,0.43,,,TRUE,0.07,,Finished,Finished,413,0.2,0.2,percentage,1.13,0,1,NewAndroid,sv9wkf,2.08,0,0,0,0,0,0,1,0,2.13,0,2.13,0,0.43,,ZRQ,1.86,ZRQ,,sv9wsd,sv9wsd,sv9wkf,default_rule,,,,,,route,,route,,,0,,0,,,32.0501517,36.07077,32.0939917,36.061385,Tariaq Bedon Esm,manual_pin,search,where_to,TRUE,TRUE,3,TRUE,1784033936,TRUE,3.88,0.88,TRUE,60,0.06,TREATMENT,TRUE,0,0.0528,1,GENERAL,GENERAL,,,,,TRUE,0,98.33,_ecolitezrq,FALSE
6a5658e0c3c2a38be2db104a,6a561b1455677a6b1b0f81c1,660763339da00a28de022f1f,ZRQ,42:24.6,57:07.6,7/14/2026,7/14/2026,18,42:24.6,42:24.9,42:39.9,45:48.0,49:21.2,,,,,شارع إبن خلدون,,,0.816255845,,,5847458c49abff6549e8f976,0.28,TRUE,TRUE,TRUE,TRUE,TRUE,Ultraeconomy,1.08,1.11,1.2,0,1.5032107,6.316667,,,,13.483333,,Cash,0,,,,,0.8,0.55,0.55,0,0,0,1,Finished,,32.074708,36.086385,32.06831,36.09626,5.966666667,1.558,jordan7ap2b4,sv9wmnvj592x,21.30.1,23.16.2,sv9wmmu7ry62,TRUE,,,0,jeeny-dispatch-strategy,A,(distance_pickup+distance_destination),,68877a872e61b928b33a592c,Blue1_August2025,0.957,3.683333333,0.0352,d439d9a4-bb9e-434c-b98a-166755f6ee32,0.9,0.9,1,Group A,413,FALSE,TRUE,FALSE,FALSE,,,,,,,,,,AUTO_PASSED,770.724,FALSE,FALSE,,,,,,TRUE,1,TRUE,0.12,1.2,,,,,sv9wmnvned5e,sv9wmmuqm209,FALSE,FALSE,FALSE,62e4944993a6f01e,af4bb44f14ff6165,,37-19283,,,,,TRUE,,,,FALSE,,FALSE,25:59.0,,,0.22,0.22,,,TRUE,0.04,,Finished,Finished,413,0.2,0.2,percentage,0.55,0,0.56,NewAndroid,sv9wmm,1.08,0,0,0,0,0,0,0.56,0,1.11,0,1.11,0,0.22,,ZRQ,0.97,ZRQ,,sv9wmn,sv9wmn,sv9wmm,default_rule,,,,,,"premise ,  street_address",,"establishment ,  mosque ,  place_of_worship ,  point_of_interest",,,0,,0,,,32.0687917,36.0961506,32.0743388,36.0861232,المجمع القديم 16,manual_pin,search,where_to,TRUE,TRUE,3,TRUE,1784044128,TRUE,3.55,0.55,TRUE,60,0.06,TREATMENT,TRUE,0,0.033,1,RESIDENTIAL,RELIGIOUS,,,,,TRUE,0,91.14,ecolitezrq,FALSE
6a578fd1cd1f13068c553660,6a578e8baf8ac9d6db0d11ea,66def1fee06dfa316968f44b,ZRQ,49:05.1,19:17.5,7/15/2026,7/15/2026,16,49:05.1,49:05.2,49:13.4,54:05.3,59:33.5,,,,,شارع عمر بن الخطاب,,,0.789345162,,,5847458c49abff6549e8f976,1,TRUE,TRUE,TRUE,TRUE,TRUE,Ultraeconomy,2.58,3.08,2.542,4,6.6551423,17.666667,السائق غير مهذب واعترض علا الخصم وتم زياده الحساب نصف دينار,1,السلوك_العام,28.6,,Cash,0,,,,,1.93,2.08,2.08,0,0,0,1,Finished,,32.030409,36.061926,32.01274,36.02871,12.26666667,7.704,jordangt37rs,sv9whwgw85hu,21.30.1,23.16.2,sv9w5ger9z32,TRUE,39:38.3,7/15/2026,0,jeeny-dispatch-strategy,A,(distance_pickup+distance_destination),,68877a86c49e1079ab408b88,Yellow1_August2025,1.119,5.633333333,0.0992,a50dfab7-d570-4af0-be7f-93fe5c15acc7,0.9,0.9,1,Group A,413,FALSE,TRUE,FALSE,FALSE,,,,,,,,,,AUTO_PASSED,803.127,FALSE,FALSE,,,,,,TRUE,1,TRUE,0.32,3.25,,,,,sv9whx52j0uh,sv9w5genvjmc,FALSE,FALSE,FALSE,9ed36d31c773bb1f,99d0916ec776954e,,48-63411,,,,,TRUE,,,,TRUE,,FALSE,52:19.4,,,0.62,0.62,,,TRUE,0.1,,Finished,Finished,413,0.2,0.2,percentage,2.08,0,1,NewAndroid,sv9w5g,2.93,0,0,0,0,0,0,1,0,3.08,0,3.08,0,0.62,382,ZRQ,2.68,ZRQ,,sv9whw,sv9whx,sv9w5g,default_rule,,,,,,route,,route,,,0,,0,,,32.0126007,36.0285121,32.0306445,36.0618121,Tariaq Bedon Esm,manual_pin,manual_pin,where_to,TRUE,TRUE,3,TRUE,1784123825,TRUE,5.47,2.47,TRUE,60,0.06,TREATMENT,TRUE,0,0.1482,1,GENERAL,GENERAL,,,,,TRUE,0,60.04,ecolitezrq,FALSE
6a575a12cd1f13068c2c9a64,6a567174f998cfabdf04ea7c,699e18dfb8ec45f3c405e4e1,RUH,59:46.0,25:50.4,7/15/2026,7/15/2026,12,59:46.0,59:46.8,59:49.7,01:46.6,10:40.7,,,,,Hafsah Bint Omar,Al Andalus,,0.395824444,,,5847197c95abff8840e8f395,7.18,TRUE,TRUE,TRUE,TRUE,TRUE,Ecolite,15.205,17.25,12.72,1.499881069,6.617214052,11.216667,,5,,22.683333,,Cash,0,,,,,5.54,8.62,8.62,0,0,1.63,1,Finished,,24.745061,46.795847,24.70135,46.80122,12.86666667,6.768,ammpcdtr5,th3kbbfy46ek,21.30.1,2.41.0,th3k8bxxg3qu,TRUE,22:30.4,7/15/2026,0,jeeny-dispatch-strategy,B,(loc_engine_eta),,6891b6528351f3291d5567ec,Yellow2_August2025,1.309,3.916666667,,87b9515a-1e4b-4d95-8d1f-ed9ca05df842,0.9,0.9,1,Group A,422,FALSE,TRUE,FALSE,FALSE,,,,,,,,,,AUTO_PASSED,547.312,FALSE,FALSE,,,,,,TRUE,1,TRUE,1.41,14.13,,,,,th3kbbemff1d,th3k8bzb1kbk,FALSE,FALSE,FALSE,7d632cbe0ef38d11,C6D25451-0371-4B19-AA2C-41BCFED9DF5C,,JGR-4578,,,,,,,,,TRUE,,FALSE,48:35.1,,,4.06,4.06,,,TRUE,1.13,,Finished,Finished,422,0.22,0.22,percentage,7.49,0.5,7.5,NewAndroid,th3k8b,12.72,1.91,0,0,0,0,0,7.5,0,14.99,1.13,16.12,0.075,4.06,421,RUH,11.84,RUH,,th3kbb,th3kbb,th3k8b,6a537e4476b88b10dab61906,,,,,,"premise ,  street_address",,street_address,,,0,,0,,,24.70141171,46.80146858,24.7449557,46.79535502,Al Adl RQWA4696,manual_pin,search,where_to,TRUE,TRUE,3,TRUE,1784109886,TRUE,8.9,5.9,TRUE,60,0.3,TREATMENT,TRUE,0,1.77,1,RESIDENTIAL,GENERAL,28,submitted,25:26.1,25:50.4,TRUE,0,87.85,airport_nm,FALSE
6a4b7304c5d6742eb798f57c,6a4b716f2959af6f9b00dc5f,6a258329ae05644a3f0f4b66,RUH,19:00.4,30:43.9,7/6/2026,7/8/2026,12,19:00.4,19:00.6,19:05.2,23:18.1,30:38.5,,,,,Al Madina Al Munawwarah Road,Dhahrat Al Badi'ah,"3413 Al Madina Al Munawwarah Rd, Dhahrat Al Badi'ah, Riyadh 12974, Saudi Arabia",1.57910715,,,64c12ef149077d3e048b4568,3.66,TRUE,TRUE,TRUE,TRUE,TRUE,Ecolite,9.515,11.05,7.77,0,1.569943677,3.366667,,,,15.066667,,Applepay,,546a84cd-f3c9-413d-af9e-a42f9926a569,546a84cd-f3c9-413d-af9e-a42f9926a569,5.71,5.71,4.11,0,6.63,,0,1.37,1,Finished,,24.59237401,46.63100804,24.60066,46.64384,4.066666667,1.606,aaxx,th35vhgthcfq,1013.38.2,2.41.0,th35vqmj0prv,TRUE,,,0,jeeny-dispatch-strategy,A,(loc_engine_eta),MADA,6891b651a47b6644d30c23e5,Yellow3_August2025,2.712,7.15,,A68DC141-2396-4673-99C8-C4E392AAEB51,0.9,0.9,1,Group A,422,FALSE,TRUE,FALSE,FALSE,,,,,0,,0.92,,,AUTO_PASSED,1609.635,FALSE,FALSE,,,,,,TRUE,1,TRUE,0.86,8.63,,,,,th35vhgtgr7b,th35vqku51wr,FALSE,FALSE,FALSE,55B4925E-C293-4FF8-A946-AD1747F6B74D,EA6CCF6E-0914-4158-BF4B-0081717EC2B0,,ZUR-3213,,,,,FALSE,,,,FALSE,,FALSE,57:02.5,,,2,2,,,TRUE,0.87,,Finished,Finished,422,0.22,0.22,percentage,5.76,0.5,3.84,OldAndroid,th35vq,7.77,1.17,0,0,0,0,0,3.84,0,9.6,0.58,10.47,0.075,2,,RUH,7.96,RUH,,th35vh,th35vh,th35vq,6a4a30a0ee859529f8951790,,,,,EjszNDEzIEFsIE1hZGluYSBBbCBNdW5hd3dhcmFoIFJkLCBSaXlhZGggMTI5NzQsIFNhdWRpIEFyYWJpYSIbEhkKFAoSCce7pwVhGi8-ET_wXkjngkKLENUa,street_address,ChIJpf9TGLAbLz4RemQa4e7HsTY,"establishment ,  point_of_interest",6a4b7301093edb42072547fb,,0,,0,,,24.60045788,46.64362343,24.59254821,46.63092764,محطة مترو الرياض - شارع عائشة بنت ابي بكر (برتقالي)، Riyadh Saudi Arabia,manual_pin,search,where_to,TRUE,TRUE,3,TRUE,1783329973,TRUE,7.42,4.42,TRUE,60,0.3,TREATMENT,TRUE,0,1.326,1,GENERAL,GENERAL,22,submitted,35:42.5,36:33.9,TRUE,0,81.92,filterfortga,TRUE
6a4ba37c4407f7fd1e191df7,6a4b83d5cb51ac389c0d7de2,6a43af7862855632140f7726,RUH,45:48.3,23:25.2,7/6/2026,7/8/2026,15,45:48.3,45:48.5,45:50.2,47:22.4,50:32.9,,,,,Abdullah Bin Omar Street,An Nasim Al Gharbi,,0.488882977,,,5847197c95abff8840e8f395,2.45,TRUE,TRUE,TRUE,TRUE,TRUE,Ecolite,9.725,9.79,8.63,3,3.000582,8.65,,5,,13.483333,,Cash,0,,,,,5.51,4.89,4.89,0,0,1.13,1,Finished,,24.723774,46.828765,24.72759,46.80797,8.266666667,3.198,frienddgrp28,th3k9t5sqfbc,21.29.0,23.15.0,th3k9js88ub5,TRUE,00:00.9,7/6/2026,0,jeeny-dispatch-strategy,A,(loc_engine_eta),,6891b650ff313265af58e418,Blue5_August2025,1.26,4.166666667,,1705659d-2701-4474-bc47-86d043fbbc6a,0.9,0.9,1,Group A,434,FALSE,TRUE,FALSE,FALSE,,,,,,,,,,AUTO_PASSED,401.856,FALSE,FALSE,,,,,,TRUE,1,TRUE,0.88,8.84,,,,,th3k9t5tp4ev,th3k9js2nkf9,FALSE,FALSE,FALSE,1dd1f665555bc921,63c6affc985c48d8,,THR-2386,,,,,TRUE,,,,TRUE,,FALSE,28:56.8,,,2.24,2.24,,,TRUE,0.63,,Finished,Finished,434,0,0,percentage,4.26,0.5,4.26,NewAndroid,th3k9j,7.96,1.19,0,0,0,0,0,4.26,0,8.51,0.64,9.15,0.075,2.24,181,RUH,6.65,RUH,,th3k9t,th3k9t,th3k9j,6a4a30a0ee859529f8951790,,,,,,street_address,,route,,,0,,0,,,24.7275038,46.8078659,24.7256041,46.8288427,Abdul Rahman Ibn Awf Road 7943,manual_pin,search,where_to,TRUE,TRUE,3,TRUE,1783342222,TRUE,3.17,0.17,TRUE,60,0.3,TREATMENT,TRUE,0,0.051,1,GENERAL,GENERAL,28,submitted,00:52.4,01:58.4,TRUE,0,89.84,easygo,FALSE
6a50f967c737923ca92c31ca,6a50f82d53506bbe3e0a2d4e,6a4a1badd4c9be6cc0018d5e,DMM,53:43.4,48:29.6,7/10/2026,7/12/2026,16,53:43.4,53:43.6,53:52.8,58:22.7,01:35.2,,,,,Gulf Road,Al-Hamra'a,"EMDD4779, 4779 Gulf Rd, 7935, Al-Hamra'a, Dammam 32423, Saudi Arabia",1.125934958,,,5847197c95abff8840e8f395,9.64,TRUE,TRUE,TRUE,TRUE,TRUE,Ultraeconomy,20.565,20.67,17.38,0.999547704,15.56919119,16.933333,,,,25.616667,,Cash,0,,,,,7.74,10.66,10.66,0,0,1.89,0.9,Finished,,26.45792867,50.09389192,26.37956,50.08484,16.63333333,15.311,friendmrtsh4,thewebt2873n,1013.39.2,23.15.0,thew5dq8j67s,TRUE,,,0,jeeny-dispatch-strategy,B,(loc_engine_eta),,6889f8c5e84429212241bcac,Blue2_August2025,2.433,3.933333333,,B673F832-67BD-4E11-AF85-1F6DF1A81546,0.9,0.9,1,Group A,434,FALSE,TRUE,FALSE,FALSE,,,,,,,,,,AUTO_PASSED,1146.893,FALSE,FALSE,,,,,,TRUE,1,TRUE,1.93,21.45,,,,,thewebt343gs,thew5dnprz1d,FALSE,FALSE,FALSE,AFD2824E-D54F-4EF7-86E5-08C5717C99EF,70c062feb581688d,,USS-4741,,,,,TRUE,,,,FALSE,,FALSE,00:27.8,,,4.89,4.89,,,TRUE,1.39,,Finished,Finished,434,0,0,percentage,9.27,0.5,8.7,OldAndroid,thew5d,17.38,2.61,0,0,0,0,0,8.7,0,17.96,1.31,19.36,0.075,4.89,,DMM,14.5,DMM,,theweb,theweb,thew5d,6a4f6b337a2eb3b2fb71c592,,,,,ChIJ9Sl1bBD8ST4RaqkxV8mbtI8,street_address,ChIJk3BSIwDjST4RGS0nk3OizUU,"establishment ,  point_of_interest",,,0,,0,,,26.3794563,50.08425822,26.45800657,50.09398098,أكاديمية الظهران الرياضية، Omar Ibn Al Khattab Street,manual_pin,search,proxy,TRUE,TRUE,3,TRUE,1783692078,TRUE,3.28,0.28,TRUE,60,0.3,TREATMENT,TRUE,0,0.084,1,GENERAL,GENERAL,28,submitted,20:33.2,20:56.4,TRUE,0,99.88,easygo,FALSE
6a5169bcaba5ca1961df04ce,6a51684c9ed3b511d20c2b1f,69dfa5e9dd4f7aac3c09378d,DMM,53:00.3,42:34.0,7/11/2026,7/12/2026,0,53:00.3,53:00.4,53:04.7,00:35.9,13:07.2,,,,,الامير مساعد ابن عبدالعزيز,Al Khobar Al Shamalia,"EKDB7650، 7650 الامير مساعد ابن عبدالعزيز، 3681, Al Khobar Al Shamalia, Al Khobar 34425, Saudi Arabia",2.633065092,,,5847197c95abff8840e8f395,10,TRUE,TRUE,TRUE,TRUE,TRUE,Ultraeconomy,43.905,47.22,37.68,1.000065064,41.23036974,33.15,,,,54.316667,,Cash,0,,,,,27.68,37.21,37.21,0,0,5.35,0.9,Finished,,26.28561168,50.22108129,26.44312,50.00866,33.15,41.479,friendmrtsh4,thetwfdr15wh,1013.38.2,2.41.0,thew3vz4q4ze,TRUE,,,0,jeeny-dispatch-strategy,B,(loc_engine_eta),,6889f8c593027e006c31f8e3,Yellow1_August2025,3.888,5.2,,4E0B4BA3-8014-48DD-BFF3-688A04A15141,0.9,0.9,1,Group A,428,FALSE,TRUE,FALSE,FALSE,,,,,,,,,,AUTO_PASSED,1672.717,FALSE,FALSE,,attractions,pickup,,,TRUE,1,TRUE,4.19,46.52,Khobar Sea Front,Main Entrance,,,thetwc1w0u24,thew3vz3q55z,FALSE,TRUE,TRUE,507FB60C-9FB8-4D10-8FCA-74BC6C781088,BE76D170-B17E-4C3E-9DAD-D4270A30DF31,,HHD-8068,,success,Registered,ELMSQLDaily,,,,,FALSE,,FALSE,23:06.9,,,11.35,11.35,,,TRUE,4.85,,Finished,Finished,428,0.28,0.28,percentage,32.36,0.5,8.7,OldAndroid,thew3v,37.68,5.65,0,0,0,0,0,8.7,0,41.05,1.31,45.91,0.075,11.35,,DMM,33.39,DMM,,thetwf,thetwc,thew3v,6a4f6b337a2eb3b2fb71c592,,,,,ChIJj00OcTboST4R3sghfzbl5Bs,street_address,ChIJFSL8PPYBNj4RPJs-siHCXio,"premise ,  street_address",,,0,,0,,,26.44295051,50.00899847,26.28584315,50.22059799,الطفيل بن سعد,manual_pin,manual_pin,where_to,TRUE,TRUE,3,TRUE,1783721012,TRUE,12.57,9.57,TRUE,60,0.3,TREATMENT,TRUE,0,2.871,1,GENERAL,RESIDENTIAL,28,submitted,50:33.7,50:41.7,TRUE,0,99.4,airport_nm,TRUE
6a4f775dc737923ca91ec16f,6a4baac8a8678d9ee10fc8fd,5f6883897374bb06c94ce37f,AMM,26:37.9,42:37.8,7/9/2026,7/11/2026,13,26:37.9,26:38.1,26:53.0,35:27.9,37:09.8,,,,,At-Taj Street,Al Yarmouk,,0.677993645,,,64c22e6249077d7d048b4568,0.68,TRUE,TRUE,TRUE,TRUE,TRUE,Economy,2.17,3.02,2.591,5,6.651251,27.866667,,,,38.833333,,Cash,0,,,,,2.32,2.27,2.27,0,0,0,1,Finished,,31.940206,35.94731,31.95185,35.90982,17.38333333,6.074,ar6p,sv9t9yxcpsrq,21.29.0,23.15.0,sv9tc0stp2w9,TRUE,,,0,jeeny-dispatch-strategy,B,(loc_engine_eta),,688f52cef84bc164a019ea8b,Orange1_August2025,1.875,5.683333333,0.096,90754a91-d090-4600-b1de-0e375de5e685,0.9,0.9,1,Group A,413,FALSE,TRUE,FALSE,FALSE,,,,,,,,,,AUTO_PASSED,708.452,FALSE,FALSE,,,,,,TRUE,1,TRUE,0.33,3.33,,,,,sv9tdn8338d3,sv9tc0udkxtn,FALSE,FALSE,FALSE,276b4e16f6e430c2,fb48375272ed9c2a,,49-17323,,,,,TRUE,,,,FALSE,,FALSE,01:04.5,,,0.6,0.6,,,TRUE,0.1,,Finished,Finished,413,0.2,0.2,percentage,2.27,0,0.75,NewAndroid,sv9tc0,3,0,0,0,0,0,0,0.75,0,3.02,0,3.02,0,0.6,,AMM,2.65,AMM,,sv9t9y,sv9tdn,sv9tc0,default_rule,,,,,,"street_address ,  subpremise",,street_address,,,0,,0,,,31.9527896,35.9097,31.9402199,35.9476766,Al-Kulliyah Al-Elmeyah Al-Islameyah Street 79,manual_pin,search,where_to,TRUE,TRUE,3,TRUE,1783593409,TRUE,3.33,0.33,TRUE,60,0.06,TREATMENT,TRUE,0,0.0198,1,GENERAL,GENERAL,,,,,TRUE,0,68.25,_economylicenseamm,FALSE
6a4f8a5cb0e119efe83870b3,6a4ecf061edfa7be1f042410,63f3243d0b93e923507a6758,AMM,47:40.2,03:11.1,7/9/2026,7/11/2026,14,47:40.2,47:40.4,47:44.2,51:32.8,54:58.4,,,,,شارع صالح علي زكي,وادي السير,"45, Swefieh Village, ش. صالح علي زكي 30، عمّان، Jordan",0.05216133,,,6838189c46255a6cd2e19773,0.980000019,TRUE,TRUE,TRUE,TRUE,TRUE,Economy,4.2,4.23,4.869,0,13.701993,22.1,,,,29.75,,Cash,0,,,,,3.219999981,3.25,3.25,0,0,0,1,Finished,,31.94797685,35.86456164,31.90235,35.92478,22.71666667,13.091,cairokee,sv9t8pggg27q,1013.39.2,23.16.0,sv9t3rxssj1d,TRUE,,,0,jeeny-dispatch-strategy,A,(loc_engine_eta),,688f52cf1fb7c050b13bcb56,Blue1_August2025,0.255,4.866666667,0.136,577B1C19-86A4-431E-8B48-F39957EF5203,0.9,0.9,1,Group A,413,FALSE,TRUE,FALSE,FALSE,,,,,,,,,,AUTO_PASSED,60.897,FALSE,FALSE,,malls,pickup,,,TRUE,1,TRUE,0.47,4.67,Swefieh Village,Gate 2,,,sv9t8pgfg1hf,sv9t3xd86r6z,FALSE,FALSE,FALSE,C22A3876-E89B-4B2E-A187-769926171817,9e3b4d78519cf77f,,36-62897,,,,,TRUE,,,,FALSE,,FALSE,25:54.3,,,0.85,0.85,,,TRUE,0.14,,Finished,Finished,413,0.2,0.2,percentage,3.25,0,0.98,OldAndroid,sv9t3r,4.2,0,0,0,0,0,0,0.98,0,4.23,0,4.23,0,0.85,,AMM,3.71,AMM,,sv9t8p,sv9t8p,sv9t3x,default_rule,,,,,ChIJd-lTP1ihHBURS9TYdC3EEbg,"establishment ,  point_of_interest ,  store",EjPYtNin2LHYuSDZhtmI2YHZhCDYqNmGINmF2LnYp9mI2YrYqdiMIEFtbWFuLCBKb3JkYW4iLiosChQKEgmNAWZwrVgbFREkLu8t7kVMsRIUChIJr4F5XbhfGxUR6GXc-MAwHGM,"geocode ,  route",,,0,,0,,,31.9016333,35.9288267,31.9473467,35.86466,شارع نوفل بن معاوية، Amman,manual_pin,search,where_to,TRUE,TRUE,3,TRUE,1783598072,TRUE,3.42,0.42,TRUE,60,0.06,TREATMENT,TRUE,0,0.0252,1,RETAIL,GENERAL,,,,,TRUE,0,92.33,economylicenseams,FALSE
6a4fa836c737923ca95700a3,6a4eb80150c328ab8b041a2d,689294d841279d3ed470c3fe,AMM,55:02.9,47:38.3,7/9/2026,7/11/2026,16,55:03.0,55:03.3,55:06.0,56:41.0,00:27.7,,,,,Mansour Ben Omeir Street,Tla al-Ali,"سوبرماركت قلعة خلدا، Issa Al Sabaie St, Amman, Jordan",0.452923076,,,6838189c46255a6cd2e19773,0.980000019,TRUE,TRUE,TRUE,TRUE,TRUE,Economy,7.21,7.26,6.143,2,17.652266,39.75,,,,46.083333,,Cash,0,,,,,6.229999981,6.28,6.28,0,0,0,1.35,Finished,,32.00171083,35.851074,31.90271,35.88164,35.01666667,16.986,cairokee,sv9qpcc2yf6m,1013.39.2,23.14.2,sv9t2x8nyb1v,TRUE,,,0,jeeny-dispatch-strategy,A,(loc_engine_eta),,688f52ce084531676b6c07cd,Orange5_August2025,0.609,1.4,0.232,2ED33920-4180-4F3D-8D8B-AF93BC9A9DD9,0.9,0.9,1,Group A,413,FALSE,TRUE,FALSE,FALSE,,,,,,,,,,AUTO_PASSED,423.79,FALSE,FALSE,,,,,,TRUE,1,TRUE,0.8,5.93,,,,,sv9qpc9wfddn,sv9t2xekuhz5,FALSE,FALSE,FALSE,5645B892-FA64-45F8-8B71-A8507C07CFF6,09e35a535d26b848,,46-52727,,,,,TRUE,,,,FALSE,,FALSE,38:13.0,,,1.45,1.45,,,TRUE,0.23,,Finished,Finished,413,0.2,0.2,percentage,6.28,0,0.98,OldAndroid,sv9t2x,7.21,0,0,0,0,0,0,0.98,0,7.26,0,7.26,0,1.45,,AMM,6.38,AMM,,sv9qpc,sv9qpc,sv9t2x,default_rule,,,,,ChIJmWybnt2hHBUR2O-MV2MHniM,"establishment ,  food ,  grocery_or_supermarket ,  point_of_interest ,  store ,  supermarket",ChIJ5RpxVwCnHBURrGX90vWSQng,"establishment ,  point_of_interest",,,0,,0,,,31.9023918,35.8859922,32.0016004,35.8505588,Balsam Exhibition Center مركز بلسم للمعارض، Abu Bakr Al-Siddeeq Street,search,search,proxy,TRUE,TRUE,3,TRUE,1783605573,TRUE,3.88,0.88,TRUE,60,0.06,TREATMENT,TRUE,0,0.0528,1,RETAIL,GENERAL,,,,,TRUE,0,91.59,_economylicenseamm,FALSE
6a4fb23eb0e119efe86f16fa,6a4fb02ec9984d3898048a7f,67b648655197f5a2e1775d4e,AMM,37:50.5,05:25.8,7/9/2026,7/11/2026,17,37:50.5,37:51.0,37:57.6,45:45.0,45:45.0,,,,,Zahran Street,Wadi Al-Seer,,0.519695365,,,5847458c49abff6549e8f976,1,TRUE,TRUE,TRUE,TRUE,TRUE,Economy,3.03,3.07,3.03,2.332615149,8.818797821,24.916667,,,,32.933333,,Cash,0,,,,,2.03,2.07,2.07,0,0,0,1,Finished,,31.95664,35.859143,31.93129,35.91575,26.2,9.065,jordanxahrc7,sv9mzcxbfs99,21.29.0,2.41.0,sv9t9kcj1xuh,TRUE,,,0,jeeny-dispatch-strategy,B,(loc_engine_eta),,688f52ce7460f8482465ecc0,Green1_August2025,1.315,5.05,0.0976,f14a1b22-0a61-46f6-8da3-61a9a77a9c4d,0.9,0.9,1,Group A,413,FALSE,TRUE,FALSE,FALSE,,,,,,,,,,AUTO_PASSED,5182976.041,FALSE,FALSE,,,,,,TRUE,1,TRUE,0.34,3.37,,,,,sv9tb181r5yb,sv9t9m4m9hf9,FALSE,FALSE,FALSE,98f2595313d32895,189F52CF-BDC3-48DC-AF66-7F5DD4DEC89A,,66-12968,,,,,FALSE,,,,FALSE,,FALSE,07:43.4,,,0.61,0.61,,,TRUE,0.1,,Finished,Finished,413,0.2,0.2,percentage,2.07,0,1,NewAndroid,sv9t9k,3.03,0,0,0,0,0,0,1,0,3.07,0,3.07,0,0.61,,AMM,2.7,AMM,,sv9mzc,sv9tb1,sv9t9m,default_rule,,,,,,street_address,,route,,,0,,0,,,31.93273253,35.91744286,31.95671678,35.85968451,Al Quds 261,manual_pin,search,where_to,TRUE,TRUE,3,TRUE,1783608308,TRUE,3.6,0.6,TRUE,60,0.06,TREATMENT,TRUE,0,0.036,1,GENERAL,GENERAL,,,,,TRUE,0,97.64,_economylicenseamm,FALSE
6a4fc3a4c737923ca9803452,6a4fc343b16fc9921d0bf655,68c573f3936acb547b42406c,AMM,52:04.2,31:33.8,7/9/2026,7/11/2026,18,52:04.2,52:04.4,52:07.5,57:23.2,00:52.3,,,,,Ibrahim Qaqish Street,Tla al-Ali,"Ibrahim Qaqish St. Governorate, Amman, Jordan",0.505795878,,,64c22e6249077d7d048b4568,0.75,TRUE,TRUE,TRUE,TRUE,TRUE,Economy,5.25,5.42,7.362,6,21.431643,46.833333,,,,55.733333,,Cash,0,,,,,4.5,4.67,4.67,0,0,0,1,Finished,,31.98724126,35.84812153,31.90887,35.94647,40.46666667,16.685,ar6p,sv9mzxpgsq2c,1013.39.2,23.15.0,sv9t9bz6tkqx,TRUE,,,0,jeeny-dispatch-strategy,A,(loc_engine_eta),,688f52cd2d381129d16ae28b,Yellow5_August2025,1.495,3.5,0.1728,5ABD3F24-3B1E-4B01-A682-0F3633D94FCD,0.9,0.9,1,Group A,413,FALSE,TRUE,FALSE,FALSE,,,,,,,,,,AUTO_PASSED,462.453,FALSE,FALSE,,,,,,TRUE,1,TRUE,0.58,5.83,,,,,sv9mzz0j632p,sv9t9bz72fz3,FALSE,FALSE,FALSE,690E6787-9E23-4327-AFA9-B6AE5A9223B9,fd0fb0a552919397,,66-46291,,,,,TRUE,,,,FALSE,,FALSE,58:17.1,,,1.08,1.08,,,TRUE,0.17,,Finished,Finished,413,0.2,0.2,percentage,4.67,0,0.75,OldAndroid,sv9t9b,5.25,0,0,0,0,0,0,0.75,0,5.42,0,5.42,0,1.08,,AMM,4.75,AMM,,sv9mzx,sv9mzz,sv9t9b,default_rule,,,,,ChIJp_XMbrGhHBURVjvsMrz4RWY,"church ,  establishment ,  place_of_worship ,  point_of_interest",ChIJdYzFlzpfGxURC1Dqj27cODU,"establishment ,  mosque ,  place_of_worship ,  point_of_interest",,,0,,0,,,31.9089896,35.9462779,31.9876035,35.8484854,مسجد الحاج حسن مخلوف النبالي، Amman,manual_pin,search,where_to,TRUE,TRUE,3,TRUE,1783612679,TRUE,5.88,2.88,TRUE,60,0.06,TREATMENT,TRUE,0,0.1728,1,RELIGIOUS,RELIGIOUS,,,,,TRUE,0,88.97,airport_do,FALSE
6a4fc6c1c737923ca98467fb,6a4fc5fc32ebae1bdb0f2091,6613b1908473bbf1dd5286b0,AMM,05:21.9,36:18.0,7/9/2026,7/11/2026,19,05:21.9,05:22.1,05:23.5,13:57.8,16:33.9,,,,,Ibn Al-Bureizi Street,Al Jubeiha,"Ibn Al-Bureizi St. 58, Amman, Jordan",0.164284173,,,6838189c46255a6cd2e19773,0.980000019,TRUE,TRUE,TRUE,TRUE,TRUE,Economy,4.2,4.25,3.958,1,10.87647,27.716667,,,,39.6,,Cash,0,,,,,3.219999981,3.27,3.27,0,0,0,1,Finished,,31.99425076,35.90316494,31.90271,35.88164,31.65,13.097,cairokee,sv9w0bruh2sj,1013.39.2,23.15.0,sv9t2x8nyb1v,TRUE,,,0,jeeny-dispatch-strategy,A,(loc_engine_eta),,688f52ce148ebc5dd457c66b,Orange6_August2025,0.219,0.65,0.136,DD4D5D18-C90C-491A-8CF7-FD3BAF3570FF,0.9,0.9,1,Group A,413,FALSE,TRUE,FALSE,FALSE,,,,,,,,,,AUTO_PASSED,156.467,FALSE,FALSE,,,,,,TRUE,1,TRUE,0.47,4.67,,,,,sv9w0bru1fxy,sv9t2xghq0fy,FALSE,FALSE,FALSE,5E5AC434-EDDE-40AF-B8A0-B3B6A27B074F,cbe9cc8eaeae81cf,,42-76634,,,,,FALSE,,,,FALSE,,FALSE,52:53.1,,,0.85,0.85,,,TRUE,0.14,,Finished,Finished,413,0.2,0.2,percentage,3.27,0,0.98,OldAndroid,sv9t2x,4.2,0,0,0,0,0,0,0.98,0,4.25,0,4.25,0,0.85,,AMM,3.73,AMM,,sv9w0b,sv9w0b,sv9t2x,default_rule,,,,,ChIJMxToGh6gHBURi2RvhySURO4,"street_address ,  subpremise",ChIJ5RpxVwCnHBURrGX90vWSQng,"establishment ,  point_of_interest",,,0,,0,,,31.9036582,35.8857288,31.994262,35.9030626,Balsam Exhibition Center مركز بلسم للمعارض، Abu Bakr Al-Siddeeq Street,manual_pin,search,where_to,TRUE,TRUE,3,TRUE,1783613745,TRUE,3.8,0.8,TRUE,60,0.06,TREATMENT,TRUE,0,0.048,1,GENERAL,GENERAL,,,,,TRUE,0,94.89,airport_do,FALSE
6a4fc752c737923ca9851e25,6a4fb670cc1dcc40600e7bfb,6a0587abb4c550372504a4dc,AMM,07:46.7,36:37.8,7/9/2026,7/11/2026,19,07:46.7,07:46.8,07:49.0,09:00.6,14:15.8,,,,,Tariaq Bedon Esm,Al-Quwaysimah,,0.452826679,,,5847458c49abff6549e8f976,1,TRUE,TRUE,TRUE,TRUE,TRUE,Economy,4,4.14,4,3.333396085,11.93078622,20.616667,,,,27.783333,,Cash,0,,,,,3,3.14,3.14,0,0,0,1,Finished,,31.922276,35.968023,31.8984,35.89912,20.5,12.37,jordantqxfgp,sv9td7r0gs8d,21.29.0,2.41.0,sv9t2yuvwhsp,TRUE,,,0,jeeny-dispatch-strategy,A,(loc_engine_eta),,688f52cdbfe400711743b205,Yellow7_August2025,0.649,1.25,0.1328,74fb639e-8797-4277-8683-901a6da9b7bd,0.9,0.9,1,Group A,413,FALSE,TRUE,FALSE,FALSE,,,,,,,,,,AUTO_PASSED,486.802,FALSE,FALSE,,,,,,TRUE,1,TRUE,0.44,4.44,,,,,sv9td7r1jmuf,sv9t2yuv62c6,FALSE,FALSE,FALSE,1b9b48b2c9564e83,F6D925BE-F99D-41EC-8910-A3FCCD42B223,,66-28105,,,,,,,,,FALSE,,FALSE,46:04.2,,,0.83,0.83,,,TRUE,0.13,,Finished,Finished,413,0.2,0.2,percentage,3.14,0,1,NewAndroid,sv9t2y,4,0,0,0,0,0,0,1,0,4.14,0,4.14,0,0.83,,AMM,3.62,AMM,,sv9td7,sv9td7,sv9t2y,default_rule,,,,,,route,,street_address,,,0,,0,,,31.89833612,35.89895551,31.92235252,35.96809698,Abu Bakr Al-Siddeeq Street 246,manual_pin,search,proxy,TRUE,TRUE,3,TRUE,1783613520,TRUE,5.25,2.25,TRUE,60,0.06,TREATMENT,TRUE,0,0.135,1,GENERAL,GENERAL,,,,,TRUE,0,95.98,economylicenseams,FALSE
6a4fc732b0e119efe88cd5d8,6a4fc34e60aa421b390d46d6,5fcb8dafc93c6d427678e286,RUH,07:14.5,36:33.4,7/9/2026,7/11/2026,19,07:14.5,07:14.7,07:17.7,13:00.4,17:38.9,,,,,رقم 207,حي المونسية,,1.146847961,,,64c12ef149077d3e048b4568,8,TRUE,TRUE,TRUE,TRUE,TRUE,Ecolite,42.175,41.17,34.7,2.682366435,26.46561461,34.033333,,,,45.516667,,Cash,0,,,,,26.7,33.17,33.17,0,0,4.84,1,Finished,,24.825667,46.769326,24.68417,46.64607,29.45,31.67,aa4l,th3m0r27upyb,21.29.0,2.41.0,th3hmmwesnyc,TRUE,,,0,jeeny-dispatch-strategy,B,(loc_engine_eta),,6891b6505eb33f374f7626b1,Blue2_August2025,2.169,5.816666667,,31b95470-182b-46b8-bf92-e38632f5a95f,0.9,0.9,1,Group A,422,FALSE,TRUE,FALSE,FALSE,,,,,,,,,,AUTO_PASSED,1129.42,FALSE,FALSE,,,,,,TRUE,1,TRUE,3.85,38.55,,,,,th3m0r2s3bxq,th3hmsu9gdn2,FALSE,TRUE,TRUE,fea1d971ddd9bf3d,D372CF37-3DA3-4B35-9C47-E1A04DFC829E,,XRR-7447,,success,Registered,ELMSQLDaily,,,,,FALSE,,FALSE,14:41.1,,04:03.9,7.76,7.76,,,TRUE,4.34,,Finished,Finished,422,0.22,0.22,percentage,28.83,0.5,6.96,NewAndroid,th3hmm,34.7,5.21,0,0,0,0,0,6.96,0,35.79,1.04,40.13,0.075,7.76,,RUH,31.38,RUH,,th3m0r,th3m0r,th3hms,6a4382bfa2aa3337168e3a63,,,,,,"street_address ,  subpremise",,"premise ,  street_address",,,0,,0,,,24.679724,46.65428777,24.82571507,46.76957047,King Khalid Road RGUA3612,recent,search,where_to,TRUE,TRUE,3,TRUE,1783613739,TRUE,4.98,1.98,TRUE,60,0.3,TREATMENT,TRUE,0,0.594,1,GENERAL,RESIDENTIAL,22,submitted,55:42.1,55:55.0,TRUE,0,93.53,easygoevo,TRUE
6a4fc809c737923ca985fc12,6a4fc19ae8ecfb4875088f73,6a3663a2b747d2fcfc04979b,RUH,10:49.9,37:38.5,7/9/2026,7/11/2026,19,10:49.9,10:50.1,11:01.5,18:30.7,19:59.8,,,,,Northern Ring Branch Road,Al Aqiq,,1.242166234,,,5847197c95abff8840e8f395,4.75,TRUE,TRUE,TRUE,TRUE,TRUE,Ecolite,18.345,18.98,16.8,2,9.565126,16.633333,,,,26.616667,,Cash,0,,,,,10.7,9.49,9.49,0,0,1.74,1,Finished,,24.756055,46.631195,24.78169,46.62311,15.73333333,10.032,friendmrtsh4,th3hv4drg589,21.29.0,23.14.2,th3huzmgv1ye,TRUE,,,0,jeeny-dispatch-strategy,B,(loc_engine_eta),,6891b6505eb33f45c82f0705,Green1_August2025,2.157,4.75,,cf5237ab-6c84-4c98-82ae-8022babc54e0,0.9,0.9,1,Group A,434,FALSE,TRUE,FALSE,FALSE,,,,,,,,,,AUTO_PASSED,1363.694,FALSE,FALSE,,malls,pickup,,,TRUE,1,TRUE,1.72,17.17,Riyadh Park Mall,Riyadh Park Mall-Gate 2,,,th3hv4fhcjeh,th3huzhmg1j1,FALSE,FALSE,FALSE,577d0c3ec1746de6,f90389925304d32c,,DVR-4578,,,,,TRUE,,,,FALSE,,FALSE,57:33.9,,,4.48,4.48,,,TRUE,1.24,,Finished,Finished,434,0,0,percentage,8.25,0.5,8.25,NewAndroid,th3huz,15.45,2.32,0,0,0,0,0,8.25,0,16.5,1.24,17.74,0.075,4.48,,RUH,13.24,RUH,,th3hv4,th3hv4,th3huz,6a4382bfa2aa3337168e3a63,,,,,,street_address,,"premise ,  street_address",,,0,,0,,,24.7806558,46.6209623,24.7571628,46.6287704,الامير محمد ابن سعد ابن عبدالعزيز RRAA7125,manual_pin,manual_pin,proxy,TRUE,TRUE,3,TRUE,1783613889,TRUE,4.82,1.82,TRUE,60,0.3,TREATMENT,TRUE,0,0.546,1,GENERAL,RESIDENTIAL,28,submitted,41:11.7,41:50.4,TRUE,0,90.19,easygoevo,FALSE
6a4fdffab0e119efe8ae08ef,6a4fdf63e60cc091270506b9,6a29301d1fee4aba3e059c94,RUH,52:58.1,11:39.6,7/9/2026,7/11/2026,20,52:58.1,52:58.4,53:01.1,56:42.9,00:32.2,,,,,Eastern Ring Branch Road,Ar Rawdah,,0.800295225,,,5847197c95abff8840e8f395,10,TRUE,TRUE,TRUE,TRUE,TRUE,Ecolite,23.885,30.83,24.528,8,14.979074,28.8,,,,37.016667,,Cash,0,,,,,16.04,20.82,20.82,0,0,3.22,1,Finished,,24.72387684,46.76028347,24.82133,46.75074,19.33333333,14.965,friendxd8t5p,th3k8hcbbmup,1013.38.2,23.15.0,th3jpydfepq2,TRUE,,,0,jeeny-dispatch-strategy,B,(loc_engine_eta),,6891b6528351f3291d5567ec,Yellow2_August2025,1.108,3.1,,0097662D-03CB-4A59-BECD-44B9A52F3A1C,0.9,0.9,1,Group A,434,FALSE,TRUE,FALSE,FALSE,,,,,,,,,,AUTO_PASSED,795.033,FALSE,FALSE,,,,,,TRUE,1,TRUE,2.89,28.93,,,,,th3k8hf42mqe,th3jpydfuz1t,FALSE,FALSE,FALSE,731B6755-FF59-4E0C-BE43-ECF5AB5A7A38,5a02af071e848ae9,,DKD-1370,,,,,TRUE,,,,FALSE,,FALSE,25:27.4,,52:42.2,7.36,7.36,,,TRUE,2.72,,Finished,Finished,434,0,0,percentage,18.1,0.5,8.7,OldAndroid,th3jpy,26.04,3.91,0,0,0,0,0,8.7,0,26.79,1.31,29.52,0.075,7.36,,RUH,21.82,RUH,,th3k8h,th3k8h,th3jpy,6a4382bfa2aa3337168e3a63,,,,,,,,,,,0,,0,,,24.8213724,46.7508088,24.7237732,46.7605787,(مجمع لين الطبي) - حى قرطبة، حي، ابن الحسين ابن علي، Riyadh Saudi Arabia,manual_pin,search,where_to,TRUE,TRUE,3,TRUE,1783619982,TRUE,3.82,0.82,TRUE,60,0.3,TREATMENT,TRUE,0,0.246,1,GENERAL,MEDICAL,28,submitted,30:39.0,31:08.6,TRUE,0,67.19,airport_nm,FALSE
6a4fe680b0e119efe8b7428c,6a4fe5fc3d9659cec40920a9,6a4105112c4c7740f40c2674,RUH,20:48.2,21:32.4,7/9/2026,7/11/2026,21,20:48.2,20:48.3,20:54.3,25:40.4,30:26.4,,,,,شارع الرقة,Ar Rawabi,,0.53471938,,,64c12ef149077d3e048b4568,2.43,TRUE,TRUE,TRUE,TRUE,TRUE,Ecolite,9.515,10.13,8.63,3,1.7982478,7.733333,,,,18.033333,,Cash,0,,,,,5.34,6.08,6.08,0,0,1.29,1,Finished,,24.703558,46.797319,24.71062,46.79115,4.8,1.934,aa10,th3k8chfmy9n,21.30.1,23.16.0,th3k8f2mbc6j,TRUE,,,0,jeeny-dispatch-strategy,A,(loc_engine_eta),,6891b6528351f3291d5567ec,Yellow2_August2025,1.891,5.366666667,,779e85b1-fb6d-4505-9bc8-4256d4a1c4d9,0.9,0.9,1,Group A,434,FALSE,TRUE,FALSE,FALSE,,,,,,,,,,AUTO_PASSED,502.364,FALSE,FALSE,,,,,,TRUE,1,TRUE,0.86,8.63,,,,,th3k8chgjyn7,th3k8f2qy63q,FALSE,FALSE,FALSE,c3d8d65f243aaf62,2f8b3af2b2ccd9f1,,HRD-7695,,,,,TRUE,,,,FALSE,,FALSE,02:18.9,,,2.32,2.32,,,TRUE,0.79,,Finished,Finished,434,0,0,percentage,5.29,0.5,3.52,NewAndroid,th3k8f,7.77,1.17,0,0,0,0,0,3.52,0,8.8,0.53,9.6,0.075,2.32,,RUH,6.84,RUH,,th3k8c,th3k8c,th3k8f,6a4382bfa2aa3337168e3a63,,,,,,street_address,,"electronics_store ,  establishment ,  point_of_interest ,  store",,,0,,0,,,24.7107972,46.7913848,24.7033065,46.7975498,"التواصل لبيع اجهزة الجوال وصيانة اجهزة الجوال، Al-Imam Ahmad Bin Hanbal Street, Riyadh Saudi Arabia",manual_pin,search,where_to,TRUE,TRUE,3,TRUE,1783621720,TRUE,4.75,1.75,TRUE,60,0.3,TREATMENT,TRUE,0,0.525,1,GENERAL,RETAIL,28,submitted,40:41.6,41:58.6,TRUE,0,57.84,easygo,FALSE
6a579986cd1f13068c5f5719,6a57972e52ccc4065004c827,664f026dd0ce0c92a81bf342,RUH,30:30.3,06:16.4,7/15/2026,7/15/2026,17,30:30.3,30:30.7,30:36.4,35:35.4,40:11.7,,,,,Al Fuqaha,حي سلطانة,,,,,5847197c95abff8840e8f395,5.88,TRUE,TRUE,TRUE,TRUE,TRUE,Ecolite,21.205,21.77,19.263,8,11.793969,21.666667,,5,,32.05,,Cash,0,,,,,12.06,11.76,11.76,0,0,2.03,1,Finished,,,,24.67232,46.69024,23.83333333,11.839,friendmrtsh4,th35ymtg57qd,21.30.1,23.16.2,th3hq7qy9my3,TRUE,45:31.2,7/15/2026,0,jeeny-dispatch-strategy,B,(loc_engine_eta),,6891b651a47b6644d30c23e5,Yellow3_August2025,0.884,4.316666667,,99f27c5b-c0d1-4432-9777-20920ba3ccd5,0.9,0.9,1,Group A,426,FALSE,TRUE,FALSE,FALSE,,,,,,,,,,AUTO_PASSED,706.793,FALSE,FALSE,,,,,,TRUE,1,TRUE,1.99,19.93,,,,,th35ymtd8sye,th3hq7qzrb2p,FALSE,FALSE,FALSE,1ed62109ca256f11,c653f6c1ef5eeb32,,GUD-9345,,,,,TRUE,,,,TRUE,,FALSE,50:35.9,,,5.16,5.16,,,TRUE,1.53,,Finished,Finished,426,0,0,percentage,10.23,0.5,8.7,NewAndroid,th3hq7,17.94,2.69,0,0,0,0,0,8.7,0,18.92,1.31,20.46,0.075,5.16,344,RUH,15.25,RUH,,th35ym,th35ym,th3hq7,6a537e4476b88b10dab61906,,,,,,"premise ,  street_address",,route,,,0,,0,,,24.6724203,46.6905106,24.5960973,46.6884916,Tharmada 7768,search,search,proxy,TRUE,TRUE,3,TRUE,1784126315,TRUE,4.6,1.6,TRUE,60,0.3,TREATMENT,TRUE,0,0.48,1,RESIDENTIAL,GENERAL,28,submitted,05:34.2,06:16.4,TRUE,0,90.33,airport_nm,FALSE
6a57f135c7a9562f6fb850c4,6a57f02227c73231810d0023,6a54ae48af104a91ab0335a5,RUH,44:37.8,05:42.0,7/15/2026,7/16/2026,23,44:37.8,44:37.9,44:42.6,49:03.9,55:50.6,,,,,الإنتصار,حي العقيق,,1.528674353,,,5847197c95abff8840e8f395,2.71,TRUE,TRUE,TRUE,TRUE,TRUE,Ecolite,9.515,10.82,8.63,0,1.5743691,3.466667,,5,,14.783333,,Cash,0,,,,,5.06,5.41,5.41,0,0,1.21,1,Finished,,24.773094,46.627362,24.77828,46.62981,3.15,1.64,friendebj7ap,th3hvjc18mf8,21.30.1,23.16.2,th3hvndzcq4m,TRUE,01:21.5,7/16/2026,0,jeeny-dispatch-strategy,B,(loc_engine_eta),,6891b6512b984bd05d467870,Yellow1_August2025,2.388,3.183333333,,50a7ef44-4881-4390-ad84-7436ac814565,0.9,0.9,1,Group A,428,FALSE,TRUE,FALSE,FALSE,,,,,,,,,,AUTO_PASSED,1517.712,FALSE,FALSE,,,,,,TRUE,1,TRUE,0.86,8.63,,,,,th3hvjc0dvkx,th3hvndzfspf,FALSE,FALSE,FALSE,9a2a5f1ea3f8a01c,ff7305bc2834facd,,DDN-6287,,,,,TRUE,,,,TRUE,,FALSE,49:41.7,,,2.49,2.49,,,TRUE,0.71,,Finished,Finished,428,0.28,0.28,percentage,4.7,0.5,4.7,NewAndroid,th3hvn,7.77,1.17,0,0,0,0,0,4.7,0,9.4,0.71,10.11,0.075,2.49,1082,RUH,7.27,RUH,,th3hvj,th3hvj,th3hvn,6a4a2442862bb1d3d01672e7,,,,,,street_address,,"premise ,  street_address",,,0,,0,,,24.7782688,46.629871,24.7729118,46.6274741,محمد الأشبيلي RRAA6930,manual_pin,manual_pin,where_to,TRUE,TRUE,3,TRUE,1784148723,TRUE,6.77,3.77,TRUE,60,0.3,TREATMENT,TRUE,0,1.131,1,GENERAL,RESIDENTIAL,28,submitted,00:35.2,05:42.0,TRUE,0,87.65,airport_nm,FALSE
6a580c53c3c2a38be2c5fff8,6a580bde9c70329a7800589b,5a829a5a2c2c9d504967ff48,RUH,40:19.4,48:31.3,7/16/2026,7/17/2026,1,40:19.4,40:19.5,40:23.7,47:11.5,51:03.4,,,,,محمد بن عبدالعزيز العجاجي,Al Qirawan,,1.029270438,,,5847197c95abff8840e8f395,10,TRUE,TRUE,TRUE,TRUE,TRUE,Ecolite,36.535,41.12,31.8,0,40.16148743,31.55,,5,Clean_car,46.766667,,Cash,0,,,,,21.8,31.11,31.11,0,3.18,4.55,1,Finished,,24.826627,46.581322,24.62888,46.70946,27.38333333,30.037,amm3dtfms,th3j5zx3x6xn,21.30.1,2.41.0,th3hngsc97cz,TRUE,43:20.0,7/16/2026,0,jeeny-dispatch-strategy,B,(loc_engine_eta),,6891b651a3c67904571bbad4,Red52_August2025,2.792,3.883333333,,b5076b5c-0a75-4eae-8218-4932ddd1e58c,0.9,0.9,1,Group A,422,FALSE,TRUE,FALSE,FALSE,,,,,,,,,,AUTO_PASSED,1026.254,FALSE,FALSE,,,,,,TRUE,1,TRUE,3.53,35.33,,,,,th3j5zx6mwq7,th3hp52zm3zg,FALSE,FALSE,FALSE,cb72e81c94bfb794,986DB173-551C-4781-8381-748D306234FB,,RRN-8056,,,,,,,,,TRUE,,FALSE,54:04.9,,,7.75,7.75,,,TRUE,4.05,,Finished,Finished,422,0.22,0.22,percentage,27.06,0.5,8.7,NewAndroid,th3hng,31.8,4.77,3.18,0.48,0,0,0,8.7,0,35.74,1.31,39.81,0.075,7.75,201,RUH,31.02,RUH,,th3j5z,th3j5z,th3hp5,6a4382cd24992ca1f44cb2f6,,,,,,street_address,,"clothing_store ,  establishment ,  point_of_interest ,  store",,,0,,0,,,24.62848226,46.71513307,24.8267753,46.58124578,Al Imam Muhammad Ibn Saoud Ibn Mouqren 6811,manual_pin,search,where_to,TRUE,TRUE,3,TRUE,1784155811,TRUE,3.85,0.85,TRUE,60,0.3,TREATMENT,TRUE,0,0.255,1,GENERAL,RETAIL,22,submitted,30:32.8,30:42.7,TRUE,0,76.94,easygoevo,FALSE
6a47fa00c22d83bd741632c9,6a47f140f77c80e4fb0d6a93,68f5e16c2ba6de5f7f7d9b94,RUH,05:52.4,02:35.5,7/3/2026,7/5/2026,21,05:52.4,05:53.0,06:18.8,15:15.4,26:57.5,,,,,An Nabulsi,An Nasim Ash Sharqi,,1.517252577,,,64c12ef149077d3e048b4568,3.01,TRUE,TRUE,TRUE,TRUE,TRUE,Ecolite,9.515,12.52,8.63,1,1.7766268,4.75,,,,26.766667,,Cash,0,,,,,4.76,7.52,7.52,0,0,1.48,0.9,Finished,,24.746088,46.831416,24.75093,46.82212,7.683333333,1.862,aa4l,th3kc96f9m2c,21.29.0,23.15.0,th3kc3ybd7z0,TRUE,,,0,jeeny-dispatch-strategy,A,(loc_engine_eta),,6891b6528351f3291d5567ec,Yellow2_August2025,2.547,7.766666667,,7d73f652-6ea6-45e9-a5c7-b0db14ef9cc6,0.9,0.9,1,Group A,422,FALSE,TRUE,FALSE,FALSE,,,,,,,,,,AUTO_PASSED,1035.221,FALSE,FALSE,,,,,,TRUE,1,TRUE,0.86,8.63,,,,,th3kc8vkj3kt,th3kc3xuq3w5,FALSE,FALSE,FALSE,a8a5666377ff9a86,a9a29fbacfd0bd73,,AVR-4917,,,,,TRUE,,,,FALSE,,FALSE,53:07.3,,,2.91,2.91,,,TRUE,0.98,,Finished,Finished,422,0.22,0.22,percentage,6.54,0.5,4.35,NewAndroid,th3kc3,7.77,1.17,0,0,0,0,0,4.35,0,10.88,0.65,11.87,0.075,2.91,,RUH,8.33,RUH,,th3kc9,th3kc8,th3kc3,6a4646800378a2bdbb73a9d8,,,,,,street_address,,"premise ,  street_address",,,0,,0,,,24.7501889,46.8236635,24.746025,46.8311717,Kharis Branch Road RFNA4368,manual_pin,search,where_to,TRUE,TRUE,3,TRUE,1783102695,TRUE,11.7,8.7,TRUE,60,0.3,TREATMENT,TRUE,0,2.61,1,GENERAL,RESIDENTIAL,28,submitted,35:56.1,36:49.2,TRUE,0,45.66,easygoevo,FALSE
6a47fb5cc22d83bd7417eca3,6a47faa7752c80e53c0e67ba,699c074128da6d464d0b8e30,RUH,11:40.7,04:39.5,7/3/2026,7/5/2026,21,11:40.7,11:40.8,11:55.0,22:05.7,26:59.1,,,,,Prince Faisal Bin Fahd Bin Abdulaziz Road,حي الرفيعة,"مطعم أركان الخرطوم للماكولات الشعبية، Ibn Al Falaki, Riyadh Saudi Arabia",14.52893135,,,686d06153be51a02b5c59218,8,TRUE,TRUE,TRUE,TRUE,TRUE,Ecolite,34.565,36.1,29.56,9.176895932,23.47337936,39.4,,,,59.35,,Cash,0,,,,,21.56,28.1,28.1,0,0,4.17,0.9,Finished,,24.64943045,46.52681889,24.64942,46.52673,33.23333333,26.695,pl70,th3hjzxy5b44,1013.39.1,2.41.0,th3h4xr9r2um,TRUE,,,0,jeeny-dispatch-strategy,B,(loc_engine_eta),,6891b6512b984bd05d467870,Yellow1_August2025,4.753,8.466666667,,C90629D1-E7DF-4066-88A0-3FD86DA92AF3,0.9,0.9,1,Group A,428,FALSE,TRUE,FALSE,FALSE,,,,,,,,,,AUTO_PASSED,2520.645,FALSE,FALSE,,,,,,TRUE,1,TRUE,3.28,36.49,,,,,th3hjzxyb3xq,th3h4xr9tc6y,FALSE,FALSE,FALSE,BC43C799-A7C5-4129-8523-4B7ADEA32746,E7A93D22-830E-49E9-A0AC-960117D3AAB1,,UDR-3975,,,,,,,,,FALSE,,FALSE,47:20.3,,,8.65,8.65,,,TRUE,3.67,,Finished,Finished,428,0.28,0.28,percentage,24.43,0.5,6.96,OldAndroid,th3h4x,29.56,4.43,0,0,0,0,0,6.96,0,31.39,1.04,35.06,0.075,8.65,,RUH,25.52,RUH,,th3hjz,th3hjz,th3h4x,6a4646800378a2bdbb73a9d8,,,,,ChIJ52PBW0sbLz4Rqd6whkH1410,"establishment ,  food ,  point_of_interest ,  restaurant",ChIJkZLAPH8fLz4RDDszMeHNS90,street_address,,,0,,0,,,24.64946578,46.52666361,24.65174166,46.66959924,محمد بن أحمد الحجازي,search,manual_pin,where_to,TRUE,TRUE,3,TRUE,1783102953,TRUE,7.42,4.42,TRUE,60,0.3,TREATMENT,TRUE,0,1.326,1,DINING,GENERAL,28,submitted,15:54.0,16:06.2,TRUE,0,74.16,evo_airportnm,FALSE
6a48021dc22d83bd74206f96,6a4801c17fc27d226201a89f,6a41a43934a68be08000f87b,RUH,40:29.6,14:28.9,7/3/2026,7/5/2026,21,40:29.6,40:29.7,40:36.8,42:46.8,47:35.9,,,,,شارع الأحياء,Al Aziziyah,"7593 شارع الأحياء، Al Aziziyah, Riyadh 14515, Saudi Arabia",0.540427157,,,65e99a9f42886e3c0e8b4568,2.92,TRUE,TRUE,TRUE,TRUE,TRUE,Ecolite,11.505,12.15,10.204,0,3.6336522,11.883333,,5,,19.8,,Cash,0,,,,,6.58,7.3,7.3,0,0,1.45,0.9,Finished,,24.57549241,46.76789965,24.57663,46.80331,10.2,5.493,ka12,th37b1z1fu06,1013.39.1,23.15.0,th37c411hpvk,TRUE,05:27.9,7/4/2026,0,jeeny-dispatch-strategy,A,(loc_engine_eta),,6891b650a2084e6905526bd7,Blue6_August2025,0.587,1.7,,16252C4C-7780-4DC0-AA2B-5E4469A29BBA,0.9,0.9,1,Group A,422,FALSE,TRUE,FALSE,FALSE,,,,,,,,,,AUTO_PASSED,513.25,FALSE,FALSE,,,,,,TRUE,1,TRUE,1.06,11.73,,,,,th37b1z4csj8,th37c411myrv,FALSE,TRUE,TRUE,7622B938-2963-4639-8480-F2A8EE59DF8C,b71fc8d69c5a85be,,KLD-4976,,success,Registered,ELMSQLDaily,TRUE,,,,TRUE,,FALSE,35:32.1,,,2.21,2.21,,,TRUE,0.95,,Finished,Finished,422,0.22,0.22,percentage,6.35,0.5,4.22,OldAndroid,th37c4,9.5,1.43,0,0,0,0,0,4.22,0,10.56,0.63,11.52,0.075,2.21,186,RUH,8.91,RUH,,th37b1,th37b1,th37c4,6a4646800378a2bdbb73a9d8,,,,,EkY3NTkzINi02KfYsdi5INin2YTYo9it2YrYp9ih2IwgQWwgQXppeml5YWgsIFJpeWFkaCAxNDUxNSwgU2F1ZGkgQXJhYmlhIhsSGQoUChIJXavTWyMJLz4RvpyFanbh0GYQqTs,street_address,Ei03ODA1IFBvcnQgU2FlZCBSZCwgUml5YWRoIDE0NTE2LCBTYXVkaSBBcmFiaWEiGxIZChQKEgmfqlpS6wkvPhHjs2xjWjEfSBD9PA,street_address,,,0,,0,,,24.576665,46.8033883,24.5755364,46.7674974,Port Saed Road,manual_pin,manual_pin,where_to,TRUE,TRUE,3,TRUE,1783104344,TRUE,4.85,1.85,TRUE,60,0.3,TREATMENT,TRUE,0,0.555,1,GENERAL,GENERAL,22,submitted,00:53.4,02:01.2,TRUE,0,56.78,easygo,TRUE
6a48213d7ae76b85a3685f73,6a481fdf0c060817d20d1723,6560d66def730879a35900cc,RUH,53:17.7,48:34.6,7/3/2026,7/5/2026,23,53:17.7,53:18.0,53:21.6,56:20.5,59:23.5,,,,,Al Fuqaha,حي سلطانة,"RBSA7818, 7818 Al Fuqaha, 5935، حي سلطانة، Riyadh 12785, Saudi Arabia",0.699924375,,,65e99a9f42886e3c0e8b4568,8,TRUE,TRUE,TRUE,TRUE,TRUE,Ecolite,22.855,22.89,19.37,3.166725417,14.69437419,24.433333,,,,31.35,,Cash,0,,,,,11.37,14.89,14.89,0,0,2.45,0.9,Finished,,24.59595746,46.68121697,24.57369,46.78233,25.53333333,14.921,ss95,th35ym81z4yk,1013.39.1,2.41.0,th37b99b57cd,TRUE,,,0,jeeny-dispatch-strategy,A,(loc_engine_eta),,6891b651a47b6644d30c23e5,Yellow3_August2025,2.265,5.216666667,,6A0D6CA7-F229-4192-8446-31EF71742348,0.9,0.9,1,Group A,422,FALSE,TRUE,FALSE,FALSE,,,,,,,,,,AUTO_PASSED,655.238,FALSE,FALSE,,,,,,TRUE,1,TRUE,2.15,23.91,,,,,th35ym84rtq9,th37b99f6de9,FALSE,FALSE,FALSE,40F207FC-F618-40AB-B3E9-A9695041DCA3,E709C5B2-992A-40BB-8EF8-AF2DFC460088,,EUD-6349,,,,,TRUE,,,,FALSE,,FALSE,34:57.0,,,4.27,4.27,,,TRUE,1.95,,Finished,Finished,422,0.22,0.22,percentage,12.94,0.5,6.96,OldAndroid,th37b9,19.37,2.91,0,0,0,0,0,6.96,0,19.9,1.04,21.85,0.075,4.27,,RUH,17.28,RUH,,th35ym,th35ym,th37b9,6a4646800378a2bdbb73a9d8,,,,,ChIJ9-JkCFkFLz4RCB2JmzCKF24,"premise ,  street_address",ChIJAcrmUhEJLz4RfOpVeoWqFYk,"establishment ,  point_of_interest",,,0,,0,,,24.57406931,46.78230054,24.59605668,46.68123902,مقهى حلا تفاحتين لاونج شيشه، Arafat Road,manual_pin,search,where_to,TRUE,TRUE,3,TRUE,1783112356,TRUE,3.1,0.1,TRUE,60,0.3,TREATMENT,TRUE,0,0.03,1,RESIDENTIAL,GENERAL,22,submitted,25:51.9,26:15.9,TRUE,0,97.17,easygo,FALSE
6a4fd169b0e119efe899f480,6a4fb4c4c3b6fabba5096dd8,612cc15f11466456dc1cf8e4,AMM,50:49.7,50:35.6,7/9/2026,7/11/2026,19,50:49.7,50:49.9,50:53.3,54:34.7,00:55.5,,,,,Princess Taghreed Mohammad Street,,"Prs Taghreed Mohammad St, Amman, Jordan",0.307391625,,,64c22e6249077d7d048b4568,0.75,TRUE,TRUE,TRUE,TRUE,TRUE,Economy,3.75,3.95,3.914,0,10.741337,15.616667,,,,25.833333,,Cash,0,,,,,3,3.2,3.2,0,0,0,1,Finished,,31.89185326,35.8588385,31.96713,35.8449,17.8,11.529,ar6p,sv9mrvxxe2r9,1013.39.2,23.15.0,sv9mzemqn8yw,TRUE,,,0,jeeny-dispatch-strategy,A,(loc_engine_eta),,688f52ce0b22af4fbf2b5c31,Orange3_August2025,0.412,3.783333333,0.1264,C6D59B8B-A945-4379-B4D5-4DEEFB8937A4,0.9,0.9,1,Group A,413,FALSE,TRUE,FALSE,FALSE,,,,,,,,,,AUTO_PASSED,281.755,FALSE,FALSE,,,,,,TRUE,1,TRUE,0.42,4.17,,,,,sv9mrvxytj6f,sv9mzem7uxqh,FALSE,FALSE,FALSE,11534D22-25A2-4842-8A5D-4A1651DDD97F,1a4d6617dea8297b,,66-96904,,,,,TRUE,,,,FALSE,,FALSE,08:16.0,,,0.79,0.79,,,TRUE,0.13,,Finished,Finished,413,0.2,0.2,percentage,3.2,0,0.75,OldAndroid,sv9mze,3.75,0,0,0,0,0,0,0.75,0,3.95,0,3.95,0,0.79,,AMM,3.45,AMM,,sv9mrv,sv9mrv,sv9mze,default_rule,,,,,ChIJLagIwV-mHBURqg0YAmkf5zE,route,ChIJpw7VUnGhHBURoH8AoCtDic0,"cafe ,  establishment ,  food ,  point_of_interest ,  store",,,0,,0,,,31.9667783,35.8448133,31.8917083,35.85925,Blend Coffee House - Dahyet Al Amir Rashed,manual_pin,search,where_to,TRUE,TRUE,3,TRUE,1783616254,TRUE,6.33,3.33,TRUE,60,0.06,TREATMENT,TRUE,0,0.1998,1,GENERAL,RETAIL,,,,,TRUE,0,93.81,airport_do,FALSE
6a4fd76ac737923ca99a5b83,6a4f889788896454f30cd6eb,6506b621ef73081bca1c8127,AMM,16:26.6,59:24.7,7/9/2026,7/11/2026,20,16:26.6,16:26.9,16:35.5,22:41.9,25:29.0,,,,,King Abdullah II Street,Tla al-Ali,"City Mall, King Abdullah II St 295, Um, Jordan",0.397895697,,,5847458c49abff6549e8f976,1,TRUE,TRUE,TRUE,TRUE,TRUE,Economy,3.37,3.4,3.944,0,10.833456,19.45,,,,29.45,,Cash,0,,,,,2.37,2.4,2.4,0,0,0,1,Finished,,31.977914,35.84359154,31.97938,35.76808,18.5,10.204,jordangt37rs,sv9mztkkkjfx,1013.39.1,23.15.0,sv9mvvtt2st8,TRUE,,,0,jeeny-dispatch-strategy,A,(loc_engine_eta),,688f52ce66edc2a3c5189749,Blue3_August2025,1.302,5.133333333,0.1088,7DD8D83B-096A-47C7-8412-7DAA7CA8A35D,0.9,0.9,1,Group A,413,FALSE,TRUE,FALSE,FALSE,,,,,,,,,,AUTO_PASSED,425.341,FALSE,FALSE,,malls,pickup,,,TRUE,1,TRUE,0.37,3.74,Mecca Mall,Gate 8,,,sv9mztkmg0mw,sv9mvvg36x02,FALSE,FALSE,FALSE,FDED81B3-15B0-4FF8-B00D-F337EE000EDC,7837243c5e247222,,37-21410,,,,,TRUE,,,,FALSE,,FALSE,36:54.0,,14:55.0,0.68,0.68,,,TRUE,0.11,,Finished,Finished,413,0.2,0.2,percentage,2.4,0,1,OldAndroid,sv9mvv,3.37,0,0,0,0,0,0,1,0,3.4,0,3.4,0,0.68,,AMM,2.98,AMM,,sv9mzt,sv9mzt,sv9mvv,default_rule,,,,,ChIJF0TO3YShHBURNCrRXxOQBVc,"street_address ,  subpremise",ChIJBZ8-ihOjHBURUXSGAba1Wto,"geocode ,  locality ,  political",,,0,,0,,,31.9800801,35.7650691,31.9780707,35.843375,ماحص، Jordan,manual_pin,search,where_to,TRUE,TRUE,3,TRUE,1783617894,TRUE,3.57,0.57,TRUE,60,0.06,TREATMENT,TRUE,0,0.0342,1,GENERAL,GENERAL,,,,,TRUE,0,98.93,airport_do,FALSE
6a4c1d18c5d6742eb74f87bc,6a4accde45bad2f8e5059093,6353f0c9e2f1604ebc6ae60d,RUH,24:40.2,01:25.5,7/7/2026,7/8/2026,0,24:40.2,24:40.4,24:48.4,29:11.8,33:18.2,,,,,Nahawand,Al Aziziyah,"3770 Nahawand, Al Aziziyah, Riyadh 14515, Saudi Arabia",0.377855777,,,65e99a9f42886e3c0e8b4568,3.63,TRUE,TRUE,TRUE,TRUE,TRUE,Ecolite,14.065,15.12,12.96,1,7.7952347,12.166667,,,,21.566667,,Cash,0,,,,,8.1,9.07,9.07,0,0,1.69,1,Finished,,24.56787461,46.76335495,24.56324,46.7177,11.95,7.892,ka66,th37b0kn1puf,1013.39.1,23.14.2,th35xpdg1rcf,TRUE,,,0,jeeny-dispatch-strategy,B,(loc_engine_eta),,6891b6512b984bc8151bac3a,Yellow6_August2025,1.993,3.166666667,,47728769-5D96-43A9-B7F0-2A2AA820E47C,0.9,0.9,1,Group A,422,FALSE,TRUE,FALSE,FALSE,,,,,,,,,,AUTO_PASSED,382.33,FALSE,FALSE,,,,,,TRUE,1,TRUE,1.3,13.03,,,,,th37b07ywgvy,th35xpd98trr,FALSE,TRUE,TRUE,6E2C0866-78F3-451A-BCB2-32D3487D62DE,94f066ec502598b5,,GJR-2093,,success,Rejected,ELMSQLDaily,TRUE,,,,FALSE,,FALSE,40:35.6,,,2.78,2.78,,,TRUE,1.19,,Finished,Finished,422,0.22,0.22,percentage,7.88,0.5,5.26,OldAndroid,th35xp,11.73,1.76,0,0,0,0,0,5.26,0,13.14,0.79,14.33,0.075,2.78,,RUH,11.16,RUH,,th37b0,th37b0,th35xp,6a4a2442862bb1d3d01672e7,,,,,EjYzNzcwIE5haGF3YW5kLCBBbCBBeml6aXlhaCwgUml5YWRoIDE0NTE1LCBTYXVkaSBBcmFiaWEiGxIZChQKEglLV-0YPwkvPhFDzvxuG1Df-hC6HQ,street_address,ChIJC5ah_4cPLz4RnwvfEIPKW6s,"establishment ,  point_of_interest",,,0,,0,,,24.56297,46.7173317,24.56794,46.76326,عمارة ايادي، Riyadh Saudi Arabia,manual_pin,search,where_to,TRUE,TRUE,3,TRUE,1783373415,TRUE,6.03,3.03,TRUE,60,0.3,TREATMENT,TRUE,0,0.909,1,GENERAL,GENERAL,22,submitted,50:45.2,51:20.2,TRUE,0,97.15,filterfortga,TRUE
6a4c839dc5d6742eb76748fe,6a4c81a137b06c00b200badc,69313aa773122cebd237cae1,RUH,42:05.4,42:18.2,7/7/2026,7/8/2026,7,42:05.4,42:05.5,42:09.9,47:53.0,53:40.5,,,,,دباس بن راشد,حي قرطبة,"RUQB3215، 3215 دباس بن راشد، 7226، حي قرطبة، Riyadh 13248, Saudi Arabia",2.166790038,,,5847197c95abff8840e8f395,10,TRUE,TRUE,TRUE,TRUE,TRUE,Ecolite,43.645,44.65,38.936,3,27.32374,34.766667,,5,,49.3,,Cash,0,,,,,27.45,34.64,34.64,0,0,5.02,1,Finished,,24.82886955,46.73702999,24.68095,46.68928,31.63333333,30.7,friendhz39rq,th3jpxbyh1ts,1013.39.1,23.15.0,th3hqmn0gnd3,TRUE,41:08.0,7/7/2026,0,jeeny-dispatch-strategy,A,(loc_engine_eta),,6891b65132cc9ec573100d04,Yellow7_August2025,6.504,5.783333333,,6453EB35-B691-43DD-809F-8DD685565543,0.9,0.9,1,Group A,422,FALSE,TRUE,FALSE,FALSE,,,,,,,,,,AUTO_PASSED,2179.256,FALSE,FALSE,,,,,,TRUE,1,TRUE,4.16,41.61,,,,,th3jpxbvf1tm,th3hqmn1cgdp,FALSE,TRUE,TRUE,7C0A233A-548C-4FA6-A194-288490901999,978d789ebce46e10,,SAN-9357,,success,Registered,ELMSQLDaily,TRUE,,,,TRUE,,FALSE,49:22.8,,,8.43,8.43,,,TRUE,4.52,,Finished,Finished,422,0.22,0.22,percentage,30.12,0.5,8.7,OldAndroid,th3hqm,37.45,5.62,0,0,0,0,0,8.7,0,38.81,1.31,43.34,0.075,8.43,193,RUH,34.04,RUH,,th3jpx,th3jpx,th3hqm,6a4a30a0ee859529f8951790,,,,,ChIJMVa3Qhf8Lj4RqwOpvpeTgzQ,street_address,ChIJmd_Gel0DLz4Rga5tsRHOoDA,"cafe ,  establishment ,  food ,  lodging ,  point_of_interest ,  restaurant",,,0,,0,,,24.6811065,46.6892259,24.8287243,46.7369629,فندق ليديار الواحة، Wadi AlDawasir Street,manual_pin,search,where_to,TRUE,TRUE,3,TRUE,1783399846,TRUE,5.88,2.88,TRUE,60,0.3,TREATMENT,TRUE,0,0.864,1,GENERAL,CAFE,22,submitted,35:47.8,35:56.0,TRUE,0,81.02,filterfortga,TRUE
6a4a84e37ef6256af75c36a7,6a4a80bd02d8505f27026edc,69fa57bafccf0a09a90f9ade,RUH,22:59.5,40:36.8,7/5/2026,7/7/2026,19,22:59.5,22:59.7,23:04.9,24:58.4,32:44.0,,,,,Al Fadl Al Amiri,Al Mutamarat,"RHOA4316, 4316 Al Fadl Al Amiri, 6403, Al Mutamarat, Riyadh 12311, Saudi Arabia",1.077516144,,,65e99a9f42886e3c0e8b4568,8,TRUE,TRUE,TRUE,TRUE,TRUE,Ecolite,47.975,60.91,50.698,6,37.223186,53.2,,5,,63.1,,Cash,0,,,,,43.01,52.91,52.91,0,0,7.41,1,Finished,,24.67936608,46.68680572,24.84598,46.7899,39.88333333,35.167,ka12,th3hqksrfew9,1013.38.2,23.15.0,th3m2ep67dq5,TRUE,26:12.1,7/5/2026,0,jeeny-dispatch-strategy,B,(loc_engine_eta),,6891b650464f40084c6496ee,Blue1_August2025,1.239,2.15,,08A501E8-92F0-4024-812E-4DD59653B77A,0.9,0.9,1,Group A,422,FALSE,TRUE,FALSE,FALSE,,,,,,,,,,AUTO_PASSED,1071.404,FALSE,FALSE,,,,,,TRUE,1,TRUE,5.67,56.68,,,,,th3hqksr8m0r,th3m2eq2v26e,FALSE,FALSE,FALSE,48B2FF40-A7CA-4E7A-A16B-B9DC5847A6EF,efec1e8de562df72,,TER-5985,,,,,TRUE,,,,TRUE,,FALSE,13:42.8,,,11.54,11.54,,,TRUE,6.91,,Finished,Finished,422,0.22,0.22,percentage,46,0.5,6.96,OldAndroid,th3m2e,51.01,7.65,0,0,0,0,0,6.96,0,52.96,1.04,59.87,0.075,11.54,181,RUH,46.59,RUH,,th3hqk,th3hqk,th3m2e,6a4a2442862bb1d3d01672e7,,,,,ChIJJ9UqalwDLz4R-1RAHL47Nw0,street_address,ChIJ__rjEyH_Lj4RR0uBcz5fOBQ,"geocode ,  street_address",,,0,,0,,,24.847085,46.7885971,24.6793551,46.6867558,RURC6768 أبي العالية الرياحي، Riyadh Saudi Arabia,manual_pin,search,where_to,TRUE,TRUE,3,TRUE,1783268873,TRUE,7.85,4.85,TRUE,60,0.3,TREATMENT,TRUE,0,1.455,1,GENERAL,GENERAL,22,submitted,30:49.6,30:55.8,TRUE,0,79.35,easygo,FALSE
6a4a88567ef6256af76037e6,6a4a86f9c245efed43007914,6241cb42f1365c6fbd38bdb9,RUH,37:42.6,44:42.4,7/5/2026,7/7/2026,19,37:42.7,37:42.8,37:48.6,41:28.1,44:55.2,,,,,ابو الفرج السمهودي,حي الرمال,,,,,64c12ef149077d3e048b4568,4.5,TRUE,TRUE,TRUE,TRUE,TRUE,Ecolite,11.855,12.02,9.81,3.14047695,4.754155849,11.8,,,,19.066667,,Cash,0,,,,,5.31,7.21,7.21,0,0,1.43,1,Finished,,,,24.83856,46.80337,9.566666667,4.75,aa83,th3m3sw55g40,21.29.0,2.41.0,th3m319pje4j,TRUE,,,0,jeeny-dispatch-strategy,B,(loc_engine_eta),,6891b6528351f3291d5567ec,Yellow2_August2025,2.082,3.6,,ddd38140-8367-4efc-9ac0-565cb9323d3b,0.9,0.9,1,Group A,422,FALSE,TRUE,FALSE,FALSE,,,,,,,,,,AUTO_PASSED,1161.111,FALSE,FALSE,,,,,,TRUE,1,TRUE,1.09,10.9,,,,,th3m3sw5xkhg,th3m3195fqf0,FALSE,FALSE,FALSE,e99534e7340d1acd,E2734399-B921-46A5-9BFF-1707CF7050D2,,UBD-3076,,,,,,,,,FALSE,,FALSE,41:58.0,,,2.19,2.19,,,TRUE,0.93,,Finished,Finished,422,0.22,0.22,percentage,6.28,0.5,4.18,NewAndroid,th3m31,9.81,1.47,0,0,0,0,0,4.18,0,10.45,0.63,11.39,0.075,2.19,,RUH,8.85,RUH,,th3m3s,th3m3s,th3m31,6a4a2442862bb1d3d01672e7,,,,,,"premise ,  street_address",,street_address,,,0,,0,,,24.83802131,46.80323063,24.85444371,46.8322878,Al Sahel Valley 4383,manual_pin,manual_pin,where_to,TRUE,TRUE,3,TRUE,1783269868,TRUE,3.45,0.45,TRUE,60,0.3,TREATMENT,TRUE,0,0.135,1,RESIDENTIAL,GENERAL,22,submitted,00:41.1,01:33.1,TRUE,0,81.14,smart_ecolitesaudi,FALSE
6a4a88437ef6256af76019c8,6a4a817ddda979ad7d09362b,6a4a07da4a9937e12a00236e,RUH,37:23.4,34:40.2,7/5/2026,7/7/2026,19,37:23.4,37:23.6,37:26.7,45:13.5,48:20.9,,,,,Al Hadar,Al Yarmuk,"RFYD3678, 3678 Al Hadar, 7034, Al Yarmuk, Riyadh 13251, Saudi Arabia",0.240135591,,,64c12ef149077d3e048b4568,8,TRUE,TRUE,TRUE,TRUE,TRUE,Priority,45.655,65.31,54.284,11,27.556753,46.066667,,5,,57.816667,,Cash,0,,,,,46.77,57.31,57.31,0,0,7.99,1,Finished,,24.81168848,46.8006097,24.80078,46.65122,28.13333333,23.377,aapd,th3m0uz4up4g,1013.39.1,23.15.0,th3jjdf7h0qz,TRUE,34:40.2,7/7/2026,0,jeeny-dispatch-strategy,B,(loc_engine_eta),,6891b650ff313265af58e418,Blue5_August2025,0.241,1.5,,2034FB82-C960-427B-842F-C6C2B838C913,0.9,0.9,1,Group A,428,FALSE,TRUE,FALSE,FALSE,,,,,,,,,,AUTO_PASSED,191.184,FALSE,FALSE,,,,malls,destination,TRUE,1,TRUE,6.08,60.85,,,Solitaire Mall,Solitaire Mall,th3m0uz37r0s,th3jjdct12c9,FALSE,FALSE,FALSE,FB507463-B460-4A8E-BAAC-EFB5E56AC373,3c3c65bfa544ebec,,ZUR-3870,,,,,TRUE,,,,TRUE,,FALSE,19:12.9,,,15.76,15.76,,,TRUE,7.49,,Finished,Finished,428,0.28,0.28,percentage,49.82,0.5,6.96,OldAndroid,th3jjd,54.77,8.22,0,0,0,0,0,6.96,0,56.78,1.04,64.27,0.075,15.76,2940,RUH,46.6,RUH,,th3m0u,th3m0u,th3jjd,6a4a2442862bb1d3d01672e7,,,,,ChIJJWyii7b_Lj4RdnELUooDQzI,street_address,,,,,0,,0,,,24.801125,46.650065,24.8115017,46.8008683,Solitaire Mall,manual_pin,landmark,proxy,TRUE,TRUE,3,TRUE,1783269799,TRUE,8.02,5.02,TRUE,60,0.3,TREATMENT,TRUE,0,1.506,1,GENERAL,GENERAL,28,submitted,35:49.6,35:55.5,TRUE,0,72.02,airport_nm,FALSE
6a4a9b1ac5a77f251aaa4770,6a4a984272479c3be7038f51,68c6b5b56f3cab122b76be0b,RUH,57:44.1,09:26.4,7/5/2026,7/7/2026,20,57:44.1,57:46.5,57:49.8,59:55.3,06:12.3,,,,,Khurais Road,Al Janadiriyah,,0.540408,,,5847197c95abff8840e8f395,10,TRUE,TRUE,TRUE,TRUE,TRUE,Ecolite,33.695,34.84,28.8,5.428551392,22.40572951,30.266667,,,,38.833333,,CreditCard,,829ef387-9446-4a42-9ab1-cf224c7c289a,2e8104d7-12d8-43e2-ae0f-5336af1ef8b4,23.7,24.83,18.8,0,24.83,,0,3.74,1,Finished,,24.825845,46.884099,24.80928,46.76352,28.25,23.055,friende4cb9a,th3m4zk5dq43,21.26.3,2.41.0,th3m0hkhsbzz,TRUE,,,0,jeeny-dispatch-strategy,B,(loc_engine_eta),VISA,6891b651a3c679064f5961e1,Red63_August2025,0.72,3,,1c7af6f6-d87d-41a0-82f3-98e96971e99a,0.9,0.9,1,Group A,422,FALSE,TRUE,FALSE,FALSE,,,,,,,0,,,AUTO_PASSED,500.452,FALSE,FALSE,,,,,,TRUE,1,TRUE,3.2,32,,,,,th3m4zk4czhg,th3m0h7sxjru,FALSE,FALSE,FALSE,8d8b27a88ea37c59,8DA67E7D-E0F1-4DC0-9CD6-381E0F5A8BF5,,EDS-4571,,,,,,,,,FALSE,,FALSE,36:09.5,,,6.55,6.55,,,TRUE,3.24,,Finished,Finished,422,0.22,0.22,percentage,21.59,0.5,8.7,NewAndroid,th3m0h,28.8,4.32,0,0,0,0,0,8.7,0,30.28,1.31,33.53,0.075,6.55,,RUH,26.43,RUH,,th3m4z,th3m4z,th3m0h,6a4a2442862bb1d3d01672e7,,,,,,,,,6a4a9b18b2be7d061901e35a,,0,,0,,6463a420-51fa-48ce-a372-eeffcd5f83e2,24.80930364,46.76292994,24.82549187,46.88423686,Al Hilla RFYB7916,manual_pin,search,where_to,TRUE,TRUE,3,TRUE,1783274575,TRUE,6.28,3.28,TRUE,60,0.3,TREATMENT,TRUE,0,0.984,1,,,22,submitted,40:51.0,41:06.9,TRUE,0,90.76,prime_easygo,FALSE
6a4a9b3f7ef6256af776e9e0,6a41f97dabf6014a4f076cba,67f042671ccfc449ad622aae,RUH,58:23.8,09:31.4,7/5/2026,7/7/2026,20,58:23.8,58:24.1,58:27.4,00:41.9,03:47.5,,,,,Wag Valley,حي الملقا,,0.685460144,,,6a4672aee32ce607e641f489,1.5,TRUE,TRUE,TRUE,TRUE,TRUE,Ecolite,14.725,14.75,12.3,1.274265083,6.738065147,13.783333,,5,,19.233333,,Cash,0,,,,,10.8,13.25,13.25,0,0,2.23,1,Finished,,24.820514,46.60566,24.80279,46.63632,13.33333333,6.827,ahn,th3jhw3jykwr,21.29.0,2.41.0,th3jj5pw9p0t,TRUE,34:11.8,7/6/2026,0,jeeny-dispatch-strategy,B,(loc_engine_eta),,6891b651008d57c7b830139f,Red61_August2025,1.826,3.783333333,,bf24c3ec-1091-47eb-944e-066188c47c08,0.9,0.9,1,Group A,422,FALSE,TRUE,FALSE,FALSE,,,,,,,,,,AUTO_PASSED,723.745,FALSE,FALSE,,,,,,TRUE,1,TRUE,1.37,13.67,,,,,th3jhw3mcm1q,th3jj5psbsj4,FALSE,FALSE,FALSE,ca68161db3c08937,3B5D447B-8CB5-4666-8301-0C4DFD370A1D,,KUR-7848,,,,,,,,,TRUE,,FALSE,48:02.6,18:07.1,04:45.9,2.71,2.71,,,TRUE,1.73,,Finished,Finished,422,0.22,0.22,percentage,11.52,0.5,1.3,NewAndroid,th3jj5,12.3,1.85,0,0,0,0,0,1.3,0,12.82,0.2,14.55,0.075,2.71,797,RUH,10.98,RUH,,th3jhw,th3jhw,th3jj5,6a4a2442862bb1d3d01672e7,9.66557E+11,52,53,SUCCESS,,"premise ,  street_address",,street_address,,,0,,0,,,24.80247293,46.63630464,24.82050354,46.60577585,King Fahd Branch Road 7736,manual_pin,saved_address,where_to,TRUE,TRUE,3,TRUE,1783274621,TRUE,3.08,0.08,TRUE,60,0.3,TREATMENT,TRUE,0,0.024,1,RESIDENTIAL,GENERAL,22,submitted,20:51.1,21:50.3,TRUE,0,95.59,easygoevo,FALSE
6a4a9ca9c5a77f251aabea33,6a4a9a364a80dc72e80e7e0b,6a1dbcc990e177d95405b315,RUH,04:25.2,11:16.6,7/5/2026,7/7/2026,21,04:25.2,04:25.3,04:44.3,09:58.1,13:11.7,,,,,King Faisal Road,Al Futah,,0.754067643,,,64c12ef149077d3e048b4568,8,TRUE,TRUE,TRUE,TRUE,TRUE,Ecolite,40.155,40.24,36.315,17,23.062805,47.316667,,5,,56.116667,,Cash,0,,,,,26.42,32.24,32.24,0,0,4.71,1,Finished,,24.637355,46.717477,24.79172,46.62221,40.36666667,26.821,aa85,th3hpj4dgk1e,21.29.0,23.15.0,th3jhcjq0px6,TRUE,01:20.5,7/6/2026,0,jeeny-dispatch-strategy,B,(loc_engine_eta),,6891b6512b984bc8151bac3a,Yellow6_August2025,1.567,10.13333333,,b70b1690-6056-483c-b6cb-b28608179de6,0.9,0.9,1,Group A,422,FALSE,TRUE,FALSE,FALSE,,,,,,,,,,AUTO_PASSED,791.713,FALSE,FALSE,,,,,,TRUE,1,TRUE,3.82,38.24,,,,,th3hpj49rxj0,th3jhcj5pw1w,FALSE,FALSE,FALSE,4d3f4c27350a5526,3104090991d6b4dc,,VJS-8656,,,,,TRUE,,,,TRUE,,FALSE,18:17.4,,03:40.6,7.59,7.59,,,TRUE,4.21,,Finished,Finished,422,0.22,0.22,percentage,28.03,0.5,6.96,NewAndroid,th3jhc,34.42,5.16,0,0,0,0,0,6.96,0,34.99,1.04,39.2,0.075,7.59,181,RUH,30.72,RUH,,th3hpj,th3hpj,th3jhc,6a4a2442862bb1d3d01672e7,,,,,,street_address,,street_address,,,0,,0,,,24.7911977,46.6221808,24.637093,46.717629,Al Hamasah 3840,manual_pin,search,proxy,TRUE,TRUE,3,TRUE,1783275178,TRUE,3.22,0.22,TRUE,60,0.3,TREATMENT,TRUE,0,0.066,1,GENERAL,GENERAL,22,submitted,05:39.9,05:49.9,TRUE,0,73.38,easygoevo,FALSE
6a498ec27ef6256af79d9560,6a498e7ce9134cef660d38ea,685f8867e2406e5d9a3e6b85,RUH,52:50.1,31:19.8,7/5/2026,7/6/2026,1,52:50.1,52:50.2,53:02.6,06:36.8,08:27.9,,,,,Tahliah Street,As Sulimaniyah,"3113 Tahliah St, As Sulimaniyah, Riyadh 12212, Saudi Arabia",0.39047836,,,5847197c95abff8840e8f395,10,TRUE,TRUE,TRUE,TRUE,TRUE,Ecolite,35.515,37.63,33.781,3,28.731659,28.033333,,5,,43.85,,Cash,0,,,,,20.38,27.62,27.62,0,0,4.09,1,Finished,,24.69677575,46.68403531,24.91179,46.60324,27.6,28.799,friendce3h85,th3hqrfm0uex,1013.39.1,23.15.0,th3jsrp3wnnr,TRUE,26:34.6,7/5/2026,0,jeeny-dispatch-strategy,A,(loc_engine_eta),,6891b6505eb33f45c82f0705,Green1_August2025,1.339,9.716666667,,83CD7E2F-4349-4DFB-B6AB-320BBB6B61CC,0.9,0.9,1,Group A,426,FALSE,TRUE,FALSE,FALSE,,,,,,,,,,AUTO_PASSED,372.708,FALSE,FALSE,,,,,,TRUE,1,TRUE,3.37,33.75,,,,,th3hqrfw5xze,th3jsrp9ks5w,FALSE,FALSE,FALSE,18904D61-067A-44D9-8994-D197190CECAB,216bab4a6bb264a6,,TVD-6249,,,,,FALSE,,,,TRUE,,FALSE,55:59.2,,,9.02,9.02,,,TRUE,3.59,,Finished,Finished,426,0,0,percentage,24.03,0.5,8.7,OldAndroid,th3jsr,30.38,4.56,0,0,0,0,0,8.7,0,32.71,1.31,36.32,0.075,9.02,230,RUH,26.56,RUH,,th3hqr,th3hqr,th3jsr,6a4646800378a2bdbb73a9d8,,,,,EjszMTEzIFRhaGxpYWggU3QsIEFzIFN1bGltYW5peWFoLCBSaXlhZGggMTIyMTIsIFNhdWRpIEFyYWJpYSIbEhkKFAoSCXvkp0o6Ay8-EeUSy1fRcrsHEKkY,street_address,ChIJ2TffFQDvLj4RE-uJH4TddCo,"establishment ,  lodging ,  point_of_interest",,,0,,0,,,24.9117361,46.6035154,24.6969645,46.684502,Stuuf، Riyadh Saudi Arabia,manual_pin,search,proxy,TRUE,TRUE,3,TRUE,1783206141,TRUE,9.1,6.1,TRUE,60,0.3,TREATMENT,TRUE,0,1.83,1,GENERAL,STAY,28,submitted,40:25.9,40:34.6,TRUE,0,98.28,easygo,FALSE
6a4e5234b965025546f5f631,6a4e50f7b3242d551a00881b,69fc6fcec74a369e120eb710,RUH,35:48.2,48:22.0,7/8/2026,7/10/2026,16,35:48.2,35:48.4,35:50.8,39:26.4,45:28.6,,,,,برقاء العليا,حي النسيم الشرقي,,1.341547731,,,5847197c95abff8840e8f395,2.65,TRUE,TRUE,TRUE,TRUE,TRUE,Ecolite,9.515,10.57,8.63,0,1.5276818,6.266667,,5,,15.983333,,Cash,0,,,,,5.12,5.29,5.29,0,0,1.2,1,Finished,,24.740472,46.833255,24.72719,46.83426,6.65,2.116,amma87phs,th3k9zp9mxgq,21.29.0,23.15.0,th3k9trwm673,TRUE,52:06.9,7/8/2026,0,jeeny-dispatch-strategy,A,(loc_engine_eta),,6891b6528351f3291d5567ec,Yellow2_August2025,1.521,3.733333333,,b541c584-de6f-41bf-80ab-2fcffac411fd,0.9,0.9,1,Group A,428,FALSE,TRUE,FALSE,FALSE,,,,,,,,,,AUTO_PASSED,1095.85,FALSE,FALSE,,,,,,TRUE,1,TRUE,0.86,8.63,,,,,th3k9zpeh8kb,th3k9trwhsm3,FALSE,FALSE,FALSE,71623ea116de0a1b,276b4e0289e50213,,NUD-3966,,,,,TRUE,,,,TRUE,,FALSE,08:22.0,,,2.43,2.43,,,TRUE,0.7,,Finished,Finished,428,0.28,0.28,percentage,4.59,0.5,4.59,NewAndroid,th3k9t,7.77,1.17,0,0,0,0,0,4.59,0,9.18,0.69,9.88,0.075,2.43,181,RUH,7.11,RUH,,th3k9z,th3k9z,th3k9t,6a4a30a0ee859529f8951790,,,,,,"premise ,  street_address",,street_address,,,0,,0,,,24.7271578,46.8342305,24.7362342,46.8452163,Abdullah Bin Omar Street 8534,manual_pin,search,where_to,TRUE,TRUE,3,TRUE,1783518146,TRUE,6.03,3.03,TRUE,60,0.3,TREATMENT,TRUE,0,0.909,1,RESIDENTIAL,GENERAL,28,submitted,55:45.0,57:01.0,TRUE,0,76.61,airport_nm,FALSE
6a4e563a326d320dd9cdfc97,6a4e5543d8154395000c635c,6a2d091a3ac27a3ab507fdfe,RUH,52:57.9,54:34.2,7/8/2026,7/10/2026,16,52:57.9,52:58.2,53:01.3,58:01.9,03:34.3,,,,,جبل الترك,حي النرجس,"RAJC2569، 2569 جبل الترك، 8204، حي النرجس، Riyadh 13336, Saudi Arabia",1.398349605,,,64c12ef149077d3e048b4568,8,TRUE,TRUE,TRUE,TRUE,TRUE,Ecolite,30.805,44.64,37.56,13.04430019,22.19956861,51.716667,,5,,62.5,,Applepay,,4ecb5ca3-4f6f-4827-9dce-0a72c7745e18,4ecb5ca3-4f6f-4827-9dce-0a72c7745e18,22.81,36.64,29.56,0,36.64,,0,5.28,1,Finished,,24.87372537,46.64633788,24.75663,46.62939,37.48333333,18.909,aa15,th3jt2ngfqqt,1013.39.1,2.41.0,th3hv4f3zd34,TRUE,37:13.1,7/9/2026,0,jeeny-dispatch-strategy,A,(loc_engine_eta),VISA,6891b651008d57c7b830139f,Red61_August2025,1.679,3.033333333,,12E9D54A-74C5-4654-B277-F4DD675F5125,0.9,0.9,1,Group A,428,FALSE,TRUE,FALSE,FALSE,,,,,0,paid,0,,,AUTO_PASSED,1369.237,FALSE,FALSE,,,,,,TRUE,1,TRUE,4.17,41.73,,,,,th3jt2nvt8vf,th3hv4dm5wk9,FALSE,FALSE,FALSE,122EC07A-74BF-4B48-BF61-968AAC9E58C6,D0CC3E12-9045-440E-9C75-75EBA9BD3341,,UGD-2942,,,,,,,,,TRUE,,FALSE,07:32.3,,,10.73,10.73,,,TRUE,4.78,,Finished,Finished,428,0.28,0.28,percentage,31.86,0.5,6.96,OldAndroid,th3hv4,37.56,5.63,0,0,0,0,0,6.96,0,38.82,1.04,43.6,0.075,10.73,522,RUH,31.76,RUH,,th3jt2,th3jt2,th3hv4,6a4a30a0ee859529f8951790,,,,,ChIJ0zEbL2XlLj4RjoQk_Bpj7Ig,street_address,ChIJX7F44cXjLj4RW_nD7YWl_64,"establishment ,  point_of_interest ,  shopping_mall",6a4e5637904b003e0d9b98cb,,0,,0,,,24.75583585,46.62922287,24.87399546,46.64647654,الرياض بارك، Northern Ring Branch Road,manual_pin,search,where_to,TRUE,TRUE,3,TRUE,1783519261,TRUE,5.53,2.53,TRUE,60,0.3,TREATMENT,TRUE,0,0.759,1,GENERAL,MALL,28,submitted,00:47.8,00:56.8,TRUE,0,85.09,airport_nm,FALSE
6a4e7117326d320dd9f4b852,6a4e70906be2984344017819,67972f96e3e0e350e7089110,RUH,47:34.8,34:25.0,7/8/2026,7/10/2026,18,47:34.8,47:36.2,47:38.8,48:09.2,59:05.7,,,,,Al Fadilah,Ash Shifa,"RLFA2998, 2998 Al Fadilah, 8112, Ash Shifa, Riyadh 14713, Saudi Arabia",0.635528756,,,65e99a9f42886e3c0e8b4568,8,TRUE,TRUE,TRUE,TRUE,TRUE,Ecolite,41.405,44.18,35.5,4.107481547,30.05028204,34.65,,,,47.216667,,Applepay,,d8a62bbf-28e1-4d90-9842-c31b4417a848,d8a62bbf-28e1-4d90-9842-c31b4417a848,33.41,33.41,27.5,0,36.18,,0,5.23,1,Finished,,24.57049537,46.68423705,24.69871,46.84643,39.26666667,30.035,ka1,th35y2kt51kw,1013.39.1,2.41.0,th3kd0282vmb,TRUE,,,0,jeeny-dispatch-strategy,A,(loc_engine_eta),MADA,6891b651a47b6644d30c23e5,Yellow3_August2025,7.238,12.11666667,,F473C18B-9B25-48A8-B096-8848F203955A,0.9,0.9,1,Group A,428,FALSE,TRUE,FALSE,FALSE,,,,,2.77,paid,0,,,AUTO_PASSED,435.882,FALSE,FALSE,,,,,,TRUE,1,TRUE,3.94,39.44,,,,,th35y2kzuu1w,th3kd026uz2b,FALSE,FALSE,FALSE,F9173595-F605-403E-A0FF-B9C25A9E3959,7F935741-C8DE-409D-A602-A71316E38365,,NNR-2554,,,,,,,,,FALSE,,FALSE,21:05.1,,,10.61,10.61,,,TRUE,4.73,,Finished,Finished,428,0.28,0.28,percentage,31.45,0.5,6.96,OldAndroid,th3kd0,35.5,5.33,0,0,0,0,0,6.96,0,38.41,1.04,43.14,0.075,10.61,,RUH,31.24,RUH,,th35y2,th35y2,th3kd0,6a4a2442862bb1d3d01672e7,,,,,ChIJ2V7NSbgPLz4RGvAaQBiFkEM,street_address,ChIJ8Ycjq7epLz4RMlMZfqWUZfs,"street_address ,  subpremise",6a4e710d904b003e0d9bb061,,0,,0,,,24.69915,46.8462514,24.5681559,46.6876373,Bayat Al Aqabah,manual_pin,manual_pin,where_to,TRUE,TRUE,3,TRUE,1783525864,TRUE,11.02,8.02,TRUE,60,0.3,TREATMENT,TRUE,0,2.406,1,GENERAL,GENERAL,28,submitted,35:52.1,36:05.7,TRUE,0,86.69,airport_nm,FALSE
6a4e7257326d320dd9f65edd,6a4e714f8d3aeb9cb000aab6,6947a6a72b9f45c4d52d0342,RUH,52:55.5,35:40.3,7/8/2026,7/10/2026,18,52:55.5,52:55.9,53:01.3,57:22.0,03:33.2,,,,,Tariaq Bedon Esm,Ghirnatah,"Tariaq Bedon Esm, Ghirnatah, Riyadh 13241, Saudi Arabia",10.49070178,,,65e99a9f42886e3c0e8b4568,3.72,TRUE,TRUE,TRUE,TRUE,TRUE,Ecolite,9.725,10.86,7.96,1.368549601,3.413681298,7.2,,,,17.883333,,Applepay,,0f5a8e93-b04d-4391-a127-6fbd391596f0,0f5a8e93-b04d-4391-a127-6fbd391596f0,5.84,5.84,4.24,0,6.51,,0,1.35,1,Finished,,24.79318706,46.62973855,24.77972,46.71962,6.816666667,3.558,ka66,th3jp246ttuu,1013.39.2,2.41.0,th3hzph0q49e,TRUE,,,0,jeeny-dispatch-strategy,B,(loc_engine_eta),MADA,6891b6505eb33f374f7626b1,Blue2_August2025,2.416,4.516666667,,868B7F49-FC9B-401B-8105-82C2585D8CC4,0.9,0.9,1,Group A,428,FALSE,TRUE,FALSE,FALSE,,,,,0,,0.67,,,AUTO_PASSED,1084.531,FALSE,FALSE,,hotels,pickup,,,TRUE,1,TRUE,0.88,8.84,Hilton Riyadh Hotel & Residences,Hotel Gate,,,th3jp247knfc,th3hznun9ru6,FALSE,FALSE,FALSE,B850EA7E-6EAB-41DC-88F9-3990E30C6BAF,B6D41CF9-9182-4C46-BD70-8B1A667F47F2,,AKR-3125,,,,,,,,,FALSE,,FALSE,30:39.2,,,2.5,2.5,,,TRUE,0.85,,Finished,Finished,428,0.28,0.28,percentage,5.66,0.5,3.78,OldAndroid,th3hzp,7.96,1.19,0,0,0,0,0,3.78,0,9.44,0.57,10.29,0.075,2.5,,RUH,7.32,RUH,,th3jp2,th3jp2,th3hzn,6a4a2442862bb1d3d01672e7,,,,,ChIJ73bvWMD9Lj4Rnn9L5RryMsQ,route,ChIJjdTDfr39Lj4Rmy_Kced1N74,"premise ,  street_address",6a4e7254904b003e0d9bb14c,,0,,0,,,24.77944762,46.71941979,24.78575057,46.72811894,جبل أجا,manual_pin,manual_pin,proxy,TRUE,TRUE,3,TRUE,1783526418,TRUE,6.25,3.25,TRUE,60,0.3,TREATMENT,TRUE,0,0.975,1,GENERAL,RESIDENTIAL,28,submitted,20:53.4,22:31.7,TRUE,0,90.84,airport_nm,FALSE
